"alpha1","alpha2","alpha3"
2.92246854535354,-2.36909421185738,2.91587450968565
2.9242213241623,-2.27484797949738,3.08205297110316
2.92580440720379,-2.17557050458495,3.23606797749979
2.92722249956642,-2.07165358995799,3.37731170200806
2.92847986195653,-1.96350734820343,3.50522672017545
2.92958030954301,-1.85155858313015,3.61930820986408
2.93052721094397,-1.73624910536936,3.71910594355301
2.93132348734868,-1.61803398874989,3.80422606518061
2.93197161176881,-1.49737977432971,3.87433264451452
2.93247360841374,-1.37476262917145,3.92914900291475
2.93283105218546,-1.25066646712861,3.96845880525791
2.93304506828944,-1.12558103905863,3.99210691371309
2.93311633195878,-1,4
2.93304506828944,-0.874418960941373,3.99210691371309
2.93283105218546,-0.749333532871391,3.96845880525791
2.93247360841374,-0.62523737082855,3.92914900291475
2.93197161176881,-0.50262022567029,3.87433264451452
2.93132348734868,-0.381966011250105,3.80422606518061
2.93052721094397,-0.263750894630643,3.71910594355301
2.92958030954301,-0.148441416869854,3.61930820986408
2.92847986195653,-0.03649265179657,3.50522672017545
2.92722249956642,0.0716535899579929,3.37731170200806
2.92580440720379,0.175570504584946,3.23606797749979
2.9242213241623,0.274847979497379,3.08205297110316
2.92246854535354,0.369094211857377,2.91587450968565
2.92319968455325,-2.80965410493204,1.70311716626029
2.92584658429756,-2.75261336008773,1.92701469640686
2.92830024307999,-2.68865585100403,2.14330717991599
2.93056803967145,-2.61803398874989,2.35114100916989
2.93265691549722,-2.54102648555158,2.54969595899476
2.93457337260902,-2.45793725484282,2.73818842371475
2.9363234718459,-2.36909421185738,2.91587450968565
2.93791283117263,-2.27484797949738,3.08205297110316
2.93934662418466,-2.17557050458495,3.23606797749979
2.94062957876979,-2.07165358995799,3.37731170200806
2.94176597591711,-1.96350734820343,3.50522672017545
2.94275964866503,-1.85155858313015,3.61930820986408
2.94361398118049,-1.73624910536936,3.71910594355301
2.94433190796282,-1.61803398874989,3.80422606518061
2.94491591316582,-1.49737977432971,3.87433264451452
2.94536803003318,-1.37476262917145,3.92914900291475
2.94568984044255,-1.25066646712861,3.96845880525791
2.94588247455467,-1.12558103905863,3.99210691371309
2.94594661056486,-1,4
2.94588247455467,-0.874418960941373,3.99210691371309
2.94568984044255,-0.749333532871391,3.96845880525791
2.94536803003318,-0.62523737082855,3.92914900291475
2.94491591316582,-0.50262022567029,3.87433264451452
2.94433190796282,-0.381966011250105,3.80422606518061
2.94361398118049,-0.263750894630643,3.71910594355301
2.94275964866503,-0.148441416869854,3.61930820986408
2.94176597591711,-0.03649265179657,3.50522672017545
2.94062957876979,0.0716535899579929,3.37731170200806
2.93934662418466,0.175570504584946,3.23606797749979
2.93791283117263,0.274847979497379,3.08205297110316
2.9363234718459,0.369094211857377,2.91587450968565
2.93457337260902,0.457937254842823,2.73818842371475
2.93265691549722,0.541026485551579,2.54969595899476
2.93056803967145,0.618033988749895,2.35114100916989
2.92830024307999,0.68865585100403,2.14330717991599
2.92584658429756,0.752613360087727,1.92701469640686
2.92319968455325,0.809654104932039,1.70311716626029
2.92467531716233,-2.96457450145738,0.7495252583429
2.92788951022041,-2.93716632225726,0.994759548659419
2.93088971710438,-2.90211303259031,1.23606797749979
2.9336850906066,-2.8595529717765,1.47249821073871
2.93628435270238,-2.80965410493204,1.70311716626029
2.93869579183359,-2.75261336008773,1.92701469640686
2.94092726042541,-2.68865585100403,2.14330717991599
2.94298617262143,-2.61803398874989,2.35114100916989
2.94487950222334,-2.54102648555158,2.54969595899476
2.94661378082192,-2.45793725484282,2.73818842371475
2.94819509610711,-2.36909421185738,2.91587450968565
2.94962909034533,-2.27484797949738,3.08205297110316
2.95092095901337,-2.17557050458495,3.23606797749979
2.95207544957881,-2.07165358995799,3.37731170200806
2.95309686041751,-1.96350734820343,3.50522672017545
2.95398903985996,-1.85155858313015,3.61930820986408
2.95475538535858,-1.73624910536936,3.71910594355301
2.95539884276928,-1.61803398874989,3.80422606518061
2.95592190574106,-1.49737977432971,3.87433264451452
2.95632661520846,-1.37476262917145,3.92914900291475
2.95661455898241,-1.25066646712861,3.96845880525791
2.95678687143573,-1.12558103905863,3.99210691371309
2.95684423328059,-1,4
2.95678687143573,-0.874418960941373,3.99210691371309
2.95661455898241,-0.749333532871391,3.96845880525791
2.95632661520846,-0.62523737082855,3.92914900291475
2.95592190574106,-0.50262022567029,3.87433264451452
2.95539884276928,-0.381966011250105,3.80422606518061
2.95475538535858,-0.263750894630643,3.71910594355301
2.95398903985996,-0.148441416869854,3.61930820986408
2.95309686041751,-0.03649265179657,3.50522672017545
2.95207544957881,0.0716535899579929,3.37731170200806
2.95092095901337,0.175570504584946,3.23606797749979
2.94962909034533,0.274847979497379,3.08205297110316
2.94819509610711,0.369094211857377,2.91587450968565
2.94661378082192,0.457937254842823,2.73818842371475
2.94487950222334,0.541026485551579,2.54969595899476
2.94298617262143,0.618033988749895,2.35114100916989
2.94092726042541,0.68865585100403,2.14330717991599
2.93869579183359,0.752613360087727,1.92701469640686
2.93628435270238,0.809654104932039,1.70311716626029
2.9336850906066,0.859552971776503,1.47249821073871
2.93088971710438,0.902113032590307,1.23606797749979
2.92788951022041,0.937166322257262,0.99475954865942
2.92467531716233,0.964574501457377,0.7495252583429
2.92295157630277,-2.99605345685654,-0.251162078117254
2.92679942197867,-3,2.44929359829471e-16
2.93040465360043,-2.99605345685654,0.251162078117254
2.93377817325835,-2.98422940262896,0.501332934257218
2.93693046154059,-2.96457450145738,0.7495252583429
2.93987157394717,-2.93716632225726,0.994759548659419
2.94261113759419,-2.90211303259031,1.23606797749979
2.9451583481906,-2.8595529717765,1.47249821073871
2.94752196727055,-2.80965410493204,1.70311716626029
2.94971031966514,-2.75261336008773,1.92701469640686
2.95173129119794,-2.68865585100403,2.14330717991599
2.95359232658974,-2.61803398874989,2.35114100916989
2.95530042755845,-2.54102648555158,2.54969595899476
2.95686215110087,-2.45793725484282,2.73818842371475
2.958283607944,-2.36909421185738,2.91587450968565
2.95957046115415,-2.27484797949738,3.08205297110316
2.96072792489297,-2.17557050458495,3.23606797749979
2.96176076331034,-2.07165358995799,3.37731170200806
2.96267328956476,-1.96350734820343,3.50522672017545
2.96346936496279,-1.85155858313015,3.61930820986408
2.96415239820979,-1.73624910536936,3.71910594355301
2.96472534476511,-1.61803398874989,3.80422606518061
2.96519070629553,-1.49737977432971,3.87433264451452
2.96555053022182,-1.37476262917145,3.92914900291475
2.96580640935385,-1.25066646712861,3.96845880525791
2.96595948161048,-1.12558103905863,3.99210691371309
2.96601042982167,-1,4
2.96595948161048,-0.874418960941373,3.99210691371309
2.96580640935385,-0.749333532871391,3.96845880525791
2.96555053022182,-0.62523737082855,3.92914900291475
2.96519070629553,-0.50262022567029,3.87433264451452
2.96472534476511,-0.381966011250105,3.80422606518061
2.96415239820979,-0.263750894630643,3.71910594355301
2.96346936496279,-0.148441416869854,3.61930820986408
2.96267328956476,-0.03649265179657,3.50522672017545
2.96176076331034,0.0716535899579929,3.37731170200806
2.96072792489297,0.175570504584946,3.23606797749979
2.95957046115415,0.274847979497379,3.08205297110316
2.958283607944,0.369094211857377,2.91587450968565
2.95686215110087,0.457937254842823,2.73818842371475
2.95530042755845,0.541026485551579,2.54969595899476
2.95359232658974,0.618033988749895,2.35114100916989
2.95173129119794,0.68865585100403,2.14330717991599
2.94971031966514,0.752613360087727,1.92701469640686
2.94752196727055,0.809654104932039,1.70311716626029
2.9451583481906,0.859552971776503,1.47249821073871
2.94261113759419,0.902113032590307,1.23606797749979
2.93987157394717,0.937166322257262,0.99475954865942
2.93693046154059,0.964574501457377,0.7495252583429
2.93377817325835,0.984229402628956,0.501332934257218
2.93040465360043,0.996053456856543,0.251162078117254
2.92679942197867,1,2.44929359829471e-16
2.92295157630277,0.996053456856543,-0.251162078117254
2.92250685955367,-2.93716632225726,-0.994759548659419
2.92681338889572,-2.96457450145738,-0.749525258342899
2.93085350866159,-2.98422940262896,-0.501332934257217
2.93463942479939,-2.99605345685654,-0.251162078117254
2.93818292994851,-3,2.44929359829471e-16
2.94149539910628,-2.99605345685654,0.251162078117254
2.94458778563409,-2.98422940262896,0.501332934257218
2.94747061758288,-2.96457450145738,0.7495252583429
2.95015399431897,-2.93716632225726,0.994759548659419
2.9526475834317,-2.90211303259031,1.23606797749979
2.95496061790514,-2.8595529717765,1.47249821073871
2.95710189353677,-2.80965410493204,1.70311716626029
2.95907976658694,-2.75261336008773,1.92701469640686
2.96090215164331,-2.68865585100403,2.14330717991599
2.96257651968582,-2.61803398874989,2.35114100916989
2.96410989633775,-2.54102648555158,2.54969595899476
2.96550886028992,-2.45793725484282,2.73818842371475
2.96677954188529,-2.36909421185738,2.91587450968565
2.96792762185245,-2.27484797949738,3.08205297110316
2.96895833017687,-2.17557050458495,3.23606797749979
2.96987644509995,-2.07165358995799,3.37731170200806
2.97068629223646,-1.96350734820343,3.50522672017545
2.9713917438018,-1.85155858313015,3.61930820986408
2.97199621794142,-1.73624910536936,3.71910594355301
2.97250267815547,-1.61803398874989,3.80422606518061
2.97291363281247,-1.49737977432971,3.87433264451452
2.97323113474688,-1.37476262917145,3.92914900291475
2.97345678093587,-1.25066646712861,3.96845880525791
2.97359171225179,-1.12558103905863,3.99210691371309
2.9736366132874,-1,4
2.97359171225179,-0.874418960941373,3.99210691371309
2.97345678093587,-0.749333532871391,3.96845880525791
2.97323113474688,-0.62523737082855,3.92914900291475
2.97291363281247,-0.50262022567029,3.87433264451452
2.97250267815547,-0.381966011250105,3.80422606518061
2.97199621794142,-0.263750894630643,3.71910594355301
2.9713917438018,-0.148441416869854,3.61930820986408
2.97068629223646,-0.03649265179657,3.50522672017545
2.96987644509995,0.0716535899579929,3.37731170200806
2.96895833017687,0.175570504584946,3.23606797749979
2.96792762185245,0.274847979497379,3.08205297110316
2.96677954188529,0.369094211857377,2.91587450968565
2.96550886028992,0.457937254842823,2.73818842371475
2.96410989633775,0.541026485551579,2.54969595899476
2.96257651968582,0.618033988749895,2.35114100916989
2.96090215164331,0.68865585100403,2.14330717991599
2.95907976658694,0.752613360087727,1.92701469640686
2.95710189353677,0.809654104932039,1.70311716626029
2.95496061790514,0.859552971776503,1.47249821073871
2.9526475834317,0.902113032590307,1.23606797749979
2.95015399431897,0.937166322257262,0.99475954865942
2.94747061758288,0.964574501457377,0.7495252583429
2.94458778563409,0.984229402628956,0.501332934257218
2.94149539910628,0.996053456856543,0.251162078117254
2.93818292994851,1,2.44929359829471e-16
2.93463942479939,0.996053456856543,-0.251162078117254
2.93085350866159,0.984229402628956,-0.501332934257217
2.92681338889572,0.964574501457377,-0.749525258342899
2.92250685955367,0.937166322257262,-0.994759548659419
2.92471780996241,-2.8595529717765,-1.47249821073871
2.92925563850656,-2.90211303259031,-1.23606797749979
2.93351205132634,-2.93716632225726,-0.994759548659419
2.93750013178371,-2.96457450145738,-0.749525258342899
2.94123255514637,-2.98422940262896,-0.501332934257217
2.94472158375094,-2.99605345685654,-0.251162078117254
2.9479790625397,-3,2.44929359829471e-16
2.95101641494983,-2.99605345685654,0.251162078117254
2.9538446391343,-2.98422940262896,0.501332934257218
2.95647430449454,-2.96457450145738,0.7495252583429
2.95891554850561,-2.93716632225726,0.994759548659419
2.96117807381517,-2.90211303259031,1.23606797749979
2.9632711455986,-2.8595529717765,1.47249821073871
2.96520358915294,-2.80965410493204,1.70311716626029
2.96698378771336,-2.75261336008773,1.92701469640686
2.96861968047658,-2.68865585100403,2.14330717991599
2.97011876081619,-2.61803398874989,2.35114100916989
2.97148807467601,-2.54102648555158,2.54969595899476
2.97273421912797,-2.45793725484282,2.73818842371475
2.97386334108203,-2.36909421185738,2.91587450968565
2.97488113613642,-2.27484797949738,3.08205297110316
2.9757928475572,-2.17557050458495,3.23606797749979
2.97660326537701,-2.07165358995799,3.37731170200806
2.97731672560355,-1.96350734820343,3.50522672017545
2.9779371095294,-1.85155858313015,3.61930820986408
2.9784678431353,-1.73624910536936,3.71910594355301
2.97891189657996,-1.61803398874989,3.80422606518061
2.97927178377033,-1.49737977432971,3.87433264451452
2.979549562007,-1.37476262917145,3.92914900291475
2.97974683170014,-1.25066646712861,3.96845880525791
2.97986473615251,-1.12558103905863,3.99210691371309
2.97990396140636,-1,4
2.97986473615251,-0.874418960941373,3.99210691371309
2.97974683170014,-0.749333532871391,3.96845880525791
2.979549562007,-0.62523737082855,3.92914900291475
2.97927178377033,-0.50262022567029,3.87433264451452
2.97891189657996,-0.381966011250105,3.80422606518061
2.9784678431353,-0.263750894630643,3.71910594355301
2.9779371095294,-0.148441416869854,3.61930820986408
2.97731672560355,-0.03649265179657,3.50522672017545
2.97660326537701,0.0716535899579929,3.37731170200806
2.9757928475572,0.175570504584946,3.23606797749979
2.97488113613642,0.274847979497379,3.08205297110316
2.97386334108203,0.369094211857377,2.91587450968565
2.97273421912797,0.457937254842823,2.73818842371475
2.97148807467601,0.541026485551579,2.54969595899476
2.97011876081619,0.618033988749895,2.35114100916989
2.96861968047658,0.68865585100403,2.14330717991599
2.96698378771336,0.752613360087727,1.92701469640686
2.96520358915294,0.809654104932039,1.70311716626029
2.9632711455986,0.859552971776503,1.47249821073871
2.96117807381517,0.902113032590307,1.23606797749979
2.95891554850561,0.937166322257262,0.99475954865942
2.95647430449454,0.964574501457377,0.7495252583429
2.9538446391343,0.984229402628956,0.501332934257218
2.95101641494983,0.996053456856543,0.251162078117254
2.9479790625397,1,2.44929359829471e-16
2.94472158375094,0.996053456856543,-0.251162078117254
2.94123255514637,0.984229402628956,-0.501332934257217
2.93750013178371,0.964574501457377,-0.749525258342899
2.93351205132634,0.937166322257262,-0.994759548659419
2.92925563850656,0.902113032590307,-1.23606797749979
2.92471780996241,0.859552971776503,-1.47249821073871
2.92554170589922,-2.75261336008773,-1.92701469640686
2.93034560644032,-2.80965410493204,-1.70311716626029
2.93485057010204,-2.8595529717765,-1.47249821073871
2.93907054676776,-2.90211303259031,-1.23606797749979
2.94301908450579,-2.93716632225726,-0.994759548659419
2.9467093241545,-2.96457450145738,-0.749525258342899
2.95015399431897,-2.98422940262896,-0.501332934257217
2.95336540675643,-2.99605345685654,-0.251162078117254
2.95635545212857,-3,2.44929359829471e-16
2.95913559609911,-2.99605345685654,0.251162078117254
2.96171687575593,-2.98422940262896,0.501332934257218
2.96410989633775,-2.96457450145738,0.7495252583429
2.9663248282458,-2.93716632225726,0.994759548659419
2.96837140432203,-2.90211303259031,1.23606797749979
2.97025891737571,-2.8595529717765,1.47249821073871
2.97199621794142,-2.80965410493204,1.70311716626029
2.97359171225179,-2.75261336008773,1.92701469640686
2.97505336040943,-2.68865585100403,2.14330717991599
2.97638867474311,-2.61803398874989,2.35114100916989
2.97760471833393,-2.54102648555158,2.54969595899476
2.97870810369828,-2.45793725484282,2.73818842371475
2.97970499161489,-2.36909421185738,2.91587450968565
2.98060109008418,-2.27484797949738,3.08205297110316
2.98140165340902,-2.17557050458495,3.23606797749979
2.98211148138663,-2.07165358995799,3.37731170200806
2.98273491860218,-1.96350734820343,3.50522672017545
2.98327585381568,-1.85155858313015,3.61930820986408
2.98373771943426,-1.73624910536936,3.71910594355301
2.98412349106288,-1.61803398874989,3.80422606518061
2.98443568712743,-1.49737977432971,3.87433264451452
2.98467636856482,-1.37476262917145,3.92914900291475
2.98484713857553,-1.25066646712861,3.96845880525791
2.98494914243504,-1.12558103905863,3.99210691371309
2.98498306736111,-1,4
2.98494914243504,-0.874418960941373,3.99210691371309
2.98484713857553,-0.749333532871391,3.96845880525791
2.98467636856482,-0.62523737082855,3.92914900291475
2.98443568712743,-0.50262022567029,3.87433264451452
2.98412349106288,-0.381966011250105,3.80422606518061
2.98373771943426,-0.263750894630643,3.71910594355301
2.98327585381568,-0.148441416869854,3.61930820986408
2.98273491860218,-0.03649265179657,3.50522672017545
2.98211148138663,0.0716535899579929,3.37731170200806
2.98140165340902,0.175570504584946,3.23606797749979
2.98060109008418,0.274847979497379,3.08205297110316
2.97970499161489,0.369094211857377,2.91587450968565
2.97870810369828,0.457937254842823,2.73818842371475
2.97760471833393,0.541026485551579,2.54969595899476
2.97638867474311,0.618033988749895,2.35114100916989
2.97505336040943,0.68865585100403,2.14330717991599
2.97359171225179,0.752613360087727,1.92701469640686
2.97199621794142,0.809654104932039,1.70311716626029
2.97025891737571,0.859552971776503,1.47249821073871
2.96837140432203,0.902113032590307,1.23606797749979
2.9663248282458,0.937166322257262,0.99475954865942
2.96410989633775,0.964574501457377,0.7495252583429
2.96171687575593,0.984229402628956,0.501332934257218
2.95913559609911,0.996053456856543,0.251162078117254
2.95635545212857,1,2.44929359829471e-16
2.95336540675643,0.996053456856543,-0.251162078117254
2.95015399431897,0.984229402628956,-0.501332934257217
2.9467093241545,0.964574501457377,-0.749525258342899
2.94301908450579,0.937166322257262,-0.994759548659419
2.93907054676776,0.902113032590307,-1.23606797749979
2.93485057010204,0.859552971776503,-1.47249821073871
2.93034560644032,0.809654104932039,-1.70311716626029
2.92554170589922,0.752613360087727,-1.92701469640686
2.92500079279234,-2.6180339887499,-2.35114100916989
2.93011372094561,-2.68865585100403,-2.14330717991599
2.93490769714666,-2.75261336008773,-1.92701469640686
2.93939752447369,-2.80965410493204,-1.70311716626029
2.94359761171067,-2.8595529717765,-1.47249821073871
2.94752196727055,-2.90211303259031,-1.23606797749979
2.95118419357138,-2.93716632225726,-0.994759548659419
2.95459748184115,-2.96457450145738,-0.749525258342899
2.95777460732802,-2.98422940262896,-0.501332934257217
2.96072792489297,-2.99605345685654,-0.251162078117254
2.96346936496279,-3,2.44929359829471e-16
2.96601042982167,-2.99605345685654,0.251162078117254
2.96836219022079,-2.98422940262896,0.501332934257218
2.97053528228544,-2.96457450145738,0.7495252583429
2.97253990470043,-2.93716632225726,0.994759548659419
2.9743858161549,-2.90211303259031,1.23606797749979
2.97608233302864,-2.8595529717765,1.47249821073871
2.97763832730251,-2.80965410493204,1.70311716626029
2.97906222467659,-2.75261336008773,1.92701469640686
2.98036200288022,-2.68865585100403,2.14330717991599
2.98154519015904,-2.61803398874989,2.35114100916989
2.98261886392474,-2.54102648555158,2.54969595899476
2.98358964955418,-2.45793725484282,2.73818842371475
2.98446371932534,-2.36909421185738,2.91587450968565
2.98524679147807,-2.27484797949738,3.08205297110316
2.98594412938884,-2.17557050458495,3.23606797749979
2.98656054084918,-2.07165358995799,3.37731170200806
2.98710037743842,-1.96350734820343,3.50522672017545
2.98756753398208,-1.85155858313015,3.61930820986408
2.98796544808829,-1.73624910536936,3.71910594355301
2.98829709975506,-1.61803398874989,3.80422606518061
2.98856501104244,-1.49737977432971,3.87433264451452
2.98877124580408,-1.37476262917145,3.92914900291475
2.98891740947381,-1.25066646712861,3.96845880525791
2.98900464890347,-1.12558103905863,3.99210691371309
2.98903365224909,-1,4
2.98900464890347,-0.874418960941373,3.99210691371309
2.98891740947381,-0.749333532871391,3.96845880525791
2.98877124580408,-0.62523737082855,3.92914900291475
2.98856501104244,-0.50262022567029,3.87433264451452
2.98829709975506,-0.381966011250105,3.80422606518061
2.98796544808829,-0.263750894630643,3.71910594355301
2.98756753398208,-0.148441416869854,3.61930820986408
2.98710037743842,-0.03649265179657,3.50522672017545
2.98656054084918,0.0716535899579929,3.37731170200806
2.98594412938884,0.175570504584946,3.23606797749979
2.98524679147807,0.274847979497379,3.08205297110316
2.98446371932534,0.369094211857377,2.91587450968565
2.98358964955418,0.457937254842823,2.73818842371475
2.98261886392474,0.541026485551579,2.54969595899476
2.98154519015904,0.618033988749895,2.35114100916989
2.98036200288022,0.68865585100403,2.14330717991599
2.97906222467659,0.752613360087727,1.92701469640686
2.97763832730251,0.809654104932039,1.70311716626029
2.97608233302864,0.859552971776503,1.47249821073871
2.9743858161549,0.902113032590307,1.23606797749979
2.97253990470043,0.937166322257262,0.99475954865942
2.97053528228544,0.964574501457377,0.7495252583429
2.96836219022079,0.984229402628956,0.501332934257218
2.96601042982167,0.996053456856543,0.251162078117254
2.96346936496279,1,2.44929359829471e-16
2.96072792489297,0.996053456856543,-0.251162078117254
2.95777460732802,0.984229402628956,-0.501332934257217
2.95459748184115,0.964574501457377,-0.749525258342899
2.95118419357138,0.937166322257262,-0.994759548659419
2.94752196727055,0.902113032590307,-1.23606797749979
2.94359761171067,0.859552971776503,-1.47249821073871
2.93939752447369,0.809654104932039,-1.70311716626029
2.93490769714666,0.752613360087727,-1.92701469640686
2.93011372094561,0.68865585100403,-2.14330717991599
2.92500079279234,0.618033988749895,-2.35114100916989
2.92308045103279,-2.45793725484282,-2.73818842371475
2.92855348737151,-2.54102648555158,-2.54969595899476
2.9336850906066,-2.6180339887499,-2.35114100916989
2.93849090078385,-2.68865585100403,-2.14330717991599
2.94298617262143,-2.75261336008773,-1.92701469640686
2.94718576867842,-2.80965410493204,-1.70311716626029
2.95110415302061,-2.8595529717765,-1.47249821073871
2.95475538535858,-2.90211303259031,-1.23606797749979
2.95815311563286,-2.93716632225726,-0.994759548659419
2.96131057902239,-2.96457450145738,-0.749525258342899
2.96424059135235,-2.98422940262896,-0.501332934257217
2.96695554487854,-2.99605345685654,-0.251162078117254
2.96946740442606,-3,2.44929359829471e-16
2.97178770386043,-2.99605345685654,0.251162078117254
2.97392754287041,-2.98422940262896,0.501332934257218
2.9758975840421,-2.96457450145738,0.7495252583429
2.97770805020486,-2.93716632225726,0.994759548659419
2.97936872203018,-2.90211303259031,1.23606797749979
2.98088893586554,-2.8595529717765,1.47249821073871
2.9822775817857,-2.80965410493204,1.70311716626029
2.9835431018452,-2.75261336008773,1.92701469640686
2.98469348851594,-2.68865585100403,2.14330717991599
2.98573628329508,-2.61803398874989,2.35114100916989
2.98667857546894,-2.54102648555158,2.54969595899476
2.98752700101939,-2.45793725484282,2.73818842371475
2.98828774166026,-2.36909421185738,2.91587450968565
2.98896652399177,-2.27484797949738,3.08205297110316
2.98956861876202,-2.17557050458495,3.23606797749979
2.99009884022531,-2.07165358995799,3.37731170200806
2.99056154558785,-1.96350734820343,3.50522672017545
2.99096063453226,-1.85155858313015,3.61930820986408
2.99129954881306,-1.73624910536936,3.71910594355301
2.9915812719162,-1.61803398874989,3.80422606518061
2.99180832877641,-1.49737977432971,3.87433264451452
2.99198278554713,-1.37476262917145,3.92914900291475
2.99210624941839,-1.25066646712861,3.96845880525791
2.99217986847904,-1.12558103905863,3.99210691371309
2.99220433162036,-1,4
2.99217986847904,-0.874418960941373,3.99210691371309
2.99210624941839,-0.749333532871391,3.96845880525791
2.99198278554713,-0.62523737082855,3.92914900291475
2.99180832877641,-0.50262022567029,3.87433264451452
2.9915812719162,-0.381966011250105,3.80422606518061
2.99129954881306,-0.263750894630643,3.71910594355301
2.99096063453226,-0.148441416869854,3.61930820986408
2.99056154558785,-0.03649265179657,3.50522672017545
2.99009884022531,0.0716535899579929,3.37731170200806
2.98956861876202,0.175570504584946,3.23606797749979
2.98896652399177,0.274847979497379,3.08205297110316
2.98828774166026,0.369094211857377,2.91587450968565
2.98752700101939,0.457937254842823,2.73818842371475
2.98667857546894,0.541026485551579,2.54969595899476
2.98573628329508,0.618033988749895,2.35114100916989
2.98469348851594,0.68865585100403,2.14330717991599
2.9835431018452,0.752613360087727,1.92701469640686
2.9822775817857,0.809654104932039,1.70311716626029
2.98088893586554,0.859552971776503,1.47249821073871
2.97936872203018,0.902113032590307,1.23606797749979
2.97770805020486,0.937166322257262,0.99475954865942
2.9758975840421,0.964574501457377,0.7495252583429
2.97392754287041,0.984229402628956,0.501332934257218
2.97178770386043,0.996053456856543,0.251162078117254
2.96946740442606,1,2.44929359829471e-16
2.96695554487854,0.996053456856543,-0.251162078117254
2.96424059135235,0.984229402628956,-0.501332934257217
2.96131057902239,0.964574501457377,-0.749525258342899
2.95815311563286,0.937166322257262,-0.994759548659419
2.95475538535858,0.902113032590307,-1.23606797749979
2.95110415302061,0.859552971776503,-1.47249821073871
2.94718576867842,0.809654104932039,-1.70311716626029
2.94298617262143,0.752613360087727,-1.92701469640686
2.93849090078385,0.68865585100403,-2.14330717991599
2.9336850906066,0.618033988749895,-2.35114100916989
2.92855348737151,0.541026485551579,-2.54969595899476
2.92308045103279,0.457937254842823,-2.73818842371475
2.92562150296821,-2.36909421185738,-2.91587450968565
2.9311474309695,-2.45793725484282,-2.73818842371475
2.9363234718459,-2.54102648555158,-2.54969595899476
2.9411657082451,-2.6180339887499,-2.35114100916989
2.94568984044255,-2.68865585100403,-2.14330717991599
2.94991117919863,-2.75261336008773,-1.92701469640686
2.9538446391343,-2.80965410493204,-1.70311716626029
2.95750473259935,-2.8595529717765,-1.47249821073871
2.96090556400771,-2.90211303259031,-1.23606797749979
2.9640608246149,-2.93716632225726,-0.994759548659419
2.96698378771336,-2.96457450145738,-0.749525258342899
2.96968730422183,-2.98422940262896,-0.501332934257217
2.97218379864579,-2.99605345685654,-0.251162078117254
2.9744852653865,-3,2.44929359829471e-16
2.97660326537701,-2.99605345685654,0.251162078117254
2.97854892302386,-2.98422940262896,0.501332934257218
2.98033292343441,-2.96457450145738,0.7495252583429
2.98196550990999,-2.93716632225726,0.994759548659419
2.98345648168609,-2.90211303259031,1.23606797749979
2.98481519190142,-2.8595529717765,1.47249821073871
2.98605054577853,-2.80965410493204,1.70311716626029
2.9871709989993,-2.75261336008773,1.92701469640686
2.98818455625954,-2.68865585100403,2.14330717991599
2.98909876998767,-2.61803398874989,2.35114100916989
2.98992073921311,-2.54102648555158,2.54969595899476
2.99065710857106,-2.45793725484282,2.73818842371475
2.99131406743095,-2.36909421185738,2.91587450968565
2.99189734913664,-2.27484797949738,3.08205297110316
2.99241223034741,-2.17557050458495,3.23606797749979
2.99286353046944,-2.07165358995799,3.37731170200806
2.99325561116837,-1.96350734820343,3.50522672017545
2.99359237595426,-1.85155858313015,3.61930820986408
2.9938772698313,-1.73624910536936,3.71910594355301
2.9941132790051,-1.61803398874989,3.80422606518061
2.99430293064146,-1.49737977432971,3.87433264451452
2.99444829267145,-1.37476262917145,3.92914900291475
2.99455097363789,-1.25066646712861,3.96845880525791
2.99461212257998,-1.12558103905863,3.99210691371309
2.99463242895281,-1,4
2.99461212257998,-0.874418960941373,3.99210691371309
2.99455097363789,-0.749333532871391,3.96845880525791
2.99444829267145,-0.62523737082855,3.92914900291475
2.99430293064146,-0.50262022567029,3.87433264451452
2.9941132790051,-0.381966011250105,3.80422606518061
2.9938772698313,-0.263750894630643,3.71910594355301
2.99359237595426,-0.148441416869854,3.61930820986408
2.99325561116837,-0.03649265179657,3.50522672017545
2.99286353046944,0.0716535899579929,3.37731170200806
2.99241223034741,0.175570504584946,3.23606797749979
2.99189734913664,0.274847979497379,3.08205297110316
2.99131406743095,0.369094211857377,2.91587450968565
2.99065710857106,0.457937254842823,2.73818842371475
2.98992073921311,0.541026485551579,2.54969595899476
2.98909876998767,0.618033988749895,2.35114100916989
2.98818455625954,0.68865585100403,2.14330717991599
2.98717099899929,0.752613360087727,1.92701469640686
2.98605054577853,0.809654104932039,1.70311716626029
2.98481519190142,0.859552971776503,1.47249821073871
2.98345648168609,0.902113032590307,1.23606797749979
2.98196550990999,0.937166322257262,0.99475954865942
2.98033292343441,0.964574501457377,0.7495252583429
2.97854892302386,0.984229402628956,0.501332934257218
2.97660326537701,0.996053456856543,0.251162078117254
2.9744852653865,1,2.44929359829471e-16
2.97218379864579,0.996053456856543,-0.251162078117254
2.96968730422183,0.984229402628956,-0.501332934257217
2.96698378771336,0.964574501457377,-0.749525258342899
2.9640608246149,0.937166322257262,-0.994759548659419
2.96090556400771,0.902113032590307,-1.23606797749979
2.95750473259935,0.859552971776503,-1.47249821073871
2.9538446391343,0.809654104932039,-1.70311716626029
2.94991117919863,0.752613360087727,-1.92701469640686
2.94568984044255,0.68865585100403,-2.14330717991599
2.9411657082451,0.618033988749895,-2.35114100916989
2.9363234718459,0.541026485551579,-2.54969595899476
2.9311474309695,0.457937254842823,-2.73818842371475
2.92562150296821,0.369094211857378,-2.91587450968565
2.92722249956642,-2.27484797949738,-3.08205297110316
2.93283105218546,-2.36909421185738,-2.91587450968565
2.93808010387901,-2.45793725484282,-2.73818842371475
2.94298617262143,-2.54102648555158,-2.54969595899476
2.94756539756632,-2.6180339887499,-2.35114100916989
2.95183353155576,-2.68865585100403,-2.14330717991599
2.95580593417058,-2.75261336008773,-1.92701469640686
2.9594975652947,-2.80965410493204,-1.70311716626029
2.96292297916769,-2.8595529717765,-1.47249821073871
2.96609631889976,-2.90211303259031,-1.23606797749979
2.96903131142417,-2.93716632225726,-0.994759548659419
2.97174126286265,-2.96457450145738,-0.749525258342899
2.97423905427997,-2.98422940262896,-0.501332934257217
2.97653713780453,-2.99605345685654,-0.251162078117254
2.97864753309245,-3,2.44929359829471e-16
2.98058182411334,-2.99605345685654,0.251162078117254
2.98235115623668,-2.98422940262896,0.501332934257218
2.98396623359827,-2.96457450145738,0.7495252583429
2.98543731672732,-2.93716632225726,0.994759548659419
2.98677422041501,-2.90211303259031,1.23606797749979
2.98798631180649,-2.8595529717765,1.47249821073871
2.98908250869888,-2.80965410493204,1.70311716626029
2.99007127802861,-2.75261336008773,1.92701469640686
2.99096063453226,-2.68865585100403,2.14330717991599
2.9917581395658,-2.61803398874989,2.35114100916989
2.99247090006801,-2.54102648555158,2.54969595899476
2.9931055676545,-2.45793725484282,2.73818842371475
2.99366833782975,-2.36909421185738,2.91587450968565
2.99416494930519,-2.27484797949738,3.08205297110316
2.99460068341238,-2.17557050458495,3.23606797749979
2.99498036360086,-2.07165358995799,3.37731170200806
2.99530835501138,-1.96350734820343,3.50522672017545
2.99558856411583,-1.85155858313015,3.61930820986408
2.99582443841606,-1.73624910536936,3.71910594355301
2.99601896619453,-1.61803398874989,3.80422606518061
2.99617467631074,-1.49737977432971,3.87433264451452
2.99629363803808,-1.37476262917145,3.92914900291475
2.99637746093641,-1.25066646712861,3.96845880525791
2.9964272947569,-1.12558103905863,3.99210691371309
2.99644382937602,-1,4
2.9964272947569,-0.874418960941373,3.99210691371309
2.99637746093641,-0.749333532871391,3.96845880525791
2.99629363803808,-0.62523737082855,3.92914900291475
2.99617467631074,-0.50262022567029,3.87433264451452
2.99601896619453,-0.381966011250105,3.80422606518061
2.99582443841606,-0.263750894630643,3.71910594355301
2.99558856411583,-0.148441416869854,3.61930820986408
2.99530835501138,-0.03649265179657,3.50522672017545
2.99498036360086,0.0716535899579929,3.37731170200806
2.99460068341238,0.175570504584946,3.23606797749979
2.99416494930519,0.274847979497379,3.08205297110316
2.99366833782975,0.369094211857377,2.91587450968565
2.9931055676545,0.457937254842823,2.73818842371475
2.99247090006801,0.541026485551579,2.54969595899476
2.9917581395658,0.618033988749895,2.35114100916989
2.99096063453226,0.68865585100403,2.14330717991599
2.99007127802861,0.752613360087727,1.92701469640686
2.98908250869888,0.809654104932039,1.70311716626029
2.98798631180649,0.859552971776503,1.47249821073871
2.98677422041501,0.902113032590307,1.23606797749979
2.98543731672732,0.937166322257262,0.99475954865942
2.98396623359827,0.964574501457377,0.7495252583429
2.98235115623668,0.984229402628956,0.501332934257218
2.98058182411334,0.996053456856543,0.251162078117254
2.97864753309245,1,2.44929359829471e-16
2.97653713780453,0.996053456856543,-0.251162078117254
2.97423905427997,0.984229402628956,-0.501332934257217
2.97174126286265,0.964574501457377,-0.749525258342899
2.96903131142417,0.937166322257262,-0.994759548659419
2.96609631889976,0.902113032590307,-1.23606797749979
2.96292297916769,0.859552971776503,-1.47249821073871
2.9594975652947,0.809654104932039,-1.70311716626029
2.95580593417058,0.752613360087727,-1.92701469640686
2.95183353155576,0.68865585100403,-2.14330717991599
2.94756539756632,0.618033988749895,-2.35114100916989
2.94298617262143,0.541026485551579,-2.54969595899476
2.93808010387901,0.457937254842823,-2.73818842371475
2.93283105218546,0.369094211857378,-2.91587450968565
2.92722249956642,0.27484797949738,-3.08205297110316
2.92180134441209,-2.07165358995799,-3.37731170200806
2.92791261582292,-2.17557050458495,-3.23606797749979
2.9336363072287,-2.27484797949738,-3.08205297110316
2.938989730026,-2.36909421185738,-2.91587450968565
2.94398982946655,-2.45793725484282,-2.73818842371475
2.94865317618763,-2.54102648555158,-2.54969595899476
2.95299595833462,-2.6180339887499,-2.35114100916989
2.95703397424807,-2.68865585100403,-2.14330717991599
2.96078262568777,-2.75261336008773,-1.92701469640686
2.96425691156725,-2.80965410493204,-1.70311716626029
2.96747142217224,-2.8595529717765,-1.47249821073871
2.97044033383742,-2.90211303259031,-1.23606797749979
2.97317740405633,-2.93716632225726,-0.994759548659419
2.97569596699992,-2.96457450145738,-0.749525258342899
2.9780089294197,-2.98422940262896,-0.501332934257217
2.98012876691249,-2.99605345685654,-0.251162078117254
2.9820675205239,-3,2.44929359829471e-16
2.98383679366893,-2.99605345685654,0.251162078117254
2.98544774934825,-2.98422940262896,0.501332934257218
2.98691110763997,-2.96457450145738,0.7495252583429
2.98823714344699,-2.93716632225726,0.994759548659419
2.98943568448099,-2.90211303259031,1.23606797749979
2.99051610946493,-2.8595529717765,1.47249821073871
2.99148734653656,-2.80965410493204,1.70311716626029
2.99235787183622,-2.75261336008773,1.92701469640686
2.99313570826315,-2.68865585100403,2.14330717991599
2.99382842438513,-2.61803398874989,2.35114100916989
2.99444313348716,-2.54102648555158,2.54969595899476
2.99498649274572,-2.45793725484282,2.73818842371475
2.99546470251584,-2.36909421185738,2.91587450968565
2.99588350571918,-2.27484797949738,3.08205297110316
2.99624818732193,-2.17557050458495,3.23606797749979
2.99656357389236,-2.07165358995799,3.37731170200806
2.99683403322852,-1.96350734820343,3.50522672017545
2.99706347404743,-1.85155858313015,3.61930820986408
2.99725534572807,-1.73624910536936,3.71910594355301
2.99741263810095,-1.61803398874989,3.80422606518061
2.99753788127835,-1.49737977432971,3.87433264451452
2.99763314551964,-1.37476262917145,3.92914900291475
2.99770004112735,-1.25066646712861,3.96845880525791
2.9977397183701,-1.12558103905863,3.99210691371309
2.99775286742969,-1,4
2.9977397183701,-0.874418960941373,3.99210691371309
2.99770004112735,-0.749333532871391,3.96845880525791
2.99763314551964,-0.62523737082855,3.92914900291475
2.99753788127835,-0.50262022567029,3.87433264451452
2.99741263810095,-0.381966011250105,3.80422606518061
2.99725534572807,-0.263750894630643,3.71910594355301
2.99706347404743,-0.148441416869854,3.61930820986408
2.99683403322852,-0.03649265179657,3.50522672017545
2.99656357389236,0.0716535899579929,3.37731170200806
2.99624818732193,0.175570504584946,3.23606797749979
2.99588350571918,0.274847979497379,3.08205297110316
2.99546470251584,0.369094211857377,2.91587450968565
2.99498649274572,0.457937254842823,2.73818842371475
2.99444313348716,0.541026485551579,2.54969595899476
2.99382842438513,0.618033988749895,2.35114100916989
2.99313570826315,0.68865585100403,2.14330717991599
2.99235787183622,0.752613360087727,1.92701469640686
2.99148734653656,0.809654104932039,1.70311716626029
2.99051610946493,0.859552971776503,1.47249821073871
2.98943568448099,0.902113032590307,1.23606797749979
2.98823714344699,0.937166322257262,0.99475954865942
2.98691110763997,0.964574501457377,0.7495252583429
2.98544774934825,0.984229402628956,0.501332934257218
2.98383679366893,0.996053456856543,0.251162078117254
2.9820675205239,1,2.44929359829471e-16
2.98012876691249,0.996053456856543,-0.251162078117254
2.9780089294197,0.984229402628956,-0.501332934257217
2.97569596699992,0.964574501457377,-0.749525258342899
2.97317740405633,0.937166322257262,-0.994759548659419
2.97044033383742,0.902113032590307,-1.23606797749979
2.96747142217224,0.859552971776503,-1.47249821073871
2.96425691156725,0.809654104932039,-1.70311716626029
2.96078262568776,0.752613360087727,-1.92701469640686
2.95703397424807,0.68865585100403,-2.14330717991599
2.95299595833462,0.618033988749895,-2.35114100916989
2.94865317618763,0.541026485551579,-2.54969595899476
2.94398982946655,0.457937254842823,-2.73818842371475
2.938989730026,0.369094211857378,-2.91587450968565
2.9336363072287,0.27484797949738,-3.08205297110316
2.92791261582292,0.175570504584946,-3.23606797749979
2.92180134441209,0.0716535899579933,-3.37731170200806
2.92770453374027,-2.07165358995799,-3.37731170200806
2.93357863127945,-2.17557050458495,-3.23606797749979
2.93907054676776,-2.27484797949738,-3.08205297110316
2.9441976437712,-2.36909421185738,-2.91587450968565
2.94897691616685,-2.45793725484282,-2.73818842371475
2.95342497983766,-2.54102648555158,-2.54969595899476
2.95755806495628,-2.6180339887499,-2.35114100916989
2.96139200883012,-2.68865585100403,-2.14330717991599
2.96494224927999,-2.75261336008773,-1.92701469640686
2.96822381852564,-2.80965410493204,-1.70311716626029
2.97125133755163,-2.8595529717765,-1.47249821073871
2.97403901092776,-2.90211303259031,-1.23606797749979
2.9766006220588,-2.93716632225726,-0.994759548659419
2.97894952883899,-2.96457450145738,-0.749525258342899
2.98109865968714,-2.98422940262896,-0.501332934257217
2.98306050993919,-2.99605345685654,-0.251162078117254
2.98484713857553,-3,2.44929359829471e-16
2.9864701652611,-2.99605345685654,0.251162078117254
2.98794076767703,-2.98422940262896,0.501332934257218
2.98926967912349,-2.96457450145738,0.7495252583429
2.99046718637367,-2.93716632225726,0.994759548659419
2.99154312776026,-2.90211303259031,1.23606797749979
2.99250689147581,-2.8595529717765,1.47249821073871
2.99336741406985,-2.80965410493204,1.70311716626029
2.99413317912574,-2.75261336008773,1.92701469640686
2.9948122161016,-2.68865585100403,2.14330717991599
2.99541209932004,-2.61803398874989,2.35114100916989
2.99593994709251,-2.54102648555158,2.54969595899476
2.99640242096453,-2.45793725484282,2.73818842371475
2.9968057250694,-2.36909421185738,2.91587450968565
2.99715560557813,-2.27484797949738,3.08205297110316
2.99745735023485,-2.17557050458495,3.23606797749979
2.99771578796717,-2.07165358995799,3.37731170200806
2.9979352885621,-1.96350734820343,3.50522672017545
2.99811976239901,-1.85155858313015,3.61930820986408
2.99827266023159,-1.73624910536936,3.71910594355301
2.99839697301202,-1.61803398874989,3.80422606518061
2.99849523175104,-1.49737977432971,3.87433264451452
2.99856950740864,-1.37476262917145,3.92914900291475
2.99862141081078,-1.25066646712861,3.96845880525791
2.99865209258846,-1.12558103905863,3.99210691371309
2.9986622431363,-1,4
2.99865209258846,-0.874418960941373,3.99210691371309
2.99862141081078,-0.749333532871391,3.96845880525791
2.99856950740864,-0.62523737082855,3.92914900291475
2.99849523175104,-0.50262022567029,3.87433264451452
2.99839697301202,-0.381966011250105,3.80422606518061
2.99827266023159,-0.263750894630643,3.71910594355301
2.99811976239901,-0.148441416869854,3.61930820986408
2.9979352885621,-0.03649265179657,3.50522672017545
2.99771578796717,0.0716535899579929,3.37731170200806
2.99745735023485,0.175570504584946,3.23606797749979
2.99715560557813,0.274847979497379,3.08205297110316
2.9968057250694,0.369094211857377,2.91587450968565
2.99640242096453,0.457937254842823,2.73818842371475
2.99593994709251,0.541026485551579,2.54969595899476
2.99541209932004,0.618033988749895,2.35114100916989
2.9948122161016,0.68865585100403,2.14330717991599
2.99413317912574,0.752613360087727,1.92701469640686
2.99336741406985,0.809654104932039,1.70311716626029
2.99250689147581,0.859552971776503,1.47249821073871
2.99154312776026,0.902113032590307,1.23606797749979
2.99046718637367,0.937166322257262,0.99475954865942
2.98926967912349,0.964574501457377,0.7495252583429
2.98794076767703,0.984229402628956,0.501332934257218
2.9864701652611,0.996053456856543,0.251162078117254
2.98484713857553,1,2.44929359829471e-16
2.98306050993919,0.996053456856543,-0.251162078117254
2.98109865968714,0.984229402628956,-0.501332934257217
2.97894952883899,0.964574501457377,-0.749525258342899
2.9766006220588,0.937166322257262,-0.994759548659419
2.97403901092776,0.902113032590307,-1.23606797749979
2.97125133755163,0.859552971776503,-1.47249821073871
2.96822381852564,0.809654104932039,-1.70311716626029
2.96494224927999,0.752613360087727,-1.92701469640686
2.96139200883012,0.68865585100403,-2.14330717991599
2.95755806495628,0.618033988749895,-2.35114100916989
2.95342497983766,0.541026485551579,-2.54969595899476
2.94897691616685,0.457937254842823,-2.73818842371475
2.9441976437712,0.369094211857378,-2.91587450968565
2.93907054676776,0.27484797949738,-3.08205297110316
2.93357863127945,0.175570504584946,-3.23606797749979
2.92770453374027,0.0716535899579933,-3.37731170200806
2.92659442265602,-1.96350734820343,-3.50522672017545
2.93265691549722,-2.07165358995799,-3.37731170200806
2.93832417772247,-2.17557050458495,-3.23606797749979
2.94361398118049,-2.27484797949738,-3.08205297110316
2.94854373374572,-2.36909421185738,-2.91587450968565
2.95313047054204,-2.45793725484282,-2.73818842371475
2.95739084578126,-2.54102648555158,-2.54969595899476
2.96134112518782,-2.6180339887499,-2.35114100916989
2.96499717898177,-2.68865585100403,-2.14330717991599
2.96837447539248,-2.75261336008773,-1.92701469640686
2.97148807467601,-2.80965410493204,-1.70311716626029
2.97435262360965,-2.8595529717765,-1.47249821073871
2.97698235043775,-2.90211303259031,-1.23606797749979
2.97939106024353,-2.93716632225726,-0.994759548659419
2.98159213072211,-2.96457450145738,-0.749525258342899
2.98359850833076,-2.98422940262896,-0.501332934257217
2.98542270479301,-2.99605345685654,-0.251162078117254
2.98707679393387,-3,2.44929359829471e-16
2.98857240882424,-2.99605345685654,0.251162078117254
2.98992073921311,-2.98422940262896,0.501332934257218
2.9911325292272,-2.96457450145738,0.7495252583429
2.99221807531804,-2.93716632225726,0.994759548659419
2.99318722443762,-2.90211303259031,1.23606797749979
2.99404937242419,-2.8595529717765,1.47249821073871
2.99481346258085,-2.80965410493204,1.70311716626029
2.99548798443008,-2.75261336008773,1.92701469640686
2.99608097262838,-2.68865585100403,2.14330717991599
2.99660000602581,-2.61803398874989,2.35114100916989
2.99705220685617,-2.54102648555158,2.54969595899476
2.99744424004422,-2.45793725484282,2.73818842371475
2.99778231261724,-2.36909421185738,2.91587450968565
2.99807217320908,-2.27484797949738,3.08205297110316
2.99831911164543,-2.17557050458495,3.23606797749979
2.99852795860029,-2.07165358995799,3.37731170200806
2.99870308531393,-1.96350734820343,3.50522672017545
2.9988484033638,-1.85155858313015,3.61930820986408
2.99896736448065,-1.73624910536936,3.71910594355301
2.99906296040265,-1.61803398874989,3.80422606518061
2.99913772276155,-1.49737977432971,3.87433264451452
2.99919372299538,-1.37476262917145,3.92914900291475
2.99923257228319,-1.25066646712861,3.96845880525791
2.9992554214982,-1.12558103905863,3.99210691371309
2.99926296117634,-1,4
2.9992554214982,-0.874418960941373,3.99210691371309
2.99923257228319,-0.749333532871391,3.96845880525791
2.99919372299538,-0.62523737082855,3.92914900291475
2.99913772276155,-0.50262022567029,3.87433264451452
2.99906296040265,-0.381966011250105,3.80422606518061
2.99896736448065,-0.263750894630643,3.71910594355301
2.9988484033638,-0.148441416869854,3.61930820986408
2.99870308531393,-0.03649265179657,3.50522672017545
2.99852795860029,0.0716535899579929,3.37731170200806
2.99831911164543,0.175570504584946,3.23606797749979
2.99807217320908,0.274847979497379,3.08205297110316
2.99778231261724,0.369094211857377,2.91587450968565
2.99744424004422,0.457937254842823,2.73818842371475
2.99705220685617,0.541026485551579,2.54969595899476
2.99660000602581,0.618033988749895,2.35114100916989
2.99608097262838,0.68865585100403,2.14330717991599
2.99548798443008,0.752613360087727,1.92701469640686
2.99481346258085,0.809654104932039,1.70311716626029
2.99404937242419,0.859552971776503,1.47249821073871
2.99318722443762,0.902113032590307,1.23606797749979
2.99221807531804,0.937166322257262,0.99475954865942
2.9911325292272,0.964574501457377,0.7495252583429
2.98992073921311,0.984229402628956,0.501332934257218
2.98857240882424,0.996053456856543,0.251162078117254
2.98707679393387,1,2.44929359829471e-16
2.98542270479301,0.996053456856543,-0.251162078117254
2.98359850833076,0.984229402628956,-0.501332934257217
2.98159213072211,0.964574501457377,-0.749525258342899
2.97939106024353,0.937166322257262,-0.994759548659419
2.97698235043775,0.902113032590307,-1.23606797749979
2.97435262360965,0.859552971776503,-1.47249821073871
2.97148807467601,0.809654104932039,-1.70311716626029
2.96837447539248,0.752613360087727,-1.92701469640686
2.96499717898177,0.68865585100403,-2.14330717991599
2.96134112518782,0.618033988749895,-2.35114100916989
2.95739084578126,0.541026485551579,-2.54969595899476
2.95313047054204,0.457937254842823,-2.73818842371475
2.94854373374572,0.369094211857378,-2.91587450968565
2.94361398118049,0.27484797949738,-3.08205297110316
2.93832417772247,0.175570504584946,-3.23606797749979
2.93265691549722,0.0716535899579933,-3.37731170200806
2.92659442265602,-0.0364926517965696,-3.50522672017545
2.92456194516137,-1.85155858313015,-3.61930820986408
2.93085350866159,-1.96350734820343,-3.50522672017545
2.93673567134556,-2.07165358995799,-3.37731170200806
2.94222660207546,-2.17557050458495,-3.23606797749979
2.9473441123182,-2.27484797949738,-3.08205297110316
2.95210564685269,-2.36909421185738,-2.91587450968565
2.9565282751185,-2.45793725484282,-2.73818842371475
2.96062868317701,-2.54102648555158,-2.54969595899476
2.96442316625641,-2.6180339887499,-2.35114100916989
2.96792762185245,-2.68865585100403,-2.14330717991599
2.97115754335737,-2.75261336008773,-1.92701469640686
2.97412801418977,-2.80965410493204,-1.70311716626029
2.97685370239896,-2.8595529717765,-1.47249821073871
2.9793488557178,-2.90211303259031,-1.23606797749979
2.98162729703856,-2.93716632225726,-0.994759548659419
2.98370242028714,-2.96457450145738,-0.749525258342899
2.98558718667145,-2.98422940262896,-0.501332934257217
2.98729412128069,-2.99605345685654,-0.251162078117254
2.98883531001253,-3,2.44929359829471e-16
2.99022239680647,-2.99605345685654,0.251162078117254
2.99146658116173,-2.98422940262896,0.501332934257218
2.99257861591944,-2.96457450145738,0.7495252583429
2.99356880528901,-2.93716632225726,0.994759548659419
2.9944470030998,-2.90211303259031,1.23606797749979
2.99522261125974,-2.8595529717765,1.47249821073871
2.99590457840331,-2.80965410493204,1.70311716626029
2.99650139871226,-2.75261336008773,1.92701469640686
2.99702111089304,-2.68865585100403,2.14330717991599
2.99747129729583,-2.61803398874989,2.35114100916989
2.99785908316079,-2.54102648555158,2.54969595899476
2.99819113597803,-2.45793725484282,2.73818842371475
2.99847366494857,-2.36909421185738,2.91587450968565
2.99871242053427,-2.27484797949738,3.08205297110316
2.9989126940858,-2.17557050458495,3.23606797749979
2.99907931753823,-2.07165358995799,3.37731170200806
2.9992166631648,-1.96350734820343,3.50522672017545
2.99932864338023,-1.85155858313015,3.61930820986408
2.99941871058579,-1.73624910536936,3.71910594355301
2.99948985704907,-1.61803398874989,3.80422606518061
2.99954461481223,-1.49737977432971,3.87433264451452
2.99958505562352,-1.37476262917145,3.92914900291475
2.99961279088735,-1.25066646712861,3.96845880525791
2.99962897162939,-1.12558103905863,3.99210691371309
2.99963428847361,-1,4
2.99962897162939,-0.874418960941373,3.99210691371309
2.99961279088735,-0.749333532871391,3.96845880525791
2.99958505562352,-0.62523737082855,3.92914900291475
2.99954461481223,-0.50262022567029,3.87433264451452
2.99948985704907,-0.381966011250105,3.80422606518061
2.99941871058579,-0.263750894630643,3.71910594355301
2.99932864338023,-0.148441416869854,3.61930820986408
2.9992166631648,-0.03649265179657,3.50522672017545
2.99907931753823,0.0716535899579929,3.37731170200806
2.9989126940858,0.175570504584946,3.23606797749979
2.99871242053427,0.274847979497379,3.08205297110316
2.99847366494857,0.369094211857377,2.91587450968565
2.99819113597803,0.457937254842823,2.73818842371475
2.99785908316079,0.541026485551579,2.54969595899476
2.99747129729583,0.618033988749895,2.35114100916989
2.99702111089304,0.68865585100403,2.14330717991599
2.99650139871226,0.752613360087727,1.92701469640686
2.99590457840331,0.809654104932039,1.70311716626029
2.99522261125974,0.859552971776503,1.47249821073871
2.9944470030998,0.902113032590307,1.23606797749979
2.99356880528901,0.937166322257262,0.99475954865942
2.99257861591944,0.964574501457377,0.7495252583429
2.99146658116173,0.984229402628956,0.501332934257218
2.99022239680647,0.996053456856543,0.251162078117254
2.98883531001253,1,2.44929359829471e-16
2.98729412128069,0.996053456856543,-0.251162078117254
2.98558718667145,0.984229402628956,-0.501332934257217
2.98370242028714,0.964574501457377,-0.749525258342899
2.98162729703856,0.937166322257262,-0.994759548659419
2.9793488557178,0.902113032590307,-1.23606797749979
2.97685370239896,0.859552971776503,-1.47249821073871
2.97412801418977,0.809654104932039,-1.70311716626029
2.97115754335737,0.752613360087727,-1.92701469640686
2.96792762185245,0.68865585100403,-2.14330717991599
2.96442316625641,0.618033988749895,-2.35114100916989
2.96062868317701,0.541026485551579,-2.54969595899476
2.9565282751185,0.457937254842823,-2.73818842371475
2.95210564685269,0.369094211857378,-2.91587450968565
2.9473441123182,0.27484797949738,-3.08205297110316
2.94222660207546,0.175570504584946,-3.23606797749979
2.93673567134556,0.0716535899579933,-3.37731170200806
2.93085350866159,-0.0364926517965696,-3.50522672017545
2.92456194516137,-0.148441416869855,-3.61930820986408
2.92813424351841,-1.85155858313015,-3.61930820986408
2.93427352224627,-1.96350734820343,-3.50522672017545
2.9400066782316,-2.07165358995799,-3.37731170200806
2.94535191478815,-2.17557050458495,-3.23606797749979
2.95032707550157,-2.27484797949738,-3.08205297110316
2.95494963504186,-2.36909421185738,-2.91587450968565
2.95923669061546,-2.45793725484282,-2.73818842371475
2.96320495402787,-2.54102648555158,-2.54969595899476
2.96687074432816,-2.6180339887499,-2.35114100916989
2.97024998100714,-2.68865585100403,-2.14330717991599
2.97335817772154,-2.75261336008773,-1.92701469640686
2.97621043651698,-2.80965410493204,-1.70311716626029
2.97882144252309,-2.8595529717765,-1.47249821073871
2.98120545909477,-2.90211303259031,-1.23606797749979
2.98337632337415,-2.93716632225726,-0.994759548659419
2.98534744224836,-2.96457450145738,-0.749525258342899
2.98713178867909,-2.98422940262896,-0.501332934257217
2.98874189838045,-2.99605345685654,-0.251162078117254
2.9901898668222,-3,2.44929359829471e-16
2.99148734653656,-2.99605345685654,0.251162078117254
2.99264554470692,-2.98422940262896,0.501332934257218
2.99367522101823,-2.96457450145738,0.7495252583429
2.99458668574882,-2.93716632225726,0.994759548659419
2.99538979808496,-2.90211303259031,1.23606797749979
2.99609396463948,-2.8595529717765,1.47249821073871
2.99670813815722,-2.80965410493204,1.70311716626029
2.99724081639027,-2.75261336008773,1.92701469640686
2.99770004112735,-2.68865585100403,2.14330717991599
2.99809339736189,-2.61803398874989,2.35114100916989
2.99842801258463,-2.54102648555158,2.54969595899476
2.99871055618714,-2.45793725484282,2.73818842371475
2.99894723896348,-2.36909421185738,2.91587450968565
2.99914381269815,-2.27484797949738,3.08205297110316
2.99930556982919,-2.17557050458495,3.23606797749979
2.99943734317611,-2.07165358995799,3.37731170200806
2.9995435057232,-1.96350734820343,3.50522672017545
2.99962797044963,-1.85155858313015,3.61930820986408
2.9996941901984,-1.73624910536936,3.71910594355301
2.99974515757719,-1.61803398874989,3.80422606518061
2.99978340488502,-1.49737977432971,3.87433264451452
2.99981100405912,-1.37476262917145,3.92914900291475
2.9998295666378,-1.25066646712861,3.96845880525791
2.99984024373528,-1.12558103905863,3.99210691371309
2.99984372602588,-1,4
2.99984024373528,-0.874418960941373,3.99210691371309
2.9998295666378,-0.749333532871391,3.96845880525791
2.99981100405912,-0.62523737082855,3.92914900291475
2.99978340488502,-0.50262022567029,3.87433264451452
2.99974515757719,-0.381966011250105,3.80422606518061
2.9996941901984,-0.263750894630643,3.71910594355301
2.99962797044963,-0.148441416869854,3.61930820986408
2.9995435057232,-0.03649265179657,3.50522672017545
2.99943734317611,0.0716535899579929,3.37731170200806
2.99930556982919,0.175570504584946,3.23606797749979
2.99914381269815,0.274847979497379,3.08205297110316
2.99894723896348,0.369094211857377,2.91587450968565
2.99871055618714,0.457937254842823,2.73818842371475
2.99842801258463,0.541026485551579,2.54969595899476
2.99809339736189,0.618033988749895,2.35114100916989
2.99770004112735,0.68865585100403,2.14330717991599
2.99724081639027,0.752613360087727,1.92701469640686
2.99670813815722,0.809654104932039,1.70311716626029
2.99609396463948,0.859552971776503,1.47249821073871
2.99538979808496,0.902113032590307,1.23606797749979
2.99458668574882,0.937166322257262,0.99475954865942
2.99367522101823,0.964574501457377,0.7495252583429
2.99264554470692,0.984229402628956,0.501332934257218
2.99148734653656,0.996053456856543,0.251162078117254
2.9901898668222,1,2.44929359829471e-16
2.98874189838045,0.996053456856543,-0.251162078117254
2.98713178867909,0.984229402628956,-0.501332934257217
2.98534744224836,0.964574501457377,-0.749525258342899
2.98337632337415,0.937166322257262,-0.994759548659419
2.98120545909477,0.902113032590307,-1.23606797749979
2.97882144252309,0.859552971776503,-1.47249821073871
2.97621043651698,0.809654104932039,-1.70311716626029
2.97335817772154,0.752613360087727,-1.92701469640686
2.97024998100714,0.68865585100403,-2.14330717991599
2.96687074432816,0.618033988749895,-2.35114100916989
2.96320495402787,0.541026485551579,-2.54969595899476
2.95923669061546,0.457937254842823,-2.73818842371475
2.95494963504186,0.369094211857378,-2.91587450968565
2.95032707550157,0.27484797949738,-3.08205297110316
2.94535191478815,0.175570504584946,-3.23606797749979
2.9400066782316,0.0716535899579933,-3.37731170200806
2.93427352224627,-0.0364926517965696,-3.50522672017545
2.92813424351841,-0.148441416869855,-3.61930820986408
2.9244484889922,-1.73624910536936,-3.71910594355301
2.93088971710438,-1.85155858313015,-3.61930820986408
2.93690883285956,-1.96350734820343,-3.50522672017545
2.94252441813981,-2.07165358995799,-3.37731170200806
2.94775470303972,-2.17557050458495,-3.23606797749979
2.95261755609439,-2.27484797949738,-3.08205297110316
2.95713047517496,-2.36909421185738,-2.91587450968565
2.96131057902239,-2.45793725484282,-2.73818842371475
2.96517459939026,-2.54102648555158,-2.54969595899476
2.96873887376781,-2.6180339887499,-2.35114100916989
2.9720193386551,-2.68865585100403,-2.14330717991599
2.97503152336236,-2.75261336008773,-1.92701469640686
2.97779054430651,-2.80965410493204,-1.70311716626029
2.98031109977787,-2.8595529717765,-1.47249821073871
2.98260746515127,-2.90211303259031,-1.23606797749979
2.98469348851594,-2.93716632225726,-0.994759548659419
2.98658258669923,-2.96457450145738,-0.749525258342899
2.98828774166026,-2.98422940262896,-0.501332934257217
2.98982149722974,-2.99605345685654,-0.251162078117254
2.99119595617325,-3,2.44929359829471e-16
2.99242277755595,-2.99605345685654,0.251162078117254
2.99351317438723,-2.98422940262896,0.501332934257218
2.99447791152484,-2.96457450145738,0.7495252583429
2.99532730381841,-2.93716632225726,0.994759548659419
2.99607121447351,-2.90211303259031,1.23606797749979
2.99671905361772,-2.8595529717765,1.47249821073871
2.99727977705129,-2.80965410493204,1.70311716626029
2.99776188516549,-2.75261336008773,1.92701469640686
2.99817342201286,-2.68865585100403,2.14330717991599
2.99852197451403,-2.61803398874989,2.35114100916989
2.99881467178684,-2.54102648555158,2.54969595899476
2.9990581845842,-2.45793725484282,2.73818842371475
2.9992587248279,-2.36909421185738,2.91587450968565
2.99942204522645,-2.27484797949738,3.08205297110316
2.99955343896592,-2.17557050458495,3.23606797749979
2.99965773946337,-2.07165358995799,3.37731170200806
2.99973932017348,-1.96350734820343,3.50522672017545
2.99980209443966,-1.85155858313015,3.61930820986408
2.99984951538195,-1.73624910536936,3.71910594355301
2.99988457581446,-1.61803398874989,3.80422606518061
2.99990980818644,-1.49737977432971,3.87433264451452
2.99992728454144,-1.37476262917145,3.92914900291475
2.99993861649005,-1.25066646712861,3.96845880525791
2.99994495519261,-1.12558103905863,3.99210691371309
2.99994699134886,-1,4
2.99994495519261,-0.874418960941373,3.99210691371309
2.99993861649005,-0.749333532871391,3.96845880525791
2.99992728454144,-0.62523737082855,3.92914900291475
2.99990980818644,-0.50262022567029,3.87433264451452
2.99988457581446,-0.381966011250105,3.80422606518061
2.99984951538195,-0.263750894630643,3.71910594355301
2.99980209443966,-0.148441416869854,3.61930820986408
2.99973932017348,-0.03649265179657,3.50522672017545
2.99965773946337,0.0716535899579929,3.37731170200806
2.99955343896592,0.175570504584946,3.23606797749979
2.99942204522645,0.274847979497379,3.08205297110316
2.9992587248279,0.369094211857377,2.91587450968565
2.9990581845842,0.457937254842823,2.73818842371475
2.99881467178684,0.541026485551579,2.54969595899476
2.99852197451403,0.618033988749895,2.35114100916989
2.99817342201286,0.68865585100403,2.14330717991599
2.99776188516549,0.752613360087727,1.92701469640686
2.99727977705129,0.809654104932039,1.70311716626029
2.99671905361772,0.859552971776503,1.47249821073871
2.99607121447351,0.902113032590307,1.23606797749979
2.99532730381841,0.937166322257262,0.99475954865942
2.99447791152484,0.964574501457377,0.7495252583429
2.99351317438723,0.984229402628956,0.501332934257218
2.99242277755595,0.996053456856543,0.251162078117254
2.99119595617325,1,2.44929359829471e-16
2.98982149722974,0.996053456856543,-0.251162078117254
2.98828774166026,0.984229402628956,-0.501332934257217
2.98658258669923,0.964574501457377,-0.749525258342899
2.98469348851594,0.937166322257262,-0.994759548659419
2.98260746515127,0.902113032590307,-1.23606797749979
2.98031109977786,0.859552971776503,-1.47249821073871
2.97779054430651,0.809654104932039,-1.70311716626029
2.97503152336236,0.752613360087727,-1.92701469640686
2.9720193386551,0.68865585100403,-2.14330717991599
2.96873887376781,0.618033988749895,-2.35114100916989
2.96517459939026,0.541026485551579,-2.54969595899476
2.96131057902239,0.457937254842823,-2.73818842371475
2.95713047517496,0.369094211857378,-2.91587450968565
2.95261755609439,0.27484797949738,-3.08205297110316
2.94775470303972,0.175570504584946,-3.23606797749979
2.94252441813981,0.0716535899579933,-3.37731170200806
2.93690883285956,-0.0364926517965696,-3.50522672017545
2.93088971710438,-0.148441416869855,-3.61930820986408
2.9244484889922,-0.263750894630644,-3.71910594355301
2.92651980725782,-1.73624910536936,-3.71910594355301
2.93287120592321,-1.85155858313015,-3.61930820986408
2.9388023719397,-1.96350734820343,-3.50522672017545
2.94433190796282,-2.07165358995799,-3.37731170200806
2.94947806346352,-2.17557050458495,-3.23606797749979
2.95425872501801,-2.27484797949738,-3.08205297110316
2.95869140726418,-2.36909421185738,-2.91587450968565
2.96279324449526,-2.45793725484282,-2.73818842371475
2.96658098286127,-2.54102648555158,-2.54969595899476
2.97007097314967,-2.6180339887499,-2.35114100916989
2.97327916411682,-2.68865585100403,-2.14330717991599
2.97622109634245,-2.75261336008773,-1.92701469640686
2.97891189657996,-2.80965410493204,-1.70311716626029
2.98136627257561,-2.8595529717765,-1.47249821073871
2.98359850833076,-2.90211303259031,-1.23606797749979
2.98562245978143,-2.93716632225726,-0.994759548659419
2.9874515508704,-2.96457450145738,-0.749525258342899
2.98909876998767,-2.98422940262896,-0.501332934257217
2.99057666675571,-2.99605345685654,-0.251162078117254
2.99189734913664,-3,2.44929359829471e-16
2.99307248083935,-2.99605345685654,0.251162078117254
2.9941132790051,-2.98422940262896,0.501332934257218
2.99503051215087,-2.96457450145738,0.7495252583429
2.99583449835087,-2.93716632225726,0.994759548659419
2.99653510363672,-2.90211303259031,1.23606797749979
2.99714174059826,-2.8595529717765,1.47249821073871
2.99766336716727,-2.80965410493204,1.70311716626029
2.9981084855674,-2.75261336008773,1.92701469640686
2.99848514141429,-2.68865585100403,2.14330717991599
2.99880092295077,-2.61803398874989,2.35114100916989
2.99906296040265,-2.54102648555158,2.54969595899476
2.99927792544173,-2.45793725484282,2.73818842371475
2.99945203074309,-2.36909421185738,2.91587450968565
2.99959102962485,-2.27484797949738,3.08205297110316
2.99970021575926,-2.17557050458495,3.23606797749979
2.99978442294481,-2.07165358995799,3.37731170200806
2.99984802492987,-1.96350734820343,3.50522672017545
2.99989493527927,-1.85155858313015,3.61930820986408
2.9999286072759,-1.73624910536936,3.71910594355301
2.99995203385043,-1.61803398874989,3.80422606518061
2.99996774753287,-1.49737977432971,3.87433264451452
2.99997782042067,-1.37476262917145,3.92914900291475
2.99998386415875,-1.25066646712861,3.96845880525791
2.99998702992794,-1.12558103905863,3.99210691371309
2.99998800843864,-1,4
2.99998702992794,-0.874418960941373,3.99210691371309
2.99998386415875,-0.749333532871391,3.96845880525791
2.99997782042067,-0.62523737082855,3.92914900291475
2.99996774753287,-0.50262022567029,3.87433264451452
2.99995203385043,-0.381966011250105,3.80422606518061
2.9999286072759,-0.263750894630643,3.71910594355301
2.99989493527927,-0.148441416869854,3.61930820986408
2.99984802492987,-0.03649265179657,3.50522672017545
2.99978442294481,0.0716535899579929,3.37731170200806
2.99970021575926,0.175570504584946,3.23606797749979
2.99959102962485,0.274847979497379,3.08205297110316
2.99945203074309,0.369094211857377,2.91587450968565
2.99927792544173,0.457937254842823,2.73818842371475
2.99906296040265,0.541026485551579,2.54969595899476
2.99880092295077,0.618033988749895,2.35114100916989
2.99848514141429,0.68865585100403,2.14330717991599
2.9981084855674,0.752613360087727,1.92701469640686
2.99766336716727,0.809654104932039,1.70311716626029
2.99714174059826,0.859552971776503,1.47249821073871
2.99653510363672,0.902113032590307,1.23606797749979
2.99583449835087,0.937166322257262,0.99475954865942
2.99503051215087,0.964574501457377,0.7495252583429
2.9941132790051,0.984229402628956,0.501332934257218
2.99307248083935,0.996053456856543,0.251162078117254
2.99189734913664,1,2.44929359829471e-16
2.99057666675571,0.996053456856543,-0.251162078117254
2.98909876998767,0.984229402628956,-0.501332934257217
2.9874515508704,0.964574501457377,-0.749525258342899
2.98562245978143,0.937166322257262,-0.994759548659419
2.98359850833076,0.902113032590307,-1.23606797749979
2.98136627257561,0.859552971776503,-1.47249821073871
2.97891189657996,0.809654104932039,-1.70311716626029
2.97622109634245,0.752613360087727,-1.92701469640686
2.97327916411682,0.68865585100403,-2.14330717991599
2.97007097314967,0.618033988749895,-2.35114100916989
2.96658098286127,0.541026485551579,-2.54969595899476
2.96279324449526,0.457937254842823,-2.73818842371475
2.95869140726418,0.369094211857378,-2.91587450968565
2.95425872501801,0.27484797949738,-3.08205297110316
2.94947806346352,0.175570504584946,-3.23606797749979
2.94433190796282,0.0716535899579933,-3.37731170200806
2.9388023719397,-0.0364926517965696,-3.50522672017545
2.93287120592321,-0.148441416869855,-3.61930820986408
2.92651980725782,-0.263750894630644,-3.71910594355301
2.92781554771552,-1.73624910536936,-3.71910594355301
2.9341100835769,-1.85155858313015,-3.61930820986408
2.93998557810253,-1.96350734820343,-3.50522672017545
2.94546064699702,-2.07165358995799,-3.37731170200806
2.95055355189824,-2.17557050458495,-3.23606797749979
2.95528219070641,-2.27484797949738,-3.08205297110316
2.95966408857908,-2.36909421185738,-2.91587450968565
2.96371638956269,-2.45793725484282,-2.73818842371475
2.96745584883117,-2.54102648555158,-2.54969595899476
2.9708988255031,-2.6180339887499,-2.35114100916989
2.9740612760088,-2.68865585100403,-2.14330717991599
2.9769587479797,-2.75261336008773,-1.92701469640686
2.97960637463268,-2.80965410493204,-1.70311716626029
2.98201886962255,-2.8595529717765,-1.47249821073871
2.98421052233658,-2.90211303259031,-1.23606797749979
2.98619519360555,-2.93716632225726,-0.994759548659419
2.98798631180649,-2.96457450145738,-0.749525258342899
2.98959686933273,-2.98422940262896,-0.501332934257217
2.99103941940793,-2.99605345685654,-0.251162078117254
2.99232607322107,-3,2.44929359829471e-16
2.99346849736038,-2.99605345685654,0.251162078117254
2.99447791152484,-2.98422940262896,0.501332934257218
2.99536508649246,-2.96457450145738,0.7495252583429
2.99614034232569,-2.93716632225726,0.994759548659419
2.99681354679453,-2.90211303259031,1.23606797749979
2.99739411399936,-2.8595529717765,1.47249821073871
2.99789100317552,-2.80965410493204,1.70311716626029
2.99831271766327,-2.75261336008773,1.92701469640686
2.99866730402676,-2.68865585100403,2.14330717991599
2.99896235130724,-2.61803398874989,2.35114100916989
2.99920499039568,-2.54102648555158,2.54969595899476
2.99940189351176,-2.45793725484282,2.73818842371475
2.99955927377593,-2.36909421185738,2.91587450968565
2.99968288486313,-2.27484797949738,3.08205297110316
2.99977802072662,-2.17557050458495,3.23606797749979
2.99984951538195,-2.07165358995799,3.37731170200806
2.99990174274134,-1.96350734820343,3.50522672017545
2.99993861649005,-1.85155858313015,3.61930820986408
2.99996358999669,-1.73624910536936,3.71910594355301
2.99997965625065,-1.61803398874989,3.80422606518061
2.99997965625065,-0.381966011250105,3.80422606518061
2.99996358999669,-0.263750894630643,3.71910594355301
2.99993861649005,-0.148441416869854,3.61930820986408
2.99990174274134,-0.03649265179657,3.50522672017545
2.99984951538195,0.0716535899579929,3.37731170200806
2.99977802072662,0.175570504584946,3.23606797749979
2.99968288486313,0.274847979497379,3.08205297110316
2.99955927377593,0.369094211857377,2.91587450968565
2.99940189351176,0.457937254842823,2.73818842371475
2.99920499039568,0.541026485551579,2.54969595899476
2.99896235130724,0.618033988749895,2.35114100916989
2.99866730402676,0.68865585100403,2.14330717991599
2.99831271766327,0.752613360087727,1.92701469640686
2.99789100317552,0.809654104932039,1.70311716626029
2.99739411399936,0.859552971776503,1.47249821073871
2.99681354679453,0.902113032590307,1.23606797749979
2.99614034232569,0.937166322257262,0.99475954865942
2.99536508649246,0.964574501457377,0.7495252583429
2.99447791152484,0.984229402628956,0.501332934257218
2.99346849736038,0.996053456856543,0.251162078117254
2.99232607322107,1,2.44929359829471e-16
2.99103941940793,0.996053456856543,-0.251162078117254
2.98959686933273,0.984229402628956,-0.501332934257217
2.98798631180649,0.964574501457377,-0.749525258342899
2.98619519360555,0.937166322257262,-0.994759548659419
2.98421052233658,0.902113032590307,-1.23606797749979
2.98201886962255,0.859552971776503,-1.47249821073871
2.97960637463268,0.809654104932039,-1.70311716626029
2.9769587479797,0.752613360087727,-1.92701469640686
2.9740612760088,0.68865585100403,-2.14330717991599
2.9708988255031,0.618033988749895,-2.35114100916989
2.96745584883117,0.541026485551579,-2.54969595899476
2.96371638956269,0.457937254842823,-2.73818842371475
2.95966408857908,0.369094211857378,-2.91587450968565
2.95528219070641,0.27484797949738,-3.08205297110316
2.95055355189824,0.175570504584946,-3.23606797749979
2.94546064699702,0.0716535899579933,-3.37731170200806
2.93998557810253,-0.0364926517965696,-3.50522672017545
2.9341100835769,-0.148441416869855,-3.61930820986408
2.92781554771552,-0.263750894630644,-3.71910594355301
2.92835553412982,-1.73624910536936,-3.71910594355301
2.93462621700061,-1.85155858313015,-3.61930820986408
2.9404783586039,-1.96350734820343,-3.50522672017545
2.94593058009493,-2.07165358995799,-3.37731170200806
2.9510011481927,-2.17557050458495,-3.23606797749979
2.95570796552549,-2.27484797949738,-3.08205297110316
2.96006856164204,-2.36909421185738,-2.91587450968565
2.96410008465899,-2.45793725484282,-2.73818842371475
2.96781929351513,-2.54102648555158,-2.54969595899476
2.97124255080378,-2.6180339887499,-2.35114100916989
2.9743858161549,-2.68865585100403,-2.14330717991599
2.9772646401391,-2.75261336008773,-1.92701469640686
2.97989415866625,-2.80965410493204,-1.70311716626029
2.98228908785188,-2.8595529717765,-1.47249821073871
2.98446371932534,-2.90211303259031,-1.23606797749979
2.98643191595402,-2.93716632225726,-0.994759548659419
2.98820710795892,-2.96457450145738,-0.749525258342899
2.98980228939716,-2.98422940262896,-0.501332934257217
2.99123001498803,-2.99605345685654,-0.251162078117254
2.9925023972597,-3,2.44929359829471e-16
2.99363110399438,-2.99605345685654,0.251162078117254
2.99462735595062,-2.98422940262896,0.501332934257218
2.99550192484217,-2.96457450145738,0.7495252583429
2.99626513155328,-2.93716632225726,0.994759548659419
2.99692684457157,-2.90211303259031,1.23606797749979
2.99749647861994,-2.8595529717765,1.47249821073871
2.99798299347003,-2.80965410493204,1.70311716626029
2.9983948929205,-2.75261336008773,1.92701469640686
2.99874022392397,-2.68865585100403,2.14330717991599
2.9990265758477,-2.61803398874989,2.35114100916989
2.99926107985339,-2.54102648555158,2.54969595899476
2.99945040838269,-2.45793725484282,2.73818842371475
2.99960077473568,-2.36909421185738,2.91587450968565
2.99971793273025,-2.27484797949738,3.08205297110316
2.99980717643138,-2.17557050458495,3.23606797749979
2.99987333994004,-2.07165358995799,3.37731170200806
2.99992079723212,-1.96350734820343,3.50522672017545
2.99995346203884,-1.85155858313015,3.61930820986408
2.99997478776076,-1.73624910536936,3.71910594355301
2.99998776740842,-1.61803398874989,3.80422606518061
2.99998776740842,-0.381966011250105,3.80422606518061
2.99997478776076,-0.263750894630643,3.71910594355301
2.99995346203884,-0.148441416869854,3.61930820986408
2.99992079723212,-0.03649265179657,3.50522672017545
2.99987333994004,0.0716535899579929,3.37731170200806
2.99980717643138,0.175570504584946,3.23606797749979
2.99971793273025,0.274847979497379,3.08205297110316
2.99960077473568,0.369094211857377,2.91587450968565
2.99945040838269,0.457937254842823,2.73818842371475
2.99926107985339,0.541026485551579,2.54969595899476
2.9990265758477,0.618033988749895,2.35114100916989
2.99874022392397,0.68865585100403,2.14330717991599
2.9983948929205,0.752613360087727,1.92701469640686
2.99798299347003,0.809654104932039,1.70311716626029
2.99749647861994,0.859552971776503,1.47249821073871
2.99692684457157,0.902113032590307,1.23606797749979
2.99626513155328,0.937166322257262,0.99475954865942
2.99550192484217,0.964574501457377,0.7495252583429
2.99462735595062,0.984229402628956,0.501332934257218
2.99363110399438,0.996053456856543,0.251162078117254
2.9925023972597,1,2.44929359829471e-16
2.99123001498803,0.996053456856543,-0.251162078117254
2.98980228939716,0.984229402628956,-0.501332934257217
2.98820710795892,0.964574501457377,-0.749525258342899
2.98643191595402,0.937166322257262,-0.994759548659419
2.98446371932534,0.902113032590307,-1.23606797749979
2.98228908785188,0.859552971776503,-1.47249821073871
2.97989415866625,0.809654104932039,-1.70311716626029
2.9772646401391,0.752613360087727,-1.92701469640686
2.9743858161549,0.68865585100403,-2.14330717991599
2.97124255080378,0.618033988749895,-2.35114100916989
2.96781929351513,0.541026485551579,-2.54969595899476
2.96410008465899,0.457937254842823,-2.73818842371475
2.96006856164204,0.369094211857378,-2.91587450968565
2.95570796552549,0.27484797949738,-3.08205297110316
2.9510011481927,0.175570504584946,-3.23606797749979
2.94593058009493,0.0716535899579933,-3.37731170200806
2.9404783586039,-0.0364926517965696,-3.50522672017545
2.93462621700061,-0.148441416869855,-3.61930820986408
2.92835553412982,-0.263750894630644,-3.71910594355301
2.92143052981786,-1.6180339887499,-3.80422606518061
2.9281480840574,-1.73624910536936,-3.71910594355301
2.9344279416638,-1.85155858313015,-3.61930820986408
2.94028906563486,-1.96350734820343,-3.50522672017545
2.94575007503093,-2.07165358995799,-3.37731170200806
2.95082923461821,-2.17557050458495,-3.23606797749979
2.95554444520794,-2.27484797949738,-3.08205297110316
2.95991323466137,-2.36909421185738,-2.91587450968565
2.96395274953106,-2.45793725484282,-2.73818842371475
2.96767974730913,-2.54102648555158,-2.54969595899476
2.9711105892538,-2.6180339887499,-2.35114100916989
2.97426123376566,-2.68865585100403,-2.14330717991599
2.97714723028616,-2.75261336008773,-1.92701469640686
2.97978371369061,-2.80965410493204,-1.70311716626029
2.9821853991493,-2.8595529717765,-1.47249821073871
2.98436657743041,-2.90211303259031,-1.23606797749979
2.98634111061913,-2.93716632225726,-0.994759548659419
2.98812242822833,-2.96457450145738,-0.749525258342899
2.98972352367626,-2.98422940262896,-0.501332934257217
2.99115695110799,-2.99605345685654,-0.251162078117254
2.9924348225376,-3,2.44929359829471e-16
2.99356880528901,-2.99605345685654,0.251162078117254
2.99457011971416,-2.98422940262896,0.501332934257218
2.99544953716777,-2.96457450145738,0.7495252583429
2.99621737821884,-2.93716632225726,0.994759548659419
2.99688351107979,-2.90211303259031,1.23606797749979
2.99745735023485,-2.8595529717765,1.47249821073871
2.99794785525012,-2.80965410493204,1.70311716626029
2.99836352974864,-2.75261336008773,1.92701469640686
2.99871242053427,-2.68865585100403,2.14330717991599
2.99900211684947,-2.61803398874989,2.35114100916989
2.99923974975243,-2.54102648555158,2.54969595899476
2.99943199159994,-2.45793725484282,2.73818842371475
2.99958505562352,-2.36909421185738,2.91587450968565
2.99970469558651,-2.27484797949738,3.08205297110316
2.99979620551138,-2.17557050458495,3.23606797749979
2.99986441946662,-2.07165358995799,3.37731170200806
2.999913711404,-1.96350734820343,3.50522672017545
2.99994799503736,-1.85155858313015,3.61930820986408
2.99997072375526,-1.73624910536936,3.71910594355301
2.99998489056036,-1.61803398874989,3.80422606518061
2.99998489056036,-0.381966011250105,3.80422606518061
2.99997072375526,-0.263750894630643,3.71910594355301
2.99994799503736,-0.148441416869854,3.61930820986408
2.999913711404,-0.03649265179657,3.50522672017545
2.99986441946662,0.0716535899579929,3.37731170200806
2.99979620551138,0.175570504584946,3.23606797749979
2.99970469558651,0.274847979497379,3.08205297110316
2.99958505562352,0.369094211857377,2.91587450968565
2.99943199159994,0.457937254842823,2.73818842371475
2.99923974975243,0.541026485551579,2.54969595899476
2.99900211684947,0.618033988749895,2.35114100916989
2.99871242053427,0.68865585100403,2.14330717991599
2.99836352974864,0.752613360087727,1.92701469640686
2.99794785525012,0.809654104932039,1.70311716626029
2.99745735023485,0.859552971776503,1.47249821073871
2.99688351107979,0.902113032590307,1.23606797749979
2.99621737821884,0.937166322257262,0.99475954865942
2.99544953716777,0.964574501457377,0.7495252583429
2.99457011971416,0.984229402628956,0.501332934257218
2.99356880528901,0.996053456856543,0.251162078117254
2.9924348225376,1,2.44929359829471e-16
2.99115695110799,0.996053456856543,-0.251162078117254
2.98972352367626,0.984229402628956,-0.501332934257217
2.98812242822833,0.964574501457377,-0.749525258342899
2.98634111061913,0.937166322257262,-0.994759548659419
2.98436657743041,0.902113032590307,-1.23606797749979
2.9821853991493,0.859552971776503,-1.47249821073871
2.97978371369061,0.809654104932039,-1.70311716626029
2.97714723028616,0.752613360087727,-1.92701469640686
2.97426123376566,0.68865585100403,-2.14330717991599
2.9711105892538,0.618033988749895,-2.35114100916989
2.96767974730913,0.541026485551579,-2.54969595899476
2.96395274953106,0.457937254842823,-2.73818842371475
2.95991323466137,0.369094211857378,-2.91587450968565
2.95554444520794,0.27484797949738,-3.08205297110316
2.95082923461821,0.175570504584946,-3.23606797749979
2.94575007503093,0.0716535899579933,-3.37731170200806
2.94028906563486,-0.0364926517965696,-3.50522672017545
2.9344279416638,-0.148441416869855,-3.61930820986408
2.9281480840574,-0.263750894630644,-3.71910594355301
2.92042937430748,-1.6180339887499,-3.80422606518061
2.9271899981343,-1.73624910536936,-3.71910594355301
2.93351205132634,-1.85155858313015,-3.61930820986408
2.93941448653699,-1.96350734820343,-3.50522672017545
2.94491591316582,-2.07165358995799,-3.37731170200806
2.95003458697235,-2.17557050458495,-3.23606797749979
2.95478840038613,-2.27484797949738,-3.08205297110316
2.95919487348306,-2.36909421185738,-2.91587450968565
2.9632711455986,-2.45793725484282,-2.73818842371475
2.96703396754843,-2.54102648555158,-2.54969595899476
2.97049969442786,-2.6180339887499,-2.35114100916989
2.97368427896176,-2.68865585100403,-2.14330717991599
2.97660326537701,-2.75261336008773,-1.92701469640686
2.97927178377033,-2.80965410493204,-1.70311716626029
2.98170454494471,-2.8595529717765,-1.47249821073871
2.98391583568826,-2.90211303259031,-1.23606797749979
2.98591951447007,-2.93716632225726,-0.994759548659419
2.98772900752808,-2.96457450145738,-0.749525258342899
2.98935730532485,-2.98422940262896,-0.501332934257217
2.99081695934759,-2.99605345685654,-0.251162078117254
2.99212007922981,-3,2.44929359829471e-16
2.99327833017216,-2.99605345685654,0.251162078117254
2.99430293064146,-2.98422940262896,0.501332934257218
2.99520465032692,-2.96457450145738,0.7495252583429
2.99599380833394,-2.93716632225726,0.994759548659419
2.99668027159615,-2.90211303259031,1.23606797749979
2.9972734534876,-2.8595529717765,1.47249821073871
2.99778231261724,-2.80965410493204,1.70311716626029
2.99821535178915,-2.75261336008773,1.92701469640686
2.99858061711245,-2.68865585100403,2.14330717991599
2.99888569724572,-2.61803398874989,2.35114100916989
2.99913772276155,-2.54102648555158,2.54969595899476
2.99934336561776,-2.45793725484282,2.73818842371475
2.99950883872231,-2.36909421185738,2.91587450968565
2.99963989558028,-2.27484797949738,3.08205297110316
2.99974183001154,-2.17557050458495,3.23606797749979
2.99981947592894,-2.07165358995799,3.37731170200806
2.99987720716756,-1.96350734820343,3.50522672017545
2.99991893735628,-1.85155858313015,3.61930820986408
2.99994811982391,-1.73624910536936,3.71910594355301
2.99996774753287,-1.61803398874989,3.80422606518061
2.99996774753287,-0.381966011250105,3.80422606518061
2.99994811982391,-0.263750894630643,3.71910594355301
2.99991893735628,-0.148441416869854,3.61930820986408
2.99987720716756,-0.03649265179657,3.50522672017545
2.99981947592894,0.0716535899579929,3.37731170200806
2.99974183001154,0.175570504584946,3.23606797749979
2.99963989558028,0.274847979497379,3.08205297110316
2.99950883872231,0.369094211857377,2.91587450968565
2.99934336561776,0.457937254842823,2.73818842371475
2.99913772276155,0.541026485551579,2.54969595899476
2.99888569724572,0.618033988749895,2.35114100916989
2.99858061711245,0.68865585100403,2.14330717991599
2.99821535178915,0.752613360087727,1.92701469640686
2.99778231261724,0.809654104932039,1.70311716626029
2.9972734534876,0.859552971776503,1.47249821073871
2.99668027159615,0.902113032590307,1.23606797749979
2.99599380833394,0.937166322257262,0.99475954865942
2.99520465032692,0.964574501457377,0.7495252583429
2.99430293064146,0.984229402628956,0.501332934257218
2.99327833017216,0.996053456856543,0.251162078117254
2.99212007922981,1,2.44929359829471e-16
2.99081695934759,0.996053456856543,-0.251162078117254
2.98935730532485,0.984229402628956,-0.501332934257217
2.98772900752808,0.964574501457377,-0.749525258342899
2.98591951447007,0.937166322257262,-0.994759548659419
2.98391583568826,0.902113032590307,-1.23606797749979
2.98170454494471,0.859552971776503,-1.47249821073871
2.97927178377033,0.809654104932039,-1.70311716626029
2.97660326537701,0.752613360087727,-1.92701469640686
2.97368427896176,0.68865585100403,-2.14330717991599
2.97049969442786,0.618033988749895,-2.35114100916989
2.96703396754843,0.541026485551579,-2.54969595899476
2.9632711455986,0.457937254842823,-2.73818842371475
2.95919487348306,0.369094211857378,-2.91587450968565
2.95478840038613,0.27484797949738,-3.08205297110316
2.95003458697235,0.175570504584946,-3.23606797749979
2.94491591316582,0.0716535899579933,-3.37731170200806
2.93941448653699,-0.0364926517965696,-3.50522672017545
2.93351205132634,-0.148441416869855,-3.61930820986408
2.9271899981343,-0.263750894630644,-3.71910594355301
2.91862920009542,-1.6180339887499,-3.80422606518061
2.92546656418542,-1.73624910536936,-3.71910594355301
2.93186380196765,-1.85155858313015,-3.61930820986408
2.93783984755487,-1.96350734820343,-3.50522672017545
2.94341329302646,-2.07165358995799,-3.37731170200806
2.94860237798964,-2.17557050458495,-3.23606797749979
2.95342497983766,-2.27484797949738,-3.08205297110316
2.95789860467521,-2.36909421185738,-2.91587450968565
2.96204037888148,-2.45793725484282,-2.73818842371475
2.96586704128169,-2.54102648555158,-2.54969595899476
2.96939493589834,-2.6180339887499,-2.35114100916989
2.97264000525393,-2.68865585100403,-2.14330717991599
2.97561778419732,-2.75261336008773,-1.92701469640686
2.97834339422653,-2.80965410493204,-1.70311716626029
2.98083153828123,-2.8595529717765,-1.47249821073871
2.98309649597883,-2.90211303259031,-1.23606797749979
2.98515211926868,-2.93716632225726,-0.994759548659419
2.98701182847957,-2.96457450145738,-0.749525258342899
2.98868860873618,-2.98422940262896,-0.501332934257217
2.99019500672123,-2.99605345685654,-0.251162078117254
2.99154312776026,-3,2.44929359829471e-16
2.99274463320705,-2.99605345685654,0.251162078117254
2.9938107381084,-2.98422940262896,0.501332934257218
2.99475220912739,-2.96457450145738,0.7495252583429
2.99557936270557,-2.93716632225726,0.994759548659419
2.99630206344467,-2.90211303259031,1.23606797749979
2.99692972268972,-2.8595529717765,1.47249821073871
2.99747129729583,-2.80965410493204,1.70311716626029
2.9979352885621,-2.75261336008773,1.92701469640686
2.99832974131645,-2.68865585100403,2.14330717991599
2.9986622431363,-2.61803398874989,2.35114100916989
2.99893992369086,-2.54102648555158,2.54969595899476
2.99916945419118,-2.45793725484282,2.73818842371475
2.99935704693557,-2.36909421185738,2.91587450968565
2.9995084549381,-2.27484797949738,3.08205297110316
2.99962897162939,-2.17557050458495,3.23606797749979
2.99972343061921,-2.07165358995799,3.37731170200806
2.99979620551138,-1.96350734820343,3.50522672017545
2.99985120976253,-1.85155858313015,3.61930820986408
2.99989189657663,-1.73624910536936,3.71910594355301
2.99992125882855,-1.61803398874989,3.80422606518061
2.99992125882855,-0.381966011250105,3.80422606518061
2.99989189657663,-0.263750894630643,3.71910594355301
2.99985120976253,-0.148441416869854,3.61930820986408
2.99979620551138,-0.03649265179657,3.50522672017545
2.99972343061921,0.0716535899579929,3.37731170200806
2.99962897162939,0.175570504584946,3.23606797749979
2.9995084549381,0.274847979497379,3.08205297110316
2.99935704693557,0.369094211857377,2.91587450968565
2.99916945419118,0.457937254842823,2.73818842371475
2.99893992369086,0.541026485551579,2.54969595899476
2.9986622431363,0.618033988749895,2.35114100916989
2.99832974131645,0.68865585100403,2.14330717991599
2.9979352885621,0.752613360087727,1.92701469640686
2.99747129729583,0.809654104932039,1.70311716626029
2.99692972268972,0.859552971776503,1.47249821073871
2.99630206344467,0.902113032590307,1.23606797749979
2.99557936270557,0.937166322257262,0.99475954865942
2.99475220912739,0.964574501457377,0.7495252583429
2.9938107381084,0.984229402628956,0.501332934257218
2.99274463320705,0.996053456856543,0.251162078117254
2.99154312776026,1,2.44929359829471e-16
2.99019500672123,0.996053456856543,-0.251162078117254
2.98868860873618,0.984229402628956,-0.501332934257217
2.98701182847957,0.964574501457377,-0.749525258342899
2.98515211926868,0.937166322257262,-0.994759548659419
2.98309649597883,0.902113032590307,-1.23606797749979
2.98083153828123,0.859552971776503,-1.47249821073871
2.97834339422653,0.809654104932039,-1.70311716626029
2.97561778419732,0.752613360087727,-1.92701469640686
2.97264000525393,0.68865585100403,-2.14330717991599
2.96939493589834,0.618033988749895,-2.35114100916989
2.96586704128169,0.541026485551579,-2.54969595899476
2.96204037888148,0.457937254842823,-2.73818842371475
2.95789860467521,0.369094211857378,-2.91587450968565
2.95342497983766,0.27484797949738,-3.08205297110316
2.94860237798964,0.175570504584946,-3.23606797749979
2.94341329302646,0.0716535899579933,-3.37731170200806
2.93783984755487,-0.0364926517965696,-3.50522672017545
2.93186380196765,-0.148441416869855,-3.61930820986408
2.92546656418542,-0.263750894630644,-3.71910594355301
2.91600386286834,-1.6180339887499,-3.80422606518061
2.92295157630277,-1.73624910536936,-3.71910594355301
2.92945693003551,-1.85155858313015,-3.61930820986408
2.93553883127283,-1.96350734820343,-3.50522672017545
2.94121584694802,-2.07165358995799,-3.37731170200806
2.94650619320699,-2.17557050458495,-3.23606797749979
2.95142772559199,-2.27484797949738,-3.08205297110316
2.95599792989381,-2.36909421185738,-2.91587450968565
2.9602339136428,-2.45793725484282,-2.73818842371475
2.96415239820979,-2.54102648555158,-2.54969595899476
2.96776971148812,-2.6180339887499,-2.35114100916989
2.9711017811285,-2.68865585100403,-2.14330717991599
2.97416412829915,-2.75261336008773,-1.92701469640686
2.97697186194383,-2.80965410493204,-1.70311716626029
2.97953967351118,-2.8595529717765,-1.47249821073871
2.98188183212931,-2.90211303259031,-1.23606797749979
2.98401218020016,-2.93716632225726,-0.994759548659419
2.98594412938884,-2.96457450145738,-0.749525258342899
2.98769065698373,-2.98422940262896,-0.501332934257217
2.98926430260395,-2.99605345685654,-0.251162078117254
2.99067716523125,-3,2.44929359829471e-16
2.99194090054447,-2.99605345685654,0.251162078117254
2.99306671853499,-2.98422940262896,0.501332934257218
2.99406538138272,-2.96457450145738,0.7495252583429
2.99494720157269,-2.93716632225726,0.994759548659419
2.99572204023317,-2.90211303259031,1.23606797749979
2.99639930567702,-2.8595529717765,1.47249821073871
2.99698795212865,-2.80965410493204,1.70311716626029
2.99749647861994,-2.75261336008773,1.92701469640686
2.99793292803904,-2.68865585100403,2.14330717991599
2.99830488631704,-2.61803398874989,2.35114100916989
2.99861948173797,-2.54102648555158,2.54969595899476
2.99888338435869,-2.45793725484282,2.73818842371475
2.99910280552596,-2.36909421185738,2.91587450968565
2.99928349747864,-2.27484797949738,3.08205297110316
2.99943075302404,-2.17557050458495,3.23606797749979
2.999549405278,-2.07165358995799,3.37731170200806
2.9996438274594,-1.96350734820343,3.50522672017545
2.99971793273025,-1.85155858313015,3.61930820986408
2.99977517407367,-1.73624910536936,3.71910594355301
2.99981854420274,-1.61803398874989,3.80422606518061
2.99981854420274,-0.381966011250105,3.80422606518061
2.99977517407367,-0.263750894630643,3.71910594355301
2.99971793273025,-0.148441416869854,3.61930820986408
2.9996438274594,-0.03649265179657,3.50522672017545
2.999549405278,0.0716535899579929,3.37731170200806
2.99943075302404,0.175570504584946,3.23606797749979
2.99928349747864,0.274847979497379,3.08205297110316
2.99910280552596,0.369094211857377,2.91587450968565
2.99888338435869,0.457937254842823,2.73818842371475
2.99861948173797,0.541026485551579,2.54969595899476
2.99830488631704,0.618033988749895,2.35114100916989
2.99793292803904,0.68865585100403,2.14330717991599
2.99749647861994,0.752613360087727,1.92701469640686
2.99698795212865,0.809654104932039,1.70311716626029
2.99639930567702,0.859552971776503,1.47249821073871
2.99572204023317,0.902113032590307,1.23606797749979
2.99494720157269,0.937166322257262,0.99475954865942
2.99406538138272,0.964574501457377,0.7495252583429
2.99306671853499,0.984229402628956,0.501332934257218
2.99194090054447,0.996053456856543,0.251162078117254
2.99067716523125,1,2.44929359829471e-16
2.98926430260395,0.996053456856543,-0.251162078117254
2.98769065698373,0.984229402628956,-0.501332934257217
2.98594412938884,0.964574501457377,-0.749525258342899
2.98401218020016,0.937166322257262,-0.994759548659419
2.98188183212931,0.902113032590307,-1.23606797749979
2.97953967351118,0.859552971776503,-1.47249821073871
2.97697186194383,0.809654104932039,-1.70311716626029
2.97416412829915,0.752613360087727,-1.92701469640686
2.9711017811285,0.68865585100403,-2.14330717991599
2.96776971148812,0.618033988749895,-2.35114100916989
2.96415239820979,0.541026485551579,-2.54969595899476
2.9602339136428,0.457937254842823,-2.73818842371475
2.95599792989381,0.369094211857378,-2.91587450968565
2.95142772559199,0.27484797949738,-3.08205297110316
2.94650619320699,0.175570504584946,-3.23606797749979
2.94121584694802,0.0716535899579933,-3.37731170200806
2.93553883127283,-0.0364926517965696,-3.50522672017545
2.92945693003551,-0.148441416869855,-3.61930820986408
2.92295157630277,-0.263750894630644,-3.71910594355301
2.91251578835268,-1.6180339887499,-3.80422606518061
2.91960736956747,-1.73624910536936,-3.71910594355301
2.92625368569101,-1.85155858313015,-3.61930820986408
2.93247360841374,-1.96350734820343,-3.50522672017545
2.93828567145778,-2.07165358995799,-3.37731170200806
2.94370805996406,-2.17557050458495,-3.23606797749979
2.94875860057911,-2.27484797949738,-3.08205297110316
2.95345475221184,-2.36909421185738,-2.91587450968565
2.9578135974308,-2.45793725484282,-2.73818842371475
2.96185183447309,-2.54102648555158,-2.54969595899476
2.96558576983611,-2.6180339887499,-2.35114100916989
2.96903131142417,-2.68865585100403,-2.14330717991599
2.97220396222221,-2.75261336008773,-1.92701469640686
2.97511881446947,-2.80965410493204,-1.70311716626029
2.97779054430651,-2.8595529717765,-1.47249821073871
2.98023340686967,-2.90211303259031,-1.23606797749979
2.9824612318074,-2.93716632225726,-0.994759548659419
2.9844874191938,-2.96457450145738,-0.749525258342899
2.98632493581524,-2.98422940262896,-0.501332934257217
2.98798631180649,-2.99605345685654,-0.251162078117254
2.98948363761378,-3,2.44929359829471e-16
2.99082856126267,-2.99605345685654,0.251162078117254
2.99203228590927,-2.98422940262896,0.501332934257218
2.9931055676545,-2.96457450145738,0.7495252583429
2.99405871360129,-2.93716632225726,0.994759548659419
2.9949015801358,-2.90211303259031,1.23606797749979
2.99564357141427,-2.8595529717765,1.47249821073871
2.99629363803808,-2.80965410493204,1.70311716626029
2.99686027590009,-2.75261336008773,1.92701469640686
2.9973515251865,-2.68865585100403,2.14330717991599
2.99777496951902,-2.61803398874989,2.35114100916989
2.99813773522284,-2.54102648555158,2.54969595899476
2.99844649070718,-2.45793725484282,2.73818842371475
2.99870744594533,-2.36909421185738,2.91587450968565
2.99892635204253,-2.27484797949738,3.08205297110316
2.99910850088043,-2.17557050458495,3.23606797749979
2.9992587248279,-2.07165358995799,3.37731170200806
2.99938139650872,-1.96350734820343,3.50522672017545
2.99948042861749,-1.85155858313015,3.61930820986408
2.99955927377593,-1.73624910536936,3.71910594355301
2.99962092442257,-1.61803398874989,3.80422606518061
2.99962092442257,-0.381966011250105,3.80422606518061
2.99955927377593,-0.263750894630643,3.71910594355301
2.99948042861749,-0.148441416869854,3.61930820986408
2.99938139650872,-0.03649265179657,3.50522672017545
2.9992587248279,0.0716535899579929,3.37731170200806
2.99910850088043,0.175570504584946,3.23606797749979
2.99892635204253,0.274847979497379,3.08205297110316
2.99870744594533,0.369094211857377,2.91587450968565
2.99844649070718,0.457937254842823,2.73818842371475
2.99813773522284,0.541026485551579,2.54969595899476
2.99777496951902,0.618033988749895,2.35114100916989
2.9973515251865,0.68865585100403,2.14330717991599
2.99686027590009,0.752613360087727,1.92701469640686
2.99629363803808,0.809654104932039,1.70311716626029
2.99564357141427,0.859552971776503,1.47249821073871
2.9949015801358,0.902113032590307,1.23606797749979
2.99405871360129,0.937166322257262,0.99475954865942
2.9931055676545,0.964574501457377,0.7495252583429
2.99203228590927,0.984229402628956,0.501332934257218
2.99082856126267,0.996053456856543,0.251162078117254
2.98948363761378,1,2.44929359829471e-16
2.98798631180649,0.996053456856543,-0.251162078117254
2.98632493581524,0.984229402628956,-0.501332934257217
2.9844874191938,0.964574501457377,-0.749525258342899
2.9824612318074,0.937166322257262,-0.994759548659419
2.98023340686967,0.902113032590307,-1.23606797749979
2.97779054430651,0.859552971776503,-1.47249821073871
2.97511881446947,0.809654104932039,-1.70311716626029
2.97220396222221,0.752613360087727,-1.92701469640686
2.96903131142417,0.68865585100403,-2.14330717991599
2.96558576983611,0.618033988749895,-2.35114100916989
2.96185183447309,0.541026485551579,-2.54969595899476
2.9578135974308,0.457937254842823,-2.73818842371475
2.95345475221184,0.369094211857378,-2.91587450968565
2.94875860057911,0.27484797949738,-3.08205297110316
2.94370805996406,0.175570504584946,-3.23606797749979
2.93828567145778,0.0716535899579933,-3.37731170200806
2.93247360841374,-0.0364926517965696,-3.50522672017545
2.92625368569101,-0.148441416869855,-3.61930820986408
2.91960736956747,-0.263750894630644,-3.71910594355301
2.90811602604668,-1.6180339887499,-3.80422606518061
2.91538487161621,-1.73624910536936,-3.71910594355301
2.92220488225321,-1.85155858313015,-3.61930820986408
2.92859488520596,-1.96350734820343,-3.50522672017545
2.93457337260902,-2.07165358995799,-3.37731170200806
2.94015849074923,-2.17557050458495,-3.23606797749979
2.94536803003318,-2.27484797949738,-3.08205297110316
2.95021941562662,-2.36909421185738,-2.91587450968565
2.9547296987363,-2.45793725484282,-2.73818842371475
2.95891554850561,-2.54102648555158,-2.54969595899476
2.96279324449526,-2.6180339887499,-2.35114100916989
2.96637866972119,-2.68865585100403,-2.14330717991599
2.96968730422183,-2.75261336008773,-1.92701469640686
2.97273421912797,-2.80965410493204,-1.70311716626029
2.97553407120836,-2.8595529717765,-1.47249821073871
2.97810109786546,-2.90211303259031,-1.23606797749979
2.98044911255563,-2.93716632225726,-0.994759548659419
2.98259150060936,-2.96457450145738,-0.749525258342899
2.98454121542721,-2.98422940262896,-0.501332934257217
2.98631077502824,-2.99605345685654,-0.251162078117254
2.98791225892811,-3,2.44929359829471e-16
2.98935730532485,-2.99605345685654,0.251162078117254
2.99065710857106,-2.98422940262896,0.501332934257218
2.99182241691196,-2.96457450145738,0.7495252583429
2.99286353046944,-2.93716632225726,0.994759548659419
2.9937902994531,-2.90211303259031,1.23606797749979
2.99461212257998,-2.8595529717765,1.47249821073871
2.9953379456855,-2.80965410493204,1.70311716626029
2.99597626050882,-2.75261336008773,1.92701469640686
2.99653510363672,-2.68865585100403,2.14330717991599
2.9970220555909,-2.61803398874989,2.35114100916989
2.99744424004422,-2.54102648555158,2.54969595899476
2.99780832315256,-2.45793725484282,2.73818842371475
2.99812051298938,-2.36909421185738,2.91587450968565
2.99838655907113,-2.27484797949738,3.08205297110316
2.99861175196243,-2.17557050458495,3.23606797749979
2.99880092295077,-2.07165358995799,3.37731170200806
2.99895844378116,-1.96350734820343,3.50522672017545
2.99908822644214,-1.85155858313015,3.61930820986408
2.99919372299538,-1.73624910536936,3.71910594355301
2.99927792544173,-1.61803398874989,3.80422606518061
2.99927792544173,-0.381966011250105,3.80422606518061
2.99919372299538,-0.263750894630643,3.71910594355301
2.99908822644214,-0.148441416869854,3.61930820986408
2.99895844378116,-0.03649265179657,3.50522672017545
2.99880092295077,0.0716535899579929,3.37731170200806
2.99861175196243,0.175570504584946,3.23606797749979
2.99838655907113,0.274847979497379,3.08205297110316
2.99812051298938,0.369094211857377,2.91587450968565
2.99780832315256,0.457937254842823,2.73818842371475
2.99744424004422,0.541026485551579,2.54969595899476
2.9970220555909,0.618033988749895,2.35114100916989
2.99653510363672,0.68865585100403,2.14330717991599
2.99597626050882,0.752613360087727,1.92701469640686
2.9953379456855,0.809654104932039,1.70311716626029
2.99461212257998,0.859552971776503,1.47249821073871
2.9937902994531,0.902113032590307,1.23606797749979
2.99286353046944,0.937166322257262,0.99475954865942
2.99182241691196,0.964574501457377,0.7495252583429
2.99065710857106,0.984229402628956,0.501332934257218
2.98935730532485,0.996053456856543,0.251162078117254
2.98791225892811,1,2.44929359829471e-16
2.98631077502824,0.996053456856543,-0.251162078117254
2.98454121542721,0.984229402628956,-0.501332934257217
2.98259150060936,0.964574501457377,-0.749525258342899
2.98044911255563,0.937166322257262,-0.994759548659419
2.97810109786546,0.902113032590307,-1.23606797749979
2.97553407120836,0.859552971776503,-1.47249821073871
2.97273421912797,0.809654104932039,-1.70311716626029
2.96968730422183,0.752613360087727,-1.92701469640686
2.96637866972119,0.68865585100403,-2.14330717991599
2.96279324449526,0.618033988749895,-2.35114100916989
2.95891554850561,0.541026485551579,-2.54969595899476
2.9547296987363,0.457937254842823,-2.73818842371475
2.95021941562662,0.369094211857378,-2.91587450968565
2.94536803003318,0.27484797949738,-3.08205297110316
2.94015849074923,0.175570504584946,-3.23606797749979
2.93457337260902,0.0716535899579933,-3.37731170200806
2.92859488520596,-0.0364926517965696,-3.50522672017545
2.92220488225321,-0.148441416869855,-3.61930820986408
2.91538487161621,-0.263750894630644,-3.71910594355301
2.90274432217482,-1.6180339887499,-3.80422606518061
2.91022367277667,-1.73624910536936,-3.71910594355301
2.91724996357187,-1.85155858313015,-3.61930820986408
2.92384196805067,-1.96350734820343,-3.50522672017545
2.93001812800088,-2.07165358995799,-3.37731170200806
2.93579654263046,-2.17557050458495,-3.23606797749979
2.94119495839354,-2.27484797949738,-3.08205297110316
2.94623075949057,-2.36909421185738,-2.91587450968565
2.95092095901337,-2.45793725484282,-2.73818842371475
2.95528219070641,-2.54102648555158,-2.54969595899476
2.95933070131573,-2.6180339887499,-2.35114100916989
2.9630823434978,-2.68865585100403,-2.14330717991599
2.96655256926065,-2.75261336008773,-1.92701469640686
2.96975642391033,-2.80965410493204,-1.70311716626029
2.97270854047632,-2.8595529717765,-1.47249821073871
2.97542313458996,-2.90211303259031,-1.23606797749979
2.97791399979062,-2.93716632225726,-0.994759548659419
2.98019450323504,-2.96457450145738,-0.749525258342899
2.9822775817857,-2.98422940262896,-0.501332934257217
2.984175738455,-2.99605345685654,-0.251162078117254
2.98590103918243,-3,2.44929359829471e-16
2.98746510992297,-2.99605345685654,0.251162078117254
2.98887913402528,-2.98422940262896,0.501332934257218
2.99015384987923,-2.96457450145738,0.7495252583429
2.99129954881306,-2.93716632225726,0.994759548659419
2.99232607322107,-2.90211303259031,1.23606797749979
2.99324281490348,-2.8595529717765,1.47249821073871
2.99405871360129,-2.80965410493204,1.70311716626029
2.99478225570906,-2.75261336008773,1.92701469640686
2.99542147314993,-2.68865585100403,2.14330717991599
2.99598394239767,-2.61803398874989,2.35114100916989
2.99647678363147,-2.54102648555158,2.54969595899476
2.99690666000989,-2.45793725484282,2.73818842371475
2.99727977705129,-2.36909421185738,2.91587450968565
2.99760188210885,-2.27484797949738,3.08205297110316
2.99787826392902,-2.17557050458495,3.23606797749979
2.99811375228323,-2.07165358995799,3.37731170200806
2.99831271766327,-1.96350734820343,3.50522672017545
2.99847907103179,-1.85155858313015,3.61930820986408
2.9986162636201,-1.73624910536936,3.71910594355301
2.99872728676619,-1.61803398874989,3.80422606518061
2.99872728676619,-0.381966011250105,3.80422606518061
2.9986162636201,-0.263750894630643,3.71910594355301
2.99847907103179,-0.148441416869854,3.61930820986408
2.99831271766327,-0.03649265179657,3.50522672017545
2.99811375228323,0.0716535899579929,3.37731170200806
2.99787826392902,0.175570504584946,3.23606797749979
2.99760188210885,0.274847979497379,3.08205297110316
2.99727977705129,0.369094211857377,2.91587450968565
2.99690666000989,0.457937254842823,2.73818842371475
2.99647678363147,0.541026485551579,2.54969595899476
2.99598394239767,0.618033988749895,2.35114100916989
2.99542147314993,0.68865585100403,2.14330717991599
2.99478225570906,0.752613360087727,1.92701469640686
2.99405871360129,0.809654104932039,1.70311716626029
2.99324281490348,0.859552971776503,1.47249821073871
2.99232607322107,0.902113032590307,1.23606797749979
2.99129954881306,0.937166322257262,0.99475954865942
2.99015384987923,0.964574501457377,0.7495252583429
2.98887913402528,0.984229402628956,0.501332934257218
2.98746510992297,0.996053456856543,0.251162078117254
2.98590103918243,1,2.44929359829471e-16
2.984175738455,0.996053456856543,-0.251162078117254
2.9822775817857,0.984229402628956,-0.501332934257217
2.98019450323504,0.964574501457377,-0.749525258342899
2.97791399979062,0.937166322257262,-0.994759548659419
2.97542313458996,0.902113032590307,-1.23606797749979
2.97270854047632,0.859552971776503,-1.47249821073871
2.96975642391033,0.809654104932039,-1.70311716626029
2.96655256926065,0.752613360087727,-1.92701469640686
2.9630823434978,0.68865585100403,-2.14330717991599
2.95933070131573,0.618033988749895,-2.35114100916989
2.95528219070641,0.541026485551579,-2.54969595899476
2.95092095901337,0.457937254842823,-2.73818842371475
2.94623075949057,0.369094211857378,-2.91587450968565
2.94119495839354,0.27484797949738,-3.08205297110316
2.93579654263046,0.175570504584946,-3.23606797749979
2.93001812800088,0.0716535899579933,-3.37731170200806
2.92384196805067,-0.0364926517965696,-3.50522672017545
2.91724996357187,-0.148441416869855,-3.61930820986408
2.91022367277667,-0.263750894630644,-3.71910594355301
2.89632921410215,-1.6180339887499,-3.80422606518061
2.90405211701498,-1.73624910536936,-3.71910594355301
2.91131709157724,-1.85155858313015,-3.61930820986408
2.91814284774374,-1.96350734820343,-3.50522672017545
2.92454776774311,-2.07165358995799,-3.37731170200806
2.93054989503459,-2.17557050458495,-3.23606797749979
2.93616692397087,-2.27484797949738,-3.08205297110316
2.94141619013736,-2.36909421185738,-2.91587450968565
2.94631466133926,-2.45793725484282,-2.73818842371475
2.95087892920756,-2.54102648555158,-2.54969595899476
2.95512520139578,-2.6180339887499,-2.35114100916989
2.95906929433966,-2.68865585100403,-2.14330717991599
2.9627266265524,-2.75261336008773,-1.92701469640686
2.96611221242863,-2.80965410493204,-1.70311716626029
2.96924065653064,-2.8595529717765,-1.47249821073871
2.9721261483313,-2.90211303259031,-1.23606797749979
2.97478245738824,-2.93716632225726,-0.994759548659419
2.977222928925,-2.96457450145738,-0.749525258342899
2.97946047979487,-2.98422940262896,-0.501332934257217
2.98150759480446,-2.99605345685654,-0.251162078117254
2.98337632337415,-3,2.44929359829471e-16
2.98507827651372,-2.99605345685654,0.251162078117254
2.9866246240917,-2.98422940262896,0.501332934257218
2.98802609237822,-2.96457450145738,0.7495252583429
2.98929296184151,-2.93716632225726,0.994759548659419
2.990435065179,-2.90211303259031,1.23606797749979
2.99146178556491,-2.8595529717765,1.47249821073871
2.99238205509678,-2.80965410493204,1.70311716626029
2.99320435342432,-2.75261336008773,1.92701469640686
2.99393670654466,-2.68865585100403,2.14330717991599
2.99458668574882,-2.61803398874989,2.35114100916989
2.99516140670525,-2.54102648555158,2.54969595899476
2.99566752866676,-2.45793725484282,2.73818842371475
2.99611125378827,-2.36909421185738,2.91587450968565
2.99649832654332,-2.27484797949738,3.08205297110316
2.99683403322852,-2.17557050458495,3.23606797749979
2.99712320154533,-2.07165358995799,3.37731170200806
2.99737020025002,-1.96350734820343,3.50522672017545
2.997578938863,-1.85155858313015,3.61930820986408
2.99775286742969,-1.73624910536936,3.71910594355301
2.99789497632613,-1.61803398874989,3.80422606518061
2.99789497632613,-0.381966011250105,3.80422606518061
2.99775286742969,-0.263750894630643,3.71910594355301
2.997578938863,-0.148441416869854,3.61930820986408
2.99737020025002,-0.03649265179657,3.50522672017545
2.99712320154533,0.0716535899579929,3.37731170200806
2.99683403322852,0.175570504584946,3.23606797749979
2.99649832654332,0.274847979497379,3.08205297110316
2.99611125378827,0.369094211857377,2.91587450968565
2.99566752866676,0.457937254842823,2.73818842371475
2.99516140670525,0.541026485551579,2.54969595899476
2.99458668574882,0.618033988749895,2.35114100916989
2.99393670654466,0.68865585100403,2.14330717991599
2.99320435342432,0.752613360087727,1.92701469640686
2.99238205509678,0.809654104932039,1.70311716626029
2.99146178556491,0.859552971776503,1.47249821073871
2.990435065179,0.902113032590307,1.23606797749979
2.98929296184151,0.937166322257262,0.99475954865942
2.98802609237822,0.964574501457377,0.7495252583429
2.9866246240917,0.984229402628956,0.501332934257218
2.98507827651372,0.996053456856543,0.251162078117254
2.98337632337415,1,2.44929359829471e-16
2.98150759480446,0.996053456856543,-0.251162078117254
2.97946047979487,0.984229402628956,-0.501332934257217
2.977222928925,0.964574501457377,-0.749525258342899
2.97478245738824,0.937166322257262,-0.994759548659419
2.9721261483313,0.902113032590307,-1.23606797749979
2.96924065653064,0.859552971776503,-1.47249821073871
2.96611221242863,0.809654104932039,-1.70311716626029
2.9627266265524,0.752613360087727,-1.92701469640686
2.95906929433966,0.68865585100403,-2.14330717991599
2.95512520139578,0.618033988749895,-2.35114100916989
2.95087892920756,0.541026485551579,-2.54969595899476
2.94631466133926,0.457937254842823,-2.73818842371475
2.94141619013736,0.369094211857378,-2.91587450968565
2.93616692397087,0.27484797949738,-3.08205297110316
2.93054989503459,0.175570504584946,-3.23606797749979
2.92454776774311,0.0716535899579933,-3.37731170200806
2.91814284774374,-0.0364926517965696,-3.50522672017545
2.91131709157724,-0.148441416869855,-3.61930820986408
2.90405211701498,-0.263750894630644,-3.71910594355301
2.88878814895646,-1.6180339887499,-3.80422606518061
2.89678741645133,-1.73624910536936,-3.71910594355301
2.90432325676996,-1.85155858313015,-3.61930820986408
2.91141430602237,-1.96350734820343,-3.50522672017545
2.91807887714262,-2.07165358995799,-3.37731170200806
2.92433494865809,-2.17557050458495,-3.23606797749979
2.93020015416737,-2.27484797949738,-3.08205297110316
2.93569177249764,-2.36909421185738,-2.91587450968565
2.94082671851256,-2.45793725484282,-2.73818842371475
2.94562153454251,-2.54102648555158,-2.54969595899476
2.95009238240884,-2.6180339887499,-2.35114100916989
2.95425503601454,-2.68865585100403,-2.14330717991599
2.95812487447412,-2.75261336008773,-1.92701469640686
2.96171687575593,-2.80965410493204,-1.70311716626029
2.96504561081074,-2.8595529717765,-1.47249821073871
2.96812523816081,-2.90211303259031,-1.23606797749979
2.97096949892449,-2.93716632225726,-0.994759548659419
2.97359171225179,-2.96457450145738,-0.749525258342899
2.97600477114708,-2.98422940262896,-0.501332934257217
2.9782211386557,-2.99605345685654,-0.251162078117254
2.98025284439194,-3,2.44929359829471e-16
2.98211148138663,-2.99605345685654,0.251162078117254
2.98380820323301,-2.98422940262896,0.501332934257218
2.98535372151069,-2.96457450145738,0.7495252583429
2.98675830346777,-2.93716632225726,0.994759548659419
2.98803176994239,-2.90211303259031,1.23606797749979
2.98918349350535,-2.8595529717765,1.47249821073871
2.99022239680647,-2.80965410493204,1.70311716626029
2.99115695110799,-2.75261336008773,1.92701469640686
2.99199517498919,-2.68865585100403,2.14330717991599
2.99274463320705,-2.61803398874989,2.35114100916989
2.99341243569878,-2.54102648555158,2.54969595899476
2.99400523671259,-2.45793725484282,2.73818842371475
2.99452923405418,-2.36909421185738,2.91587450968565
2.9949901684369,-2.27484797949738,3.08205297110316
2.99539332292456,-2.17557050458495,3.23606797749979
2.99574352245669,-2.07165358995799,3.37731170200806
2.99604513344676,-1.96350734820343,3.50522672017545
2.99630206344467,-1.85155858313015,3.61930820986408
2.99651776085582,-1.73624910536936,3.71910594355301
2.99669521470963,-1.61803398874989,3.80422606518061
2.99669521470963,-0.381966011250105,3.80422606518061
2.99651776085582,-0.263750894630643,3.71910594355301
2.99630206344467,-0.148441416869854,3.61930820986408
2.99604513344676,-0.03649265179657,3.50522672017545
2.99574352245669,0.0716535899579929,3.37731170200806
2.99539332292456,0.175570504584946,3.23606797749979
2.9949901684369,0.274847979497379,3.08205297110316
2.99452923405418,0.369094211857377,2.91587450968565
2.99400523671259,0.457937254842823,2.73818842371475
2.99341243569878,0.541026485551579,2.54969595899476
2.99274463320705,0.618033988749895,2.35114100916989
2.99199517498919,0.68865585100403,2.14330717991599
2.99115695110799,0.752613360087727,1.92701469640686
2.99022239680647,0.809654104932039,1.70311716626029
2.98918349350535,0.859552971776503,1.47249821073871
2.98803176994239,0.902113032590307,1.23606797749979
2.98675830346777,0.937166322257262,0.99475954865942
2.98535372151069,0.964574501457377,0.7495252583429
2.98380820323301,0.984229402628956,0.501332934257218
2.98211148138663,0.996053456856543,0.251162078117254
2.98025284439194,1,2.44929359829471e-16
2.9782211386557,0.996053456856543,-0.251162078117254
2.97600477114708,0.984229402628956,-0.501332934257217
2.97359171225179,0.964574501457377,-0.749525258342899
2.97096949892449,0.937166322257262,-0.994759548659419
2.96812523816081,0.902113032590307,-1.23606797749979
2.96504561081074,0.859552971776503,-1.47249821073871
2.96171687575593,0.809654104932039,-1.70311716626029
2.95812487447412,0.752613360087727,-1.92701469640686
2.95425503601454,0.68865585100403,-2.14330717991599
2.95009238240884,0.618033988749895,-2.35114100916989
2.94562153454251,0.541026485551579,-2.54969595899476
2.94082671851256,0.457937254842823,-2.73818842371475
2.93569177249764,0.369094211857378,-2.91587450968565
2.93020015416737,0.27484797949738,-3.08205297110316
2.92433494865809,0.175570504584946,-3.23606797749979
2.91807887714262,0.0716535899579933,-3.37731170200806
2.91141430602237,-0.0364926517965696,-3.50522672017545
2.90432325676996,-0.148441416869855,-3.61930820986408
2.89678741645133,-0.263750894630644,-3.71910594355301
2.88002762970886,-1.6180339887499,-3.80422606518061
2.88833579270395,-1.73624910536936,-3.71910594355301
2.89617441492114,-1.85155858313015,-3.61930820986408
2.90356204771508,-1.96350734820343,-3.50522672017545
2.91051692439879,-2.07165358995799,-3.37731170200806
2.91705694880407,-2.17557050458495,-3.23606797749979
2.92319968455325,-2.27484797949738,-3.08205297110316
2.92896234501361,-2.36909421185738,-2.91587450968565
2.93436178390562,-2.45793725484282,-2.73818842371475
2.93941448653699,-2.54102648555158,-2.54969595899476
2.94413656163443,-2.6180339887499,-2.35114100916989
2.94854373374572,-2.68865585100403,-2.14330717991599
2.95265133618499,-2.75261336008773,-1.92701469640686
2.95647430449454,-2.80965410493204,-1.70311716626029
2.9600271703973,-2.8595529717765,-1.47249821073871
2.96332405621412,-2.90211303259031,-1.23606797749979
2.96637866972119,-2.93716632225726,-0.994759548659419
2.96920429942298,-2.96457450145738,-0.749525258342899
2.97181381021716,-2.98422940262896,-0.501332934257217
2.9742196394281,-2.99605345685654,-0.251162078117254
2.97643379318681,-3,2.44929359829471e-16
2.9784678431353,-2.99605345685654,0.251162078117254
2.98033292343441,-2.98422940262896,0.501332934257218
2.9820397280547,-2.96457450145738,0.7495252583429
2.98359850833076,-2.93716632225726,0.994759548659419
2.98501907076007,-2.90211303259031,1.23606797749979
2.98631077502824,-2.8595529717765,1.47249821073871
2.98748253224325,-2.80965410493204,1.70311716626029
2.98854280336204,-2.75261336008773,1.92701469640686
2.98949959779366,-2.68865585100403,2.14330717991599
2.99036047216393,-2.61803398874989,2.35114100916989
2.9911325292272,-2.54102648555158,2.54969595899476
2.99182241691196,-2.45793725484282,2.73818842371475
2.99243632748748,-2.36909421185738,2.91587450968565
2.99297999683957,-2.27484797949738,3.08205297110316
2.99345870384461,-2.17557050458495,3.23606797749979
2.9938772698313,-2.07165358995799,3.37731170200806
2.99424005812103,-1.96350734820343,3.50522672017545
2.99455097363789,-1.85155858313015,3.61930820986408
2.99481346258085,-1.73624910536936,3.71910594355301
2.99503051215087,-1.61803398874989,3.80422606518061
2.99503051215087,-0.381966011250105,3.80422606518061
2.99481346258085,-0.263750894630643,3.71910594355301
2.99455097363789,-0.148441416869854,3.61930820986408
2.99424005812103,-0.03649265179657,3.50522672017545
2.9938772698313,0.0716535899579929,3.37731170200806
2.99345870384461,0.175570504584946,3.23606797749979
2.99297999683957,0.274847979497379,3.08205297110316
2.99243632748748,0.369094211857377,2.91587450968565
2.99182241691196,0.457937254842823,2.73818842371475
2.9911325292272,0.541026485551579,2.54969595899476
2.99036047216393,0.618033988749895,2.35114100916989
2.98949959779366,0.68865585100403,2.14330717991599
2.98854280336204,0.752613360087727,1.92701469640686
2.98748253224325,0.809654104932039,1.70311716626029
2.98631077502824,0.859552971776503,1.47249821073871
2.98501907076007,0.902113032590307,1.23606797749979
2.98359850833076,0.937166322257262,0.99475954865942
2.9820397280547,0.964574501457377,0.7495252583429
2.98033292343441,0.984229402628956,0.501332934257218
2.9784678431353,0.996053456856543,0.251162078117254
2.97643379318681,1,2.44929359829471e-16
2.9742196394281,0.996053456856543,-0.251162078117254
2.97181381021716,0.984229402628956,-0.501332934257217
2.96920429942298,0.964574501457377,-0.749525258342899
2.96637866972119,0.937166322257262,-0.994759548659419
2.96332405621412,0.902113032590307,-1.23606797749979
2.9600271703973,0.859552971776503,-1.47249821073871
2.95647430449454,0.809654104932039,-1.70311716626029
2.95265133618499,0.752613360087727,-1.92701469640686
2.94854373374572,0.68865585100403,-2.14330717991599
2.94413656163443,0.618033988749895,-2.35114100916989
2.93941448653699,0.541026485551579,-2.54969595899476
2.93436178390562,0.457937254842823,-2.73818842371475
2.92896234501361,0.369094211857378,-2.91587450968565
2.92319968455325,0.27484797949738,-3.08205297110316
2.91705694880407,0.175570504584946,-3.23606797749979
2.91051692439879,0.0716535899579933,-3.37731170200806
2.90356204771508,-0.0364926517965696,-3.50522672017545
2.89617441492114,-0.148441416869855,-3.61930820986408
2.88833579270395,-0.263750894630644,-3.71910594355301
2.86994339245465,-1.6180339887499,-3.80422606518061
2.87859264881587,-1.73624910536936,-3.71910594355301
2.88676565374856,-1.85155858313015,-3.61930820986408
2.89448086227245,-1.96350734820343,-3.50522672017545
2.90175641709536,-2.07165358995799,-3.37731170200806
2.90861013694355,-2.17557050458495,-3.23606797749979
2.91505950560668,-2.27484797949738,-3.08205297110316
2.9211216616686,-2.36909421185738,-2.91587450968565
2.92681338889572,-2.45793725484282,-2.73818842371475
2.93215110725485,-2.54102648555158,-2.54969595899476
2.93715086453285,-2.6180339887499,-2.35114100916989
2.94182832853072,-2.68865585100403,-2.14330717991599
2.94619877980531,-2.75261336008773,-1.92701469640686
2.95027710493211,-2.80965410493204,-1.70311716626029
2.95407779026334,-2.8595529717765,-1.47249821073871
2.95761491615571,-2.90211303259031,-1.23606797749979
2.96090215164331,-2.93716632225726,-0.994759548659419
2.96395274953106,-2.96457450145738,-0.749525258342899
2.96677954188529,-2.98422940262896,-0.501332934257217
2.96939493589834,-2.99605345685654,-0.251162078117254
2.9718109101048,-3,2.44929359829471e-16
2.97403901092776,-2.99605345685654,0.251162078117254
2.97609034953403,-2.98422940262896,0.501332934257218
2.97797559897805,-2.96457450145738,0.7495252583429
2.97970499161489,-2.93716632225726,0.994759548659419
2.9812883167635,-2.90211303259031,1.23606797749979
2.98273491860218,-2.8595529717765,1.47249821073871
2.98405369427883,-2.80965410493204,1.70311716626029
2.98525309221946,-2.75261336008773,1.92701469640686
2.98634111061913,-2.68865585100403,2.14330717991599
2.98732529610031,-2.61803398874989,2.35114100916989
2.9882127425244,-2.54102648555158,2.54969595899476
2.98901008994301,-2.45793725484282,2.73818842371475
2.98972352367626,-2.36909421185738,2.91587450968565
2.99035877350631,-2.27484797949738,3.08205297110316
2.99092111297514,-2.17557050458495,3.23606797749979
2.99141535877615,-2.07165358995799,3.37731170200806
2.99184587023037,-1.96350734820343,3.50522672017545
2.99221654883854,-1.85155858313015,3.61930820986408
2.99253083790127,-1.73624910536936,3.71910594355301
2.99279172220037,-1.61803398874989,3.80422606518061
2.99279172220037,-0.381966011250105,3.80422606518061
2.99253083790127,-0.263750894630643,3.71910594355301
2.99221654883854,-0.148441416869854,3.61930820986408
2.99184587023037,-0.03649265179657,3.50522672017545
2.99141535877615,0.0716535899579929,3.37731170200806
2.99092111297514,0.175570504584946,3.23606797749979
2.99035877350631,0.274847979497379,3.08205297110316
2.98972352367626,0.369094211857377,2.91587450968565
2.98901008994301,0.457937254842823,2.73818842371475
2.9882127425244,0.541026485551579,2.54969595899476
2.98732529610031,0.618033988749895,2.35114100916989
2.98634111061913,0.68865585100403,2.14330717991599
2.98525309221946,0.752613360087727,1.92701469640686
2.98405369427883,0.809654104932039,1.70311716626029
2.98273491860218,0.859552971776503,1.47249821073871
2.9812883167635,0.902113032590307,1.23606797749979
2.97970499161489,0.937166322257262,0.99475954865942
2.97797559897805,0.964574501457377,0.7495252583429
2.97609034953403,0.984229402628956,0.501332934257218
2.97403901092776,0.996053456856543,0.251162078117254
2.9718109101048,1,2.44929359829471e-16
2.96939493589834,0.996053456856543,-0.251162078117254
2.96677954188529,0.984229402628956,-0.501332934257217
2.96395274953106,0.964574501457377,-0.749525258342899
2.96090215164331,0.937166322257262,-0.994759548659419
2.95761491615571,0.902113032590307,-1.23606797749979
2.95407779026334,0.859552971776503,-1.47249821073871
2.95027710493211,0.809654104932039,-1.70311716626029
2.94619877980531,0.752613360087727,-1.92701469640686
2.94182832853072,0.68865585100403,-2.14330717991599
2.93715086453285,0.618033988749895,-2.35114100916989
2.93215110725485,0.541026485551579,-2.54969595899476
2.92681338889572,0.457937254842823,-2.73818842371475
2.9211216616686,0.369094211857378,-2.91587450968565
2.91505950560668,0.27484797949738,-3.08205297110316
2.90861013694355,0.175570504584946,-3.23606797749979
2.90175641709536,0.0716535899579933,-3.37731170200806
2.89448086227245,-0.0364926517965696,-3.50522672017545
2.88676565374855,-0.148441416869855,-3.61930820986408
2.87859264881587,-0.263750894630644,-3.71910594355301
2.85842061911409,-1.6180339887499,-3.80422606518061
2.86744277599948,-1.73624910536936,-3.71910594355301
2.87598139381842,-1.85155858313015,-3.61930820986408
2.88405481894174,-1.96350734820343,-3.50522672017545
2.8916810917652,-2.07165358995799,-3.37731170200806
2.89887793478946,-2.17557050458495,-3.23606797749979
2.90566274141779,-2.27484797949738,-3.08205297110316
2.91205256544318,-2.36909421185738,-2.91587450968565
2.91806411119695,-2.45793725484282,-2.73818842371475
2.92371372433082,-2.54102648555158,-2.54969595899476
2.92901738320506,-2.6180339887499,-2.35114100916989
2.93399069085573,-2.68865585100403,-2.14330717991599
2.93864886751406,-2.75261336008773,-1.92701469640686
2.94300674365201,-2.80965410493204,-1.70311716626029
2.94707875352795,-2.8595529717765,-1.47249821073871
2.95087892920756,-2.90211303259031,-1.23606797749979
2.9544208950349,-2.93716632225726,-0.994759548659419
2.95771786252977,-2.96457450145738,-0.749525258342899
2.96078262568776,-2.98422940262896,-0.501332934257217
2.96362755666005,-2.99605345685654,-0.251162078117254
2.96626460179072,-3,2.44929359829471e-16
2.96870527799005,-2.99605345685654,0.251162078117254
2.97096066942276,-2.98422940262896,0.501332934257218
2.9730414244911,-2.96457450145738,0.7495252583429
2.97495775309317,-2.93716632225726,0.994759548659419
2.97671942413784,-2.90211303259031,1.23606797749979
2.97833576329805,-2.8595529717765,1.47249821073871
2.97981565098538,-2.80965410493204,1.70311716626029
2.98116752052919,-2.75261336008773,1.92701469640686
2.98239935654474,-2.68865585100403,2.14330717991599
2.98351869347513,-2.61803398874989,2.35114100916989
2.98453261429295,-2.54102648555158,2.54969595899476
2.98544774934825,-2.45793725484282,2.73818842371475
2.98627027535006,-2.36909421185738,2.91587450968565
2.98700591446986,-2.27484797949738,3.08205297110316
2.9876599335557,-2.17557050458495,3.23606797749979
2.98823714344699,-2.07165358995799,3.37731170200806
2.98874189838045,-1.96350734820343,3.50522672017545
2.98917809547852,-1.85155858313015,3.61930820986408
2.98954917431269,-1.73624910536936,3.71910594355301
2.9898581165345,-1.61803398874989,3.80422606518061
2.9898581165345,-0.381966011250105,3.80422606518061
2.98954917431269,-0.263750894630643,3.71910594355301
2.98917809547852,-0.148441416869854,3.61930820986408
2.98874189838045,-0.03649265179657,3.50522672017545
2.98823714344699,0.0716535899579929,3.37731170200806
2.9876599335557,0.175570504584946,3.23606797749979
2.98700591446986,0.274847979497379,3.08205297110316
2.98627027535006,0.369094211857377,2.91587450968565
2.98544774934825,0.457937254842823,2.73818842371475
2.98453261429295,0.541026485551579,2.54969595899476
2.98351869347513,0.618033988749895,2.35114100916989
2.98239935654474,0.68865585100403,2.14330717991599
2.98116752052919,0.752613360087727,1.92701469640686
2.97981565098538,0.809654104932039,1.70311716626029
2.97833576329805,0.859552971776503,1.47249821073871
2.97671942413784,0.902113032590307,1.23606797749979
2.97495775309317,0.937166322257262,0.99475954865942
2.9730414244911,0.964574501457377,0.7495252583429
2.97096066942276,0.984229402628956,0.501332934257218
2.96870527799005,0.996053456856543,0.251162078117254
2.96626460179072,1,2.44929359829471e-16
2.96362755666005,0.996053456856543,-0.251162078117254
2.96078262568776,0.984229402628956,-0.501332934257217
2.95771786252977,0.964574501457377,-0.749525258342899
2.9544208950349,0.937166322257262,-0.994759548659419
2.95087892920756,0.902113032590307,-1.23606797749979
2.94707875352795,0.859552971776503,-1.47249821073871
2.94300674365201,0.809654104932039,-1.70311716626029
2.93864886751406,0.752613360087727,-1.92701469640686
2.93399069085573,0.68865585100403,-2.14330717991599
2.92901738320506,0.618033988749895,-2.35114100916989
2.92371372433082,0.541026485551579,-2.54969595899476
2.91806411119695,0.457937254842823,-2.73818842371475
2.91205256544318,0.369094211857378,-2.91587450968565
2.90566274141779,0.27484797949738,-3.08205297110316
2.89887793478946,0.175570504584946,-3.23606797749979
2.8916810917652,0.0716535899579933,-3.37731170200806
2.88405481894174,-0.0364926517965696,-3.50522672017545
2.87598139381842,-0.148441416869855,-3.61930820986408
2.86744277599948,-0.263750894630644,-3.71910594355301
2.84533419023329,-1.6180339887499,-3.80422606518061
2.85476059989739,-1.73624910536936,-3.71910594355301
2.86369562838923,-1.85155858313015,-3.61930820986408
2.87215750031868,-1.96350734820343,-3.50522672017545
2.88016414127734,-2.07165358995799,-3.37731170200806
2.88773316564805,-2.17557050458495,-3.23606797749979
2.89488186513558,-2.27484797949738,-3.08205297110316
2.90162719799055,-2.36909421185738,-2.91587450968565
2.90798577889872,-2.45793725484282,-2.73818842371475
2.91397386950825,-2.54102648555158,-2.54969595899476
2.91960736956747,-2.6180339887499,-2.35114100916989
2.92490180864657,-2.68865585100403,-2.14330717991599
2.92987233841651,-2.75261336008773,-1.92701469640686
2.93453372545919,-2.80965410493204,-1.70311716626029
2.93890034458343,-2.8595529717765,-1.47249821073871
2.94298617262143,-2.90211303259031,-1.23606797749979
2.94680478268148,-2.93716632225726,-0.994759548659419
2.95036933883265,-2.96457450145738,-0.749525258342899
2.95369259119834,-2.98422940262896,-0.501332934257217
2.95678687143573,-2.99605345685654,-0.251162078117254
2.95966408857908,-3,2.44929359829471e-16
2.96233572522534,-2.99605345685654,0.251162078117254
2.96481283404131,-2.98422940262896,0.501332934257218
2.96710603457217,-2.96457450145738,0.7495252583429
2.96922551033203,-2.93716632225726,0.994759548659419
2.97118100615766,-2.90211303259031,1.23606797749979
2.97298182580762,-2.8595529717765,1.47249821073871
2.97463682978939,-2.80965410493204,1.70311716626029
2.9761544333981,-2.75261336008773,1.92701469640686
2.97754260495116,-2.68865585100403,2.14330717991599
2.97880886420376,-2.61803398874989,2.35114100916989
2.97996028093124,-2.54102648555158,2.54969595899476
2.98100347366465,-2.45793725484282,2.73818842371475
2.98194460856732,-2.36909421185738,2.91587450968565
2.98278939844018,-2.27484797949738,3.08205297110316
2.9835431018452,-2.17557050458495,3.23606797749979
2.98421052233658,-2.07165358995799,3.37731170200806
2.98479600779024,-1.96350734820343,3.50522672017545
2.98530344982324,-1.85155858313015,3.61930820986408
2.98573628329508,-1.73624910536936,3.71910594355301
2.98609748588416,-1.61803398874989,3.80422606518061
2.98609748588416,-0.381966011250105,3.80422606518061
2.98573628329508,-0.263750894630643,3.71910594355301
2.98530344982324,-0.148441416869854,3.61930820986408
2.98479600779024,-0.03649265179657,3.50522672017545
2.98421052233658,0.0716535899579929,3.37731170200806
2.9835431018452,0.175570504584946,3.23606797749979
2.98278939844018,0.274847979497379,3.08205297110316
2.98194460856732,0.369094211857377,2.91587450968565
2.98100347366465,0.457937254842823,2.73818842371475
2.97996028093124,0.541026485551579,2.54969595899476
2.97880886420376,0.618033988749895,2.35114100916989
2.97754260495116,0.68865585100403,2.14330717991599
2.9761544333981,0.752613360087727,1.92701469640686
2.97463682978939,0.809654104932039,1.70311716626029
2.97298182580762,0.859552971776503,1.47249821073871
2.97118100615766,0.902113032590307,1.23606797749979
2.96922551033203,0.937166322257262,0.99475954865942
2.96710603457217,0.964574501457377,0.7495252583429
2.96481283404131,0.984229402628956,0.501332934257218
2.96233572522534,0.996053456856543,0.251162078117254
2.95966408857908,1,2.44929359829471e-16
2.95678687143573,0.996053456856543,-0.251162078117254
2.95369259119834,0.984229402628956,-0.501332934257217
2.95036933883265,0.964574501457377,-0.749525258342899
2.94680478268148,0.937166322257262,-0.994759548659419
2.94298617262143,0.902113032590307,-1.23606797749979
2.93890034458343,0.859552971776503,-1.47249821073871
2.93453372545919,0.809654104932039,-1.70311716626029
2.92987233841651,0.752613360087727,-1.92701469640686
2.92490180864657,0.68865585100403,-2.14330717991599
2.91960736956747,0.618033988749895,-2.35114100916989
2.91397386950825,0.541026485551579,-2.54969595899476
2.90798577889872,0.457937254842823,-2.73818842371475
2.90162719799055,0.369094211857378,-2.91587450968565
2.89488186513558,0.27484797949738,-3.08205297110316
2.88773316564805,0.175570504584946,-3.23606797749979
2.88016414127734,0.0716535899579933,-3.37731170200806
2.87215750031868,-0.0364926517965696,-3.50522672017545
2.86369562838923,-0.148441416869855,-3.61930820986408
2.85476059989739,-0.263750894630644,-3.71910594355301
2.83054898300521,-1.6180339887499,-3.80422606518061
2.84041047150215,-1.73624910536936,-3.71910594355301
2.84977220736117,-1.85155858313015,-3.61930820986408
2.85865227946036,-1.96350734820343,-3.50522672017545
2.86706848524944,-2.07165358995799,-3.37731170200806
2.87503831826946,-2.17557050458495,-3.23606797749979
2.88257895639735,-2.27484797949738,-3.08205297110316
2.88970725078749,-2.36909421185738,-2.91587450968565
2.89643971548301,-2.45793725484282,-2.73818842371475
2.90279251766938,-2.54102648555158,-2.54969595899476
2.90878146854351,-2.6180339887499,-2.35114100916989
2.9144220147717,-2.68865585100403,-2.14330717991599
2.91972923051017,-2.75261336008773,-1.92701469640686
2.92471780996241,-2.80965410493204,-1.70311716626029
2.929402060448,-2.8595529717765,-1.47249821073871
2.93379589595802,-2.90211303259031,-1.23606797749979
2.93791283117263,-2.93716632225726,-0.994759548659419
2.94176597591711,-2.96457450145738,-0.749525258342899
2.94536803003318,-2.98422940262896,-0.501332934257217
2.94873127864272,-2.99605345685654,-0.251162078117254
2.95186758778217,-3,2.44929359829471e-16
2.95478840038613,-2.99605345685654,0.251162078117254
2.95750473259935,-2.98422940262896,0.501332934257218
2.9600271703973,-2.96457450145738,0.7495252583429
2.96236586649579,-2.93716632225726,0.994759548659419
2.96453053753114,-2.90211303259031,1.23606797749979
2.96653046149297,-2.8595529717765,1.47249821073871
2.96837447539248,-2.80965410493204,1.70311716626029
2.97007097314967,-2.75261336008773,1.92701469640686
2.97162790368409,-2.68865585100403,2.14330717991599
2.97305276919394,-2.61803398874989,2.35114100916989
2.97435262360965,-2.54102648555158,2.54969595899476
2.97553407120836,-2.45793725484282,2.73818842371475
2.97660326537701,-2.36909421185738,2.91587450968565
2.97756590751194,-2.27484797949738,3.08205297110316
2.97842724604435,-2.17557050458495,3.23606797749979
2.97919207558125,-2.07165358995799,3.37731170200806
2.97986473615251,-1.96350734820343,3.50522672017545
2.98044911255563,-1.85155858313015,3.61930820986408
2.98094863379025,-1.73624910536936,3.71910594355301
2.98136627257561,-1.61803398874989,3.80422606518061
2.98136627257561,-0.381966011250105,3.80422606518061
2.98094863379025,-0.263750894630643,3.71910594355301
2.98044911255563,-0.148441416869854,3.61930820986408
2.97986473615251,-0.03649265179657,3.50522672017545
2.97919207558125,0.0716535899579929,3.37731170200806
2.97842724604435,0.175570504584946,3.23606797749979
2.97756590751194,0.274847979497379,3.08205297110316
2.97660326537701,0.369094211857377,2.91587450968565
2.97553407120836,0.457937254842823,2.73818842371475
2.97435262360965,0.541026485551579,2.54969595899476
2.97305276919394,0.618033988749895,2.35114100916989
2.97162790368409,0.68865585100403,2.14330717991599
2.97007097314967,0.752613360087727,1.92701469640686
2.96837447539248,0.809654104932039,1.70311716626029
2.96653046149297,0.859552971776503,1.47249821073871
2.96453053753114,0.902113032590307,1.23606797749979
2.96236586649579,0.937166322257262,0.99475954865942
2.9600271703973,0.964574501457377,0.7495252583429
2.95750473259935,0.984229402628956,0.501332934257218
2.95478840038613,0.996053456856543,0.251162078117254
2.95186758778217,1,2.44929359829471e-16
2.94873127864272,0.996053456856543,-0.251162078117254
2.94536803003318,0.984229402628956,-0.501332934257217
2.94176597591711,0.964574501457377,-0.749525258342899
2.93791283117263,0.937166322257262,-0.994759548659419
2.93379589595802,0.902113032590307,-1.23606797749979
2.929402060448,0.859552971776503,-1.47249821073871
2.92471780996241,0.809654104932039,-1.70311716626029
2.91972923051017,0.752613360087727,-1.92701469640686
2.9144220147717,0.68865585100403,-2.14330717991599
2.90878146854351,0.618033988749895,-2.35114100916989
2.90279251766938,0.541026485551579,-2.54969595899476
2.89643971548301,0.457937254842823,-2.73818842371475
2.88970725078749,0.369094211857378,-2.91587450968565
2.88257895639735,0.27484797949738,-3.08205297110316
2.87503831826946,0.175570504584946,-3.23606797749979
2.86706848524944,0.0716535899579933,-3.37731170200806
2.85865227946036,-0.0364926517965696,-3.50522672017545
2.84977220736117,-0.148441416869855,-3.61930820986408
2.84041047150215,-0.263750894630644,-3.71910594355301
2.81392022004473,-1.6180339887499,-3.80422606518061
2.82424700829534,-1.73624910536936,-3.71910594355301
2.83406517091748,-1.85155858313015,-3.61930820986408
2.84339264616997,-1.96350734820343,-3.50522672017545
2.85224708911988,-2.07165358995799,-3.37731170200806
2.86064585885386,-2.17557050458495,-3.23606797749979
2.868606006418,-2.27484797949738,-3.08205297110316
2.87614426345871,-2.36909421185738,-2.91587450968565
2.88327703153762,-2.45793725484282,-2.73818842371475
2.89002037209359,-2.54102648555158,-2.54969595899476
2.89638999702514,-2.6180339887499,-2.35114100916989
2.90240125986704,-2.68865585100403,-2.14330717991599
2.90806914753506,-2.75261336008773,-1.92701469640686
2.91340827261339,-2.80965410493204,-1.70311716626029
2.91843286615948,-2.8595529717765,-1.47249821073871
2.92315677100182,-2.90211303259031,-1.23606797749979
2.92759343550638,-2.93716632225726,-0.994759548659419
2.93175590778814,-2.96457450145738,-0.749525258342899
2.93565683034466,-2.98422940262896,-0.501332934257217
2.93930843508921,-2.99605345685654,-0.251162078117254
2.94272253876165,-3,2.44929359829471e-16
2.94591053869568,-2.99605345685654,0.251162078117254
2.94888340892212,-2.98422940262896,0.501332934257218
2.95165169658807,-2.96457450145738,0.7495252583429
2.95422551867289,-2.93716632225726,0.994759548659419
2.95661455898241,-2.90211303259031,1.23606797749979
2.95882806540354,-2.8595529717765,1.47249821073871
2.96087484740227,-2.80965410493204,1.70311716626029
2.96276327374866,-2.75261336008773,1.92701469640686
2.96450127045318,-2.68865585100403,2.14330717991599
2.96609631889976,-2.61803398874989,2.35114100916989
2.96755545416115,-2.54102648555158,2.54969595899476
2.96888526348364,-2.45793725484282,2.73818842371475
2.97009188492838,-2.36909421185738,2.91587450968565
2.97118100615766,-2.27484797949738,3.08205297110316
2.97215786335518,-2.17557050458495,3.23606797749979
2.97302724027022,-2.07165358995799,3.37731170200806
2.97379346737627,-1.96350734820343,3.50522672017545
2.97446042113565,-1.85155858313015,3.61930820986408
2.97503152336236,-1.73624910536936,3.71910594355301
2.97550974067621,-1.61803398874989,3.80422606518061
2.97550974067621,-0.381966011250105,3.80422606518061
2.97503152336236,-0.263750894630643,3.71910594355301
2.97446042113565,-0.148441416869854,3.61930820986408
2.97379346737627,-0.03649265179657,3.50522672017545
2.97302724027022,0.0716535899579929,3.37731170200806
2.97215786335518,0.175570504584946,3.23606797749979
2.97118100615766,0.274847979497379,3.08205297110316
2.97009188492838,0.369094211857377,2.91587450968565
2.96888526348364,0.457937254842823,2.73818842371475
2.96755545416115,0.541026485551579,2.54969595899476
2.96609631889976,0.618033988749895,2.35114100916989
2.96450127045318,0.68865585100403,2.14330717991599
2.96276327374866,0.752613360087727,1.92701469640686
2.96087484740227,0.809654104932039,1.70311716626029
2.95882806540354,0.859552971776503,1.47249821073871
2.95661455898241,0.902113032590307,1.23606797749979
2.95422551867289,0.937166322257262,0.99475954865942
2.95165169658807,0.964574501457377,0.7495252583429
2.94888340892212,0.984229402628956,0.501332934257218
2.94591053869568,0.996053456856543,0.251162078117254
2.94272253876165,1,2.44929359829471e-16
2.93930843508921,0.996053456856543,-0.251162078117254
2.93565683034466,0.984229402628956,-0.501332934257217
2.93175590778814,0.964574501457377,-0.749525258342899
2.92759343550638,0.937166322257262,-0.994759548659419
2.92315677100182,0.902113032590307,-1.23606797749979
2.91843286615948,0.859552971776503,-1.47249821073871
2.91340827261339,0.809654104932039,-1.70311716626029
2.90806914753506,0.752613360087727,-1.92701469640686
2.90240125986704,0.68865585100403,-2.14330717991599
2.89638999702514,0.618033988749895,-2.35114100916989
2.89002037209359,0.541026485551579,-2.54969595899476
2.88327703153762,0.457937254842823,-2.73818842371475
2.87614426345871,0.369094211857378,-2.91587450968565
2.868606006418,0.27484797949738,-3.08205297110316
2.86064585885386,0.175570504584946,-3.23606797749979
2.85224708911988,0.0716535899579933,-3.37731170200806
2.84339264616997,-0.0364926517965696,-3.50522672017545
2.83406517091748,-0.148441416869855,-3.61930820986408
2.82424700829534,-0.263750894630644,-3.71910594355301
2.79529387483606,-1.6180339887499,-3.80422606518061
2.80611549155575,-1.73624910536936,-3.71910594355301
2.81641913883738,-1.85155858313015,-3.61930820986408
2.82622258846188,-1.96350734820343,-3.50522672017545
2.83554333791565,-2.07165358995799,-3.37731170200806
2.84439859727588,-2.17557050458495,-3.23606797749979
2.85280527682776,-2.27484797949738,-3.08205297110316
2.86077997538707,-2.36909421185738,-2.91587450968565
2.86833896930111,-2.45793725484282,-2.73818842371475
2.87549820210165,-2.54102648555158,-2.54969595899476
2.88227327478335,-2.6180339887499,-2.35114100916989
2.88867943668201,-2.68865585100403,-2.14330717991599
2.89473157692659,-2.75261336008773,-1.92701469640686
2.90044421644005,-2.80965410493204,-1.70311716626029
2.90583150046395,-2.8595529717765,-1.47249821073871
2.91090719158252,-2.90211303259031,-1.23606797749979
2.91568466322212,-2.93716632225726,-0.994759548659419
2.92017689360293,-2.96457450145738,-0.749525258342899
2.92439646011976,-2.98422940262896,-0.501332934257217
2.92835553412982,-2.99605345685654,-0.251162078117254
2.93206587612576,-3,2.44929359829471e-16
2.93553883127283,-2.99605345685654,0.251162078117254
2.93878532528978,-2.98422940262896,0.501332934257218
2.94181586065376,-2.96457450145738,0.7495252583429
2.94464051310993,-2.93716632225726,0.994759548659419
2.94726892846763,-2.90211303259031,1.23606797749979
2.94971031966514,-2.8595529717765,1.47249821073871
2.95197346408627,-2.80965410493204,1.70311716626029
2.95406670111227,-2.75261336008773,1.92701469640686
2.95599792989381,-2.68865585100403,2.14330717991599
2.95777460732802,-2.61803398874989,2.35114100916989
2.9594037462267,-2.54102648555158,2.54969595899476
2.96089191366248,-2.45793725484282,2.73818842371475
2.9622452294803,-2.36909421185738,2.91587450968565
2.96346936496279,-2.27484797949738,3.08205297110316
2.9645695416383,-2.17557050458495,3.23606797749979
2.96555053022182,-2.07165358995799,3.37731170200806
2.9664166496792,-1.96350734820343,3.50522672017545
2.96717176640626,-1.85155858313015,3.61930820986408
2.96781929351513,-1.73624910536936,3.71910594355301
2.96836219022079,-1.61803398874989,3.80422606518061
2.96836219022079,-0.381966011250105,3.80422606518061
2.96781929351513,-0.263750894630643,3.71910594355301
2.96717176640626,-0.148441416869854,3.61930820986408
2.9664166496792,-0.03649265179657,3.50522672017545
2.96555053022182,0.0716535899579929,3.37731170200806
2.9645695416383,0.175570504584946,3.23606797749979
2.96346936496279,0.274847979497379,3.08205297110316
2.9622452294803,0.369094211857377,2.91587450968565
2.96089191366248,0.457937254842823,2.73818842371475
2.9594037462267,0.541026485551579,2.54969595899476
2.95777460732802,0.618033988749895,2.35114100916989
2.95599792989381,0.68865585100403,2.14330717991599
2.95406670111227,0.752613360087727,1.92701469640686
2.95197346408627,0.809654104932039,1.70311716626029
2.94971031966514,0.859552971776503,1.47249821073871
2.94726892846763,0.902113032590307,1.23606797749979
2.94464051310993,0.937166322257262,0.99475954865942
2.94181586065376,0.964574501457377,0.7495252583429
2.93878532528978,0.984229402628956,0.501332934257218
2.93553883127283,0.996053456856543,0.251162078117254
2.93206587612576,1,2.44929359829471e-16
2.92835553412982,0.996053456856543,-0.251162078117254
2.92439646011976,0.984229402628956,-0.501332934257217
2.92017689360293,0.964574501457377,-0.749525258342899
2.91568466322212,0.937166322257262,-0.994759548659419
2.91090719158252,0.902113032590307,-1.23606797749979
2.90583150046395,0.859552971776503,-1.47249821073871
2.90044421644005,0.809654104932039,-1.70311716626029
2.89473157692659,0.752613360087727,-1.92701469640686
2.88867943668201,0.68865585100403,-2.14330717991599
2.88227327478335,0.618033988749895,-2.35114100916989
2.87549820210165,0.541026485551579,-2.54969595899476
2.86833896930111,0.457937254842823,-2.73818842371475
2.86077997538707,0.369094211857378,-2.91587450968565
2.85280527682776,0.27484797949738,-3.08205297110316
2.84439859727588,0.175570504584946,-3.23606797749979
2.83554333791565,0.0716535899579933,-3.37731170200806
2.82622258846188,-0.0364926517965696,-3.50522672017545
2.81641913883738,-0.148441416869855,-3.61930820986408
2.80611549155575,-0.263750894630644,-3.71910594355301
2.77450714011771,-1.6180339887499,-3.80422606518061
2.78585232613897,-1.73624910536936,-3.71910594355301
2.79666976181861,-1.85155858313015,-3.61930820986408
2.80697703557926,-1.96350734820343,-3.50522672017545
2.81679147112105,-2.07165358995799,-3.37731170200806
2.82613011396366,-2.17557050458495,-3.23606797749979
2.83500971872432,-2.27484797949738,-3.08205297110316
2.84344673710491,-2.36909421185738,-2.91587450968565
2.85145730656226,-2.45793725484282,-2.73818842371475
2.85905723963513,-2.54102648555158,-2.54969595899476
2.86626201390223,-2.6180339887499,-2.35114100916989
2.87308676254541,-2.68865585100403,-2.14330717991599
2.87954626549289,-2.75261336008773,-1.92701469640686
2.88565494111735,-2.80965410493204,-1.70311716626029
2.89142683846447,-2.8595529717765,-1.47249821073871
2.89687562998772,-2.90211303259031,-1.23606797749979
2.90201460476565,-2.93716632225726,-0.994759548659419
2.90685666217864,-2.96457450145738,-0.749525258342899
2.91141430602237,-2.98422940262896,-0.501332934257217
2.91569963903593,-2.99605345685654,-0.251162078117254
2.91972435782304,-3,2.44929359829471e-16
2.92349974814561,-2.99605345685654,0.251162078117254
2.9270366805691,-2.98422940262896,0.501332934257218
2.93034560644032,-2.96457450145738,0.7495252583429
2.93343655417846,-2.93716632225726,0.994759548659419
2.93631912586125,-2.90211303259031,1.23606797749979
2.93900249408852,-2.8595529717765,1.47249821073871
2.94149539910628,-2.80965410493204,1.70311716626029
2.94380614617523,-2.75261336008773,1.92701469640686
2.94594260316817,-2.68865585100403,2.14330717991599
2.94791219838165,-2.61803398874989,2.35114100916989
2.94972191854798,-2.54102648555158,2.54969595899476
2.95137830703423,-2.45793725484282,2.73818842371475
2.95288746221607,-2.36909421185738,2.91587450968565
2.95425503601454,-2.27484797949738,3.08205297110316
2.95548623258512,-2.17557050458495,3.23606797749979
2.95658580714884,-2.07165358995799,3.37731170200806
2.95755806495628,-1.96350734820343,3.50522672017545
2.95840686037593,-1.85155858313015,3.61930820986408
2.95913559609911,-1.73624910536936,3.71910594355301
2.95974722245481,-1.61803398874989,3.80422606518061
2.95974722245481,-0.381966011250105,3.80422606518061
2.95913559609911,-0.263750894630643,3.71910594355301
2.95840686037593,-0.148441416869854,3.61930820986408
2.95755806495628,-0.03649265179657,3.50522672017545
2.95658580714884,0.0716535899579929,3.37731170200806
2.95548623258512,0.175570504584946,3.23606797749979
2.95425503601454,0.274847979497379,3.08205297110316
2.95288746221607,0.369094211857377,2.91587450968565
2.95137830703423,0.457937254842823,2.73818842371475
2.94972191854798,0.541026485551579,2.54969595899476
2.94791219838165,0.618033988749895,2.35114100916989
2.94594260316817,0.68865585100403,2.14330717991599
2.94380614617523,0.752613360087727,1.92701469640686
2.94149539910628,0.809654104932039,1.70311716626029
2.93900249408852,0.859552971776503,1.47249821073871
2.93631912586125,0.902113032590307,1.23606797749979
2.93343655417846,0.937166322257262,0.99475954865942
2.93034560644032,0.964574501457377,0.7495252583429
2.9270366805691,0.984229402628956,0.501332934257218
2.92349974814561,0.996053456856543,0.251162078117254
2.91972435782304,1,2.44929359829471e-16
2.91569963903593,0.996053456856543,-0.251162078117254
2.91141430602237,0.984229402628956,-0.501332934257217
2.90685666217864,0.964574501457377,-0.749525258342899
2.90201460476565,0.937166322257262,-0.994759548659419
2.89687562998772,0.902113032590307,-1.23606797749979
2.89142683846447,0.859552971776503,-1.47249821073871
2.88565494111735,0.809654104932039,-1.70311716626029
2.87954626549289,0.752613360087727,-1.92701469640686
2.87308676254541,0.68865585100403,-2.14330717991599
2.86626201390223,0.618033988749895,-2.35114100916989
2.85905723963513,0.541026485551579,-2.54969595899476
2.85145730656226,0.457937254842823,-2.73818842371475
2.84344673710491,0.369094211857378,-2.91587450968565
2.83500971872432,0.27484797949738,-3.08205297110316
2.82613011396366,0.175570504584946,-3.23606797749979
2.81679147112105,0.0716535899579933,-3.37731170200806
2.80697703557926,-0.0364926517965696,-3.50522672017545
2.79666976181861,-0.148441416869855,-3.61930820986408
2.78585232613897,-0.263750894630644,-3.71910594355301
2.7513889657757,-1.6180339887499,-3.80422606518061
2.76328556934185,-1.73624910536936,-3.71910594355301
2.77464424146423,-1.85155858313015,-3.61930820986408
2.78548236925888,-1.96350734820343,-3.50522672017545
2.79581708537984,-2.07165358995799,-3.37731170200806
2.80566525420224,-2.17557050458495,-3.23606797749979
2.81504345874478,-2.27484797949738,-3.08205297110316
2.82396798830557,-2.36909421185738,-2.91587450968565
2.83245482678559,-2.45793725484282,-2.73818842371475
2.84051964167388,-2.54102648555158,-2.54969595899476
2.84817777366917,-2.6180339887499,-2.35114100916989
2.8554442269124,-2.68865585100403,-2.14330717991599
2.86233365980536,-2.75261336008773,-1.92701469640686
2.86886037639078,-2.80965410493204,-1.70311716626029
2.87503831826946,-2.8595529717765,-1.47249821073871
2.88088105703083,-2.90211303259031,-1.23606797749979
2.88640178717327,-2.93716632225726,-0.994759548659419
2.89161331949147,-2.96457450145738,-0.749525258342899
2.89652807490838,-2.98422940262896,-0.501332934257217
2.90115807872972,-2.99605345685654,-0.251162078117254
2.9055149553,-3,2.44929359829471e-16
2.90960992303909,-2.99605345685654,0.251162078117254
2.91345378983939,-2.98422940262896,0.501332934257218
2.91705694880407,-2.96457450145738,0.7495252583429
2.92042937430748,-2.93716632225726,0.994759548659419
2.92358061835973,-2.90211303259031,1.23606797749979
2.92651980725782,-2.8595529717765,1.47249821073871
2.92925563850656,-2.80965410493204,1.70311716626029
2.93179637799335,-2.75261336008773,1.92701469640686
2.93414985740124,-2.68865585100403,2.14330717991599
2.9363234718459,-2.61803398874989,2.35114100916989
2.93832417772247,-2.54102648555158,2.54969595899476
2.94015849074923,-2.45793725484282,2.73818842371475
2.94183248419573,-2.36909421185738,2.91587450968565
2.94335178728386,-2.27484797949738,3.08205297110316
2.94472158375094,-2.17557050458495,3.23606797749979
2.94594661056486,-2.07165358995799,3.37731170200806
2.94703115678203,-1.96350734820343,3.50522672017545
2.9479790625397,-1.85155858313015,3.61930820986408
2.94879371817496,-1.73624910536936,3.71910594355301
2.94947806346352,-1.61803398874989,3.80422606518061
2.94947806346352,-0.381966011250105,3.80422606518061
2.94879371817496,-0.263750894630643,3.71910594355301
2.9479790625397,-0.148441416869854,3.61930820986408
2.94703115678203,-0.03649265179657,3.50522672017545
2.94594661056486,0.0716535899579929,3.37731170200806
2.94472158375094,0.175570504584946,3.23606797749979
2.94335178728386,0.274847979497379,3.08205297110316
2.94183248419573,0.369094211857377,2.91587450968565
2.94015849074923,0.457937254842823,2.73818842371475
2.93832417772247,0.541026485551579,2.54969595899476
2.9363234718459,0.618033988749895,2.35114100916989
2.93414985740124,0.68865585100403,2.14330717991599
2.93179637799335,0.752613360087727,1.92701469640686
2.92925563850656,0.809654104932039,1.70311716626029
2.92651980725782,0.859552971776503,1.47249821073871
2.92358061835973,0.902113032590307,1.23606797749979
2.92042937430748,0.937166322257262,0.99475954865942
2.91705694880407,0.964574501457377,0.7495252583429
2.91345378983939,0.984229402628956,0.501332934257218
2.90960992303909,0.996053456856543,0.251162078117254
2.9055149553,1,2.44929359829471e-16
2.90115807872972,0.996053456856543,-0.251162078117254
2.89652807490838,0.984229402628956,-0.501332934257217
2.89161331949147,0.964574501457377,-0.749525258342899
2.88640178717327,0.937166322257262,-0.994759548659419
2.88088105703083,0.902113032590307,-1.23606797749979
2.87503831826946,0.859552971776503,-1.47249821073871
2.86886037639078,0.809654104932039,-1.70311716626029
2.86233365980536,0.752613360087727,-1.92701469640686
2.8554442269124,0.68865585100403,-2.14330717991599
2.84817777366917,0.618033988749895,-2.35114100916989
2.84051964167388,0.541026485551579,-2.54969595899476
2.83245482678559,0.457937254842823,-2.73818842371475
2.82396798830557,0.369094211857378,-2.91587450968565
2.81504345874478,0.27484797949738,-3.08205297110316
2.80566525420224,0.175570504584946,-3.23606797749979
2.79581708537984,0.0716535899579933,-3.37731170200806
2.78548236925888,-0.0364926517965696,-3.50522672017545
2.77464424146423,-0.148441416869855,-3.61930820986408
2.76328556934185,-0.263750894630644,-3.71910594355301
2.72576067306978,-1.6180339887499,-3.80422606518061
2.73823553572665,-1.73624910536936,-3.71910594355301
2.75016192585679,-1.85155858313015,-3.61930820986408
2.761557010212,-1.96350734820343,-3.50522672017545
2.77243771204482,-2.07165358995799,-3.37731170200806
2.78282069691769,-2.17557050458495,-3.23606797749979
2.79272235925495,-2.27484797949738,-3.08205297110316
2.80215880961233,-2.36909421185738,-2.91587450968565
2.81114586263852,-2.45793725484282,-2.73818842371475
2.81969902570348,-2.54102648555158,-2.54969595899476
2.82783348816857,-2.6180339887499,-2.35114100916989
2.83556411127348,-2.68865585100403,-2.14330717991599
2.84290541861543,-2.75261336008773,-1.92701469640686
2.84987158719646,-2.80965410493204,-1.70311716626029
2.85647643901464,-2.8595529717765,-1.47249821073871
2.86273343317597,-2.90211303259031,-1.23606797749979
2.86865565850359,-2.93716632225726,-0.994759548659419
2.87425582662182,-2.96457450145738,-0.749525258342899
2.87954626549289,-2.98422940262896,-0.501332934257217
2.88453891338454,-2.99605345685654,-0.251162078117254
2.88924531324766,-3,2.44929359829471e-16
2.89367660748325,-2.99605345685654,0.251162078117254
2.89784353307888,-2.98422940262896,0.501332934257218
2.90175641709536,-2.96457450145738,0.7495252583429
2.9054251724849,-2.93716632225726,0.994759548659419
2.90885929422278,-2.90211303259031,1.23606797749979
2.91206785573521,-2.8595529717765,1.47249821073871
2.91505950560668,-2.80965410493204,1.70311716626029
2.91784246455092,-2.75261336008773,1.92701469640686
2.92042452263013,-2.68865585100403,2.14330717991599
2.92281303670812,-2.61803398874989,2.35114100916989
2.92501492812334,-2.54102648555158,2.54969595899476
2.9270366805691,-2.45793725484282,2.73818842371475
2.92888433816838,-2.36909421185738,2.91587450968565
2.93056350373187,-2.27484797949738,3.08205297110316
2.93207933718851,-2.17557050458495,3.23606797749979
2.93343655417846,-2.07165358995799,3.37731170200806
2.93463942479939,-1.96350734820343,3.50522672017545
2.93569177249764,-1.85155858313015,3.61930820986408
2.93659697309655,-1.73624910536936,3.71910594355301
2.93735795395534,-1.61803398874989,3.80422606518061
2.93735795395534,-0.381966011250105,3.80422606518061
2.93659697309655,-0.263750894630643,3.71910594355301
2.93569177249764,-0.148441416869854,3.61930820986408
2.93463942479939,-0.03649265179657,3.50522672017545
2.93343655417846,0.0716535899579929,3.37731170200806
2.93207933718851,0.175570504584946,3.23606797749979
2.93056350373187,0.274847979497379,3.08205297110316
2.92888433816838,0.369094211857377,2.91587450968565
2.9270366805691,0.457937254842823,2.73818842371475
2.92501492812334,0.541026485551579,2.54969595899476
2.92281303670812,0.618033988749895,2.35114100916989
2.92042452263013,0.68865585100403,2.14330717991599
2.91784246455092,0.752613360087727,1.92701469640686
2.91505950560668,0.809654104932039,1.70311716626029
2.91206785573521,0.859552971776503,1.47249821073871
2.90885929422278,0.902113032590307,1.23606797749979
2.9054251724849,0.937166322257262,0.99475954865942
2.90175641709536,0.964574501457377,0.7495252583429
2.89784353307888,0.984229402628956,0.501332934257218
2.89367660748325,0.996053456856543,0.251162078117254
2.88924531324766,1,2.44929359829471e-16
2.88453891338454,0.996053456856543,-0.251162078117254
2.87954626549289,0.984229402628956,-0.501332934257217
2.87425582662182,0.964574501457377,-0.749525258342899
2.86865565850359,0.937166322257262,-0.994759548659419
2.86273343317597,0.902113032590307,-1.23606797749979
2.85647643901464,0.859552971776503,-1.47249821073871
2.84987158719646,0.809654104932039,-1.70311716626029
2.84290541861543,0.752613360087727,-1.92701469640686
2.83556411127348,0.68865585100403,-2.14330717991599
2.82783348816857,0.618033988749895,-2.35114100916989
2.81969902570348,0.541026485551579,-2.54969595899476
2.81114586263852,0.457937254842823,-2.73818842371475
2.80215880961233,0.369094211857378,-2.91587450968565
2.79272235925495,0.27484797949738,-3.08205297110316
2.78282069691769,0.175570504584946,-3.23606797749979
2.77243771204482,0.0716535899579933,-3.37731170200806
2.761557010212,-0.0364926517965696,-3.50522672017545
2.75016192585679,-0.148441416869855,-3.61930820986408
2.73823553572665,-0.263750894630644,-3.71910594355301
2.69743665221473,-1.6180339887499,-3.80422606518061
2.71051548498396,-1.73624910536936,-3.71910594355301
2.72303498785383,-1.85155858313015,-3.61930820986408
2.73501208700915,-1.96350734820343,-3.50522672017545
2.74646347681346,-2.07165358995799,-3.37731170200806
2.75740560523053,-2.17557050458495,-3.23606797749979
2.76785465999209,-2.27484797949738,-3.08205297110316
2.77782655548688,-2.36909421185738,-2.91587450968565
2.78733692034625,-2.45793725484282,-2.73818842371475
2.7964010857015,-2.54102648555158,-2.54969595899476
2.8050340740884,-2.6180339887499,-2.35114100916989
2.81325058897434,-2.68865585100403,-2.14330717991599
2.82106500488417,-2.75261336008773,-1.92701469640686
2.82849135810057,-2.80965410493204,-1.70311716626029
2.83554333791565,-2.8595529717765,-1.47249821073871
2.84223427841041,-2.90211303259031,-1.23606797749979
2.84857715073937,-2.93716632225726,-0.994759548659419
2.85458455589799,-2.96457450145738,-0.749525258342899
2.86026871795105,-2.98422940262896,-0.501332934257217
2.86564147770058,-2.99605345685654,-0.251162078117254
2.87071428677247,-3,2.44929359829471e-16
2.87549820210165,-2.99605345685654,0.251162078117254
2.88000388079581,-2.98422940262896,0.501332934257218
2.88424157535895,-2.96457450145738,0.7495252583429
2.88822112925594,-2.93716632225726,0.994759548659419
2.89195197280046,-2.90211303259031,1.23606797749979
2.89544311934902,-2.8595529717765,1.47249821073871
2.89870316178463,-2.80965410493204,1.70311716626029
2.90174026927423,-2.75261336008773,1.92701469640686
2.90456218428484,-2.68865585100403,2.14330717991599
2.9071762198439,-2.61803398874989,2.35114100916989
2.90958925703031,-2.54102648555158,2.54969595899476
2.91180774268304,-2.45793725484282,2.73818842371475
2.91383768731519,-2.36909421185738,2.91587450968565
2.91568466322212,-2.27484797949738,3.08205297110316
2.91735380277281,-2.17557050458495,3.23606797749979
2.91884979687474,-2.07165358995799,3.37731170200806
2.92017689360293,-1.96350734820343,3.50522672017545
2.9213388969849,-1.85155858313015,3.61930820986408
2.92233916593403,-1.73624910536936,3.71910594355301
2.92318061332429,-1.61803398874989,3.80422606518061
2.92318061332429,-0.381966011250105,3.80422606518061
2.92233916593403,-0.263750894630643,3.71910594355301
2.9213388969849,-0.148441416869854,3.61930820986408
2.92017689360293,-0.03649265179657,3.50522672017545
2.91884979687474,0.0716535899579929,3.37731170200806
2.91735380277281,0.175570504584946,3.23606797749979
2.91568466322212,0.274847979497379,3.08205297110316
2.91383768731519,0.369094211857377,2.91587450968565
2.91180774268304,0.457937254842823,2.73818842371475
2.90958925703031,0.541026485551579,2.54969595899476
2.9071762198439,0.618033988749895,2.35114100916989
2.90456218428484,0.68865585100403,2.14330717991599
2.90174026927423,0.752613360087727,1.92701469640686
2.89870316178463,0.809654104932039,1.70311716626029
2.89544311934902,0.859552971776503,1.47249821073871
2.89195197280046,0.902113032590307,1.23606797749979
2.88822112925594,0.937166322257262,0.99475954865942
2.88424157535895,0.964574501457377,0.7495252583429
2.88000388079581,0.984229402628956,0.501332934257218
2.87549820210165,0.996053456856543,0.251162078117254
2.87071428677247,1,2.44929359829471e-16
2.86564147770058,0.996053456856543,-0.251162078117254
2.86026871795105,0.984229402628956,-0.501332934257217
2.85458455589799,0.964574501457377,-0.749525258342899
2.84857715073937,0.937166322257262,-0.994759548659419
2.84223427841041,0.902113032590307,-1.23606797749979
2.83554333791565,0.859552971776503,-1.47249821073871
2.82849135810057,0.809654104932039,-1.70311716626029
2.82106500488417,0.752613360087727,-1.92701469640686
2.81325058897434,0.68865585100403,-2.14330717991599
2.8050340740884,0.618033988749895,-2.35114100916989
2.7964010857015,0.541026485551579,-2.54969595899476
2.78733692034625,0.457937254842823,-2.73818842371475
2.77782655548688,0.369094211857378,-2.91587450968565
2.76785465999209,0.27484797949738,-3.08205297110316
2.75740560523053,0.175570504584946,-3.23606797749979
2.74646347681346,0.0716535899579933,-3.37731170200806
2.73501208700914,-0.0364926517965696,-3.50522672017545
2.72303498785383,-0.148441416869855,-3.61930820986408
2.71051548498396,-0.263750894630644,-3.71910594355301
2.66622515046834,-1.6180339887499,-3.80422606518061
2.6799324000513,-1.73624910536936,-3.71910594355301
2.693069193385,-1.85155858313015,-3.61930820986408
2.7056521947096,-1.96350734820343,-3.50522672017545
2.71769784884959,-2.07165358995799,-3.37731170200806
2.72922236623517,-2.17557050458495,-3.23606797749979
2.74024170867296,-2.27484797949738,-3.08205297110316
2.75077157584192,-2.36909421185738,-2.91587450968565
2.76082739248994,-2.45793725484282,-2.73818842371475
2.77042429630713,-2.54102648555158,-2.54969595899476
2.7795771264516,-2.6180339887499,-2.35114100916989
2.78830041270376,-2.68865585100403,-2.14330717991599
2.79660836522551,-2.75261336008773,-1.92701469640686
2.80451486490077,-2.80965410493204,-1.70311716626029
2.8120334542343,-2.8595529717765,-1.47249821073871
2.81917732878591,-2.90211303259031,-1.23606797749979
2.82595932911768,-2.93716632225726,-0.994759548659419
2.83239193323215,-2.96457450145738,-0.749525258342899
2.83848724947994,-2.98422940262896,-0.501332934257217
2.84425700991572,-2.99605345685654,-0.251162078117254
2.84971256408197,-3,2.44929359829471e-16
2.85486487320044,-2.99605345685654,0.251162078117254
2.85972450475191,-2.98422940262896,0.501332934257218
2.86430162742532,-2.96457450145738,0.7495252583429
2.868606006418,-2.93716632225726,0.994759548659419
2.87264699906936,-2.90211303259031,1.23606797749979
2.87643355081097,-2.8595529717765,1.47249821073871
2.87997419141676,-2.80965410493204,1.70311716626029
2.88327703153762,-2.75261336008773,1.92701469640686
2.8863497595054,-2.68865585100403,2.14330717991599
2.88919963839203,-2.61803398874989,2.35114100916989
2.89183350331031,-2.54102648555158,2.54969595899476
2.89425775894329,-2.45793725484282,2.73818842371475
2.89647837729036,-2.36909421185738,2.91587450968565
2.89850089561862,-2.27484797949738,3.08205297110316
2.90033041460884,-2.17557050458495,3.23606797749979
2.90197159668627,-2.07165358995799,3.37731170200806
2.90342866452717,-1.96350734820343,3.50522672017545
2.90470539973276,-1.85155858313015,3.61930820986408
2.90580514166306,-1.73624910536936,3.71910594355301
2.9067307864238,-1.61803398874989,3.80422606518061
2.9067307864238,-0.381966011250105,3.80422606518061
2.90580514166306,-0.263750894630643,3.71910594355301
2.90470539973276,-0.148441416869854,3.61930820986408
2.90342866452717,-0.03649265179657,3.50522672017545
2.90197159668627,0.0716535899579929,3.37731170200806
2.90033041460884,0.175570504584946,3.23606797749979
2.89850089561862,0.274847979497379,3.08205297110316
2.89647837729036,0.369094211857377,2.91587450968565
2.89425775894329,0.457937254842823,2.73818842371475
2.89183350331031,0.541026485551579,2.54969595899476
2.88919963839203,0.618033988749895,2.35114100916989
2.8863497595054,0.68865585100403,2.14330717991599
2.88327703153762,0.752613360087727,1.92701469640686
2.87997419141676,0.809654104932039,1.70311716626029
2.87643355081097,0.859552971776503,1.47249821073871
2.87264699906936,0.902113032590307,1.23606797749979
2.868606006418,0.937166322257262,0.99475954865942
2.86430162742532,0.964574501457377,0.7495252583429
2.85972450475191,0.984229402628956,0.501332934257218
2.85486487320044,0.996053456856543,0.251162078117254
2.84971256408197,1,2.44929359829471e-16
2.84425700991572,0.996053456856543,-0.251162078117254
2.83848724947994,0.984229402628956,-0.501332934257217
2.83239193323215,0.964574501457377,-0.749525258342899
2.82595932911768,0.937166322257262,-0.994759548659419
2.81917732878591,0.902113032590307,-1.23606797749979
2.8120334542343,0.859552971776503,-1.47249821073871
2.80451486490077,0.809654104932039,-1.70311716626029
2.79660836522551,0.752613360087727,-1.92701469640686
2.78830041270376,0.68865585100403,-2.14330717991599
2.7795771264516,0.618033988749895,-2.35114100916989
2.77042429630713,0.541026485551579,-2.54969595899476
2.76082739248994,0.457937254842823,-2.73818842371475
2.75077157584192,0.369094211857378,-2.91587450968565
2.74024170867296,0.27484797949738,-3.08205297110316
2.72922236623517,0.175570504584946,-3.23606797749979
2.71769784884959,0.0716535899579933,-3.37731170200806
2.7056521947096,-0.0364926517965696,-3.50522672017545
2.693069193385,-0.148441416869855,-3.61930820986408
2.6799324000513,-0.263750894630644,-3.71910594355301
2.63192915793137,-1.6180339887499,-3.80422606518061
2.64628786276682,-1.73624910536936,-3.71910594355301
2.66006476710167,-1.85155858313015,-3.61930820986408
2.673276250656,-1.96350734820343,-3.50522672017545
2.68593848687864,-2.07165358995799,-3.37731170200806
2.6980674275574,-2.17557050458495,-3.23606797749979
2.70967878818155,-2.27484797949738,-3.08205297110316
2.72078803403285,-2.36909421185738,-2.91587450968565
2.73141036698156,-2.45793725484282,-2.73818842371475
2.74156071296366,-2.54102648555158,-2.54969595899476
2.75125371011593,-2.6180339887499,-2.35114100916989
2.76050369754526,-2.68865585100403,-2.14330717991599
2.76932470470905,-2.75261336008773,-1.92701469640686
2.77773044138382,-2.80965410493204,-1.70311716626029
2.78573428819905,-2.8595529717765,-1.47249821073871
2.79334928771415,-2.90211303259031,-1.23606797749979
2.80058813601623,-2.93716632225726,-0.994759548659419
2.80746317481726,-2.96457450145738,-0.749525258342899
2.81398638402925,-2.98422940262896,-0.501332934257217
2.82016937479669,-2.99605345685654,-0.251162078117254
2.8260233829661,-3,2.44929359829471e-16
2.83155926297275,-2.99605345685654,0.251162078117254
2.83678748212549,-2.98422940262896,0.501332934257218
2.84171811527096,-2.96457450145738,0.7495252583429
2.8463608398191,-2.93716632225726,0.994759548659419
2.85072493111264,-2.90211303259031,1.23606797749979
2.85481925812353,-2.8595529717765,1.47249821073871
2.85865227946036,-2.80965410493204,1.70311716626029
2.86223203967111,-2.75261336008773,1.92701469640686
2.86556616582641,-2.68865585100403,2.14330717991599
2.8686618643693,-2.61803398874989,2.35114100916989
2.87152591821777,-2.54102648555158,2.54969595899476
2.87416468410772,-2.45793725484282,2.73818842371475
2.87658409016396,-2.36909421185738,2.91587450968565
2.87878963368834,-2.27484797949738,3.08205297110316
2.88078637915416,-2.17557050458495,3.23606797749979
2.88257895639735,-2.07165358995799,3.37731170200806
2.88417155899527,-1.96350734820343,3.50522672017545
2.88556794282493,-1.85155858313015,3.61930820986408
2.88677142479309,-1.73624910536936,3.71910594355301
2.88778488173162,-1.61803398874989,3.80422606518061
2.88778488173162,-0.381966011250105,3.80422606518061
2.88677142479309,-0.263750894630643,3.71910594355301
2.88556794282493,-0.148441416869854,3.61930820986408
2.88417155899527,-0.03649265179657,3.50522672017545
2.88257895639735,0.0716535899579929,3.37731170200806
2.88078637915416,0.175570504584946,3.23606797749979
2.87878963368834,0.274847979497379,3.08205297110316
2.87658409016396,0.369094211857377,2.91587450968565
2.87416468410772,0.457937254842823,2.73818842371475
2.87152591821777,0.541026485551579,2.54969595899476
2.8686618643693,0.618033988749895,2.35114100916989
2.86556616582641,0.68865585100403,2.14330717991599
2.86223203967111,0.752613360087727,1.92701469640686
2.85865227946036,0.809654104932039,1.70311716626029
2.85481925812353,0.859552971776503,1.47249821073871
2.85072493111264,0.902113032590307,1.23606797749979
2.8463608398191,0.937166322257262,0.99475954865942
2.84171811527096,0.964574501457377,0.7495252583429
2.83678748212549,0.984229402628956,0.501332934257218
2.83155926297275,0.996053456856543,0.251162078117254
2.8260233829661,1,2.44929359829471e-16
2.82016937479669,0.996053456856543,-0.251162078117254
2.81398638402925,0.984229402628956,-0.501332934257217
2.80746317481726,0.964574501457377,-0.749525258342899
2.80058813601623,0.937166322257262,-0.994759548659419
2.79334928771415,0.902113032590307,-1.23606797749979
2.78573428819905,0.859552971776503,-1.47249821073871
2.77773044138382,0.809654104932039,-1.70311716626029
2.76932470470905,0.752613360087727,-1.92701469640686
2.76050369754526,0.68865585100403,-2.14330717991599
2.75125371011593,0.618033988749895,-2.35114100916989
2.74156071296366,0.541026485551579,-2.54969595899476
2.73141036698156,0.457937254842823,-2.73818842371475
2.72078803403285,0.369094211857378,-2.91587450968565
2.70967878818155,0.27484797949738,-3.08205297110316
2.6980674275574,0.175570504584946,-3.23606797749979
2.68593848687864,0.0716535899579933,-3.37731170200806
2.673276250656,-0.0364926517965696,-3.50522672017545
2.66006476710167,-0.148441416869855,-3.61930820986408
2.64628786276682,-0.263750894630644,-3.71910594355301
2.59434739823113,-1.6180339887499,-3.80422606518061
2.60937903431316,-1.73624910536936,-3.71910594355301
2.62381736271524,-1.85155858313015,-3.61930820986408
2.63767845484862,-1.96350734820343,-3.50522672017545
2.65097818974658,-2.07165358995799,-3.37731170200806
2.66373223825397,-2.17557050458495,-3.23606797749979
2.67595604797155,-2.27484797949738,-3.08205297110316
2.68766482893204,-2.36909421185738,-2.91587450968565
2.698873539985,-2.45793725484282,-2.73818842371475
2.7095968758675,-2.54102648555158,-2.54969595899476
2.71984925493752,-2.6180339887499,-2.35114100916989
2.72964480754741,-2.68865585100403,-2.14330717991599
2.73899736503452,-2.75261336008773,-1.92701469640686
2.74792044930663,-2.80965410493204,-1.70311716626029
2.75642726299987,-2.8595529717765,-1.47249821073871
2.76453068018716,-2.90211303259031,-1.23606797749979
2.77224323761562,-2.93716632225726,-0.994759548659419
2.7795771264516,-2.96457450145738,-0.749525258342899
2.78654418451252,-2.98422940262896,-0.501332934257217
2.7931558889651,-2.99605345685654,-0.251162078117254
2.79942334946997,-3,2.44929359829471e-16
2.80535730175333,-2.99605345685654,0.251162078117254
2.81096810158655,-2.98422940262896,0.501332934257218
2.8162657191555,-2.96457450145738,0.7495252583429
2.82125973380163,-2.93716632225726,0.994759548659419
2.82595932911768,-2.90211303259031,1.23606797749979
2.83037328838142,-2.8595529717765,1.47249821073871
2.83450999031132,-2.80965410493204,1.70311716626029
2.83837740512893,-2.75261336008773,1.92701469640686
2.84198309091329,-2.68865585100403,2.14330717991599
2.84533419023329,-2.61803398874989,2.35114100916989
2.84843742704477,-2.54102648555158,2.54969595899476
2.85129910383971,-2.45793725484282,2.73818842371475
2.85392509903569,-2.36909421185738,2.91587450968565
2.85632086459432,-2.27484797949738,3.08205297110316
2.85849142385842,-2.17557050458495,3.23606797749979
2.86044136959808,-2.07165358995799,3.37731170200806
2.86217486225676,-1.96350734820343,3.50522672017545
2.86369562838923,-1.85155858313015,3.61930820986408
2.86500695928397,-1.73624910536936,3.71910594355301
2.86611170976327,-1.61803398874989,3.80422606518061
2.86611170976327,-0.381966011250105,3.80422606518061
2.86500695928397,-0.263750894630643,3.71910594355301
2.86369562838923,-0.148441416869854,3.61930820986408
2.86217486225676,-0.03649265179657,3.50522672017545
2.86044136959808,0.0716535899579929,3.37731170200806
2.85849142385842,0.175570504584946,3.23606797749979
2.85632086459432,0.274847979497379,3.08205297110316
2.85392509903569,0.369094211857377,2.91587450968565
2.85129910383971,0.457937254842823,2.73818842371475
2.84843742704477,0.541026485551579,2.54969595899476
2.84533419023329,0.618033988749895,2.35114100916989
2.84198309091329,0.68865585100403,2.14330717991599
2.83837740512893,0.752613360087727,1.92701469640686
2.83450999031132,0.809654104932039,1.70311716626029
2.83037328838142,0.859552971776503,1.47249821073871
2.82595932911768,0.902113032590307,1.23606797749979
2.82125973380163,0.937166322257262,0.99475954865942
2.8162657191555,0.964574501457377,0.7495252583429
2.81096810158655,0.984229402628956,0.501332934257218
2.80535730175333,0.996053456856543,0.251162078117254
2.79942334946997,1,2.44929359829471e-16
2.7931558889651,0.996053456856543,-0.251162078117254
2.78654418451252,0.984229402628956,-0.501332934257217
2.7795771264516,0.964574501457377,-0.749525258342899
2.77224323761562,0.937166322257262,-0.994759548659419
2.76453068018716,0.902113032590307,-1.23606797749979
2.75642726299987,0.859552971776503,-1.47249821073871
2.74792044930663,0.809654104932039,-1.70311716626029
2.73899736503452,0.752613360087727,-1.92701469640686
2.72964480754741,0.68865585100403,-2.14330717991599
2.71984925493752,0.618033988749895,-2.35114100916989
2.7095968758675,0.541026485551579,-2.54969595899476
2.698873539985,0.457937254842823,-2.73818842371475
2.68766482893204,0.369094211857378,-2.91587450968565
2.67595604797155,0.27484797949738,-3.08205297110316
2.66373223825397,0.175570504584946,-3.23606797749979
2.65097818974658,0.0716535899579933,-3.37731170200806
2.63767845484862,-0.0364926517965696,-3.50522672017545
2.62381736271524,-0.148441416869855,-3.61930820986408
2.60937903431316,-0.263750894630644,-3.71910594355301
2.55327543112954,-1.6180339887499,-3.80422606518061
2.56899974758599,-1.73624910536936,-3.71910594355301
2.58411914524919,-1.85155858313015,-3.61930820986408
2.59864936221234,-1.96350734820343,-3.50522672017545
2.61260595884117,-2.07165358995799,-3.37731170200806
2.62600430153497,-2.17557050458495,-3.23606797749979
2.63885954724439,-2.27484797949738,-3.08205297110316
2.65118662872391,-2.36909421185738,-2.91587450968565
2.66300024049664,-2.45793725484282,-2.73818842371475
2.67431482550902,-2.54102648555158,-2.54969595899476
2.68514456245329,-2.6180339887499,-2.35114100916989
2.69550335373522,-2.68865585100403,-2.14330717991599
2.70540481406521,-2.75261336008773,-1.92701469640686
2.71486225965058,-2.80965410493204,-1.70311716626029
2.72388869796749,-2.8595529717765,-1.47249821073871
2.7324968180909,-2.90211303259031,-1.23606797749979
2.74069898156138,-2.93716632225726,-0.994759548659419
2.74850721376806,-2.96457450145738,-0.749525258342899
2.75593319582709,-2.98422940262896,-0.501332934257217
2.76298825693568,-2.99605345685654,-0.251162078117254
2.76968336718208,-3,2.44929359829471e-16
2.77602913079238,-2.99605345685654,0.251162078117254
2.78203577979547,-2.98422940262896,0.501332934257218
2.78771316808807,-2.96457450145738,0.7495252583429
2.79307076588234,-2.93716632225726,0.994759548659419
2.79811765451899,-2.90211303259031,1.23606797749979
2.80286252162953,-2.8595529717765,1.47249821073871
2.80731365663204,-2.80965410493204,1.70311716626029
2.81147894654505,-2.75261336008773,1.92701469640686
2.81536587210529,-2.68865585100403,2.14330717991599
2.81898150417539,-2.61803398874989,2.35114100916989
2.82233250042834,-2.54102648555158,2.54969595899476
2.82542510229629,-2.45793725484282,2.73818842371475
2.82826513217204,-2.36909421185738,2.91587450968565
2.83085799085196,-2.27484797949738,3.08205297110316
2.83320865521022,-2.17557050458495,3.23606797749979
2.83532167609467,-2.07165358995799,3.37731170200806
2.83720117643548,-1.96350734820343,3.50522672017545
2.83885084955854,-1.85155858313015,3.61930820986408
2.84027395769618,-1.73624910536936,3.71910594355301
2.84147333068868,-1.61803398874989,3.80422606518061
2.84147333068868,-0.381966011250105,3.80422606518061
2.84027395769618,-0.263750894630643,3.71910594355301
2.83885084955854,-0.148441416869854,3.61930820986408
2.83720117643548,-0.03649265179657,3.50522672017545
2.83532167609467,0.0716535899579929,3.37731170200806
2.83320865521022,0.175570504584946,3.23606797749979
2.83085799085196,0.274847979497379,3.08205297110316
2.82826513217204,0.369094211857377,2.91587450968565
2.82542510229629,0.457937254842823,2.73818842371475
2.82233250042834,0.541026485551579,2.54969595899476
2.81898150417539,0.618033988749895,2.35114100916989
2.81536587210529,0.68865585100403,2.14330717991599
2.81147894654505,0.752613360087727,1.92701469640686
2.80731365663204,0.809654104932039,1.70311716626029
2.80286252162953,0.859552971776503,1.47249821073871
2.79811765451899,0.902113032590307,1.23606797749979
2.79307076588234,0.937166322257262,0.99475954865942
2.78771316808807,0.964574501457377,0.7495252583429
2.78203577979547,0.984229402628956,0.501332934257218
2.77602913079238,0.996053456856543,0.251162078117254
2.76968336718208,1,2.44929359829471e-16
2.76298825693568,0.996053456856543,-0.251162078117254
2.75593319582709,0.984229402628956,-0.501332934257217
2.74850721376806,0.964574501457377,-0.749525258342899
2.74069898156138,0.937166322257262,-0.994759548659419
2.7324968180909,0.902113032590307,-1.23606797749979
2.72388869796749,0.859552971776503,-1.47249821073871
2.71486225965058,0.809654104932039,-1.70311716626029
2.70540481406521,0.752613360087727,-1.92701469640686
2.69550335373522,0.68865585100403,-2.14330717991599
2.68514456245329,0.618033988749895,-2.35114100916989
2.67431482550902,0.541026485551579,-2.54969595899476
2.66300024049664,0.457937254842823,-2.73818842371475
2.65118662872391,0.369094211857378,-2.91587450968565
2.63885954724439,0.27484797949738,-3.08205297110316
2.62600430153497,0.175570504584946,-3.23606797749979
2.61260595884117,0.0716535899579933,-3.37731170200806
2.59864936221234,-0.0364926517965696,-3.50522672017545
2.58411914524919,-0.148441416869855,-3.61930820986408
2.56899974758599,-0.263750894630644,-3.71910594355301
2.50850687385559,-1.6180339887499,-3.80422606518061
2.52494171839128,-1.73624910536936,-3.71910594355301
2.54075999221038,-1.85155858313015,-3.61930820986408
2.55597707386013,-1.96350734820343,-3.50522672017545
2.57060817957454,-2.07165358995799,-3.37731170200806
2.5846683466008,-2.17557050458495,-3.23606797749979
2.59817241728396,-2.27484797949738,-3.08205297110316
2.61113502388876,-2.36909421185738,-2.91587450968565
2.6235705741369,-2.45793725484282,-2.73818842371475
2.63549323743815,-2.54102648555158,-2.54969595899476
2.64691693179361,-2.6180339887499,-2.35114100916989
2.65785531134962,-2.68865585100403,-2.14330717991599
2.66832175458062,-2.75261336008773,-1.92701469640686
2.67832935307974,-2.80965410493204,-1.70311716626029
2.6878909009358,-2.8595529717765,-1.47249821073871
2.69701888467585,-2.90211303259031,-1.23606797749979
2.70572547375245,-2.93716632225726,-0.994759548659419
2.71402251155543,-2.96457450145738,-0.749525258342899
2.72192150692798,-2.98422940262896,-0.501332934257217
2.72943362616752,-2.99605345685654,-0.251162078117254
2.73656968549206,-3,2.44929359829471e-16
2.74334014395338,-2.99605345685654,0.251162078117254
2.74975509677854,-2.98422940262896,0.501332934257218
2.75582426912215,-2.96457450145738,0.7495252583429
2.761557010212,-2.93716632225726,0.994759548659419
2.76696228787136,-2.90211303259031,1.23606797749979
2.7720486834019,-2.8595529717765,1.47249821073871
2.77682438681156,-2.80965410493204,1.70311716626029
2.78129719237262,-2.75261336008773,1.92701469640686
2.78547449449552,-2.68865585100403,2.14330717991599
2.7893632839049,-2.61803398874989,2.35114100916989
2.79297014410485,-2.54102648555158,2.54969595899476
2.79630124812106,-2.45793725484282,2.73818842371475
2.79936235550832,-2.36909421185738,2.91587450968565
2.80215880961233,-2.27484797949738,3.08205297110316
2.80469553507581,-2.17557050458495,3.23606797749979
2.80697703557926,-2.07165358995799,3.37731170200806
2.80900739180774,-1.96350734820343,3.50522672017545
2.81079025963558,-1.85155858313015,3.61930820986408
2.81232886852183,-1.73624910536936,3.71910594355301
2.81362602010983,-1.61803398874989,3.80422606518061
2.81362602010983,-0.381966011250105,3.80422606518061
2.81232886852183,-0.263750894630643,3.71910594355301
2.81079025963558,-0.148441416869854,3.61930820986408
2.80900739180774,-0.03649265179657,3.50522672017545
2.80697703557926,0.0716535899579929,3.37731170200806
2.80469553507581,0.175570504584946,3.23606797749979
2.80215880961233,0.274847979497379,3.08205297110316
2.79936235550832,0.369094211857377,2.91587450968565
2.79630124812106,0.457937254842823,2.73818842371475
2.79297014410485,0.541026485551579,2.54969595899476
2.7893632839049,0.618033988749895,2.35114100916989
2.78547449449552,0.68865585100403,2.14330717991599
2.78129719237262,0.752613360087727,1.92701469640686
2.77682438681156,0.809654104932039,1.70311716626029
2.7720486834019,0.859552971776503,1.47249821073871
2.76696228787136,0.902113032590307,1.23606797749979
2.761557010212,0.937166322257262,0.99475954865942
2.75582426912215,0.964574501457377,0.7495252583429
2.74975509677854,0.984229402628956,0.501332934257218
2.74334014395338,0.996053456856543,0.251162078117254
2.73656968549206,1,2.44929359829471e-16
2.72943362616752,0.996053456856543,-0.251162078117254
2.72192150692798,0.984229402628956,-0.501332934257217
2.71402251155543,0.964574501457377,-0.749525258342899
2.70572547375245,0.937166322257262,-0.994759548659419
2.69701888467585,0.902113032590307,-1.23606797749979
2.6878909009358,0.859552971776503,-1.47249821073871
2.67832935307974,0.809654104932039,-1.70311716626029
2.66832175458062,0.752613360087727,-1.92701469640686
2.65785531134962,0.68865585100403,-2.14330717991599
2.64691693179361,0.618033988749895,-2.35114100916989
2.63549323743815,0.541026485551579,-2.54969595899476
2.6235705741369,0.457937254842823,-2.73818842371475
2.61113502388876,0.369094211857378,-2.91587450968565
2.59817241728396,0.27484797949738,-3.08205297110316
2.5846683466008,0.175570504584946,-3.23606797749979
2.57060817957454,0.0716535899579933,-3.37731170200806
2.55597707386013,-0.0364926517965696,-3.50522672017545
2.54075999221038,-0.148441416869855,-3.61930820986408
2.52494171839128,-0.263750894630644,-3.71910594355301
2.45983474759941,-1.6180339887499,-3.80422606518061
2.4769958820243,-1.73624910536936,-3.71910594355301
2.49352882034482,-1.85155858313015,-3.61930820986408
2.50944855412733,-1.96350734820343,-3.50522672017545
2.52476992880724,-2.07165358995799,-3.37731170200806
2.53950762657654,-2.17557050458495,-3.23606797749979
2.55367615003068,-2.27484797949738,-3.08205297110316
2.56728980655445,-2.36909421185738,-2.91587450968565
2.580362693426,-2.45793725484282,-2.73818842371475
2.5929086836182,-2.54102648555158,-2.54969595899476
2.60494141227627,-2.6180339887499,-2.35114100916989
2.61647426385089,-2.68865585100403,-2.14330717991599
2.62752035986589,-2.75261336008773,-1.92701469640686
2.63809254729968,-2.80965410493204,-1.70311716626029
2.64820338755987,-2.8595529717765,-1.47249821073871
2.65786514603064,-2.90211303259031,-1.23606797749979
2.66708978217271,-2.93716632225726,-0.994759548659419
2.67588894015596,-2.96457450145738,-0.749525258342899
2.68427394000526,-2.98422940262896,-0.501332934257217
2.69225576924013,-2.99605345685654,-0.251162078117254
2.69984507498962,-3,2.44929359829471e-16
2.70705215656379,-2.99605345685654,0.251162078117254
2.71388695846409,-2.98422940262896,0.501332934257218
2.72035906381498,-2.96457450145738,0.7495252583429
2.72647768820006,-2.93716632225726,0.994759548659419
2.73225167388603,-2.90211303259031,1.23606797749979
2.73768948441894,-2.8595529717765,1.47249821073871
2.7427991995772,-2.80965410493204,1.70311716626029
2.74758851066675,-2.75261336008773,1.92701469640686
2.75206471614442,-2.68865585100403,2.14330717991599
2.75623471755591,-2.61803398874989,2.35114100916989
2.76010501577568,-2.54102648555158,2.54969595899476
2.76368170753659,-2.45793725484282,2.73818842371475
2.76697048223791,-2.36909421185738,2.91587450968565
2.76997661902084,-2.27484797949738,3.08205297110316
2.77270498410155,-2.17557050458495,3.23606797749979
2.77516002835234,-2.07165358995799,3.37731170200806
2.77734578512239,-1.96350734820343,3.50522672017545
2.77926586828995,-1.85155858313015,3.61930820986408
2.78092347053911,-1.73624910536936,3.71910594355301
2.78232136185438,-1.61803398874989,3.80422606518061
2.78232136185438,-0.381966011250105,3.80422606518061
2.78092347053911,-0.263750894630643,3.71910594355301
2.77926586828995,-0.148441416869854,3.61930820986408
2.77734578512239,-0.03649265179657,3.50522672017545
2.77516002835234,0.0716535899579929,3.37731170200806
2.77270498410155,0.175570504584946,3.23606797749979
2.76997661902084,0.274847979497379,3.08205297110316
2.76697048223791,0.369094211857377,2.91587450968565
2.76368170753659,0.457937254842823,2.73818842371475
2.76010501577568,0.541026485551579,2.54969595899476
2.75623471755591,0.618033988749895,2.35114100916989
2.75206471614442,0.68865585100403,2.14330717991599
2.74758851066675,0.752613360087727,1.92701469640686
2.7427991995772,0.809654104932039,1.70311716626029
2.73768948441894,0.859552971776503,1.47249821073871
2.73225167388603,0.902113032590307,1.23606797749979
2.72647768820006,0.937166322257262,0.99475954865942
2.72035906381498,0.964574501457377,0.7495252583429
2.71388695846409,0.984229402628956,0.501332934257218
2.70705215656379,0.996053456856543,0.251162078117254
2.69984507498962,1,2.44929359829471e-16
2.69225576924013,0.996053456856543,-0.251162078117254
2.68427394000526,0.984229402628956,-0.501332934257217
2.67588894015596,0.964574501457377,-0.749525258342899
2.66708978217271,0.937166322257262,-0.994759548659419
2.65786514603064,0.902113032590307,-1.23606797749979
2.64820338755987,0.859552971776503,-1.47249821073871
2.63809254729968,0.809654104932039,-1.70311716626029
2.62752035986589,0.752613360087727,-1.92701469640686
2.61647426385089,0.68865585100403,-2.14330717991599
2.60494141227627,0.618033988749895,-2.35114100916989
2.5929086836182,0.541026485551579,-2.54969595899476
2.580362693426,0.457937254842823,-2.73818842371475
2.56728980655445,0.369094211857378,-2.91587450968565
2.55367615003068,0.27484797949738,-3.08205297110316
2.53950762657654,0.175570504584946,-3.23606797749979
2.52476992880724,0.0716535899579933,-3.37731170200806
2.50944855412733,-0.0364926517965696,-3.50522672017545
2.49352882034482,-0.148441416869855,-3.61930820986408
2.4769958820243,-0.263750894630644,-3.71910594355301
2.40705295510823,-1.6180339887499,-3.80422606518061
2.4249538612976,-1.73624910536936,-3.71910594355301
2.44221504416904,-1.85155858313015,-3.61930820986408
2.45885107968834,-1.96350734820343,-3.50522672017545
2.47487641464251,-2.07165358995799,-3.37731170200806
2.49030534908608,-2.17557050458495,-3.23606797749979
2.50515201954752,-2.27484797949738,-3.08205297110316
2.5194303829757,-2.36909421185738,-2.91587450968565
2.53315420140688,-2.45793725484282,-2.73818842371475
2.54633702733175,-2.54102648555158,-2.54969595899476
2.55899218974276,-2.6180339887499,-2.35114100916989
2.57113278084121,-2.68865585100403,-2.14330717991599
2.58277164338413,-2.75261336008773,-1.92701469640686
2.59392135865074,-2.80965410493204,-1.70311716626029
2.60459423500855,-2.8595529717765,-1.47249821073871
2.61480229705924,-2.90211303259031,-1.23606797749979
2.62455727534475,-2.93716632225726,-0.994759548659419
2.63387059659418,-2.96457450145738,-0.749525258342899
2.64275337449244,-2.98422940262896,-0.501332934257217
2.651216400952,-2.99605345685654,-0.251162078117254
2.6592701378692,-3,2.44929359829471e-16
2.66692470934733,-2.99605345685654,0.251162078117254
2.6741898943688,-2.98422940262896,0.501332934257218
2.68107511989944,-2.96457450145738,0.7495252583429
2.68758945440816,-2.93716632225726,0.994759548659419
2.69374160178612,-2.90211303259031,1.23606797749979
2.69953989564962,-2.8595529717765,1.47249821073871
2.70499229401185,-2.80965410493204,1.70311716626029
2.71010637430909,-2.75261336008773,1.92701469640686
2.71488932876748,-2.68865585100403,2.14330717991599
2.71934796009712,-2.61803398874989,2.35114100916989
2.72348867750107,-2.54102648555158,2.54969595899476
2.72731749298717,-2.45793725484282,2.73818842371475
2.73084001797146,-2.36909421185738,2.91587450968565
2.73406146016266,-2.27484797949738,3.08205297110316
2.73698662071767,-2.17557050458495,3.23606797749979
2.73961989165903,-2.07165358995799,3.37731170200806
2.74196525354561,-1.96350734820343,3.50522672017545
2.744026273389,-1.85155858313015,3.61930820986408
2.74580610280826,-1.73624910536936,3.71910594355301
2.74730747641682,-1.61803398874989,3.80422606518061
2.74730747641682,-0.381966011250105,3.80422606518061
2.74580610280826,-0.263750894630643,3.71910594355301
2.744026273389,-0.148441416869854,3.61930820986408
2.74196525354561,-0.03649265179657,3.50522672017545
2.73961989165903,0.0716535899579929,3.37731170200806
2.73698662071767,0.175570504584946,3.23606797749979
2.73406146016266,0.274847979497379,3.08205297110316
2.73084001797146,0.369094211857377,2.91587450968565
2.72731749298717,0.457937254842823,2.73818842371475
2.72348867750107,0.541026485551579,2.54969595899476
2.71934796009712,0.618033988749895,2.35114100916989
2.71488932876748,0.68865585100403,2.14330717991599
2.71010637430909,0.752613360087727,1.92701469640686
2.70499229401185,0.809654104932039,1.70311716626029
2.69953989564962,0.859552971776503,1.47249821073871
2.69374160178612,0.902113032590307,1.23606797749979
2.68758945440816,0.937166322257262,0.99475954865942
2.68107511989944,0.964574501457377,0.7495252583429
2.6741898943688,0.984229402628956,0.501332934257218
2.66692470934733,0.996053456856543,0.251162078117254
2.6592701378692,1,2.44929359829471e-16
2.651216400952,0.996053456856543,-0.251162078117254
2.64275337449244,0.984229402628956,-0.501332934257217
2.63387059659418,0.964574501457377,-0.749525258342899
2.62455727534475,0.937166322257262,-0.994759548659419
2.61480229705924,0.902113032590307,-1.23606797749979
2.60459423500855,0.859552971776503,-1.47249821073871
2.59392135865074,0.809654104932039,-1.70311716626029
2.58277164338413,0.752613360087727,-1.92701469640686
2.57113278084121,0.68865585100403,-2.14330717991599
2.55899218974276,0.618033988749895,-2.35114100916989
2.54633702733175,0.541026485551579,-2.54969595899476
2.53315420140688,0.457937254842823,-2.73818842371475
2.5194303829757,0.369094211857378,-2.91587450968565
2.50515201954752,0.27484797949738,-3.08205297110316
2.49030534908608,0.175570504584946,-3.23606797749979
2.47487641464251,0.0716535899579933,-3.37731170200806
2.45885107968834,-0.0364926517965696,-3.50522672017545
2.44221504416904,-0.148441416869855,-3.61930820986408
2.4249538612976,-0.263750894630644,-3.71910594355301
2.34995789467929,-1.6180339887499,-3.80422606518061
2.36860957145282,-1.73624910536936,-3.71910594355301
2.38661017184749,-1.85155858313015,-3.61930820986408
2.40397382645819,-1.96350734820343,-3.50522672017545
2.42071455442165,-2.07165358995799,-3.37731170200806
2.43684624542189,-2.17557050458495,-3.23606797749979
2.45238264245517,-2.27484797949738,-3.08205297110316
2.46733732533599,-2.36909421185738,-2.91587450968565
2.48172369492482,-2.45793725484282,-2.73818842371475
2.49555495805861,-2.54102648555158,-2.54969595899476
2.50884411316457,-2.6180339887499,-2.35114100916989
2.52160393653786,-2.68865585100403,-2.14330717991599
2.53384696926378,-2.75261336008773,-1.92701469640686
2.54558550476498,-2.80965410493204,-1.70311716626029
2.55683157695446,-2.8595529717765,-1.47249821073871
2.56759694897507,-2.90211303259031,-1.23606797749979
2.5778931025066,-2.93716632225726,-0.994759548659419
2.5877312276216,-2.96457450145738,-0.749525258342899
2.59712221317143,-2.98422940262896,-0.501332934257217
2.60607663768432,-2.99605345685654,-0.251162078117254
2.61460476075751,-3,2.44929359829471e-16
2.62271651492602,-2.99605345685654,0.251162078117254
2.63042149799083,-2.98422940262896,0.501332934257218
2.63772896578993,-2.96457450145738,0.7495252583429
2.64464782539581,-2.93716632225726,0.994759548659419
2.65118662872391,-2.90211303259031,1.23606797749979
2.65735356653655,-2.8595529717765,1.47249821073871
2.66315646282784,-2.80965410493204,1.70311716626029
2.66860276957534,-2.75261336008773,1.92701469640686
2.67369956184498,-2.68865585100403,2.14330717991599
2.67845353323616,-2.61803398874989,2.35114100916989
2.68287099165482,-2.54102648555158,2.54969595899476
2.68695785540272,-2.45793725484282,2.73818842371475
2.69071964957181,-2.36909421185738,2.91587450968565
2.69416150273324,-2.27484797949738,3.08205297110316
2.69728814391144,-2.17557050458495,3.23606797749979
2.70010389983396,-2.07165358995799,3.37731170200806
2.70261269244883,-1.96350734820343,3.50522672017545
2.7048180367018,-1.85155858313015,3.61930820986408
2.70672303856627,-1.73624910536936,3.71910594355301
2.70833039331997,-1.61803398874989,3.80422606518061
2.70833039331997,-0.381966011250105,3.80422606518061
2.70672303856627,-0.263750894630643,3.71910594355301
2.7048180367018,-0.148441416869854,3.61930820986408
2.70261269244883,-0.03649265179657,3.50522672017545
2.70010389983396,0.0716535899579929,3.37731170200806
2.69728814391144,0.175570504584946,3.23606797749979
2.69416150273324,0.274847979497379,3.08205297110316
2.69071964957181,0.369094211857377,2.91587450968565
2.68695785540272,0.457937254842823,2.73818842371475
2.68287099165482,0.541026485551579,2.54969595899476
2.67845353323616,0.618033988749895,2.35114100916989
2.67369956184498,0.68865585100403,2.14330717991599
2.66860276957534,0.752613360087727,1.92701469640686
2.66315646282784,0.809654104932039,1.70311716626029
2.65735356653655,0.859552971776503,1.47249821073871
2.65118662872391,0.902113032590307,1.23606797749979
2.64464782539581,0.937166322257262,0.99475954865942
2.63772896578993,0.964574501457377,0.7495252583429
2.63042149799083,0.984229402628956,0.501332934257218
2.62271651492602,0.996053456856543,0.251162078117254
2.61460476075751,1,2.44929359829471e-16
2.60607663768432,0.996053456856543,-0.251162078117254
2.59712221317143,0.984229402628956,-0.501332934257217
2.5877312276216,0.964574501457377,-0.749525258342899
2.5778931025066,0.937166322257262,-0.994759548659419
2.56759694897507,0.902113032590307,-1.23606797749979
2.55683157695446,0.859552971776503,-1.47249821073871
2.54558550476498,0.809654104932039,-1.70311716626029
2.53384696926377,0.752613360087727,-1.92701469640686
2.52160393653786,0.68865585100403,-2.14330717991599
2.50884411316457,0.618033988749895,-2.35114100916989
2.49555495805861,0.541026485551579,-2.54969595899476
2.48172369492482,0.457937254842823,-2.73818842371475
2.46733732533599,0.369094211857378,-2.91587450968565
2.45238264245517,0.27484797949738,-3.08205297110316
2.43684624542189,0.175570504584946,-3.23606797749979
2.42071455442165,0.0716535899579933,-3.37731170200806
2.40397382645819,-0.0364926517965696,-3.50522672017545
2.38661017184749,-0.148441416869855,-3.61930820986408
2.36860957145282,-0.263750894630644,-3.71910594355301
2.28835021503878,-1.6180339887499,-3.80422606518061
2.30776096659689,-1.73624910536936,-3.71910594355301
2.32650954320492,-1.85155858313015,-3.61930820986408
2.344609599212,-1.96350734820343,-3.50522672017545
2.36207469599399,-2.07165358995799,-3.37731170200806
2.37891828352027,-2.17557050458495,-3.23606797749979
2.39515368267904,-2.27484797949738,-3.08205297110316
2.41079406834348,-2.36909421185738,-2.91587450968565
2.42585245316054,-2.45793725484282,-2.73818842371475
2.4403416720443,-2.54102648555158,-2.54969595899476
2.45427436735524,-2.6180339887499,-2.35114100916989
2.46766297474688,-2.68865585100403,-2.14330717991599
2.48051970966117,-2.75261336008773,-1.92701469640686
2.49285655445394,-2.80965410493204,-1.70311716626029
2.50468524613184,-2.8595529717765,-1.47249821073871
2.51601726468217,-2.90211303259031,-1.23606797749979
2.5268638219774,-2.93716632225726,-0.994759548659419
2.53723585123594,-2.96457450145738,-0.749525258342899
2.54714399702157,-2.98422940262896,-0.501332934257217
2.55659860576339,-2.99605345685654,-0.251162078117254
2.56560971677941,-3,2.44929359829471e-16
2.57418705378632,-2.99605345685654,0.251162078117254
2.58234001687902,-2.98422940262896,0.501332934257218
2.5900776749636,-2.96457450145738,0.7495252583429
2.59740875862795,-2.93716632225726,0.994759548659419
2.6043416534346,-2.90211303259031,1.23606797749979
2.61088439362094,-2.8595529717765,1.47249821073871
2.61704465619259,-2.80965410493204,1.70311716626029
2.62282975539582,-2.75261336008773,1.92701469640686
2.62824663755606,-2.68865585100403,2.14330717991599
2.6333018762696,-2.61803398874989,2.35114100916989
2.63800166793647,-2.54102648555158,2.54969595899476
2.64235182762297,-2.45793725484282,2.73818842371475
2.64635778524303,-2.36909421185738,2.91587450968565
2.65002458204815,-2.27484797949738,3.08205297110316
2.65335686741634,-2.17557050458495,3.23606797749979
2.65635889593116,-2.07165358995799,3.37731170200806
2.65903452474263,-1.96350734820343,3.50522672017545
2.6613872112025,-1.85155858313015,3.61930820986408
2.66342001076689,-1.73624910536936,3.71910594355301
2.66513557516035,-1.61803398874989,3.80422606518061
2.66513557516035,-0.381966011250105,3.80422606518061
2.66342001076689,-0.263750894630643,3.71910594355301
2.6613872112025,-0.148441416869854,3.61930820986408
2.65903452474263,-0.03649265179657,3.50522672017545
2.65635889593116,0.0716535899579929,3.37731170200806
2.65335686741634,0.175570504584946,3.23606797749979
2.65002458204815,0.274847979497379,3.08205297110316
2.64635778524303,0.369094211857377,2.91587450968565
2.64235182762297,0.457937254842823,2.73818842371475
2.63800166793647,0.541026485551579,2.54969595899476
2.6333018762696,0.618033988749895,2.35114100916989
2.62824663755606,0.68865585100403,2.14330717991599
2.62282975539582,0.752613360087727,1.92701469640686
2.61704465619259,0.809654104932039,1.70311716626029
2.61088439362094,0.859552971776503,1.47249821073871
2.6043416534346,0.902113032590307,1.23606797749979
2.59740875862795,0.937166322257262,0.99475954865942
2.5900776749636,0.964574501457377,0.7495252583429
2.58234001687902,0.984229402628956,0.501332934257218
2.57418705378632,0.996053456856543,0.251162078117254
2.56560971677941,1,2.44929359829471e-16
2.55659860576339,0.996053456856543,-0.251162078117254
2.54714399702157,0.984229402628956,-0.501332934257217
2.53723585123594,0.964574501457377,-0.749525258342899
2.5268638219774,0.937166322257262,-0.994759548659419
2.51601726468217,0.902113032590307,-1.23606797749979
2.50468524613184,0.859552971776503,-1.47249821073871
2.49285655445394,0.809654104932039,-1.70311716626029
2.48051970966117,0.752613360087727,-1.92701469640686
2.46766297474688,0.68865585100403,-2.14330717991599
2.45427436735524,0.618033988749895,-2.35114100916989
2.4403416720443,0.541026485551579,-2.54969595899476
2.42585245316054,0.457937254842823,-2.73818842371475
2.41079406834348,0.369094211857378,-2.91587450968565
2.39515368267904,0.27484797949738,-3.08205297110316
2.37891828352027,0.175570504584946,-3.23606797749979
2.36207469599399,0.0716535899579933,-3.37731170200806
2.344609599212,-0.0364926517965696,-3.50522672017545
2.32650954320492,-0.148441416869855,-3.61930820986408
2.30776096659689,-0.263750894630644,-3.71910594355301
2.22203671461564,-1.6180339887499,-3.80422606518061
2.24221193133617,-1.73624910536936,-3.71910594355301
2.2617142137072,-1.85155858313015,-3.61930820986408
2.28055670791246,-1.96350734820343,-3.50522672017545
2.29875248640352,-2.07165358995799,-3.37731170200806
2.31631452903273,-2.17557050458495,-3.23606797749979
2.3332557049428,-2.27484797949738,-3.08205297110316
2.34958875519631,-2.36909421185738,-2.91587450968565
2.36532627612801,-2.45793725484282,-2.73818842371475
2.38048070340261,-2.54102648555158,-2.54969595899476
2.3950642967606,-2.6180339887499,-2.35114100916989
2.40908912543424,-2.68865585100403,-2.14330717991599
2.42256705421599,-2.75261336008773,-1.92701469640686
2.43550973016149,-2.80965410493204,-1.70311716626029
2.44792856990928,-2.8595529717765,-1.47249821073871
2.45983474759941,-2.90211303259031,-1.23606797749979
2.47123918337331,-2.93716632225726,-0.994759548659419
2.48215253243738,-2.96457450145738,-0.749525258342899
2.49258517467291,-2.98422940262896,-0.501332934257217
2.50254720477535,-2.99605345685654,-0.251162078117254
2.51204842290594,-3,2.44929359829471e-16
2.52109832583933,-2.99605345685654,0.251162078117254
2.52970609859097,-2.98422940262896,0.501332934257218
2.53788060650846,-2.96457450145738,0.7495252583429
2.54563038781148,-2.93716632225726,0.994759548659419
2.55296364656539,-2.90211303259031,1.23606797749979
2.55988824607396,-2.8595529717765,1.47249821073871
2.5664117026773,-2.80965410493204,1.70311716626029
2.57254117994143,-2.75261336008773,1.92701469640686
2.57828348322659,-2.68865585100403,2.14330717991599
2.58364505462189,-2.61803398874989,2.35114100916989
2.58863196823442,-2.54102648555158,2.54969595899476
2.59324992582163,-2.45793725484282,2.73818842371475
2.59750425275641,-2.36909421185738,2.91587450968565
2.60139989431468,-2.27484797949738,3.08205297110316
2.60494141227627,-2.17557050458495,3.23606797749979
2.60813298183036,-2.07165358995799,3.37731170200806
2.61097838877731,-1.96350734820343,3.50522672017545
2.61348102701949,-1.85155858313015,3.61930820986408
2.61564389633456,-1.73624910536936,3.71910594355301
2.61746960042489,-1.61803398874989,3.80422606518061
2.61746960042489,-0.381966011250105,3.80422606518061
2.61564389633456,-0.263750894630643,3.71910594355301
2.61348102701949,-0.148441416869854,3.61930820986408
2.61097838877731,-0.03649265179657,3.50522672017545
2.60813298183036,0.0716535899579929,3.37731170200806
2.60494141227627,0.175570504584946,3.23606797749979
2.60139989431468,0.274847979497379,3.08205297110316
2.59750425275641,0.369094211857377,2.91587450968565
2.59324992582163,0.457937254842823,2.73818842371475
2.58863196823442,0.541026485551579,2.54969595899476
2.58364505462189,0.618033988749895,2.35114100916989
2.57828348322659,0.68865585100403,2.14330717991599
2.57254117994143,0.752613360087727,1.92701469640686
2.5664117026773,0.809654104932039,1.70311716626029
2.55988824607396,0.859552971776503,1.47249821073871
2.55296364656539,0.902113032590307,1.23606797749979
2.54563038781148,0.937166322257262,0.99475954865942
2.53788060650846,0.964574501457377,0.7495252583429
2.52970609859097,0.984229402628956,0.501332934257218
2.52109832583933,0.996053456856543,0.251162078117254
2.51204842290594,1,2.44929359829471e-16
2.50254720477535,0.996053456856543,-0.251162078117254
2.49258517467291,0.984229402628956,-0.501332934257217
2.48215253243738,0.964574501457377,-0.749525258342899
2.47123918337331,0.937166322257262,-0.994759548659419
2.45983474759941,0.902113032590307,-1.23606797749979
2.44792856990928,0.859552971776503,-1.47249821073871
2.43550973016149,0.809654104932039,-1.70311716626029
2.42256705421599,0.752613360087727,-1.92701469640686
2.40908912543424,0.68865585100403,-2.14330717991599
2.3950642967606,0.618033988749895,-2.35114100916989
2.38048070340261,0.541026485551579,-2.54969595899476
2.36532627612801,0.457937254842823,-2.73818842371475
2.34958875519631,0.369094211857378,-2.91587450968565
2.3332557049428,0.27484797949738,-3.08205297110316
2.31631452903273,0.175570504584946,-3.23606797749979
2.29875248640352,0.0716535899579933,-3.37731170200806
2.28055670791246,-0.0364926517965696,-3.50522672017545
2.2617142137072,-0.148441416869855,-3.61930820986408
2.24221193133617,-0.263750894630644,-3.71910594355301
2.15083238755092,-1.6180339887499,-3.80422606518061
2.17177432012632,-1.73624910536936,-3.71910594355301
2.19203298710152,-1.85155858313015,-3.61930820986408
2.21162099360452,-1.96350734820343,-3.50522672017545
2.23055089101627,-2.07165358995799,-3.37731170200806
2.2488351576774,-2.17557050458495,-3.23606797749979
2.26648618034855,-2.27484797949738,-3.08205297110316
2.28351623640886,-2.36909421185738,-2.91587450968565
2.29993747677651,-2.45793725484282,-2.73818842371475
2.31576190953504,-2.54102648555158,-2.54969595899476
2.33100138424886,-2.6180339887499,-2.35114100916989
2.34566757695112,-2.68865585100403,-2.14330717991599
2.35977197578709,-2.75261336008773,-1.92701469640686
2.37332586729602,-2.80965410493204,-1.70311716626029
2.38634032331429,-2.8595529717765,-1.47249821073871
2.39882618848309,-2.90211303259031,-1.23606797749979
2.41079406834348,-2.93716632225726,-0.994759548659419
2.422254318002,-2.96457450145738,-0.749525258342899
2.43321703135031,-2.98422940262896,-0.501332934257217
2.44369203082214,-2.99605345685654,-0.251162078117254
2.45368885767156,-3,2.44929359829471e-16
2.46321676275649,-2.99605345685654,0.251162078117254
2.47228469781172,-2.98422940262896,0.501332934257218
2.48090130719641,-2.96457450145738,0.7495252583429
2.48907492010088,-2.93716632225726,0.994759548659419
2.49681354319832,-2.90211303259031,1.23606797749979
2.50412485372736,-2.8595529717765,1.47249821073871
2.51101619299186,-2.80965410493204,1.70311716626029
2.51749456026474,-2.75261336008773,1.92701469640686
2.52356660708337,-2.68865585100403,2.14330717991599
2.5292386319243,-2.61803398874989,2.35114100916989
2.53451657524597,-2.54102648555158,2.54969595899476
2.53940601488816,-2.45793725484282,2.73818842371475
2.54391216181813,-2.36909421185738,2.91587450968565
2.54803985621343,-2.27484797949738,3.08205297110316
2.55179356387234,-2.17557050458495,3.23606797749979
2.55517737294333,-2.07165358995799,3.37731170200806
2.55819499096569,-1.96350734820343,3.50522672017545
2.56084974221415,-1.85155858313015,3.61930820986408
2.56314456534075,-1.73624910536936,3.71910594355301
2.56508201130819,-1.61803398874989,3.80422606518061
2.56508201130819,-0.381966011250105,3.80422606518061
2.56314456534075,-0.263750894630643,3.71910594355301
2.56084974221415,-0.148441416869854,3.61930820986408
2.55819499096569,-0.03649265179657,3.50522672017545
2.55517737294333,0.0716535899579929,3.37731170200806
2.55179356387234,0.175570504584946,3.23606797749979
2.54803985621343,0.274847979497379,3.08205297110316
2.54391216181813,0.369094211857377,2.91587450968565
2.53940601488816,0.457937254842823,2.73818842371475
2.53451657524597,0.541026485551579,2.54969595899476
2.5292386319243,0.618033988749895,2.35114100916989
2.52356660708337,0.68865585100403,2.14330717991599
2.51749456026474,0.752613360087727,1.92701469640686
2.51101619299186,0.809654104932039,1.70311716626029
2.50412485372736,0.859552971776503,1.47249821073871
2.49681354319832,0.902113032590307,1.23606797749979
2.48907492010088,0.937166322257262,0.99475954865942
2.48090130719641,0.964574501457377,0.7495252583429
2.47228469781172,0.984229402628956,0.501332934257218
2.46321676275649,0.996053456856543,0.251162078117254
2.45368885767156,1,2.44929359829471e-16
2.44369203082214,0.996053456856543,-0.251162078117254
2.43321703135031,0.984229402628956,-0.501332934257217
2.422254318002,0.964574501457377,-0.749525258342899
2.41079406834348,0.937166322257262,-0.994759548659419
2.39882618848309,0.902113032590307,-1.23606797749979
2.38634032331429,0.859552971776503,-1.47249821073871
2.37332586729602,0.809654104932039,-1.70311716626029
2.35977197578709,0.752613360087727,-1.92701469640686
2.34566757695112,0.68865585100403,-2.14330717991599
2.33100138424886,0.618033988749895,-2.35114100916989
2.31576190953504,0.541026485551579,-2.54969595899476
2.29993747677651,0.457937254842823,-2.73818842371475
2.28351623640886,0.369094211857378,-2.91587450968565
2.26648618034855,0.27484797949738,-3.08205297110316
2.2488351576774,0.175570504584946,-3.23606797749979
2.23055089101627,0.0716535899579933,-3.37731170200806
2.21162099360452,-0.0364926517965696,-3.50522672017545
2.19203298710152,-0.148441416869855,-3.61930820986408
2.17177432012632,-0.263750894630644,-3.71910594355301
2.07456261741629,-1.6180339887499,-3.80422606518061
2.09627014550062,-1.73624910536936,-3.71910594355301
2.11728459806383,-1.85155858313015,-3.61930820986408
2.13761800540605,-1.96350734820343,-3.50522672017545
2.15728236479317,-2.07165358995799,-3.37731170200806
2.17628962074745,-2.17557050458495,-3.23606797749979
2.19465164608803,-2.27484797949738,-3.08205297110316
2.2123802237065,-2.36909421185738,-2.91587450968565
2.22948702906309,-2.45793725484282,-2.73818842371475
2.24598361338782,-2.54102648555158,-2.54969595899476
2.26188138757137,-2.6180339887499,-2.35114100916989
2.27719160672964,-2.68865585100403,-2.14330717991599
2.29192535542619,-2.75261336008773,-1.92701469640686
2.30609353353627,-2.80965410493204,-1.70311716626029
2.31970684273635,-2.8595529717765,-1.47249821073871
2.33277577360296,-2.90211303259031,-1.23606797749979
2.34531059330461,-2.93716632225726,-0.994759548659419
2.35732133387065,-2.96457450145738,-0.749525258342899
2.36881778102122,-2.98422940262896,-0.501332934257217
2.3798094635424,-2.99605345685654,-0.251162078117254
2.39030564319089,-3,2.44929359829471e-16
2.40031530511299,-2.99605345685654,0.251162078117254
2.40984714876278,-2.98422940262896,0.501332934257218
2.41890957930463,-2.96457450145738,0.7495252583429
2.42751069948576,-2.93716632225726,0.994759548659419
2.43565830196474,-2.90211303259031,1.23606797749979
2.44335986208236,-2.8595529717765,1.47249821073871
2.45062253106159,-2.80965410493204,1.70311716626029
2.45745312962404,-2.75261336008773,1.92701469640686
2.46385814201052,-2.68865585100403,2.14330717991599
2.46984371039412,-2.61803398874989,2.35114100916989
2.47541562967444,-2.54102648555158,2.54969595899476
2.48057934264242,-2.45793725484282,2.73818842371475
2.48533993550559,-2.36909421185738,2.91587450968565
2.4897021337643,-2.27484797949738,3.08205297110316
2.49367029842994,-2.17557050458495,3.23606797749979
2.49724842257675,-2.07165358995799,3.37731170200806
2.50044012821977,-1.96350734820343,3.50522672017545
2.50324866351155,-1.85155858313015,3.61930820986408
2.50567690025144,-1.73624910536936,3.71910594355301
2.5077273317016,-1.61803398874989,3.80422606518061
2.5077273317016,-0.381966011250105,3.80422606518061
2.50567690025144,-0.263750894630643,3.71910594355301
2.50324866351155,-0.148441416869854,3.61930820986408
2.50044012821977,-0.03649265179657,3.50522672017545
2.49724842257675,0.0716535899579929,3.37731170200806
2.49367029842994,0.175570504584946,3.23606797749979
2.4897021337643,0.274847979497379,3.08205297110316
2.48533993550559,0.369094211857377,2.91587450968565
2.48057934264242,0.457937254842823,2.73818842371475
2.47541562967444,0.541026485551579,2.54969595899476
2.46984371039412,0.618033988749895,2.35114100916989
2.46385814201052,0.68865585100403,2.14330717991599
2.45745312962404,0.752613360087727,1.92701469640686
2.45062253106159,0.809654104932039,1.70311716626029
2.44335986208236,0.859552971776503,1.47249821073871
2.43565830196474,0.902113032590307,1.23606797749979
2.42751069948576,0.937166322257262,0.99475954865942
2.41890957930463,0.964574501457377,0.7495252583429
2.40984714876278,0.984229402628956,0.501332934257218
2.40031530511299,0.996053456856543,0.251162078117254
2.39030564319089,1,2.44929359829471e-16
2.3798094635424,0.996053456856543,-0.251162078117254
2.36881778102122,0.984229402628956,-0.501332934257217
2.35732133387065,0.964574501457377,-0.749525258342899
2.34531059330461,0.937166322257262,-0.994759548659419
2.33277577360296,0.902113032590307,-1.23606797749979
2.31970684273635,0.859552971776503,-1.47249821073871
2.30609353353627,0.809654104932039,-1.70311716626029
2.29192535542619,0.752613360087727,-1.92701469640686
2.27719160672964,0.68865585100403,-2.14330717991599
2.26188138757137,0.618033988749895,-2.35114100916989
2.24598361338782,0.541026485551579,-2.54969595899476
2.22948702906309,0.457937254842823,-2.73818842371475
2.2123802237065,0.369094211857378,-2.91587450968565
2.19465164608803,0.27484797949738,-3.08205297110316
2.17628962074745,0.175570504584946,-3.23606797749979
2.15728236479317,0.0716535899579933,-3.37731170200806
2.13761800540605,-0.0364926517965696,-3.50522672017545
2.11728459806383,-0.148441416869855,-3.61930820986408
2.09627014550062,-0.263750894630644,-3.71910594355301
1.99306551803544,-1.6180339887499,-3.80422606518061
2.01553391477253,-1.73624910536936,-3.71910594355301
2.03730004464608,-1.85155858313015,-3.61930820986408
2.05837532857963,-1.96350734820343,-3.50522672017545
2.07877117588155,-2.07165358995799,-3.37731170200806
2.09849896413294,-2.17557050458495,-3.23606797749979
2.11757001982018,-2.27484797949738,-3.08205297110316
2.13599559969877,-2.36909421185738,-2.91587450968565
2.15378687287499,-2.45793725484282,-2.73818842371475
2.17095490359101,-2.54102648555158,-2.54969595899476
2.18751063469911,-2.6180339887499,-2.35114100916989
2.20346487181028,-2.68865585100403,-2.14330717991599
2.218828268102,-2.75261336008773,-1.92701469640686
2.23361130977022,-2.80965410493204,-1.70311716626029
2.24782430211014,-2.8595529717765,-1.47249821073871
2.26147735621054,-2.90211303259031,-1.23606797749979
2.27458037624622,-2.93716632225726,-0.994759548659419
2.28714304735317,-2.96457450145738,-0.749525258342899
2.29917482407152,-2.98422940262896,-0.501332934257217
2.31068491934077,-2.99605345685654,-0.251162078117254
2.32168229403267,-3,2.44929359829471e-16
2.33217564700696,-2.99605345685654,0.251162078117254
2.34217340567539,-2.98422940262896,0.501332934257218
2.35168371705992,-2.96457450145738,0.7495252583429
2.36071443933128,-2.93716632225726,0.994759548659419
2.3692731338142,-2.90211303259031,1.23606797749979
2.37736705744637,-2.8595529717765,1.47249821073871
2.38500315567818,-2.80965410493204,1.70311716626029
2.39218805580111,-2.75261336008773,1.92701469640686
2.39892806069282,-2.68865585100403,2.14330717991599
2.40522914296764,-2.61803398874989,2.35114100916989
2.41109693952148,-2.54102648555158,2.54969595899476
2.41653674646092,-2.45793725484282,2.73818842371475
2.42155351440667,-2.36909421185738,2.91587450968565
2.42615184416207,-2.27484797949738,3.08205297110316
2.43033598273802,-2.17557050458495,3.23606797749979
2.43410981972621,-2.07165358995799,3.37731170200806
2.43747688401323,-1.96350734820343,3.50522672017545
2.44044034082857,-1.85155858313015,3.61930820986408
2.44300298912037,-1.73624910536936,3.71910594355301
2.4451672592532,-1.61803398874989,3.80422606518061
2.4451672592532,-0.381966011250105,3.80422606518061
2.44300298912037,-0.263750894630643,3.71910594355301
2.44044034082857,-0.148441416869854,3.61930820986408
2.43747688401323,-0.03649265179657,3.50522672017545
2.43410981972621,0.0716535899579929,3.37731170200806
2.43033598273802,0.175570504584946,3.23606797749979
2.42615184416207,0.274847979497379,3.08205297110316
2.42155351440667,0.369094211857377,2.91587450968565
2.41653674646092,0.457937254842823,2.73818842371475
2.41109693952148,0.541026485551579,2.54969595899476
2.40522914296764,0.618033988749895,2.35114100916989
2.39892806069282,0.68865585100403,2.14330717991599
2.39218805580111,0.752613360087727,1.92701469640686
2.38500315567818,0.809654104932039,1.70311716626029
2.37736705744637,0.859552971776503,1.47249821073871
2.3692731338142,0.902113032590307,1.23606797749979
2.36071443933128,0.937166322257262,0.99475954865942
2.35168371705992,0.964574501457377,0.7495252583429
2.34217340567539,0.984229402628956,0.501332934257218
2.33217564700696,0.996053456856543,0.251162078117254
2.32168229403267,1,2.44929359829471e-16
2.31068491934077,0.996053456856543,-0.251162078117254
2.29917482407152,0.984229402628956,-0.501332934257217
2.28714304735317,0.964574501457377,-0.749525258342899
2.27458037624622,0.937166322257262,-0.994759548659419
2.26147735621054,0.902113032590307,-1.23606797749979
2.24782430211014,0.859552971776503,-1.47249821073871
2.23361130977022,0.809654104932039,-1.70311716626029
2.218828268102,0.752613360087727,-1.92701469640686
2.20346487181028,0.68865585100403,-2.14330717991599
2.18751063469911,0.618033988749895,-2.35114100916989
2.17095490359101,0.541026485551579,-2.54969595899476
2.15378687287499,0.457937254842823,-2.73818842371475
2.13599559969877,0.369094211857378,-2.91587450968565
2.11757001982018,0.27484797949738,-3.08205297110316
2.09849896413294,0.175570504584946,-3.23606797749979
2.07877117588155,0.0716535899579933,-3.37731170200806
2.05837532857963,-0.0364926517965696,-3.50522672017545
2.03730004464608,-0.148441416869855,-3.61930820986408
2.01553391477253,-0.263750894630644,-3.71910594355301
1.90619441900118,-1.6180339887499,-3.80422606518061
1.9294151130177,-1.73624910536936,-3.71910594355301
1.95192506853713,-1.85155858313015,-3.61930820986408
1.97373506190288,-1.96350734820343,-3.50522672017545
1.99485587994219,-2.07165358995799,-3.37731170200806
2.01529829946755,-2.17557050458495,-3.23606797749979
2.03507306751637,-2.27484797949738,-3.08205297110316
2.05419088231698,-2.36909421185738,-2.91587450968565
2.07266237496856,-2.45793725484282,-2.73818842371475
2.09049809182195,-2.54102648555158,-2.54969595899476
2.10770847754798,-2.6180339887499,-2.35114100916989
2.12430385887981,-2.68865585100403,-2.14330717991599
2.140294429015,-2.75261336008773,-1.92701469640686
2.15569023266351,-2.80965410493204,-1.70311716626029
2.17050115172695,-2.8595529717765,-1.47249821073871
2.18473689159487,-2.90211303259031,-1.23606797749979
2.19840696804353,-2.93716632225726,-0.994759548659419
2.21152069472266,-2.96457450145738,-0.749525258342899
2.22408717121569,-2.98422940262896,-0.501332934257217
2.2361152716593,-2.99605345685654,-0.251162078117254
2.24761363390785,-3,2.44929359829471e-16
2.25859064922877,-2.99605345685654,0.251162078117254
2.26905445251507,-2.98422940262896,0.501332934257218
2.27901291300134,-2.96457450145738,0.7495252583429
2.28847362546999,-2.93716632225726,0.994759548659419
2.29744390193472,-2.90211303259031,1.23606797749979
2.30593076378863,-2.8595529717765,1.47249821073871
2.31394093440464,-2.80965410493204,1.70311716626029
2.32148083217643,-2.75261336008773,1.92701469640686
2.32855656398845,-2.68865585100403,2.14330717991599
2.33517391910406,-2.61803398874989,2.35114100916989
2.3413383634612,-2.54102648555158,2.54969595899476
2.34705503436575,-2.45793725484282,2.73818842371475
2.35232873557295,-2.36909421185738,2.91587450968565
2.35716393274797,-2.27484797949738,3.08205297110316
2.36156474929731,-2.17557050458495,3.23606797749979
2.36553496256302,-2.07165358995799,3.37731170200806
2.36907800037265,-1.96350734820343,3.50522672017545
2.37219693793813,-1.85155858313015,3.61930820986408
2.37489449509758,-1.73624910536936,3.71910594355301
2.37717303389459,-1.61803398874989,3.80422606518061
2.37717303389459,-0.381966011250105,3.80422606518061
2.37489449509758,-0.263750894630643,3.71910594355301
2.37219693793813,-0.148441416869854,3.61930820986408
2.36907800037265,-0.03649265179657,3.50522672017545
2.36553496256302,0.0716535899579929,3.37731170200806
2.36156474929731,0.175570504584946,3.23606797749979
2.35716393274797,0.274847979497379,3.08205297110316
2.35232873557295,0.369094211857377,2.91587450968565
2.34705503436575,0.457937254842823,2.73818842371475
2.3413383634612,0.541026485551579,2.54969595899476
2.33517391910406,0.618033988749895,2.35114100916989
2.32855656398845,0.68865585100403,2.14330717991599
2.32148083217643,0.752613360087727,1.92701469640686
2.31394093440464,0.809654104932039,1.70311716626029
2.30593076378863,0.859552971776503,1.47249821073871
2.29744390193472,0.902113032590307,1.23606797749979
2.28847362546999,0.937166322257262,0.99475954865942
2.27901291300134,0.964574501457377,0.7495252583429
2.26905445251507,0.984229402628956,0.501332934257218
2.25859064922877,0.996053456856543,0.251162078117254
2.24761363390785,1,2.44929359829471e-16
2.2361152716593,0.996053456856543,-0.251162078117254
2.22408717121569,0.984229402628956,-0.501332934257217
2.21152069472266,0.964574501457377,-0.749525258342899
2.19840696804353,0.937166322257262,-0.994759548659419
2.18473689159487,0.902113032590307,-1.23606797749979
2.17050115172695,0.859552971776503,-1.47249821073871
2.15569023266351,0.809654104932039,-1.70311716626029
2.140294429015,0.752613360087727,-1.92701469640686
2.12430385887981,0.68865585100403,-2.14330717991599
2.10770847754798,0.618033988749895,-2.35114100916989
2.09049809182195,0.541026485551579,-2.54969595899476
2.07266237496856,0.457937254842823,-2.73818842371475
2.05419088231698,0.369094211857378,-2.91587450968565
2.03507306751637,0.27484797949738,-3.08205297110316
2.01529829946755,0.175570504584946,-3.23606797749979
1.99485587994219,0.0716535899579933,-3.37731170200806
1.97373506190288,-0.0364926517965696,-3.50522672017545
1.95192506853713,-0.148441416869855,-3.61930820986408
1.9294151130177,-0.263750894630644,-3.71910594355301
1.81382049144801,-1.6180339887499,-3.80422606518061
1.8377808281192,-1.73624910536936,-3.71910594355301
1.86102277913976,-1.85155858313015,-3.61930820986408
1.88355644055425,-1.96350734820343,-3.50522672017545
1.90539194163789,-2.07165358995799,-3.37731170200806
1.92653942403098,-2.17557050458495,-3.23606797749979
1.94700902160393,-2.27484797949738,-3.08205297110316
1.96681084104234,-2.36909421185738,-2.91587450968565
1.98595494314097,-2.45793725484282,-2.73818842371475
2.0044513247948,-2.54102648555158,-2.54969595899476
2.02230990167506,-2.6180339887499,-2.35114100916989
2.03954049157769,-2.68865585100403,-2.14330717991599
2.05615279843132,-2.75261336008773,-1.92701469640686
2.07215639695173,-2.80965410493204,-1.70311716626029
2.08756071792929,-2.8595529717765,-1.47249821073871
2.10237503413612,-2.90211303259031,-1.23606797749979
2.11660844683919,-2.93716632225726,-0.994759548659419
2.13026987290594,-2.96457450145738,-0.749525258342899
2.1433680324886,-2.98422940262896,-0.501332934257217
2.15591143727391,-2.99605345685654,-0.251162078117254
2.16790837928447,-3,2.44929359829471e-16
2.1793669202187,-2.99605345685654,0.251162078117254
2.19029488131607,-2.98422940262896,0.501332934257218
2.20069983373473,-2.96457450145738,0.7495252583429
2.2105890894288,-2.93716632225726,0.994759548659419
2.21996969251306,-2.90211303259031,1.23606797749979
2.22884841110275,-2.8595529717765,1.47249821073871
2.23723172961696,-2.80965410493204,1.70311716626029
2.24512584153401,-2.75261336008773,1.92701469640686
2.25253664258805,-2.68865585100403,2.14330717991599
2.25946972439626,-2.61803398874989,2.35114100916989
2.26593036850646,-2.54102648555158,2.54969595899476
2.27192354085564,-2.45793725484282,2.73818842371475
2.27745388663021,-2.36909421185738,2.91587450968565
2.28252572551934,-2.27484797949738,3.08205297110316
2.28714304735317,-2.17557050458495,3.23606797749979
2.29130950811861,-2.07165358995799,3.37731170200806
2.29502842634529,-1.96350734820343,3.50522672017545
2.29830277985566,-1.85155858313015,3.61930820986408
2.30113520287295,-1.73624910536936,3.71910594355301
2.3035279834821,-1.61803398874989,3.80422606518061
2.3035279834821,-0.381966011250105,3.80422606518061
2.30113520287295,-0.263750894630643,3.71910594355301
2.29830277985566,-0.148441416869854,3.61930820986408
2.29502842634529,-0.03649265179657,3.50522672017545
2.29130950811861,0.0716535899579929,3.37731170200806
2.28714304735317,0.175570504584946,3.23606797749979
2.28252572551934,0.274847979497379,3.08205297110316
2.27745388663021,0.369094211857377,2.91587450968565
2.27192354085564,0.457937254842823,2.73818842371475
2.26593036850646,0.541026485551579,2.54969595899476
2.25946972439626,0.618033988749895,2.35114100916989
2.25253664258805,0.68865585100403,2.14330717991599
2.24512584153401,0.752613360087727,1.92701469640686
2.23723172961696,0.809654104932039,1.70311716626029
2.22884841110275,0.859552971776503,1.47249821073871
2.21996969251306,0.902113032590307,1.23606797749979
2.2105890894288,0.937166322257262,0.99475954865942
2.20069983373473,0.964574501457377,0.7495252583429
2.19029488131607,0.984229402628956,0.501332934257218
2.1793669202187,0.996053456856543,0.251162078117254
2.16790837928447,1,2.44929359829471e-16
2.15591143727391,0.996053456856543,-0.251162078117254
2.1433680324886,0.984229402628956,-0.501332934257217
2.13026987290594,0.964574501457377,-0.749525258342899
2.11660844683919,0.937166322257262,-0.994759548659419
2.10237503413612,0.902113032590307,-1.23606797749979
2.08756071792929,0.859552971776503,-1.47249821073871
2.07215639695173,0.809654104932039,-1.70311716626029
2.05615279843132,0.752613360087727,-1.92701469640686
2.03954049157769,0.68865585100403,-2.14330717991599
2.02230990167506,0.618033988749895,-2.35114100916989
2.0044513247948,0.541026485551579,-2.54969595899476
1.98595494314097,0.457937254842823,-2.73818842371475
1.96681084104234,0.369094211857378,-2.91587450968565
1.94700902160393,0.27484797949738,-3.08205297110316
1.92653942403098,0.175570504584946,-3.23606797749979
1.90539194163789,0.0716535899579933,-3.37731170200806
1.88355644055425,-0.0364926517965696,-3.50522672017545
1.86102277913976,-0.148441416869855,-3.61930820986408
1.8377808281192,-0.263750894630644,-3.71910594355301
1.71583550736983,-1.6180339887499,-3.80422606518061
1.74051851139804,-1.73624910536936,-3.71910594355301
1.76447641521429,-1.85155858313015,-3.61930820986408
1.78771859848818,-1.96350734820343,-3.50522672017545
1.81025449747663,-2.07165358995799,-3.37731170200806
1.8320935838141,-2.17557050458495,-3.23606797749979
1.85324534402448,-2.27484797949738,-3.08205297110316
1.87371925974537,-2.36909421185738,-2.91587450968565
1.8935247886549,-2.45793725484282,-2.73818842371475
1.91267134609071,-2.54102648555158,-2.54969595899476
1.93116828734999,-2.6180339887499,-2.35114100916989
1.94902489065949,-2.68865585100403,-2.14330717991599
1.96625034080359,-2.75261336008773,-1.92701469640686
1.98285371339837,-2.80965410493204,-1.70311716626029
1.99884395979961,-2.8595529717765,-1.47249821073871
2.01422989263198,-2.90211303259031,-1.23606797749979
2.02902017192712,-2.93716632225726,-0.994759548659419
2.04322329185754,-2.96457450145738,-0.749525258342899
2.05684756805405,-2.98422940262896,-0.501332934257217
2.0699011254936,-2.99605345685654,-0.251162078117254
2.08239188694518,-3,2.44929359829471e-16
2.09432756196098,-2.99605345685654,0.251162078117254
2.10571563640055,-2.98422940262896,0.501332934257218
2.11656336247569,-2.96457450145738,0.7495252583429
2.12687774930388,-2.93716632225726,0.994759548659419
2.13666555395875,-2.90211303259031,1.23606797749979
2.14593327300577,-2.8595529717765,1.47249821073871
2.15468713451224,-2.80965410493204,1.70311716626029
2.16293309052052,-2.75261336008773,1.92701469640686
2.17067680997417,-2.68865585100403,2.14330717991599
2.17792367208678,-2.61803398874989,2.35114100916989
2.18467876014396,-2.54102648555158,2.54969595899476
2.19094685572909,-2.45793725484282,2.73818842371475
2.19673243336419,-2.36909421185738,2.91587450968565
2.20203965555757,-2.27484797949738,3.08205297110316
2.2068723682504,-2.17557050458495,3.23606797749979
2.21123409665506,-2.07165358995799,3.37731170200806
2.21512804147839,-1.96350734820343,3.50522672017545
2.21855707552365,-1.85155858313015,3.61930820986408
2.22152374066557,-1.73624910536936,3.71910594355301
2.22403024519343,-1.61803398874989,3.80422606518061
2.22403024519343,-0.381966011250105,3.80422606518061
2.22152374066557,-0.263750894630643,3.71910594355301
2.21855707552365,-0.148441416869854,3.61930820986408
2.21512804147839,-0.03649265179657,3.50522672017545
2.21123409665506,0.0716535899579929,3.37731170200806
2.2068723682504,0.175570504584946,3.23606797749979
2.20203965555757,0.274847979497379,3.08205297110316
2.19673243336419,0.369094211857377,2.91587450968565
2.19094685572909,0.457937254842823,2.73818842371475
2.18467876014396,0.541026485551579,2.54969595899476
2.17792367208678,0.618033988749895,2.35114100916989
2.17067680997417,0.68865585100403,2.14330717991599
2.16293309052052,0.752613360087727,1.92701469640686
2.15468713451224,0.809654104932039,1.70311716626029
2.14593327300577,0.859552971776503,1.47249821073871
2.13666555395875,0.902113032590307,1.23606797749979
2.12687774930388,0.937166322257262,0.99475954865942
2.11656336247569,0.964574501457377,0.7495252583429
2.10571563640055,0.984229402628956,0.501332934257218
2.09432756196098,0.996053456856543,0.251162078117254
2.08239188694518,1,2.44929359829471e-16
2.0699011254936,0.996053456856543,-0.251162078117254
2.05684756805405,0.984229402628956,-0.501332934257217
2.04322329185754,0.964574501457377,-0.749525258342899
2.02902017192712,0.937166322257262,-0.994759548659419
2.01422989263198,0.902113032590307,-1.23606797749979
1.99884395979961,0.859552971776503,-1.47249821073871
1.98285371339837,0.809654104932039,-1.70311716626029
1.96625034080359,0.752613360087727,-1.92701469640686
1.94902489065949,0.68865585100403,-2.14330717991599
1.93116828734999,0.618033988749895,-2.35114100916989
1.91267134609071,0.541026485551579,-2.54969595899476
1.8935247886549,0.457937254842823,-2.73818842371475
1.87371925974537,0.369094211857378,-2.91587450968565
1.85324534402448,0.27484797949738,-3.08205297110316
1.8320935838141,0.175570504584946,-3.23606797749979
1.81025449747663,0.0716535899579933,-3.37731170200806
1.78771859848818,-0.0364926517965696,-3.50522672017545
1.76447641521429,-0.148441416869855,-3.61930820986408
1.74051851139804,-0.263750894630644,-3.71910594355301
1.61215472325853,-1.6180339887499,-3.80422606518061
1.6375388648458,-1.73624910536936,-3.71910594355301
1.66219223534164,-1.85155858313015,-3.61930820986408
1.68612346178412,-1.96350734820343,-3.50522672017545
1.70934125172061,-2.07165358995799,-3.37731170200806
1.73185437168029,-2.17557050458495,-3.23606797749979
1.75367162635767,-2.27484797949738,-3.08205297110316
1.77480183849954,-2.36909421185738,-2.91587450968565
1.79525382948672,-2.45793725484282,-2.73818842371475
1.81503640060157,-2.54102648555158,-2.54969595899476
1.8341583149717,-2.6180339887499,-2.35114100916989
1.85262828017967,-2.68865585100403,-2.14330717991599
1.8704549315282,-2.75261336008773,-1.92701469640686
1.88764681594999,-2.80965410493204,-1.70311716626029
1.90421237655106,-2.8595529717765,-1.47249821073871
1.92015993777602,-2.90211303259031,-1.23606797749979
1.93549769118392,-2.93716632225726,-0.994759548659419
1.95023368182271,-2.96457450145738,-0.749525258342899
1.96437579519071,-2.98422940262896,-0.501332934257217
1.9779317447732,-2.99605345685654,-0.251162078117254
1.99090906014217,-3,2.44929359829471e-16
2.00331507560775,-2.99605345685654,0.251162078117254
2.01515691940943,-2.98422940262896,0.501332934257218
2.02644150343562,-2.96457450145738,0.7495252583429
2.03717551346026,-2.93716632225726,0.994759548659419
2.04736539988526,-2.90211303259031,1.23606797749979
2.05701736897798,-2.8595529717765,1.47249821073871
2.06613737459303,-2.80965410493204,1.70311716626029
2.07473111036822,-2.75261336008773,1.92701469640686
2.08280400238455,-2.68865585100403,2.14330717991599
2.09036120228075,-2.61803398874989,2.35114100916989
2.09740758081309,-2.54102648555158,2.54969595899476
2.10394772185168,-2.45793725484282,2.73818842371475
2.10998591680485,-2.36909421185738,2.91587450968565
2.11552615946367,-2.27484797949738,3.08205297110316
2.12057214125925,-2.17557050458495,3.23606797749979
2.12512724692571,-2.07165358995799,3.37731170200806
2.12919455056243,-1.96350734820343,3.50522672017545
2.13277681208959,-1.85155858313015,3.61930820986408
2.13587647409163,-1.73624910536936,3.71910594355301
2.13849565904366,-1.61803398874989,3.80422606518061
2.13849565904366,-0.381966011250105,3.80422606518061
2.13587647409163,-0.263750894630643,3.71910594355301
2.13277681208959,-0.148441416869854,3.61930820986408
2.12919455056243,-0.03649265179657,3.50522672017545
2.12512724692571,0.0716535899579929,3.37731170200806
2.12057214125925,0.175570504584946,3.23606797749979
2.11552615946367,0.274847979497379,3.08205297110316
2.10998591680485,0.369094211857377,2.91587450968565
2.10394772185168,0.457937254842823,2.73818842371475
2.09740758081309,0.541026485551579,2.54969595899476
2.09036120228075,0.618033988749895,2.35114100916989
2.08280400238455,0.68865585100403,2.14330717991599
2.07473111036822,0.752613360087727,1.92701469640686
2.06613737459303,0.809654104932039,1.70311716626029
2.05701736897798,0.859552971776503,1.47249821073871
2.04736539988526,0.902113032590307,1.23606797749979
2.03717551346026,0.937166322257262,0.99475954865942
2.02644150343562,0.964574501457377,0.7495252583429
2.01515691940943,0.984229402628956,0.501332934257218
2.00331507560775,0.996053456856543,0.251162078117254
1.99090906014217,1,2.44929359829471e-16
1.9779317447732,0.996053456856543,-0.251162078117254
1.96437579519071,0.984229402628956,-0.501332934257217
1.95023368182271,0.964574501457377,-0.749525258342899
1.93549769118392,0.937166322257262,-0.994759548659419
1.92015993777602,0.902113032590307,-1.23606797749979
1.90421237655106,0.859552971776503,-1.47249821073871
1.88764681594999,0.809654104932039,-1.70311716626029
1.8704549315282,0.752613360087727,-1.92701469640686
1.85262828017967,0.68865585100403,-2.14330717991599
1.8341583149717,0.618033988749895,-2.35114100916989
1.81503640060157,0.541026485551579,-2.54969595899476
1.79525382948672,0.457937254842823,-2.73818842371475
1.77480183849954,0.369094211857378,-2.91587450968565
1.75367162635767,0.27484797949738,-3.08205297110316
1.73185437168029,0.175570504584946,-3.23606797749979
1.70934125172061,0.0716535899579933,-3.37731170200806
1.68612346178412,-0.0364926517965696,-3.50522672017545
1.66219223534164,-0.148441416869855,-3.61930820986408
1.6375388648458,-0.263750894630644,-3.71910594355301
1.50271987608213,-1.6180339887499,-3.80422606518061
1.52877884322447,-1.73624910536936,-3.71910594355301
1.55410252571346,-1.85155858313015,-3.61930820986408
1.5786987617148,-1.96350734820343,-3.50522672017545
1.60257549433984,-2.07165358995799,-3.37731170200806
1.6257407498302,-2.17557050458495,-3.23606797749979
1.64820261644143,-2.27484797949738,-3.08205297110316
1.66996922401933,-2.36909421185738,-2.91587450968565
1.6910487242621,-2.45793725484282,-2.73818842371475
1.71144927166045,-2.54102648555158,-2.54969595899476
1.73117900510748,-2.6180339887499,-2.35114100916989
1.75024603016946,-2.68865585100403,-2.14330717991599
1.7686584020083,-2.75261336008773,-1.92701469640686
1.78642410894597,-2.80965410493204,-1.70311716626029
1.80355105666089,-2.8595529717765,-1.47249821073871
1.820047053006,-2.90211303259031,-1.23606797749979
1.83591979343789,-2.93716632225726,-0.994759548659419
1.85117684704644,-2.96457450145738,-0.749525258342899
1.865825643174,-2.98422940262896,-0.501332934257217
1.87987345861332,-2.99605345685654,-0.251162078117254
1.89332740537323,-3,2.44929359829471e-16
1.90619441900118,-2.99605345685654,0.251162078117254
1.91848124745183,-2.98422940262896,0.501332934257218
1.93019444049086,-2.96457450145738,0.7495252583429
1.94134033962348,-2.93716632225726,0.994759548659419
1.95192506853713,-2.90211303259031,1.23606797749979
1.96195452404812,-2.8595529717765,1.47249821073871
1.97143436754234,-2.80965410493204,1.70311716626029
1.98037001690018,-2.75261336008773,1.92701469640686
1.98876663889634,-2.68865585100403,2.14330717991599
1.99662914206538,-2.61803398874989,2.35114100916989
2.00396217002431,-2.54102648555158,2.54969595899476
2.01077009524387,-2.45793725484282,2.73818842371475
2.01705701326044,-2.36909421185738,2.91587450968565
2.02282673732126,-2.27484797949738,3.08205297110316
2.02808279345557,-2.17557050458495,3.23606797749979
2.03282841596528,-2.07165358995799,3.37731170200806
2.03706654332883,-1.96350734820343,3.50522672017545
2.0407998145127,-1.85155858313015,3.61930820986408
2.04403056568522,-1.73624910536936,3.71910594355301
2.04676082732819,-1.61803398874989,3.80422606518061
2.04676082732819,-0.381966011250105,3.80422606518061
2.04403056568522,-0.263750894630643,3.71910594355301
2.0407998145127,-0.148441416869854,3.61930820986408
2.03706654332883,-0.03649265179657,3.50522672017545
2.03282841596528,0.0716535899579929,3.37731170200806
2.02808279345557,0.175570504584946,3.23606797749979
2.02282673732126,0.274847979497379,3.08205297110316
2.01705701326044,0.369094211857377,2.91587450968565
2.01077009524387,0.457937254842823,2.73818842371475
2.00396217002431,0.541026485551579,2.54969595899476
1.99662914206538,0.618033988749895,2.35114100916989
1.98876663889634,0.68865585100403,2.14330717991599
1.98037001690018,0.752613360087727,1.92701469640686
1.97143436754234,0.809654104932039,1.70311716626029
1.96195452404812,0.859552971776503,1.47249821073871
1.95192506853713,0.902113032590307,1.23606797749979
1.94134033962348,0.937166322257262,0.99475954865942
1.93019444049086,0.964574501457377,0.7495252583429
1.91848124745183,0.984229402628956,0.501332934257218
1.90619441900118,0.996053456856543,0.251162078117254
1.89332740537323,1,2.44929359829471e-16
1.87987345861332,0.996053456856543,-0.251162078117254
1.865825643174,0.984229402628956,-0.501332934257217
1.85117684704644,0.964574501457377,-0.749525258342899
1.83591979343789,0.937166322257262,-0.994759548659419
1.820047053006,0.902113032590307,-1.23606797749979
1.80355105666089,0.859552971776503,-1.47249821073871
1.78642410894597,0.809654104932039,-1.70311716626029
1.7686584020083,0.752613360087727,-1.92701469640686
1.75024603016946,0.68865585100403,-2.14330717991599
1.73117900510748,0.618033988749895,-2.35114100916989
1.71144927166045,0.541026485551579,-2.54969595899476
1.6910487242621,0.457937254842823,-2.73818842371475
1.66996922401933,0.369094211857378,-2.91587450968565
1.64820261644143,0.27484797949738,-3.08205297110316
1.6257407498302,0.175570504584946,-3.23606797749979
1.60257549433984,0.0716535899579933,-3.37731170200806
1.5786987617148,-0.0364926517965696,-3.50522672017545
1.55410252571346,-0.148441416869855,-3.61930820986408
1.52877884322447,-0.263750894630644,-3.71910594355301
1.38750227662095,-1.6180339887499,-3.80422606518061
1.41420475630279,-1.73624910536936,-3.71910594355301
1.44016871076466,-1.85155858313015,-3.61930820986408
1.46540115329121,-1.96350734820343,-3.50522672017545
1.48990922700522,-2.07165358995799,-3.37731170200806
1.513700182798,-2.17557050458495,-3.23606797749979
1.53678135794509,-2.27484797949738,-3.08205297110316
1.55916015540252,-2.36909421185738,-2.91587450968565
1.58084402377806,-2.45793725484282,-2.73818842371475
1.60184043797137,-2.54102648555158,-2.54969595899476
1.6221568804759,-2.6180339887499,-2.35114100916989
1.64180082333536,-2.68865585100403,-2.14330717991599
1.66077971074655,-2.75261336008773,-1.92701469640686
1.67910094230036,-2.80965410493204,-1.70311716626029
1.69677185685183,-2.8595529717765,-1.47249821073871
1.71379971701044,-2.90211303259031,-1.23606797749979
1.73019169424099,-2.93716632225726,-0.994759548659419
1.74595485456551,-2.96457450145738,-0.749525258342899
1.76109614485644,-2.98422940262896,-0.501332934257217
1.77562237971109,-2.99605345685654,-0.251162078117254
1.78954022889739,-3,2.44929359829471e-16
1.80285620536099,-2.99605345685654,0.251162078117254
1.8155766537836,-2.98422940262896,0.501332934257218
1.82770773968269,-2.96457450145738,0.7495252583429
1.83925543904274,-2.93716632225726,0.994759548659419
1.85022552846825,-2.90211303259031,1.23606797749979
1.86062357584899,-2.8595529717765,1.47249821073871
1.8704549315282,-2.80965410493204,1.70311716626029
1.87972471996463,-2.75261336008773,1.92701469640686
1.88843783187953,-2.68865585100403,2.14330717991599
1.89659891688007,-2.61803398874989,2.35114100916989
1.90421237655106,-2.54102648555158,2.54969595899476
1.9112823580069,-2.45793725484282,2.73818842371475
1.91781274789643,-2.36909421185738,2.91587450968565
1.9238071668535,-2.27484797949738,3.08205297110316
1.92926896438641,-2.17557050458495,3.23606797749979
1.93420121420018,-2.07165358995799,3.37731170200806
1.93860670994557,-1.96350734820343,3.50522672017545
1.94248796138961,-1.85155858313015,3.61930820986408
1.94584719100261,-1.73624910536936,3.71910594355301
1.94868633095734,-1.61803398874989,3.80422606518061
1.94868633095734,-0.381966011250105,3.80422606518061
1.94584719100261,-0.263750894630643,3.71910594355301
1.94248796138961,-0.148441416869854,3.61930820986408
1.93860670994557,-0.03649265179657,3.50522672017545
1.93420121420018,0.0716535899579929,3.37731170200806
1.92926896438641,0.175570504584946,3.23606797749979
1.9238071668535,0.274847979497379,3.08205297110316
1.91781274789643,0.369094211857377,2.91587450968565
1.9112823580069,0.457937254842823,2.73818842371475
1.90421237655106,0.541026485551579,2.54969595899476
1.89659891688007,0.618033988749895,2.35114100916989
1.88843783187953,0.68865585100403,2.14330717991599
1.87972471996463,0.752613360087727,1.92701469640686
1.8704549315282,0.809654104932039,1.70311716626029
1.86062357584899,0.859552971776503,1.47249821073871
1.85022552846825,0.902113032590307,1.23606797749979
1.83925543904274,0.937166322257262,0.99475954865942
1.82770773968269,0.964574501457377,0.7495252583429
1.8155766537836,0.984229402628956,0.501332934257218
1.80285620536099,0.996053456856543,0.251162078117254
1.78954022889739,1,2.44929359829471e-16
1.77562237971109,0.996053456856543,-0.251162078117254
1.76109614485644,0.984229402628956,-0.501332934257217
1.74595485456551,0.964574501457377,-0.749525258342899
1.73019169424099,0.937166322257262,-0.994759548659419
1.71379971701044,0.902113032590307,-1.23606797749979
1.69677185685183,0.859552971776503,-1.47249821073871
1.67910094230036,0.809654104932039,-1.70311716626029
1.66077971074655,0.752613360087727,-1.92701469640686
1.64180082333536,0.68865585100403,-2.14330717991599
1.6221568804759,0.618033988749895,-2.35114100916989
1.60184043797137,0.541026485551579,-2.54969595899476
1.58084402377806,0.457937254842823,-2.73818842371475
1.55916015540252,0.369094211857378,-2.91587450968565
1.53678135794509,0.27484797949738,-3.08205297110316
1.513700182798,0.175570504584946,-3.23606797749979
1.48990922700522,0.0716535899579933,-3.37731170200806
1.46540115329121,-0.0364926517965696,-3.50522672017545
1.44016871076466,-0.148441416869855,-3.61930820986408
1.41420475630279,-0.263750894630644,-3.71910594355301
1.26650598194443,-1.6180339887499,-3.80422606518061
1.29381545326297,-1.73624910536936,-3.71910594355301
1.32038454893031,-1.85155858313015,-3.61930820986408
1.3462194218099,-1.96350734820343,-3.50522672017545
1.37132637988642,-2.07165358995799,-3.37731170200806
1.3957118639794,-2.17557050458495,-3.23606797749979
1.41938242612663,-2.27484797949738,-3.08205297110316
1.44234470863442,-2.36909421185738,-2.91587450968565
1.46460542379036,-2.45793725484282,-2.73818842371475
1.48617133423424,-2.54102648555158,-2.54969595899476
1.50704923398144,-2.6180339887499,-2.35114100916989
1.52724593009275,-2.68865585100403,-2.14330717991599
1.54676822498408,-2.75261336008773,-1.92701469640686
1.56562289936892,-2.80965410493204,-1.70311716626029
1.58381669582594,-2.8595529717765,-1.47249821073871
1.60135630298377,-2.90211303259031,-1.23606797749979
1.61824834031486,-2.93716632225726,-0.994759548659419
1.63449934352967,-2.96457450145738,-0.749525258342899
1.65011575056268,-2.98422940262896,-0.501332934257217
1.66510388814117,-2.99605345685654,-0.251162078117254
1.67946995892776,-3,2.44929359829471e-16
1.69322002922773,-2.99605345685654,0.251162078117254
1.70636001725193,-2.98422940262896,0.501332934257218
1.71889568192617,-2.96457450145738,0.7495252583429
1.73083261223814,-2.93716632225726,0.994759548659419
1.74217621711282,-2.90211303259031,1.23606797749979
1.75293171580766,-2.8595529717765,1.47249821073871
1.76310412881883,-2.80965410493204,1.70311716626029
1.77269826929005,-2.75261336008773,1.92701469640686
1.78171873491594,-2.68865585100403,2.14330717991599
1.79016990033173,-2.61803398874989,2.35114100916989
1.79805590998176,-2.54102648555158,2.54969595899476
1.80538067145942,-2.45793725484282,2.73818842371475
1.81214784931134,-2.36909421185738,2.91587450968565
1.81836085929939,-2.27484797949738,3.08205297110316
1.82402286311392,-2.17557050458495,3.23606797749979
1.8291367635325,-2.07165358995799,3.37731170200806
1.83370520001858,-1.96350734820343,3.50522672017545
1.83773054475498,-1.85155858313015,3.61930820986408
1.84121489910766,-1.73624910536936,3.71910594355301
1.84416009051544,-1.61803398874989,3.80422606518061
1.84416009051544,-0.381966011250105,3.80422606518061
1.84121489910766,-0.263750894630643,3.71910594355301
1.83773054475498,-0.148441416869854,3.61930820986408
1.83370520001858,-0.03649265179657,3.50522672017545
1.8291367635325,0.0716535899579929,3.37731170200806
1.82402286311392,0.175570504584946,3.23606797749979
1.81836085929939,0.274847979497379,3.08205297110316
1.81214784931134,0.369094211857377,2.91587450968565
1.80538067145942,0.457937254842823,2.73818842371475
1.79805590998176,0.541026485551579,2.54969595899476
1.79016990033173,0.618033988749895,2.35114100916989
1.78171873491594,0.68865585100403,2.14330717991599
1.77269826929005,0.752613360087727,1.92701469640686
1.76310412881883,0.809654104932039,1.70311716626029
1.75293171580766,0.859552971776503,1.47249821073871
1.74217621711282,0.902113032590307,1.23606797749979
1.73083261223814,0.937166322257262,0.99475954865942
1.71889568192617,0.964574501457377,0.7495252583429
1.70636001725193,0.984229402628956,0.501332934257218
1.69322002922773,0.996053456856543,0.251162078117254
1.67946995892776,1,2.44929359829471e-16
1.66510388814117,0.996053456856543,-0.251162078117254
1.65011575056268,0.984229402628956,-0.501332934257217
1.63449934352967,0.964574501457377,-0.749525258342899
1.61824834031486,0.937166322257262,-0.994759548659419
1.60135630298377,0.902113032590307,-1.23606797749979
1.58381669582594,0.859552971776503,-1.47249821073871
1.56562289936892,0.809654104932039,-1.70311716626029
1.54676822498408,0.752613360087727,-1.92701469640686
1.52724593009275,0.68865585100403,-2.14330717991599
1.50704923398144,0.618033988749895,-2.35114100916989
1.48617133423424,0.541026485551579,-2.54969595899476
1.46460542379036,0.457937254842823,-2.73818842371475
1.44234470863442,0.369094211857378,-2.91587450968565
1.41938242612663,0.27484797949738,-3.08205297110316
1.3957118639794,0.175570504584946,-3.23606797749979
1.37132637988642,0.0716535899579933,-3.37731170200806
1.3462194218099,-0.0364926517965696,-3.50522672017545
1.32038454893031,-0.148441416869855,-3.61930820986408
1.29381545326297,-0.263750894630644,-3.71910594355301
1.13977102534957,-1.6180339887499,-3.80422606518061
1.16764556784886,-1.73624910536936,-3.71910594355301
1.19477939234381,-1.85155858313015,-3.61930820986408
1.2211777564619,-1.96350734820343,-3.50522672017545
1.24684609855236,-2.07165358995799,-3.37731170200806
1.27179001522424,-2.17557050458495,-3.23606797749979
1.29601523953722,-2.27484797949738,-3.08205297110316
1.31952761984333,-2.36909421185738,-2.91587450968565
1.34233309927753,-2.45793725484282,-2.73818842371475
1.36443769589363,-2.54102648555158,-2.54969595899476
1.38584748344195,-2.6180339887499,-2.35114100916989
1.40656857278375,-2.68865585100403,-2.14330717991599
1.42660709393752,-2.75261336008773,-1.92701469640686
1.44596917875111,-2.80965410493204,-1.70311716626029
1.46466094419362,-2.8595529717765,-1.47249821073871
1.4826884762603,-2.90211303259031,-1.23606797749979
1.50005781448334,-2.93716632225726,-0.994759548659419
1.51677493704128,-2.96457450145738,-0.749525258342899
1.53284574645948,-2.98422940262896,-0.501332934257217
1.54827605589356,-2.99605345685654,-0.251162078117254
1.56307157598816,-3,2.44929359829471e-16
1.57723790230258,-2.99605345685654,0.251162078117254
1.5907805032954,-2.98422940262896,0.501332934257218
1.60370470885973,-2.96457450145738,0.7495252583429
1.61601569940089,-2.93716632225726,0.994759548659419
1.62771849544849,-2.90211303259031,1.23606797749979
1.63881794779476,-2.8595529717765,1.47249821073871
1.6493187281513,-2.80965410493204,1.70311716626029
1.65922532031644,-2.75261336008773,1.92701469640686
1.66854201184556,-2.68865585100403,2.14330717991599
1.67727288621724,-2.61803398874989,2.35114100916989
1.68542181548785,-2.54102648555158,2.54969595899476
1.69299245342799,-2.45793725484282,2.73818842371475
1.69998822913405,-2.36909421185738,2.91587450968565
1.70641234110879,-2.27484797949738,3.08205297110316
1.71226775180506,-2.17557050458495,3.23606797749979
1.71755718262698,-2.07165358995799,3.37731170200806
1.72228310938368,-1.96350734820343,3.50522672017545
1.72644775819065,-1.85155858313015,3.61930820986408
1.73005310181445,-1.73624910536936,3.71910594355301
1.73310085645681,-1.61803398874989,3.80422606518061
1.73310085645681,-0.381966011250105,3.80422606518061
1.73005310181445,-0.263750894630643,3.71910594355301
1.72644775819065,-0.148441416869854,3.61930820986408
1.72228310938368,-0.03649265179657,3.50522672017545
1.71755718262698,0.0716535899579929,3.37731170200806
1.71226775180506,0.175570504584946,3.23606797749979
1.70641234110879,0.274847979497379,3.08205297110316
1.69998822913405,0.369094211857377,2.91587450968565
1.69299245342799,0.457937254842823,2.73818842371475
1.68542181548785,0.541026485551579,2.54969595899476
1.67727288621724,0.618033988749895,2.35114100916989
1.66854201184556,0.68865585100403,2.14330717991599
1.65922532031644,0.752613360087727,1.92701469640686
1.6493187281513,0.809654104932039,1.70311716626029
1.63881794779476,0.859552971776503,1.47249821073871
1.62771849544849,0.902113032590307,1.23606797749979
1.61601569940089,0.937166322257262,0.99475954865942
1.60370470885973,0.964574501457377,0.7495252583429
1.5907805032954,0.984229402628956,0.501332934257218
1.57723790230258,0.996053456856543,0.251162078117254
1.56307157598816,1,2.44929359829471e-16
1.54827605589356,0.996053456856543,-0.251162078117254
1.53284574645948,0.984229402628956,-0.501332934257217
1.51677493704128,0.964574501457377,-0.749525258342899
1.50005781448334,0.937166322257262,-0.994759548659419
1.4826884762603,0.902113032590307,-1.23606797749979
1.46466094419362,0.859552971776503,-1.47249821073871
1.44596917875111,0.809654104932039,-1.70311716626029
1.42660709393752,0.752613360087727,-1.92701469640686
1.40656857278375,0.68865585100403,-2.14330717991599
1.38584748344195,0.618033988749895,-2.35114100916989
1.36443769589363,0.541026485551579,-2.54969595899476
1.34233309927753,0.457937254842823,-2.73818842371475
1.31952761984333,0.369094211857378,-2.91587450968565
1.29601523953722,0.27484797949738,-3.08205297110316
1.27179001522424,0.175570504584946,-3.23606797749979
1.24684609855236,0.0716535899579933,-3.37731170200806
1.2211777564619,-0.0364926517965696,-3.50522672017545
1.19477939234381,-0.148441416869855,-3.61930820986408
1.16764556784886,-0.263750894630644,-3.71910594355301
1.00737667841095,-1.6180339887499,-3.80422606518061
1.03576879914946,-1.73624910536936,-3.71910594355301
1.06342148561173,-1.85155858313015,-3.61930820986408
1.09033906637688,-1.96350734820343,-3.50522672017545
1.11652607658255,-2.07165358995799,-3.37731170200806
1.1419872353328,-2.17557050458495,-3.23606797749979
1.16672742373944,-2.27484797949738,-3.08205297110316
1.19075166359702,-2.36909421185738,-2.91587450968565
1.21406509669066,-2.45793725484282,-2.73818842371475
1.23667296473529,-2.54102648555158,-2.54969595899476
1.25858058994363,-2.6180339887499,-2.35114100916989
1.27979335622011,-2.68865585100403,-2.14330717991599
1.30031669097666,-2.75261336008773,-1.92701469640686
1.32015604756616,-2.80965410493204,-1.70311716626029
1.33931688832866,-2.8595529717765,-1.47249821073871
1.35780466824483,-2.90211303259031,-1.23606797749979
1.37562481919097,-2.93716632225726,-0.994759548659419
1.39278273478945,-2.96457450145738,-0.749525258342899
1.40928375584796,-2.98422940262896,-0.501332934257217
1.42513315638102,-2.99605345685654,-0.251162078117254
1.44033613020666,-3,2.44929359829471e-16
1.45489777811139,-2.99605345685654,0.251162078117254
1.46882309557599,-2.98422940262896,0.501332934257218
1.48211696105513,-2.96457450145738,0.7495252583429
1.49478412480329,-2.93716632225726,0.994759548659419
1.50682919823985,-2.90211303259031,1.23606797749979
1.51825664384602,-2.8595529717765,1.47249821073871
1.52907076558648,-2.80965410493204,1.70311716626029
1.53927569984866,-2.75261336008773,1.92701469640686
1.5488754068929,-2.68865585100403,2.14330717991599
1.55787366280649,-2.61803398874989,2.35114100916989
1.56627405195545,-2.54102648555158,2.54969595899476
1.5740799599275,-2.45793725484282,2.73818842371475
1.58129456696026,-2.36909421185738,2.91587450968565
1.5879208418491,-2.27484797949738,3.08205297110316
1.593961536329,-2.17557050458495,3.23606797749979
1.59941917992547,-2.07165358995799,3.37731170200806
1.60429607526969,-1.96350734820343,3.50522672017545
1.60859429387351,-1.85155858313015,3.61930820986408
1.61231567236023,-1.73624910536936,3.71910594355301
1.61546180914757,-1.61803398874989,3.80422606518061
1.61546180914757,-0.381966011250105,3.80422606518061
1.61231567236023,-0.263750894630643,3.71910594355301
1.60859429387351,-0.148441416869854,3.61930820986408
1.60429607526969,-0.03649265179657,3.50522672017545
1.59941917992547,0.0716535899579929,3.37731170200806
1.593961536329,0.175570504584946,3.23606797749979
1.5879208418491,0.274847979497379,3.08205297110316
1.58129456696026,0.369094211857377,2.91587450968565
1.5740799599275,0.457937254842823,2.73818842371475
1.56627405195545,0.541026485551579,2.54969595899476
1.55787366280649,0.618033988749895,2.35114100916989
1.5488754068929,0.68865585100403,2.14330717991599
1.53927569984866,0.752613360087727,1.92701469640686
1.52907076558648,0.809654104932039,1.70311716626029
1.51825664384602,0.859552971776503,1.47249821073871
1.50682919823985,0.902113032590307,1.23606797749979
1.49478412480329,0.937166322257262,0.99475954865942
1.48211696105513,0.964574501457377,0.7495252583429
1.46882309557599,0.984229402628956,0.501332934257218
1.45489777811139,0.996053456856543,0.251162078117254
1.44033613020666,1,2.44929359829471e-16
1.42513315638102,0.996053456856543,-0.251162078117254
1.40928375584796,0.984229402628956,-0.501332934257217
1.39278273478945,0.964574501457377,-0.749525258342899
1.37562481919097,0.937166322257262,-0.994759548659419
1.35780466824483,0.902113032590307,-1.23606797749979
1.33931688832866,0.859552971776503,-1.47249821073871
1.32015604756616,0.809654104932039,-1.70311716626029
1.30031669097666,0.752613360087727,-1.92701469640686
1.27979335622011,0.68865585100403,-2.14330717991599
1.25858058994363,0.618033988749895,-2.35114100916989
1.23667296473529,0.541026485551579,-2.54969595899476
1.21406509669066,0.457937254842823,-2.73818842371475
1.19075166359702,0.369094211857378,-2.91587450968565
1.16672742373944,0.27484797949738,-3.08205297110316
1.1419872353328,0.175570504584946,-3.23606797749979
1.11652607658255,0.0716535899579933,-3.37731170200806
1.09033906637688,-0.0364926517965696,-3.50522672017545
1.06342148561173,-0.148441416869855,-3.61930820986408
1.03576879914945,-0.263750894630644,-3.71910594355301
0.869444715934176,-1.6180339887499,-3.80422606518061
0.89830119904451,-1.73624910536936,-3.71910594355301
0.926421274924246,-1.85155858313015,-3.61930820986408
0.953808310590942,-1.96350734820343,-3.50522672017545
0.980465905604647,-2.07165358995799,-3.37731170200806
1.00639786939468,-2.17557050458495,-3.23606797749979
1.03160819919882,-2.27484797949738,-3.08205297110316
1.05610105861677,-2.36909421185738,-2.91587450968565
1.07988075677889,-2.45793725484282,-2.73818842371475
1.10295172813023,-2.54102648555158,-2.54969595899476
1.12531851282905,-2.6180339887499,-2.35114100916989
1.14698573775812,-2.68865585100403,-2.14330717991599
1.16795809814678,-2.75261336008773,-1.92701469640686
1.18824033980052,-2.80965410493204,-1.70311716626029
1.20783724193477,-2.8595529717765,-1.47249821073871
1.22675360060881,-2.90211303259031,-1.23606797749979
1.2449942127552,-2.93716632225726,-0.994759548659419
1.26256386079997,-2.96457450145738,-0.749525258342899
1.27946729786822,-2.98422940262896,-0.501332934257217
1.29570923356955,-2.99605345685654,-0.251162078117254
1.31129432035757,-3,2.44929359829471e-16
1.32622714045732,-2.99605345685654,0.251162078117254
1.34051219335467,-2.98422940262896,0.501332934257218
1.35415388384109,-2.96457450145738,0.7495252583429
1.36715651060764,-2.93716632225726,0.994759548659419
1.37952425538175,-2.90211303259031,1.23606797749979
1.3912611726002,-2.8595529717765,1.47249821073871
1.40237117961223,-2.80965410493204,1.70311716626029
1.41285804740627,-2.75261336008773,1.92701469640686
1.42272539185415,-2.68865585100403,2.14330717991599
1.43197666546683,-2.61803398874989,2.35114100916989
1.44061514965575,-2.54102648555158,2.54969595899476
1.448643947494,-2.45793725484282,2.73818842371475
1.45606597697204,-2.36909421185738,2.91587450968565
1.46288396474264,-2.27484797949738,3.08205297110316
1.46910044035004,-2.17557050458495,3.23606797749979
1.47471773093887,-2.07165358995799,3.37731170200806
1.47973795643816,-1.96350734820343,3.50522672017545
1.48416302521676,-1.85155858313015,3.61930820986408
1.48799463020614,-1.73624910536936,3.71910594355301
1.49123424548743,-1.61803398874989,3.80422606518061
1.49123424548743,-0.381966011250105,3.80422606518061
1.48799463020614,-0.263750894630643,3.71910594355301
1.48416302521676,-0.148441416869854,3.61930820986408
1.47973795643816,-0.03649265179657,3.50522672017545
1.47471773093887,0.0716535899579929,3.37731170200806
1.46910044035004,0.175570504584946,3.23606797749979
1.46288396474264,0.274847979497379,3.08205297110316
1.45606597697204,0.369094211857377,2.91587450968565
1.448643947494,0.457937254842823,2.73818842371475
1.44061514965575,0.541026485551579,2.54969595899476
1.43197666546683,0.618033988749895,2.35114100916989
1.42272539185415,0.68865585100403,2.14330717991599
1.41285804740627,0.752613360087727,1.92701469640686
1.40237117961223,0.809654104932039,1.70311716626029
1.3912611726002,0.859552971776503,1.47249821073871
1.37952425538175,0.902113032590307,1.23606797749979
1.36715651060764,0.937166322257262,0.99475954865942
1.35415388384109,0.964574501457377,0.7495252583429
1.34051219335467,0.984229402628956,0.501332934257218
1.32622714045732,0.996053456856543,0.251162078117254
1.31129432035757,1,2.44929359829471e-16
1.29570923356955,0.996053456856543,-0.251162078117254
1.27946729786822,0.984229402628956,-0.501332934257217
1.26256386079997,0.964574501457377,-0.749525258342899
1.2449942127552,0.937166322257262,-0.994759548659419
1.22675360060881,0.902113032590307,-1.23606797749979
1.20783724193477,0.859552971776503,-1.47249821073871
1.18824033980052,0.809654104932039,-1.70311716626029
1.16795809814678,0.752613360087727,-1.92701469640686
1.14698573775812,0.68865585100403,-2.14330717991599
1.12531851282905,0.618033988749895,-2.35114100916989
1.10295172813023,0.541026485551579,-2.54969595899476
1.07988075677889,0.457937254842823,-2.73818842371475
1.05610105861677,0.369094211857378,-2.91587450968565
1.03160819919882,0.27484797949738,-3.08205297110316
1.00639786939468,0.175570504584946,-3.23606797749979
0.980465905604647,0.0716535899579933,-3.37731170200806
0.953808310590942,-0.0364926517965696,-3.50522672017545
0.926421274924246,-0.148441416869855,-3.61930820986408
0.89830119904451,-0.263750894630644,-3.71910594355301
0.726142650587443,-1.6180339887499,-3.80422606518061
0.755404433307845,-1.73624910536936,-3.71910594355301
0.783934694715909,-1.85155858313015,-3.61930820986408
0.811735809370076,-1.96350734820343,-3.50522672017545
0.838810410404933,-2.07165358995799,-3.37731170200806
0.86516136683001,-2.17557050458495,-3.23606797749979
0.890791761417921,-2.27484797949738,-3.08205297110316
0.91570486918554,-2.36909421185738,-2.91587450968565
0.939904136470871,-2.45793725484282,-2.73818842371475
0.963393160607323,-2.54102648555158,-2.54969595899476
0.986175670196189,-2.6180339887499,-2.35114100916989
1.00825550597734,-2.68865585100403,-2.14330717991599
1.02963660229737,-2.75261336008773,-1.92701469640686
1.05032296917369,-2.80965410493204,-1.70311716626029
1.07031867495261,-2.8595529717765,-1.47249821073871
1.08962782955857,-2.90211303259031,-1.23606797749979
1.10825456833153,-2.93716632225726,-0.994759548659419
1.12620303644883,-2.96457450145738,-0.749525258342899
1.1434773739274,-2.98422940262896,-0.501332934257217
1.16008170120217,-2.99605345685654,-0.251162078117254
1.17602010527572,-3,2.44929359829471e-16
1.19129662643454,-2.99605345685654,0.251162078117254
1.20591524552655,-2.98422940262896,0.501332934257218
1.21987987179463,-2.96457450145738,0.7495252583429
1.23319433126088,-2.93716632225726,0.994759548659419
1.24586235565596,-2.90211303259031,1.23606797749979
1.25788757188806,-2.8595529717765,1.47249821073871
1.26927349204596,-2.80965410493204,1.70311716626029
1.28002350393064,-2.75261336008773,1.92701469640686
1.29014086211016,-2.68865585100403,2.14330717991599
1.29962867949216,-2.61803398874989,2.35114100916989
1.30848991940916,-2.54102648555158,2.54969595899476
1.31672738821128,-2.45793725484282,2.73818842371475
1.32434372836161,-2.36909421185738,2.91587450968565
1.33134141202967,-2.27484797949738,3.08205297110316
1.33772273517832,-2.17557050458495,3.23606797749979
1.34348981213998,-2.07165358995799,3.37731170200806
1.34864457067833,-1.96350734820343,3.50522672017545
1.3531887475317,-1.85155858313015,3.61930820986408
1.35712388443479,-1.73624910536936,3.71910594355301
1.36045132461589,-1.61803398874989,3.80422606518061
1.36045132461589,-0.381966011250105,3.80422606518061
1.35712388443479,-0.263750894630643,3.71910594355301
1.3531887475317,-0.148441416869854,3.61930820986408
1.34864457067833,-0.03649265179657,3.50522672017545
1.34348981213998,0.0716535899579929,3.37731170200806
1.33772273517832,0.175570504584946,3.23606797749979
1.33134141202967,0.274847979497379,3.08205297110316
1.32434372836161,0.369094211857377,2.91587450968565
1.31672738821128,0.457937254842823,2.73818842371475
1.30848991940916,0.541026485551579,2.54969595899476
1.29962867949216,0.618033988749895,2.35114100916989
1.29014086211016,0.68865585100403,2.14330717991599
1.28002350393064,0.752613360087727,1.92701469640686
1.26927349204596,0.809654104932039,1.70311716626029
1.25788757188806,0.859552971776503,1.47249821073871
1.24586235565596,0.902113032590307,1.23606797749979
1.23319433126088,0.937166322257262,0.99475954865942
1.21987987179463,0.964574501457377,0.7495252583429
1.20591524552655,0.984229402628956,0.501332934257218
1.19129662643454,0.996053456856543,0.251162078117254
1.17602010527572,1,2.44929359829471e-16
1.16008170120217,0.996053456856543,-0.251162078117254
1.1434773739274,0.984229402628956,-0.501332934257217
1.12620303644883,0.964574501457377,-0.749525258342899
1.10825456833153,0.937166322257262,-0.994759548659419
1.08962782955857,0.902113032590307,-1.23606797749979
1.07031867495261,0.859552971776503,-1.47249821073871
1.05032296917369,0.809654104932039,-1.70311716626029
1.02963660229737,0.752613360087727,-1.92701469640686
1.00825550597734,0.68865585100403,-2.14330717991599
0.986175670196189,0.618033988749895,-2.35114100916989
0.963393160607323,0.541026485551579,-2.54969595899476
0.939904136470871,0.457937254842823,-2.73818842371475
0.91570486918554,0.369094211857378,-2.91587450968565
0.890791761417921,0.27484797949738,-3.08205297110316
0.86516136683001,0.175570504584946,-3.23606797749979
0.838810410404933,0.0716535899579933,-3.37731170200806
0.811735809370076,-0.0364926517965696,-3.50522672017545
0.783934694715909,-0.148441416869855,-3.61930820986408
0.755404433307845,-0.263750894630644,-3.71910594355301
0.577686899846416,-1.6180339887499,-3.80422606518061
0.607288979205364,-1.73624910536936,-3.71910594355301
0.636166394914923,-1.85155858313015,-3.61930820986408
0.664320500127311,-1.96350734820343,-3.50522672017545
0.691752932548494,-2.07165358995799,-3.37731170200806
0.718465591766033,-2.17557050458495,-3.23606797749979
0.744460617141212,-2.27484797949738,-3.08205297110316
0.769740366270911,-2.36909421185738,-2.91587450968565
0.794307394023674,-2.45793725484282,-2.73818842371475
0.818164432153337,-2.54102648555158,-2.54969595899476
0.841314369492734,-2.6180339887499,-2.35114100916989
0.863760232729067,-2.68865585100403,-2.14330717991599
0.885505167761733,-2.75261336008773,-1.92701469640686
0.906552421642708,-2.80965410493204,-1.70311716626029
0.926905325098839,-2.8595529717765,-1.47249821073871
0.946567275634837,-2.90211303259031,-1.23606797749979
0.965541721215173,-2.93716632225726,-0.994759548659419
0.983832144522582,-2.96457450145738,-0.749525258342899
1.00144204779043,-2.98422940262896,-0.501332934257217
1.01837493820582,-2.99605345685654,-0.251162078117254
1.03463431387991,-3,2.44929359829471e-16
1.05022365038171,-2.99605345685654,0.251162078117254
1.06514638783124,-2.98422940262896,0.501332934257218
1.07940591854795,-2.96457450145738,0.7495252583429
1.09300557524977,-2.93716632225726,0.994759548659419
1.10594861979847,-2.90211303259031,1.23606797749979
1.11823823248657,-2.8595529717765,1.47249821073871
1.1298775018612,-2.80965410493204,1.70311716626029
1.14086941508026,-2.75261336008773,1.92701469640686
1.15121684879603,-2.68865585100403,2.14330717991599
1.16092256056193,-2.61803398874989,2.35114100916989
1.16998918075767,-2.54102648555158,2.54969595899476
1.17841920502841,-2.45793725484282,2.73818842371475
1.18621498723379,-2.36909421185738,2.91587450968565
1.19337873290256,-2.27484797949738,3.08205297110316
1.19991249318895,-2.17557050458495,3.23606797749979
1.20581815932709,-2.07165358995799,3.37731170200806
1.21109745757994,-1.96350734820343,3.50522672017545
1.21575194467946,-1.85155858313015,3.61930820986408
1.2197830037551,-1.73624910536936,3.71910594355301
1.22319184074782,-1.61803398874989,3.80422606518061
1.22319184074782,-0.381966011250105,3.80422606518061
1.2197830037551,-0.263750894630643,3.71910594355301
1.21575194467946,-0.148441416869854,3.61930820986408
1.21109745757994,-0.03649265179657,3.50522672017545
1.20581815932709,0.0716535899579929,3.37731170200806
1.19991249318895,0.175570504584946,3.23606797749979
1.19337873290256,0.274847979497379,3.08205297110316
1.18621498723379,0.369094211857377,2.91587450968565
1.17841920502841,0.457937254842823,2.73818842371475
1.16998918075767,0.541026485551579,2.54969595899476
1.16092256056193,0.618033988749895,2.35114100916989
1.15121684879603,0.68865585100403,2.14330717991599
1.14086941508026,0.752613360087727,1.92701469640686
1.1298775018612,0.809654104932039,1.70311716626029
1.11823823248657,0.859552971776503,1.47249821073871
1.10594861979847,0.902113032590307,1.23606797749979
1.09300557524977,0.937166322257262,0.99475954865942
1.07940591854795,0.964574501457377,0.7495252583429
1.06514638783124,0.984229402628956,0.501332934257218
1.05022365038171,0.996053456856543,0.251162078117254
1.03463431387991,1,2.44929359829471e-16
1.01837493820582,0.996053456856543,-0.251162078117254
1.00144204779043,0.984229402628956,-0.501332934257217
0.983832144522582,0.964574501457377,-0.749525258342899
0.965541721215173,0.937166322257262,-0.994759548659419
0.946567275634837,0.902113032590307,-1.23606797749979
0.926905325098839,0.859552971776503,-1.47249821073871
0.906552421642708,0.809654104932039,-1.70311716626029
0.885505167761733,0.752613360087727,-1.92701469640686
0.863760232729067,0.68865585100403,-2.14330717991599
0.841314369492734,0.618033988749895,-2.35114100916989
0.818164432153337,0.541026485551579,-2.54969595899476
0.794307394023674,0.457937254842823,-2.73818842371475
0.769740366270911,0.369094211857378,-2.91587450968565
0.744460617141212,0.27484797949738,-3.08205297110316
0.718465591766033,0.175570504584946,-3.23606797749979
0.691752932548494,0.0716535899579933,-3.37731170200806
0.664320500127311,-0.0364926517965696,-3.50522672017545
0.636166394914923,-0.148441416869855,-3.61930820986408
0.607288979205364,-0.263750894630644,-3.71910594355301
0.424345843668784,-1.6180339887499,-3.80422606518061
0.454217218181954,-1.73624910536936,-3.71910594355301
0.483372867552735,-1.85155858313015,-3.61930820986408
0.511813096882845,-1.96350734820343,-3.50522672017545
0.5395385216352,-2.07165358995799,-3.37731170200806
0.566550045051738,-2.17557050458495,-3.23606797749979
0.592848836108373,-2.27484797949738,-3.08205297110316
0.618436308014393,-2.36909421185738,-2.91587450968565
0.6433140972625,-2.45793725484282,-2.73818842371475
0.667484043234638,-2.54102648555158,-2.54969595899476
0.690948168367774,-2.6180339887499,-2.35114100916989
0.713708658882884,-2.68865585100403,-2.14330717991599
0.735767846079558,-2.75261336008773,-1.92701469640686
0.757128188197822,-2.80965410493204,-1.70311716626029
0.777792252848108,-2.8595529717765,-1.47249821073871
0.79776270000955,-2.90211303259031,-1.23606797749979
0.817042265596277,-2.93716632225726,-0.994759548659419
0.835633745590745,-2.96457450145738,-0.749525258342899
0.853539980742682,-2.98422940262896,-0.501332934257217
0.870763841831794,-2.99605345685654,-0.251162078117254
0.88730821549193,-3,2.44929359829471e-16
0.903175990594137,-2.99605345685654,0.251162078117254
0.918370045185651,-2.98422940262896,0.501332934257218
0.932893233981692,-2.96457450145738,0.7495252583429
0.94674837640666,-2.93716632225726,0.994759548659419
0.959938245181201,-2.90211303259031,1.23606797749979
0.972465555451457,-2.8595529717765,1.47249821073871
0.984332954456728,-2.80965410493204,1.70311716626029
0.995543011731721,-2.75261336008773,1.92701469640686
1.00609820983953,-2.68865585100403,2.14330717991599
1.01600093563151,-2.61803398874989,2.35114100916989
1.02525347203019,-2.54102648555158,2.54969595899476
1.03385799033164,-2.45793725484282,2.73818842371475
1.04181654302336,-2.36909421185738,2.91587450968565
1.04913105711455,-2.27484797949738,3.08205297110316
1.05580332797499,-2.17557050458495,3.23606797749979
1.0618350136796,-2.07165358995799,3.37731170200806
1.06722762985552,-1.96350734820343,3.50522672017545
1.07198254502891,-1.85155858313015,3.61930820986408
1.0761009764688,-1.73624910536936,3.71910594355301
1.07958398652572,-1.61803398874989,3.80422606518061
1.07958398652572,-0.381966011250105,3.80422606518061
1.0761009764688,-0.263750894630643,3.71910594355301
1.07198254502891,-0.148441416869854,3.61930820986408
1.06722762985552,-0.03649265179657,3.50522672017545
1.0618350136796,0.0716535899579929,3.37731170200806
1.05580332797499,0.175570504584946,3.23606797749979
1.04913105711455,0.274847979497379,3.08205297110316
1.04181654302336,0.369094211857377,2.91587450968565
1.03385799033164,0.457937254842823,2.73818842371475
1.02525347203019,0.541026485551579,2.54969595899476
1.01600093563151,0.618033988749895,2.35114100916989
1.00609820983953,0.68865585100403,2.14330717991599
0.995543011731721,0.752613360087727,1.92701469640686
0.984332954456728,0.809654104932039,1.70311716626029
0.972465555451457,0.859552971776503,1.47249821073871
0.959938245181201,0.902113032590307,1.23606797749979
0.94674837640666,0.937166322257262,0.99475954865942
0.932893233981692,0.964574501457377,0.7495252583429
0.918370045185651,0.984229402628956,0.501332934257218
0.903175990594137,0.996053456856543,0.251162078117254
0.88730821549193,1,2.44929359829471e-16
0.870763841831794,0.996053456856543,-0.251162078117254
0.853539980742682,0.984229402628956,-0.501332934257217
0.835633745590745,0.964574501457377,-0.749525258342899
0.817042265596277,0.937166322257262,-0.994759548659419
0.79776270000955,0.902113032590307,-1.23606797749979
0.777792252848108,0.859552971776503,-1.47249821073871
0.757128188197822,0.809654104932039,-1.70311716626029
0.735767846079557,0.752613360087727,-1.92701469640686
0.713708658882884,0.68865585100403,-2.14330717991599
0.690948168367774,0.618033988749895,-2.35114100916989
0.667484043234638,0.541026485551579,-2.54969595899476
0.6433140972625,0.457937254842823,-2.73818842371475
0.618436308014393,0.369094211857378,-2.91587450968565
0.592848836108373,0.27484797949738,-3.08205297110316
0.566550045051738,0.175570504584946,-3.23606797749979
0.5395385216352,0.0716535899579933,-3.37731170200806
0.511813096882844,-0.0364926517965696,-3.50522672017545
0.483372867552735,-0.148441416869855,-3.61930820986408
0.454217218181954,-0.263750894630644,-3.71910594355301
0.266442727069438,-1.6180339887499,-3.80422606518061
0.296506377955571,-1.73624910536936,-3.71910594355301
0.325865427200896,-1.85155858313015,-3.61930820986408
0.354519107883587,-1.96350734820343,-3.50522672017545
0.382466988957967,-2.07165358995799,-3.37731170200806
0.409708952827005,-2.17557050458495,-3.23606797749979
0.436245173422705,-2.27484797949738,-3.08205297110316
0.462076094803574,-2.36909421185738,-2.91587450968565
0.487202410277129,-2.45793725484282,-2.73818842371475
0.511625042054385,-2.54102648555158,-2.54969595899476
0.535345121442183,-2.6180339887499,-2.35114100916989
0.5583639695783,-2.68865585100403,-2.14330717991599
0.58068307871336,-2.75261336008773,-1.92701469640686
0.602304094042771,-2.80965410493204,-1.70311716626029
0.623228796091097,-2.8595529717765,-1.47249821073871
0.643459083650593,-2.90211303259031,-1.23606797749979
0.662996957274973,-2.93716632225726,-0.994759548659419
0.681844503328871,-2.96457450145738,-0.749525258342899
0.700003878592922,-2.98422940262896,-0.501332934257217
0.717477295423896,-2.99605345685654,-0.251162078117254
0.734267007468859,-3,2.44929359829471e-16
0.750375295931974,-2.99605345685654,0.251162078117254
0.765804456392181,-2.98422940262896,0.501332934257218
0.780556786169698,-2.96457450145738,0.7495252583429
0.79463457223904,-2.93716632225726,0.994759548659419
0.808040079686026,-2.90211303259031,1.23606797749979
0.820775540706061,-2.8595529717765,1.47249821073871
0.832843144140852,-2.80965410493204,1.70311716626029
0.844245025550612,-2.75261336008773,1.92701469640686
0.85498325781873,-2.68865585100403,2.14330717991599
0.865059842285844,-2.61803398874989,2.35114100916989
0.87447670041027,-2.54102648555158,2.54969595899476
0.88323566595174,-2.45793725484282,2.73818842371475
0.891338477675453,-2.36909421185738,2.91587450968565
0.898786772573539,-2.27484797949738,3.08205297110316
0.905582079601106,-2.17557050458495,3.23606797749979
0.911725813924193,-2.07165358995799,3.37731170200806
0.917219271677057,-1.96350734820343,3.50522672017545
0.922063625226418,-1.85155858313015,3.61930820986408
0.92625991894043,-1.73624910536936,3.71910594355301
0.929809065460373,-1.61803398874989,3.80422606518061
0.929809065460373,-0.381966011250105,3.80422606518061
0.92625991894043,-0.263750894630643,3.71910594355301
0.922063625226418,-0.148441416869854,3.61930820986408
0.917219271677057,-0.03649265179657,3.50522672017545
0.911725813924193,0.0716535899579929,3.37731170200806
0.905582079601106,0.175570504584946,3.23606797749979
0.898786772573539,0.274847979497379,3.08205297110316
0.891338477675453,0.369094211857377,2.91587450968565
0.88323566595174,0.457937254842823,2.73818842371475
0.87447670041027,0.541026485551579,2.54969595899476
0.865059842285844,0.618033988749895,2.35114100916989
0.85498325781873,0.68865585100403,2.14330717991599
0.844245025550612,0.752613360087727,1.92701469640686
0.832843144140852,0.809654104932039,1.70311716626029
0.82077554070606,0.859552971776503,1.47249821073871
0.808040079686026,0.902113032590307,1.23606797749979
0.79463457223904,0.937166322257262,0.99475954865942
0.780556786169698,0.964574501457377,0.7495252583429
0.765804456392181,0.984229402628956,0.501332934257218
0.750375295931974,0.996053456856543,0.251162078117254
0.734267007468859,1,2.44929359829471e-16
0.717477295423896,0.996053456856543,-0.251162078117254
0.700003878592922,0.984229402628956,-0.501332934257217
0.681844503328871,0.964574501457377,-0.749525258342899
0.662996957274973,0.937166322257262,-0.994759548659419
0.643459083650593,0.902113032590307,-1.23606797749979
0.623228796091097,0.859552971776503,-1.47249821073871
0.602304094042771,0.809654104932039,-1.70311716626029
0.58068307871336,0.752613360087727,-1.92701469640686
0.5583639695783,0.68865585100403,-2.14330717991599
0.535345121442183,0.618033988749895,-2.35114100916989
0.511625042054385,0.541026485551579,-2.54969595899476
0.487202410277129,0.457937254842823,-2.73818842371475
0.462076094803574,0.369094211857378,-2.91587450968565
0.436245173422705,0.27484797949738,-3.08205297110316
0.409708952827005,0.175570504584946,-3.23606797749979
0.382466988957967,0.0716535899579933,-3.37731170200806
0.354519107883587,-0.0364926517965696,-3.50522672017545
0.325865427200896,-0.148441416869855,-3.61930820986408
0.29650637795557,-0.263750894630644,-3.71910594355301
0.104358357555803,-1.6180339887499,-3.80422606518061
0.134531274088991,-1.73624910536936,-3.71910594355301
0.164012995418943,-1.85155858313015,-3.61930820986408
0.192801661681201,-1.96350734820343,-3.50522672017545
0.220895773979429,-2.07165358995799,-3.37731170200806
0.248294172180945,-2.17557050458495,-3.23606797749979
0.274996013188818,-2.27484797949738,-3.08205297110316
0.301000749701555,-2.36909421185738,-2.91587450968565
0.326308109470184,-2.45793725484282,-2.73818842371475
0.350918075061425,-2.54102648555158,-2.54969595899476
0.374830864134577,-2.6180339887499,-2.35114100916989
0.398046910238723,-2.68865585100403,-2.14330717991599
0.420566844135966,-2.75261336008773,-1.92701469640686
0.442391475655481,-2.80965410493204,-1.70311716626029
0.463521776082395,-2.8595529717765,-1.47249821073871
0.483958861084729,-2.90211303259031,-1.23606797749979
0.50370397418093,-2.93716632225726,-0.994759548659419
0.522758470749899,-2.96457450145738,-0.749525258342899
0.541123802584815,-2.98422940262896,-0.501332934257217
0.5588015029915,-2.99605345685654,-0.251162078117254
0.575793172431627,-3,2.44929359829471e-16
0.592100464710573,-2.99605345685654,0.251162078117254
0.607725073709378,-2.98422940262896,0.501332934257218
0.622668720659887,-2.96457450145738,0.7495252583429
0.636933141961863,-2.93716632225726,0.994759548659419
0.650520077540589,-2.90211303259031,1.23606797749979
0.663431259743256,-2.8595529717765,1.47249821073871
0.675668402772245,-2.80965410493204,1.70311716626029
0.687233192653252,-2.75261336008773,1.92701469640686
0.698127277736123,-2.68865585100403,2.14330717991599
0.708352259726124,-2.61803398874989,2.35114100916989
0.717909685243384,-2.54102648555158,2.54969595899476
0.726801037908174,-2.45793725484282,2.73818842371475
0.735027730949719,-2.36909421185738,2.91587450968565
0.742591100336261,-2.27484797949738,3.08205297110316
0.749492398424143,-2.17557050458495,3.23606797749979
0.755732788123761,-2.07165358995799,3.37731170200806
0.761313337580333,-1.96350734820343,3.50522672017545
0.766235015367546,-1.85155858313015,3.61930820986408
0.770498686192265,-1.73624910536936,3.71910594355301
0.774105107108669,-1.61803398874989,3.80422606518061
0.774105107108669,-0.381966011250105,3.80422606518061
0.770498686192265,-0.263750894630643,3.71910594355301
0.766235015367546,-0.148441416869854,3.61930820986408
0.761313337580333,-0.03649265179657,3.50522672017545
0.755732788123761,0.0716535899579929,3.37731170200806
0.749492398424143,0.175570504584946,3.23606797749979
0.742591100336261,0.274847979497379,3.08205297110316
0.735027730949719,0.369094211857377,2.91587450968565
0.726801037908174,0.457937254842823,2.73818842371475
0.717909685243384,0.541026485551579,2.54969595899476
0.708352259726124,0.618033988749895,2.35114100916989
0.698127277736123,0.68865585100403,2.14330717991599
0.687233192653252,0.752613360087727,1.92701469640686
0.675668402772245,0.809654104932039,1.70311716626029
0.663431259743256,0.859552971776503,1.47249821073871
0.650520077540589,0.902113032590307,1.23606797749979
0.636933141961863,0.937166322257262,0.99475954865942
0.622668720659887,0.964574501457377,0.7495252583429
0.607725073709378,0.984229402628956,0.501332934257218
0.592100464710573,0.996053456856543,0.251162078117254
0.575793172431627,1,2.44929359829471e-16
0.5588015029915,0.996053456856543,-0.251162078117254
0.541123802584815,0.984229402628956,-0.501332934257217
0.522758470749899,0.964574501457377,-0.749525258342899
0.50370397418093,0.937166322257262,-0.994759548659419
0.483958861084729,0.902113032590307,-1.23606797749979
0.463521776082395,0.859552971776503,-1.47249821073871
0.442391475655481,0.809654104932039,-1.70311716626029
0.420566844135966,0.752613360087727,-1.92701469640686
0.398046910238723,0.68865585100403,-2.14330717991599
0.374830864134577,0.618033988749895,-2.35114100916989
0.350918075061425,0.541026485551579,-2.54969595899476
0.326308109470184,0.457937254842823,-2.73818842371475
0.301000749701555,0.369094211857378,-2.91587450968565
0.274996013188818,0.27484797949738,-3.08205297110316
0.248294172180945,0.175570504584946,-3.23606797749979
0.220895773979429,0.0716535899579933,-3.37731170200806
0.192801661681201,-0.0364926517965696,-3.50522672017545
0.164012995418943,-0.148441416869855,-3.61930820986408
0.134531274088991,-0.263750894630644,-3.71910594355301
-0.0614664567239667,-1.6180339887499,-3.80422606518061
-0.0312732030405071,-1.73624910536936,-3.71910594355301
-0.00175536479502879,-1.85155858313015,-3.61930820986408
0.0270840877350956,-1.96350734820343,-3.50522672017545
0.0552425697713033,-2.07165358995799,-3.37731170200806
0.0827178601242404,-2.17557050458495,-3.23606797749979
0.109508079727328,-2.27484797949738,-3.08205297110316
0.135611670626317,-2.36909421185738,-2.91587450968565
0.161027375436519,-2.45793725484282,-2.73818842371475
0.185754217278152,-2.54102648555158,-2.54969595899476
0.209791480199199,-2.6180339887499,-2.35114100916989
0.233138690094106,-2.68865585100403,-2.14330717991599
0.255795596125668,-2.75261336008773,-1.92701469640686
0.277762152656549,-2.80965410493204,-1.70311716626029
0.299038501696021,-2.8595529717765,-1.47249821073871
0.319624955866676,-2.90211303259031,-1.23606797749979
0.339521981895176,-2.93716632225726,-0.994759548659419
0.358730184630362,-2.96457450145738,-0.749525258342899
0.377250291591429,-2.98422940262896,-0.501332934257217
0.395083138048305,-2.99605345685654,-0.251162078117254
0.412229652635791,-3,2.44929359829471e-16
0.428690843502579,-2.99605345685654,0.251162078117254
0.444467784995796,-2.98422940262896,0.501332934257218
0.459561604881333,-2.96457450145738,0.7495252583429
0.473973472099862,-2.93716632225726,0.994759548659419
0.487704585058144,-2.90211303259031,1.23606797749979
0.500756160454937,-2.8595529717765,1.47249821073871
0.51312942264061,-2.80965410493204,1.70311716626029
0.524825593509339,-2.75261336008773,1.92701469640686
0.535845882922617,-2.68865585100403,2.14330717991599
0.54619147966268,-2.61803398874989,2.35114100916989
0.555863542914348,-2.54102648555158,2.54969595899476
0.564863194273704,-2.45793725484282,2.73818842371475
0.573191510281996,-2.36909421185738,2.91587450968565
0.580849515483147,-2.27484797949738,3.08205297110316
0.587838176003235,-2.17557050458495,3.23606797749979
0.594158393650362,-2.07165358995799,3.37731170200806
0.599811000533369,-1.96350734820343,3.50522672017545
0.604796754197921,-1.85155858313015,3.61930820986408
0.609116333278593,-1.73624910536936,3.71910594355301
0.612770333665673,-1.61803398874989,3.80422606518061
0.612770333665673,-0.381966011250105,3.80422606518061
0.609116333278593,-0.263750894630643,3.71910594355301
0.604796754197921,-0.148441416869854,3.61930820986408
0.599811000533369,-0.03649265179657,3.50522672017545
0.594158393650362,0.0716535899579929,3.37731170200806
0.587838176003235,0.175570504584946,3.23606797749979
0.580849515483147,0.274847979497379,3.08205297110316
0.573191510281996,0.369094211857377,2.91587450968565
0.564863194273704,0.457937254842823,2.73818842371475
0.555863542914348,0.541026485551579,2.54969595899476
0.54619147966268,0.618033988749895,2.35114100916989
0.535845882922617,0.68865585100403,2.14330717991599
0.524825593509339,0.752613360087727,1.92701469640686
0.51312942264061,0.809654104932039,1.70311716626029
0.500756160454937,0.859552971776503,1.47249821073871
0.487704585058144,0.902113032590307,1.23606797749979
0.473973472099862,0.937166322257262,0.99475954865942
0.459561604881333,0.964574501457377,0.7495252583429
0.444467784995796,0.984229402628956,0.501332934257218
0.428690843502579,0.996053456856543,0.251162078117254
0.412229652635791,1,2.44929359829471e-16
0.395083138048305,0.996053456856543,-0.251162078117254
0.377250291591429,0.984229402628956,-0.501332934257217
0.358730184630362,0.964574501457377,-0.749525258342899
0.339521981895176,0.937166322257262,-0.994759548659419
0.319624955866676,0.902113032590307,-1.23606797749979
0.299038501696021,0.859552971776503,-1.47249821073871
0.277762152656549,0.809654104932039,-1.70311716626029
0.255795596125667,0.752613360087727,-1.92701469640686
0.233138690094106,0.68865585100403,-2.14330717991599
0.209791480199199,0.618033988749895,-2.35114100916989
0.185754217278152,0.541026485551579,-2.54969595899476
0.161027375436519,0.457937254842823,-2.73818842371475
0.135611670626317,0.369094211857378,-2.91587450968565
0.109508079727328,0.27484797949738,-3.08205297110316
0.0827178601242404,0.175570504584946,-3.23606797749979
0.0552425697713033,0.0716535899579933,-3.37731170200806
0.0270840877350956,-0.0364926517965696,-3.50522672017545
-0.00175536479503012,-0.148441416869855,-3.61930820986408
-0.0312732030405071,-0.263750894630644,-3.71910594355301
-0.230528786189804,-1.6180339887499,-3.80422606518061
-0.200409913926159,-1.73624910536936,-3.71910594355301
-0.170948222581276,-1.85155858313015,-3.61930820986408
-0.142147806462371,-1.96350734820343,-3.50522672017545
-0.114012350554319,-2.07165358995799,-3.37731170200806
-0.086545152059203,-2.17557050458495,-3.23606797749979
-0.0597491415282564,-2.27484797949738,-3.08205297110316
-0.0336269035714662,-2.36909421185738,-2.91587450968565
-0.00818069713133161,-2.45793725484282,-2.73818842371475
0.0165875246914472,-2.54102648555158,-2.54969595899476
0.040676095271513,-2.6180339887499,-2.35114100916989
0.0640836155616701,-2.68865585100403,-2.14330717991599
0.0868089356740128,-2.75261336008773,-1.92701469640686
0.108851136947446,-2.80965410493204,-1.70311716626029
0.130209514508783,-2.8595529717765,-1.47249821073871
0.15088356033374,-2.90211303259031,-1.23606797749979
0.170872946813389,-2.93716632225726,-0.994759548659419
0.190177510830881,-2.96457450145738,-0.749525258342899
0.208797238352549,-2.98422940262896,-0.501332934257217
0.22673224953693,-2.99605345685654,-0.251162078117254
0.243982784364571,-3,2.44929359829471e-16
0.260549188791059,-2.99605345685654,0.251162078117254
0.276431901425114,-2.98422940262896,0.501332934257218
0.291631440733248,-2.96457450145738,0.7495252583429
0.306148392772003,-2.93716632225726,0.994759548659419
0.31998339944848,-2.90211303259031,1.23606797749979
0.333137147309531,-2.8595529717765,1.47249821073871
0.345610356859699,-2.80965410493204,1.70311716626029
0.357403772407758,-2.75261336008773,1.92701469640686
0.368518152441493,-2.68865585100403,2.14330717991599
0.378954260530163,-2.61803398874989,2.35114100916989
0.388712856753975,-2.54102648555158,2.54969595899476
0.397794689659761,-2.45793725484282,2.73818842371475
0.406200488741952,-2.36909421185738,2.91587450968565
0.4139309574479,-2.27484797949738,3.08205297110316
0.420986766706553,-2.17557050458495,3.23606797749979
0.427368548979459,-2.07165358995799,3.37731170200806
0.433076892833097,-1.96350734820343,3.50522672017545
0.43811233803155,-1.85155858313015,3.61930820986408
0.442475371148561,-1.73624910536936,3.71910594355301
0.446166421698114,-1.61803398874989,3.80422606518061
0.446166421698114,-0.381966011250105,3.80422606518061
0.442475371148561,-0.263750894630643,3.71910594355301
0.43811233803155,-0.148441416869854,3.61930820986408
0.433076892833097,-0.03649265179657,3.50522672017545
0.427368548979459,0.0716535899579929,3.37731170200806
0.420986766706553,0.175570504584946,3.23606797749979
0.4139309574479,0.274847979497379,3.08205297110316
0.406200488741952,0.369094211857377,2.91587450968565
0.397794689659761,0.457937254842823,2.73818842371475
0.388712856753975,0.541026485551579,2.54969595899476
0.378954260530163,0.618033988749895,2.35114100916989
0.368518152441493,0.68865585100403,2.14330717991599
0.357403772407758,0.752613360087727,1.92701469640686
0.345610356859699,0.809654104932039,1.70311716626029
0.333137147309531,0.859552971776503,1.47249821073871
0.31998339944848,0.902113032590307,1.23606797749979
0.306148392772003,0.937166322257262,0.99475954865942
0.291631440733248,0.964574501457377,0.7495252583429
0.276431901425114,0.984229402628956,0.501332934257218
0.260549188791059,0.996053456856543,0.251162078117254
0.243982784364571,1,2.44929359829471e-16
0.22673224953693,0.996053456856543,-0.251162078117254
0.208797238352549,0.984229402628956,-0.501332934257217
0.190177510830881,0.964574501457377,-0.749525258342899
0.170872946813389,0.937166322257262,-0.994759548659419
0.150883560333739,0.902113032590307,-1.23606797749979
0.130209514508783,0.859552971776503,-1.47249821073871
0.108851136947446,0.809654104932039,-1.70311716626029
0.0868089356740128,0.752613360087727,-1.92701469640686
0.0640836155616701,0.68865585100403,-2.14330717991599
0.040676095271513,0.618033988749895,-2.35114100916989
0.0165875246914472,0.541026485551579,-2.54969595899476
-0.00818069713133161,0.457937254842823,-2.73818842371475
-0.0336269035714662,0.369094211857378,-2.91587450968565
-0.0597491415282564,0.27484797949738,-3.08205297110316
-0.086545152059203,0.175570504584946,-3.23606797749979
-0.114012350554319,0.0716535899579933,-3.37731170200806
-0.142147806462372,-0.0364926517965696,-3.50522672017545
-0.170948222581276,-0.148441416869855,-3.61930820986408
-0.200409913926159,-0.263750894630644,-3.71910594355301
-0.402261838114127,-1.6180339887499,-3.80422606518061
-0.372317670030597,-1.73624910536936,-3.71910594355301
-0.343009922615501,-1.85155858313015,-3.61930820986408
-0.31434382355829,-1.96350734820343,-3.50522672017545
-0.286324168262515,-2.07165358995799,-3.37731170200806
-0.258955340937189,-2.17557050458495,-3.23606797749979
-0.232241335318116,-2.27484797949738,-3.08205297110316
-0.206185775002601,-2.36909421185738,-2.91587450968565
-0.180791933382241,-2.45793725484282,-2.73818842371475
-0.156062753159752,-2.54102648555158,-2.54969595899476
-0.132000865436934,-2.6180339887499,-2.35114100916989
-0.108608608362002,-2.68865585100403,-2.14330717991599
-0.0858880453255602,-2.75261336008773,-1.92701469640686
-0.0638409826954802,-2.80965410493204,-1.70311716626029
-0.0424689870819225,-2.8595529717765,-1.47249821073871
-0.0217734021245728,-2.90211303259031,-1.23606797749979
-0.00175536479502879,-2.93716632225726,-0.994759548659419
0.0175841787919562,-2.96457450145738,-0.749525258342899
0.0362444580639408,-2.98422940262896,-0.501332934257217
0.0542248631778792,-2.99605345685654,-0.251162078117254
0.0715249307130816,-3,2.44929359829471e-16
0.0881443298737379,-2.99605345685654,0.251162078117254
0.104082849204162,-2.98422940262896,0.501332934257218
0.119340383819426,-2.96457450145738,0.7495252583429
0.133916923153587,-2.93716632225726,0.994759548659419
0.147812539227342,-2.90211303259031,1.23606797749979
0.16102737543652,-2.8595529717765,1.47249821073871
0.173561635862567,-2.80965410493204,1.70311716626029
0.185415575105812,-2.75261336008773,1.92701469640686
0.196589488642095,-2.68865585100403,2.14330717991599
0.207083703703096,-2.61803398874989,2.35114100916989
0.2168985706805,-2.54102648555158,2.54969595899476
0.22603445505398,-2.45793725484282,2.73818842371475
0.234491729842838,-2.36909421185738,2.91587450968565
0.242270768581044,-2.27484797949738,3.08205297110316
0.24937193881529,-2.17557050458495,3.23606797749979
0.255795596125668,-2.07165358995799,3.37731170200806
0.261542078668481,-1.96350734820343,3.50522672017545
0.266611702240719,-1.85155858313015,3.61930820986408
0.271004755865679,-1.73624910536936,3.71910594355301
0.274721497899277,-1.61803398874989,3.80422606518061
0.274721497899277,-0.381966011250105,3.80422606518061
0.271004755865679,-0.263750894630643,3.71910594355301
0.266611702240719,-0.148441416869854,3.61930820986408
0.261542078668481,-0.03649265179657,3.50522672017545
0.255795596125668,0.0716535899579929,3.37731170200806
0.24937193881529,0.175570504584946,3.23606797749979
0.242270768581044,0.274847979497379,3.08205297110316
0.234491729842838,0.369094211857377,2.91587450968565
0.22603445505398,0.457937254842823,2.73818842371475
0.2168985706805,0.541026485551579,2.54969595899476
0.207083703703096,0.618033988749895,2.35114100916989
0.196589488642095,0.68865585100403,2.14330717991599
0.185415575105812,0.752613360087727,1.92701469640686
0.173561635862567,0.809654104932039,1.70311716626029
0.16102737543652,0.859552971776503,1.47249821073871
0.147812539227342,0.902113032590307,1.23606797749979
0.133916923153587,0.937166322257262,0.99475954865942
0.119340383819426,0.964574501457377,0.7495252583429
0.104082849204162,0.984229402628956,0.501332934257218
0.0881443298737379,0.996053456856543,0.251162078117254
0.0715249307130816,1,2.44929359829471e-16
0.0542248631778792,0.996053456856543,-0.251162078117254
0.0362444580639408,0.984229402628956,-0.501332934257217
0.0175841787919562,0.964574501457377,-0.749525258342899
-0.00175536479502879,0.937166322257262,-0.994759548659419
-0.0217734021245728,0.902113032590307,-1.23606797749979
-0.0424689870819225,0.859552971776503,-1.47249821073871
-0.0638409826954802,0.809654104932039,-1.70311716626029
-0.0858880453255602,0.752613360087727,-1.92701469640686
-0.108608608362002,0.68865585100403,-2.14330717991599
-0.132000865436934,0.618033988749895,-2.35114100916989
-0.156062753159752,0.541026485551579,-2.54969595899476
-0.180791933382241,0.457937254842823,-2.73818842371475
-0.206185775002601,0.369094211857378,-2.91587450968565
-0.232241335318116,0.27484797949738,-3.08205297110316
-0.258955340937189,0.175570504584946,-3.23606797749979
-0.286324168262515,0.0716535899579933,-3.37731170200806
-0.31434382355829,-0.0364926517965696,-3.50522672017545
-0.343009922615501,-0.148441416869855,-3.61930820986408
-0.372317670030597,-0.263750894630644,-3.71910594355301
-0.57603365897598,-1.6180339887499,-3.80422606518061
-0.546369873398692,-1.73624910536936,-3.71910594355301
-0.517319163523512,-1.85155858313015,-3.61930820986408
-0.488887895095359,-1.96350734820343,-3.50522672017545
-0.461081979628994,-2.07165358995799,-3.37731170200806
-0.433906894971296,-2.17557050458495,-3.23606797749979
-0.407367705533081,-2.27484797949738,-3.08205297110316
-0.38146908217208,-2.36909421185738,-2.91587450968565
-0.356215321709937,-2.45793725484282,-2.73818842371475
-0.331610366067437,-2.54102648555158,-2.54969595899476
-0.307657821003286,-2.6180339887499,-2.35114100916989
-0.284360974442981,-2.68865585100403,-2.14330717991599
-0.261722814385343,-2.75261336008773,-1.92701469640686
-0.239746046375354,-2.80965410493204,-1.70311716626029
-0.218433110532896,-2.8595529717765,-1.47249821073871
-0.197786198127905,-2.90211303259031,-1.23606797749979
-0.177807267693357,-2.93716632225726,-0.994759548659419
-0.158498060668275,-2.96457450145738,-0.749525258342899
-0.139860116563759,-2.98422940262896,-0.501332934257217
-0.121894787645712,-2.99605345685654,-0.251162078117254
-0.104603253128664,-3,2.44929359829471e-16
-0.0879865328756509,-2.99605345685654,0.251162078117254
-0.0720455005997503,-2.98422940262896,0.501332934257218
-0.0567808965633681,-2.96457450145738,0.7495252583429
-0.0421933397718765,-2.93716632225726,0.994759548659419
-0.0282833396586723,-2.90211303259031,1.23606797749979
-0.0150513072590971,-2.8595529717765,1.47249821073871
-0.00249756587109674,-2.80965410493204,1.70311716626029
0.00937763879922072,-2.75261336008773,1.92701469640686
0.0205741290086207,-2.68865585100403,2.14330717991599
0.031091785865619,-2.61803398874989,2.35114100916989
0.0409305407381658,-2.54102648555158,2.54969595899476
0.0500903671809542,-2.45793725484282,2.73818842371475
0.0585712733829055,-2.36909421185738,2.91587450968565
0.0663732951352848,-2.27484797949738,3.08205297110316
0.0734964893207423,-2.17557050458495,3.23606797749979
0.0799409279234572,-2.07165358995799,3.37731170200806
0.0857066925604756,-1.96350734820343,3.50522672017545
0.0907938695342657,-1.85155858313015,3.61930820986408
0.0952025454064634,-1.73624910536936,3.71910594355301
0.0989328030926988,-1.61803398874989,3.80422606518061
0.0989328030926988,-0.381966011250105,3.80422606518061
0.0952025454064634,-0.263750894630643,3.71910594355301
0.0907938695342657,-0.148441416869854,3.61930820986408
0.0857066925604756,-0.03649265179657,3.50522672017545
0.0799409279234572,0.0716535899579929,3.37731170200806
0.0734964893207423,0.175570504584946,3.23606797749979
0.0663732951352848,0.274847979497379,3.08205297110316
0.0585712733829055,0.369094211857377,2.91587450968565
0.0500903671809542,0.457937254842823,2.73818842371475
0.0409305407381658,0.541026485551579,2.54969595899476
0.031091785865619,0.618033988749895,2.35114100916989
0.0205741290086207,0.68865585100403,2.14330717991599
0.00937763879922005,0.752613360087727,1.92701469640686
-0.00249756587109674,0.809654104932039,1.70311716626029
-0.0150513072590971,0.859552971776503,1.47249821073871
-0.0282833396586723,0.902113032590307,1.23606797749979
-0.0421933397718765,0.937166322257262,0.99475954865942
-0.0567808965633681,0.964574501457377,0.7495252583429
-0.0720455005997503,0.984229402628956,0.501332934257218
-0.0879865328756509,0.996053456856543,0.251162078117254
-0.104603253128664,1,2.44929359829471e-16
-0.121894787645712,0.996053456856543,-0.251162078117254
-0.139860116563759,0.984229402628956,-0.501332934257217
-0.158498060668275,0.964574501457377,-0.749525258342899
-0.177807267693357,0.937166322257262,-0.994759548659419
-0.197786198127905,0.902113032590307,-1.23606797749979
-0.218433110532897,0.859552971776503,-1.47249821073871
-0.239746046375354,0.809654104932039,-1.70311716626029
-0.261722814385343,0.752613360087727,-1.92701469640686
-0.284360974442981,0.68865585100403,-2.14330717991599
-0.307657821003286,0.618033988749895,-2.35114100916989
-0.331610366067437,0.541026485551579,-2.54969595899476
-0.356215321709937,0.457937254842823,-2.73818842371475
-0.38146908217208,0.369094211857378,-2.91587450968565
-0.407367705533081,0.27484797949738,-3.08205297110316
-0.433906894971296,0.175570504584946,-3.23606797749979
-0.461081979628994,0.0716535899579933,-3.37731170200806
-0.488887895095359,-0.0364926517965696,-3.50522672017545
-0.517319163523512,-0.148441416869855,-3.61930820986408
-0.546369873398692,-0.263750894630644,-3.71910594355301
-0.751146348673025,-1.6180339887499,-3.80422606518061
-0.721873663751497,-1.73624910536936,-3.71910594355301
-0.693188079448845,-1.85155858313015,-3.61930820986408
-0.665097099145398,-1.96350734820343,-3.50522672017545
-0.637607751231391,-2.07165358995799,-3.37731170200806
-0.610726609056865,-2.17557050458495,-3.23606797749979
-0.584459810592679,-2.27484797949738,-3.08205297110316
-0.558813077782385,-2.36909421185738,-2.91587450968565
-0.533791735566095,-2.45793725484282,-2.73818842371475
-0.509400730558766,-2.54102648555158,-2.54969595899476
-0.485644649366512,-2.6180339887499,-2.35114100916989
-0.46252773652577,-2.68865585100403,-2.14330717991599
-0.440053912051218,-2.75261336008773,-1.92701469640686
-0.418226788579464,-2.80965410493204,-1.70311716626029
-0.397049688096471,-2.8595529717765,-1.47249821073871
-0.376525658237703,-2.90211303259031,-1.23606797749979
-0.356657488150826,-2.93716632225726,-0.994759548659419
-0.337447723911705,-2.96457450145738,-0.749525258342899
-0.31889868348522,-2.98422940262896,-0.501332934257217
-0.30101247122318,-2.99605345685654,-0.251162078117254
-0.283790991892338,-3,2.44929359829471e-16
-0.26723596422618,-2.99605345685654,0.251162078117254
-0.251348933994773,-2.98422940262896,0.501332934257218
-0.236131286587537,-2.96457450145738,0.7495252583429
-0.221584259104366,-2.93716632225726,0.994759548659419
-0.207708951950988,-2.90211303259031,1.23606797749979
-0.194506339934948,-2.8595529717765,1.47249821073871
-0.181977282859001,-2.80965410493204,1.70311716626029
-0.170122535609088,-2.75261336008773,1.92701469640686
-0.158942757734449,-2.68865585100403,2.14330717991599
-0.1484385225177,-2.61803398874989,2.35114100916989
-0.138610325533066,-2.54102648555158,2.54969595899476
-0.129458592691129,-2.45793725484282,2.73818842371475
-0.120983687768773,-2.36909421185738,2.91587450968565
-0.11318591942317,-2.27484797949738,3.08205297110316
-0.106065547688835,-2.17557050458495,3.23606797749979
-0.0996227899569625,-2.07165358995799,3.37731170200806
-0.0938578264363799,-1.96350734820343,3.50522672017545
-0.0887708050955828,-1.85155858313015,3.61930820986408
-0.0843618460854133,-1.73624910536936,3.71910594355301
-0.0806310456420543,-1.61803398874989,3.80422606518061
-0.0806310456420543,-0.381966011250105,3.80422606518061
-0.0843618460854133,-0.263750894630643,3.71910594355301
-0.0887708050955828,-0.148441416869854,3.61930820986408
-0.0938578264363799,-0.03649265179657,3.50522672017545
-0.0996227899569625,0.0716535899579929,3.37731170200806
-0.106065547688835,0.175570504584946,3.23606797749979
-0.11318591942317,0.274847979497379,3.08205297110316
-0.120983687768773,0.369094211857377,2.91587450968565
-0.129458592691129,0.457937254842823,2.73818842371475
-0.138610325533066,0.541026485551579,2.54969595899476
-0.1484385225177,0.618033988749895,2.35114100916989
-0.158942757734449,0.68865585100403,2.14330717991599
-0.17012253560909,0.752613360087727,1.92701469640686
-0.181977282859001,0.809654104932039,1.70311716626029
-0.194506339934948,0.859552971776503,1.47249821073871
-0.207708951950988,0.902113032590307,1.23606797749979
-0.221584259104366,0.937166322257262,0.99475954865942
-0.236131286587537,0.964574501457377,0.7495252583429
-0.251348933994773,0.984229402628956,0.501332934257218
-0.26723596422618,0.996053456856543,0.251162078117254
-0.283790991892338,1,2.44929359829471e-16
-0.30101247122318,0.996053456856543,-0.251162078117254
-0.31889868348522,0.984229402628956,-0.501332934257217
-0.337447723911705,0.964574501457377,-0.749525258342899
-0.356657488150826,0.937166322257262,-0.994759548659419
-0.376525658237705,0.902113032590307,-1.23606797749979
-0.397049688096473,0.859552971776503,-1.47249821073871
-0.418226788579464,0.809654104932039,-1.70311716626029
-0.440053912051218,0.752613360087727,-1.92701469640686
-0.46252773652577,0.68865585100403,-2.14330717991599
-0.485644649366512,0.618033988749895,-2.35114100916989
-0.509400730558766,0.541026485551579,-2.54969595899476
-0.533791735566095,0.457937254842823,-2.73818842371475
-0.558813077782385,0.369094211857378,-2.91587450968565
-0.584459810592679,0.27484797949738,-3.08205297110316
-0.610726609056865,0.175570504584946,-3.23606797749979
-0.637607751231391,0.0716535899579933,-3.37731170200806
-0.665097099145399,-0.0364926517965696,-3.50522672017545
-0.693188079448845,-0.148441416869855,-3.61930820986408
-0.721873663751497,-0.263750894630644,-3.71910594355301
-0.926835856574091,-1.6180339887499,-3.80422606518061
-0.898069643303806,-1.73624910536936,-3.71910594355301
-0.869861895263016,-1.85155858313015,-3.61930820986408
-0.842221247544647,-1.96350734820343,-3.50522672017545
-0.815155840845764,-2.07165358995799,-3.37731170200806
-0.788673340719906,-2.17557050458495,-3.23606797749979
-0.762780956583879,-2.27484797949738,-3.08205297110316
-0.737485460457065,-2.36909421185738,-2.91587450968565
-0.712793205412616,-2.45793725484282,-2.73818842371475
-0.688710143721212,-2.54102648555158,-2.54969595899476
-0.665241844669327,-2.6180339887499,-2.35114100916989
-0.642393512035112,-2.68865585100403,-2.14330717991599
-0.620170001206177,-2.75261336008773,-1.92701469640686
-0.598575835924638,-2.80965410493204,-1.70311716626029
-0.577615224645836,-2.8595529717765,-1.47249821073871
-0.557292076498108,-2.90211303259031,-1.23606797749979
-0.537610016831977,-2.93716632225726,-0.994759548659419
-0.518572402347973,-2.96457450145738,-0.749525258342899
-0.500182335793163,-2.98422940262896,-0.501332934257217
-0.482442680217281,-2.99605345685654,-0.251162078117254
-0.465356072780071,-3,2.44929359829471e-16
-0.448924938102195,-2.99605345685654,0.251162078117254
-0.433151501152703,-2.98422940262896,0.501332934257218
-0.418037799666687,-2.96457450145738,0.7495252583429
-0.403585696087357,-2.93716632225726,0.994759548659419
-0.38979688902725,-2.90211303259031,1.23606797749979
-0.376672924243889,-2.8595529717765,1.47249821073871
-0.364215205125568,-2.80965410493204,1.70311716626029
-0.352425002683473,-2.75261336008773,1.92701469640686
-0.341303465046689,-2.68865585100403,2.14330717991599
-0.330851626457028,-2.61803398874989,2.35114100916989
-0.321070415760961,-2.54102648555158,2.54969595899476
-0.311960664396253,-2.45793725484282,2.73818842371475
-0.303523113871148,-2.36909421185738,2.91587450968565
-0.295758422734259,-2.27484797949738,3.08205297110316
-0.288667173033504,-2.17557050458495,3.23606797749979
-0.282249876262684,-2.07165358995799,3.37731170200806
-0.276506978794453,-1.96350734820343,3.50522672017545
-0.271438866798626,-1.85155858313015,3.61930820986408
-0.267045870644901,-1.73624910536936,3.71910594355301
-0.263328268789255,-1.61803398874989,3.80422606518061
-0.263328268789255,-0.381966011250105,3.80422606518061
-0.267045870644901,-0.263750894630643,3.71910594355301
-0.271438866798626,-0.148441416869854,3.61930820986408
-0.276506978794453,-0.03649265179657,3.50522672017545
-0.282249876262684,0.0716535899579929,3.37731170200806
-0.288667173033504,0.175570504584946,3.23606797749979
-0.295758422734259,0.274847979497379,3.08205297110316
-0.303523113871148,0.369094211857377,2.91587450968565
-0.311960664396253,0.457937254842823,2.73818842371475
-0.321070415760961,0.541026485551579,2.54969595899476
-0.330851626457028,0.618033988749895,2.35114100916989
-0.34130346504669,0.68865585100403,2.14330717991599
-0.352425002683475,0.752613360087727,1.92701469640686
-0.364215205125568,0.809654104932039,1.70311716626029
-0.376672924243889,0.859552971776503,1.47249821073871
-0.38979688902725,0.902113032590307,1.23606797749979
-0.403585696087357,0.937166322257262,0.99475954865942
-0.418037799666687,0.964574501457377,0.7495252583429
-0.433151501152703,0.984229402628956,0.501332934257218
-0.448924938102195,0.996053456856543,0.251162078117254
-0.465356072780071,1,2.44929359829471e-16
-0.482442680217281,0.996053456856543,-0.251162078117254
-0.500182335793163,0.984229402628956,-0.501332934257217
-0.518572402347973,0.964574501457377,-0.749525258342899
-0.537610016831977,0.937166322257262,-0.994759548659419
-0.557292076498108,0.902113032590307,-1.23606797749979
-0.577615224645836,0.859552971776503,-1.47249821073871
-0.598575835924638,0.809654104932039,-1.70311716626029
-0.620170001206177,0.752613360087727,-1.92701469640686
-0.642393512035112,0.68865585100403,-2.14330717991599
-0.665241844669327,0.618033988749895,-2.35114100916989
-0.688710143721212,0.541026485551579,-2.54969595899476
-0.712793205412616,0.457937254842823,-2.73818842371475
-0.737485460457065,0.369094211857378,-2.91587450968565
-0.762780956583879,0.27484797949738,-3.08205297110316
-0.788673340719906,0.175570504584946,-3.23606797749979
-0.815155840845764,0.0716535899579933,-3.37731170200806
-0.842221247544647,-0.0364926517965696,-3.50522672017545
-0.869861895263018,-0.148441416869855,-3.61930820986408
-0.898069643303806,-0.263750894630644,-3.71910594355301
-1.10227243086448,-1.6180339887499,-3.80422606518061
-1.07413225110562,-1.73624910536936,-3.71910594355301
-1.04651922755193,-1.85155858313015,-3.61930820986408
-1.01944311518322,-1.96350734820343,-3.50522672017545
-0.992913156705617,-2.07165358995799,-3.37731170200806
-0.966938101019571,-2.17557050458495,-3.23606797749979
-0.94152622148744,-2.27484797949738,-3.08205297110316
-0.91668533397706,-2.36909421185738,-2.91587450968565
-0.892422814658915,-2.45793725484282,-2.73818842371475
-0.868745617535945,-2.54102648555158,-2.54969595899476
-0.845660291686234,-2.6180339887499,-2.35114100916989
-0.823172998200064,-2.68865585100403,-2.14330717991599
-0.801289526794003,-2.75261336008773,-1.92701469640686
-0.78001531208577,-2.80965410493204,-1.70311716626029
-0.759355449514722,-2.8595529717765,-1.47249821073871
-0.739314710893836,-2.90211303259031,-1.23606797749979
-0.71989755957999,-2.93716632225726,-0.994759548659419
-0.701108165250322,-2.96457450145738,-0.749525258342899
-0.682950418273305,-2.98422940262896,-0.501332934257217
-0.665427943663998,-2.99605345685654,-0.251162078117254
-0.648544114613757,-3,2.44929359829471e-16
-0.632302065585406,-2.99605345685654,0.251162078117254
-0.6167047049656,-2.98422940262896,0.501332934257218
-0.601754727266762,-2.96457450145738,0.7495252583429
-0.587454624871607,-2.93716632225726,0.994759548659419
-0.573806699313858,-2.90211303259031,1.23606797749979
-0.560813072089297,-2.8595529717765,1.47249821073871
-0.548475694991833,-2.80965410493204,1.70311716626029
-0.536796359969722,-2.75261336008773,1.92701469640686
-0.525776708497549,-2.68865585100403,2.14330717991599
-0.515418240459963,-2.61803398874989,2.35114100916989
-0.505722322543608,-2.54102648555158,2.54969595899476
-0.49669019613396,-2.45793725484282,2.73818842371475
-0.488322984714201,-2.36909421185738,2.91587450968565
-0.480621700763513,-2.27484797949738,3.08205297110316
-0.473587252152472,-2.17557050458495,3.23606797749979
-0.467220448033493,-2.07165358995799,3.37731170200806
-0.461522004224509,-1.96350734820343,3.50522672017545
-0.45649254808428,-1.85155858313015,3.61930820986408
-0.452132622877953,-1.73624910536936,3.71910594355301
-0.448442691631668,-1.61803398874989,3.80422606518061
-0.448442691631668,-0.381966011250105,3.80422606518061
-0.452132622877953,-0.263750894630643,3.71910594355301
-0.45649254808428,-0.148441416869854,3.61930820986408
-0.461522004224509,-0.03649265179657,3.50522672017545
-0.467220448033493,0.0716535899579929,3.37731170200806
-0.473587252152472,0.175570504584946,3.23606797749979
-0.480621700763513,0.274847979497379,3.08205297110316
-0.488322984714201,0.369094211857377,2.91587450968565
-0.49669019613396,0.457937254842823,2.73818842371475
-0.505722322543608,0.541026485551579,2.54969595899476
-0.515418240459963,0.618033988749895,2.35114100916989
-0.525776708497549,0.68865585100403,2.14330717991599
-0.536796359969723,0.752613360087727,1.92701469640686
-0.548475694991833,0.809654104932039,1.70311716626029
-0.560813072089297,0.859552971776503,1.47249821073871
-0.573806699313858,0.902113032590307,1.23606797749979
-0.587454624871607,0.937166322257262,0.99475954865942
-0.601754727266762,0.964574501457377,0.7495252583429
-0.6167047049656,0.984229402628956,0.501332934257218
-0.632302065585406,0.996053456856543,0.251162078117254
-0.648544114613757,1,2.44929359829471e-16
-0.665427943663998,0.996053456856543,-0.251162078117254
-0.682950418273305,0.984229402628956,-0.501332934257217
-0.701108165250322,0.964574501457377,-0.749525258342899
-0.71989755957999,0.937166322257262,-0.994759548659419
-0.739314710893837,0.902113032590307,-1.23606797749979
-0.759355449514723,0.859552971776503,-1.47249821073871
-0.78001531208577,0.809654104932039,-1.70311716626029
-0.801289526794003,0.752613360087727,-1.92701469640686
-0.823172998200064,0.68865585100403,-2.14330717991599
-0.845660291686234,0.618033988749895,-2.35114100916989
-0.868745617535945,0.541026485551579,-2.54969595899476
-0.892422814658915,0.457937254842823,-2.73818842371475
-0.91668533397706,0.369094211857378,-2.91587450968565
-0.94152622148744,0.27484797949738,-3.08205297110316
-0.966938101019571,0.175570504584946,-3.23606797749979
-0.992913156705617,0.0716535899579933,-3.37731170200806
-1.01944311518322,-0.0364926517965696,-3.50522672017545
-1.04651922755193,-0.148441416869855,-3.61930820986408
-1.07413225110562,-0.263750894630644,-3.71910594355301
-1.27656179324757,-1.6180339887499,-3.80422606518061
-1.24917085941479,-1.73624910536936,-3.71910594355301
-1.22227310431231,-1.85155858313015,-3.61930820986408
-1.19587938469262,-1.96350734820343,-3.50522672017545
-1.1700000288611,-2.07165358995799,-3.37731170200806
-1.14464485427191,-2.17557050458495,-3.23606797749979
-1.1198231849703,-2.27484797949738,-3.08205297110316
-1.09554386885603,-2.36909421185738,-2.91587450968565
-1.07181529474379,-2.45793725484282,-2.73818842371475
-1.04864540919823,-2.54102648555158,-2.54969595899476
-1.02604173312202,-2.6180339887499,-2.35114100916989
-1.00401137807696,-2.68865585100403,-2.14330717991599
-0.982561062319117,-2.75261336008773,-1.92701469640686
-0.961697126530288,-2.80965410493204,-1.70311716626029
-0.941425549229006,-2.8595529717765,-1.47249821073871
-0.921751961845477,-2.90211303259031,-1.23606797749979
-0.902681663445788,-2.93716632225726,-0.994759548659419
-0.884219635091681,-2.96457450145738,-0.749525258342899
-0.866370553823137,-2.98422940262896,-0.501332934257217
-0.849138806251829,-2.99605345685654,-0.251162078117254
-0.832528501754383,-3,2.44929359829471e-16
-0.816543485255136,-2.99605345685654,0.251162078117254
-0.801187349588847,-2.98422940262896,0.501332934257218
-0.78646344743451,-2.96457450145738,0.7495252583429
-0.772374902812078,-2.93716632225726,0.994759548659419
-0.758924622134587,-2.90211303259031,1.23606797749979
-0.746115304808669,-2.8595529717765,1.47249821073871
-0.73394945337711,-2.80965410493204,1.70311716626029
-0.722429383197555,-2.75261336008773,1.92701469640686
-0.711557231651997,-2.68865585100403,2.14330717991599
-0.701334966882125,-2.61803398874989,2.35114100916989
-0.691764396046083,-2.54102648555158,2.54969595899476
-0.682847173092539,-2.45793725484282,2.73818842371475
-0.674584806048381,-2.36909421185738,2.91587450968565
-0.666978663816731,-2.27484797949738,3.08205297110316
-0.660029982482234,-2.17557050458495,3.23606797749979
-0.653739871120967,-2.07165358995799,3.37731170200806
-0.648109317112538,-1.96350734820343,3.50522672017545
-0.643139190952273,-1.85155858313015,3.61930820986408
-0.638830250561577,-1.73624910536936,3.71910594355301
-0.635183145094884,-1.61803398874989,3.80422606518061
-0.635183145094884,-0.381966011250105,3.80422606518061
-0.638830250561577,-0.263750894630643,3.71910594355301
-0.643139190952273,-0.148441416869854,3.61930820986408
-0.648109317112538,-0.03649265179657,3.50522672017545
-0.653739871120967,0.0716535899579929,3.37731170200806
-0.660029982482234,0.175570504584946,3.23606797749979
-0.666978663816731,0.274847979497379,3.08205297110316
-0.674584806048381,0.369094211857377,2.91587450968565
-0.682847173092539,0.457937254842823,2.73818842371475
-0.691764396046083,0.541026485551579,2.54969595899476
-0.701334966882125,0.618033988749895,2.35114100916989
-0.711557231651997,0.68865585100403,2.14330717991599
-0.722429383197556,0.752613360087727,1.92701469640686
-0.73394945337711,0.809654104932039,1.70311716626029
-0.746115304808669,0.859552971776503,1.47249821073871
-0.758924622134587,0.902113032590307,1.23606797749979
-0.772374902812078,0.937166322257262,0.99475954865942
-0.78646344743451,0.964574501457377,0.7495252583429
-0.801187349588847,0.984229402628956,0.501332934257218
-0.816543485255136,0.996053456856543,0.251162078117254
-0.832528501754383,1,2.44929359829471e-16
-0.849138806251829,0.996053456856543,-0.251162078117254
-0.866370553823137,0.984229402628956,-0.501332934257217
-0.884219635091681,0.964574501457377,-0.749525258342899
-0.902681663445788,0.937166322257262,-0.994759548659419
-0.921751961845478,0.902113032590307,-1.23606797749979
-0.941425549229006,0.859552971776503,-1.47249821073871
-0.961697126530288,0.809654104932039,-1.70311716626029
-0.982561062319117,0.752613360087727,-1.92701469640686
-1.00401137807696,0.68865585100403,-2.14330717991599
-1.02604173312202,0.618033988749895,-2.35114100916989
-1.04864540919823,0.541026485551579,-2.54969595899476
-1.07181529474379,0.457937254842823,-2.73818842371475
-1.09554386885603,0.369094211857378,-2.91587450968565
-1.1198231849703,0.27484797949738,-3.08205297110316
-1.14464485427191,0.175570504584946,-3.23606797749979
-1.1700000288611,0.0716535899579933,-3.37731170200806
-1.19587938469262,-0.0364926517965696,-3.50522672017545
-1.22227310431231,-0.148441416869855,-3.61930820986408
-1.24917085941479,-0.263750894630644,-3.71910594355301
-1.4487471106808,-1.6180339887499,-3.80422606518061
-1.42223166432481,-1.73624910536936,-3.71910594355301
-1.39617277610877,-1.85155858313015,-3.61930820986408
-1.37058237978963,-1.96350734820343,-3.50522672017545
-1.34547186638596,-2.07165358995799,-3.37731170200806
-1.32085210081368,-2.17557050458495,-3.23606797749979
-1.29673343841638,-2.27484797949738,-3.08205297110316
-1.27312574136339,-2.36909421185738,-2.91587450968565
-1.25003839489009,-2.45793725484282,-2.73818842371475
-1.22748032335622,-2.54102648555158,-2.54969595899476
-1.20546000609926,-2.6180339887499,-2.35114100916989
-1.18398549306131,-2.68865585100403,-2.14330717991599
-1.16306442016886,-2.75261336008773,-1.92701469640686
-1.14270402444629,-2.80965410493204,-1.70311716626029
-1.12291115884477,-2.8595529717765,-1.47249821073871
-1.10369230676952,-2.90211303259031,-1.23606797749979
-1.08505359628926,-2.93716632225726,-0.994759548659419
-1.06700081401288,-2.96457450145738,-0.749525258342899
-1.04953941861885,-2.98422940262896,-0.501332934257217
-1.03267455402452,-2.99605345685654,-0.251162078117254
-1.01641106218252,-3,2.44929359829471e-16
-1.00075349549284,-2.99605345685654,0.251162078117254
-0.985706128819826,-2.98422940262896,0.501332934257218
-0.971272971103909,-2.96457450145738,0.7495252583429
-0.957457776558745,-2.93716632225726,0.994759548659419
-0.944264055445133,-2.90211303259031,1.23606797749979
-0.931695084413582,-2.8595529717765,1.47249821073871
-0.91975391640812,-2.80965410493204,1.70311716626029
-0.908443390124456,-2.75261336008773,1.92701469640686
-0.897766139016143,-2.68865585100403,2.14330717991599
-0.887724599842923,-2.61803398874989,2.35114100916989
-0.878321020755887,-2.54102648555158,2.54969595899476
-0.869557468914569,-2.45793725484282,2.73818842371475
-0.861435837631487,-2.36909421185738,2.91587450968565
-0.853957853040073,-2.27484797949738,3.08205297110316
-0.847125080282295,-2.17557050458495,3.23606797749979
-0.840938929212663,-2.07165358995799,3.37731170200806
-0.835400659615606,-1.96350734820343,3.50522672017545
-0.830511385933584,-1.85155858313015,3.61930820986408
-0.826272081503529,-1.73624910536936,3.71910594355301
-0.822683582299608,-1.61803398874989,3.80422606518061
-0.822683582299608,-0.381966011250105,3.80422606518061
-0.826272081503529,-0.263750894630643,3.71910594355301
-0.830511385933584,-0.148441416869854,3.61930820986408
-0.835400659615606,-0.03649265179657,3.50522672017545
-0.840938929212663,0.0716535899579929,3.37731170200806
-0.847125080282295,0.175570504584946,3.23606797749979
-0.853957853040073,0.274847979497379,3.08205297110316
-0.861435837631487,0.369094211857377,2.91587450968565
-0.869557468914569,0.457937254842823,2.73818842371475
-0.878321020755887,0.541026485551579,2.54969595899476
-0.887724599842923,0.618033988749895,2.35114100916989
-0.897766139016145,0.68865585100403,2.14330717991599
-0.908443390124457,0.752613360087727,1.92701469640686
-0.91975391640812,0.809654104932039,1.70311716626029
-0.931695084413582,0.859552971776503,1.47249821073871
-0.944264055445133,0.902113032590307,1.23606797749979
-0.957457776558745,0.937166322257262,0.99475954865942
-0.971272971103909,0.964574501457377,0.7495252583429
-0.985706128819826,0.984229402628956,0.501332934257218
-1.00075349549284,0.996053456856543,0.251162078117254
-1.01641106218252,1,2.44929359829471e-16
-1.03267455402452,0.996053456856543,-0.251162078117254
-1.04953941861885,0.984229402628956,-0.501332934257217
-1.06700081401288,0.964574501457377,-0.749525258342899
-1.08505359628926,0.937166322257262,-0.994759548659419
-1.10369230676952,0.902113032590307,-1.23606797749979
-1.12291115884477,0.859552971776503,-1.47249821073871
-1.14270402444629,0.809654104932039,-1.70311716626029
-1.16306442016886,0.752613360087727,-1.92701469640686
-1.18398549306131,0.68865585100403,-2.14330717991599
-1.20546000609926,0.618033988749895,-2.35114100916989
-1.22748032335622,0.541026485551579,-2.54969595899476
-1.25003839489009,0.457937254842823,-2.73818842371475
-1.27312574136339,0.369094211857378,-2.91587450968565
-1.29673343841638,0.27484797949738,-3.08205297110316
-1.32085210081368,0.175570504584946,-3.23606797749979
-1.34547186638596,0.0716535899579933,-3.37731170200806
-1.37058237978963,-0.0364926517965696,-3.50522672017545
-1.39617277610877,-0.148441416869855,-3.61930820986408
-1.42223166432481,-0.263750894630644,-3.71910594355301
-1.61781183429844,-1.6180339887499,-3.80422606518061
-1.59230044145467,-1.73624910536936,-3.71910594355301
-1.56720639013128,-1.85155858313015,-3.61930820986408
-1.5425426593278,-1.96350734820343,-3.50522672017545
-1.51832167307421,-2.07165358995799,-3.37731170200806
-1.49455531601847,-2.17557050458495,-3.23606797749979
-1.47125494895821,-2.27484797949738,-3.08205297110316
-1.44843142428825,-2.36909421185738,-2.91587450968565
-1.42609510133695,-2.45793725484282,-2.73818842371475
-1.40425586156556,-2.54102648555158,-2.54969595899476
-1.38292312360638,-2.6180339887499,-2.35114100916989
-1.36210585811642,-2.68865585100403,-2.14330717991599
-1.34181260242462,-2.75261336008773,-1.92701469640686
-1.32205147495199,-2.80965410493204,-1.70311716626029
-1.30283018938486,-2.8595529717765,-1.47249821073871
-1.28415606858285,-2.90211303259031,-1.23606797749979
-1.26603605820385,-2.93716632225726,-0.994759548659419
-1.24847674002977,-2.96457450145738,-0.749525258342899
-1.23148434497722,-2.98422940262896,-0.501332934257217
-1.21506476577886,-2.99605345685654,-0.251162078117254
-1.19922356932136,-3,2.44929359829471e-16
-1.18396600862743,-2.99605345685654,0.251162078117254
-1.1692970344696,-2.98422940262896,0.501332934257218
-1.15522130660471,-2.96457450145738,0.7495252583429
-1.14174320461844,-2.93716632225726,0.994759548659419
-1.1288668383701,-2.90211303259031,1.23606797749979
-1.11659605802866,-2.8595529717765,1.47249821073871
-1.10493446369129,-2.80965410493204,1.70311716626029
-1.09388541457678,-2.75261336008773,1.92701469640686
-1.08345203778636,-2.68865585100403,2.14330717991599
-1.07363723662529,-2.61803398874989,2.35114100916989
-1.06444369847893,-2.54102648555158,2.54969595899476
-1.05587390223757,-2.45793725484282,2.73818842371475
-1.04793012526484,-2.36909421185738,2.91587450968565
-1.04061444990483,-2.27484797949738,3.08205297110316
-1.03392876952355,-2.17557050458495,3.23606797749979
-1.02787479408086,-2.07165358995799,3.37731170200806
-1.02245405522922,-1.96350734820343,3.50522672017545
-1.01766791093603,-1.85155858313015,3.61930820986408
-1.01351754962684,-1.73624910536936,3.71910594355301
-1.01000399384679,-1.61803398874989,3.80422606518061
-1.01000399384679,-0.381966011250105,3.80422606518061
-1.01351754962684,-0.263750894630643,3.71910594355301
-1.01766791093603,-0.148441416869854,3.61930820986408
-1.02245405522922,-0.03649265179657,3.50522672017545
-1.02787479408086,0.0716535899579929,3.37731170200806
-1.03392876952355,0.175570504584946,3.23606797749979
-1.04061444990483,0.274847979497379,3.08205297110316
-1.04793012526484,0.369094211857377,2.91587450968565
-1.05587390223757,0.457937254842823,2.73818842371475
-1.06444369847893,0.541026485551579,2.54969595899476
-1.07363723662529,0.618033988749895,2.35114100916989
-1.08345203778636,0.68865585100403,2.14330717991599
-1.09388541457678,0.752613360087727,1.92701469640686
-1.10493446369129,0.809654104932039,1.70311716626029
-1.11659605802866,0.859552971776503,1.47249821073871
-1.1288668383701,0.902113032590307,1.23606797749979
-1.14174320461844,0.937166322257262,0.99475954865942
-1.15522130660471,0.964574501457377,0.7495252583429
-1.1692970344696,0.984229402628956,0.501332934257218
-1.18396600862743,0.996053456856543,0.251162078117254
-1.19922356932136,1,2.44929359829471e-16
-1.21506476577886,0.996053456856543,-0.251162078117254
-1.23148434497722,0.984229402628956,-0.501332934257217
-1.24847674002977,0.964574501457377,-0.749525258342899
-1.26603605820385,0.937166322257262,-0.994759548659419
-1.28415606858285,0.902113032590307,-1.23606797749979
-1.30283018938486,0.859552971776503,-1.47249821073871
-1.32205147495199,0.809654104932039,-1.70311716626029
-1.34181260242462,0.752613360087727,-1.92701469640686
-1.36210585811642,0.68865585100403,-2.14330717991599
-1.38292312360638,0.618033988749895,-2.35114100916989
-1.40425586156556,0.541026485551579,-2.54969595899476
-1.42609510133695,0.457937254842823,-2.73818842371475
-1.44843142428825,0.369094211857378,-2.91587450968565
-1.47125494895821,0.27484797949738,-3.08205297110316
-1.49455531601847,0.175570504584946,-3.23606797749979
-1.51832167307421,0.0716535899579933,-3.37731170200806
-1.5425426593278,-0.0364926517965696,-3.50522672017545
-1.56720639013128,-0.148441416869855,-3.61930820986408
-1.59230044145467,-0.263750894630644,-3.71910594355301
-1.7826834728638,-1.6180339887499,-3.80422606518061
-1.75830623481124,-1.73624910536936,-3.71910594355301
-1.73430459600722,-1.85155858313015,-3.61930820986408
-1.71069254163131,-1.96350734820343,-3.50522672017545
-1.68748349189854,-2.07165358995799,-3.37731170200806
-1.66469031651168,-2.17557050458495,-3.23606797749979
-1.64232534910833,-2.27484797949738,-3.08205297110316
-1.62040040167317,-2.36909421185738,-2.91587450968565
-1.59892677888683,-2.45793725484282,-2.73818842371475
-1.57791529238433,-2.54102648555158,-2.54969595899476
-1.55737627489734,-2.6180339887499,-2.35114100916989
-1.53731959425561,-2.68865585100403,-2.14330717991599
-1.51775466722425,-2.75261336008773,-1.92701469640686
-1.49869047315472,-2.80965410493204,-1.70311716626029
-1.48013556742855,-2.8595529717765,-1.47249821073871
-1.4620980946737,-2.90211303259031,-1.23606797749979
-1.44458580173486,-2.93716632225726,-0.994759548659419
-1.42760605037977,-2.96457450145738,-0.749525258342899
-1.41116582972483,-2.98422940262896,-0.501332934257217
-1.39527176836384,-2.99605345685654,-0.251162078117254
-1.37993014618529,-3,2.44929359829471e-16
-1.36514690586372,-2.99605345685654,0.251162078117254
-1.35092766401223,-2.98422940262896,0.501332934257218
-1.3372777219834,-2.96457450145738,0.7495252583429
-1.32420207630726,-2.93716632225726,0.994759548659419
-1.31170542875517,-2.90211303259031,1.23606797749979
-1.29979219601954,-2.8595529717765,1.47249821073871
-1.2884665189998,-2.80965410493204,1.70311716626029
-1.27773227168583,-2.75261336008773,1.92701469640686
-1.26759306963051,-2.68865585100403,2.14330717991599
-1.25805227800386,-2.61803398874989,2.35114100916989
-1.24911301922162,-2.54102648555158,2.54969595899476
-1.2407781801417,-2.45793725484282,2.73818842371475
-1.23305041882263,-2.36909421185738,2.91587450968565
-1.22593217083829,-2.27484797949738,3.08205297110316
-1.21942565514414,-2.17557050458495,3.23606797749979
-1.21353287949003,-2.07165358995799,3.37731170200806
-1.20825564537579,-1.96350734820343,3.50522672017545
-1.20359555254564,-1.85155858313015,3.61930820986408
-1.19955400301813,-1.73624910536936,3.71910594355301
-1.19613220464874,-1.61803398874989,3.80422606518061
-1.19613220464874,-0.381966011250105,3.80422606518061
-1.19955400301813,-0.263750894630643,3.71910594355301
-1.20359555254564,-0.148441416869854,3.61930820986408
-1.20825564537579,-0.03649265179657,3.50522672017545
-1.21353287949003,0.0716535899579929,3.37731170200806
-1.21942565514414,0.175570504584946,3.23606797749979
-1.22593217083829,0.274847979497379,3.08205297110316
-1.23305041882263,0.369094211857377,2.91587450968565
-1.2407781801417,0.457937254842823,2.73818842371475
-1.24911301922162,0.541026485551579,2.54969595899476
-1.25805227800386,0.618033988749895,2.35114100916989
-1.26759306963051,0.68865585100403,2.14330717991599
-1.27773227168583,0.752613360087727,1.92701469640686
-1.2884665189998,0.809654104932039,1.70311716626029
-1.29979219601954,0.859552971776503,1.47249821073871
-1.31170542875517,0.902113032590307,1.23606797749979
-1.32420207630726,0.937166322257262,0.99475954865942
-1.3372777219834,0.964574501457377,0.7495252583429
-1.35092766401223,0.984229402628956,0.501332934257218
-1.36514690586372,0.996053456856543,0.251162078117254
-1.37993014618529,1,2.44929359829471e-16
-1.39527176836384,0.996053456856543,-0.251162078117254
-1.41116582972483,0.984229402628956,-0.501332934257217
-1.42760605037977,0.964574501457377,-0.749525258342899
-1.44458580173486,0.937166322257262,-0.994759548659419
-1.4620980946737,0.902113032590307,-1.23606797749979
-1.48013556742855,0.859552971776503,-1.47249821073871
-1.49869047315472,0.809654104932039,-1.70311716626029
-1.51775466722425,0.752613360087727,-1.92701469640686
-1.53731959425561,0.68865585100403,-2.14330717991599
-1.55737627489734,0.618033988749895,-2.35114100916989
-1.57791529238433,0.541026485551579,-2.54969595899476
-1.59892677888683,0.457937254842823,-2.73818842371475
-1.62040040167317,0.369094211857378,-2.91587450968565
-1.64232534910833,0.27484797949738,-3.08205297110316
-1.66469031651168,0.175570504584946,-3.23606797749979
-1.68748349189854,0.0716535899579933,-3.37731170200806
-1.71069254163131,-0.0364926517965696,-3.50522672017545
-1.73430459600722,-0.148441416869855,-3.61930820986408
-1.75830623481124,-0.263750894630644,-3.71910594355301
-1.9422383638544,-1.6180339887499,-3.80422606518061
-1.9191260428132,-1.73624910536936,-3.71910594355301
-1.89634514821668,-1.85155858313015,-3.61930820986408
-1.87391062479318,-1.96350734820343,-3.50522672017545
-1.85183684472046,-2.07165358995799,-3.37731170200806
-1.83013762085723,-2.17557050458495,-3.23606797749979
-1.80882622002118,-2.27484797949738,-3.08205297110316
-1.78791537628228,-2.36909421185738,-2.91587450968565
-1.76741730424182,-2.45793725484282,-2.73818842371475
-1.74734371226866,-2.54102648555158,-2.54969595899476
-1.72770581566563,-2.6180339887499,-2.35114100916989
-1.70851434974022,-2.68865585100403,-2.14330717991599
-1.68977958275483,-2.75261336008773,-1.92701469640686
-1.67151132873316,-2.80965410493204,-1.70311716626029
-1.65371896010033,-2.8595529717765,-1.47249821073871
-1.6364114201356,-2.90211303259031,-1.23606797749979
-1.61959723521745,-2.93716632225726,-0.994759548659419
-1.6032845268419,-2.96457450145738,-0.749525258342899
-1.58748102339608,-2.98422940262896,-0.501332934257217
-1.57219407166984,-2.99605345685654,-0.251162078117254
-1.55743064808911,-3,2.44929359829471e-16
-1.54319736965602,-2.99605345685654,0.251162078117254
-1.52950050458102,-2.98422940262896,0.501332934257218
-1.51634598259374,-2.96457450145738,0.7495252583429
-1.50373940491957,-2.93716632225726,0.994759548659419
-1.49168605391022,-2.90211303259031,1.23606797749979
-1.48019090231683,-2.8595529717765,1.47249821073871
-1.46925862219521,-2.80965410493204,1.70311716626029
-1.45889359343345,-2.75261336008773,1.92701469640686
-1.44909991189256,-2.68865585100403,2.14330717991599
-1.43988139715178,-2.61803398874989,2.35114100916989
-1.43124159985055,-2.54102648555158,2.54969595899476
-1.42318380861989,-2.45793725484282,2.73818842371475
-1.41571105659633,-2.36909421185738,2.91587450968565
-1.40882612751228,-2.27484797949738,3.08205297110316
-1.40253156135694,-2.17557050458495,3.23606797749979
-1.39682965960288,-2.07165358995799,3.37731170200806
-1.39172248999319,-1.96350734820343,3.50522672017545
-1.38721189088522,-1.85155858313015,3.61930820986408
-1.38329947514702,-1.73624910536936,3.71910594355301
-1.37998663360311,-1.61803398874989,3.80422606518061
-1.37998663360311,-0.381966011250105,3.80422606518061
-1.38329947514702,-0.263750894630643,3.71910594355301
-1.38721189088522,-0.148441416869854,3.61930820986408
-1.39172248999319,-0.03649265179657,3.50522672017545
-1.39682965960288,0.0716535899579929,3.37731170200806
-1.40253156135694,0.175570504584946,3.23606797749979
-1.40882612751228,0.274847979497379,3.08205297110316
-1.41571105659633,0.369094211857377,2.91587450968565
-1.42318380861989,0.457937254842823,2.73818842371475
-1.43124159985055,0.541026485551579,2.54969595899476
-1.43988139715178,0.618033988749895,2.35114100916989
-1.44909991189256,0.68865585100403,2.14330717991599
-1.45889359343345,0.752613360087727,1.92701469640686
-1.46925862219521,0.809654104932039,1.70311716626029
-1.48019090231683,0.859552971776503,1.47249821073871
-1.49168605391022,0.902113032590307,1.23606797749979
-1.50373940491957,0.937166322257262,0.99475954865942
-1.51634598259374,0.964574501457377,0.7495252583429
-1.52950050458102,0.984229402628956,0.501332934257218
-1.54319736965602,0.996053456856543,0.251162078117254
-1.55743064808911,1,2.44929359829471e-16
-1.57219407166984,0.996053456856543,-0.251162078117254
-1.58748102339608,0.984229402628956,-0.501332934257217
-1.6032845268419,0.964574501457377,-0.749525258342899
-1.61959723521745,0.937166322257262,-0.994759548659419
-1.6364114201356,0.902113032590307,-1.23606797749979
-1.65371896010033,0.859552971776503,-1.47249821073871
-1.67151132873316,0.809654104932039,-1.70311716626029
-1.68977958275483,0.752613360087727,-1.92701469640686
-1.70851434974022,0.68865585100403,-2.14330717991599
-1.72770581566563,0.618033988749895,-2.35114100916989
-1.74734371226866,0.541026485551579,-2.54969595899476
-1.76741730424182,0.457937254842823,-2.73818842371475
-1.78791537628228,0.369094211857378,-2.91587450968565
-1.80882622002118,0.27484797949738,-3.08205297110316
-1.83013762085723,0.175570504584946,-3.23606797749979
-1.85183684472046,0.0716535899579933,-3.37731170200806
-1.87391062479318,-0.0364926517965696,-3.50522672017545
-1.89634514821668,-0.148441416869855,-3.61930820986408
-1.9191260428132,-0.263750894630644,-3.71910594355301
-2.09530749947498,-1.6180339887499,-3.80422606518061
-2.07359055977711,-1.73624910536936,-3.71910594355301
-2.05215856438875,-1.85155858313015,-3.61930820986408
-2.03102736316512,-1.96350734820343,-3.50522672017545
-2.01021222840115,-2.07165358995799,-3.37731170200806
-1.98972786675933,-2.17557050458495,-3.23606797749979
-1.96958843129612,-2.27484797949738,-3.08205297110316
-1.94980753355481,-2.36909421185738,-2.91587450968565
-1.93039825569388,-2.45793725484282,-2.73818842371475
-1.9113731626214,-2.54102648555158,-2.54969595899476
-1.89274431410695,-2.6180339887499,-2.35114100916989
-1.87452327684413,-2.68865585100403,-2.14330717991599
-1.85672113643767,-2.75261336008773,-1.92701469640686
-1.8393485092905,-2.80965410493204,-1.70311716626029
-1.82241555436715,-2.8595529717765,-1.47249821073871
-1.805931984811,-2.90211303259031,-1.23606797749979
-1.78990707939414,-2.93716632225726,-0.994759548659419
-1.7743496937794,-2.96457450145738,-0.749525258342899
-1.75926827157527,-2.98422940262896,-0.501332934257217
-1.74467085516548,-2.99605345685654,-0.251162078117254
-1.73056509629579,-3,2.44929359829471e-16
-1.71695826640169,-2.99605345685654,0.251162078117254
-1.70385726666131,-2.98422940262896,0.501332934257218
-1.69126863775911,-2.96457450145738,0.7495252583429
-1.67919856934634,-2.93716632225726,0.994759548659419
-1.66765290918537,-2.90211303259031,1.23606797749979
-1.65663717196563,-2.8595529717765,1.47249821073871
-1.64615654777965,-2.80965410493204,1.70311716626029
-1.63621591024846,-2.75261336008773,1.92701469640686
-1.62681982428642,-2.68865585100403,2.14330717991599
-1.61797255349585,-2.61803398874989,2.35114100916989
-1.60967806718292,-2.54102648555158,2.54969595899476
-1.60194004698674,-2.45793725484282,2.73818842371475
-1.5947618931139,-2.36909421185738,2.91587450968565
-1.58814673017181,-2.27484797949738,3.08205297110316
-1.58209741259441,-2.17557050458495,3.23606797749979
-1.57661652965432,-2.07165358995799,3.37731170200806
-1.57170641005634,-1.96350734820343,3.50522672017545
-1.56736912610745,-1.85155858313015,3.61930820986408
-1.56360649745901,-1.73624910536936,3.71910594355301
-1.56042009441748,-1.61803398874989,3.80422606518061
-1.56042009441748,-0.381966011250105,3.80422606518061
-1.56360649745901,-0.263750894630643,3.71910594355301
-1.56736912610745,-0.148441416869854,3.61930820986408
-1.57170641005634,-0.03649265179657,3.50522672017545
-1.57661652965432,0.0716535899579929,3.37731170200806
-1.58209741259441,0.175570504584946,3.23606797749979
-1.58814673017181,0.274847979497379,3.08205297110316
-1.5947618931139,0.369094211857377,2.91587450968565
-1.60194004698674,0.457937254842823,2.73818842371475
-1.60967806718292,0.541026485551579,2.54969595899476
-1.61797255349585,0.618033988749895,2.35114100916989
-1.62681982428642,0.68865585100403,2.14330717991599
-1.63621591024846,0.752613360087727,1.92701469640686
-1.64615654777965,0.809654104932039,1.70311716626029
-1.65663717196563,0.859552971776503,1.47249821073871
-1.66765290918537,0.902113032590307,1.23606797749979
-1.67919856934634,0.937166322257262,0.99475954865942
-1.69126863775911,0.964574501457377,0.7495252583429
-1.70385726666131,0.984229402628956,0.501332934257218
-1.71695826640169,0.996053456856543,0.251162078117254
-1.73056509629579,1,2.44929359829471e-16
-1.74467085516548,0.996053456856543,-0.251162078117254
-1.75926827157527,0.984229402628956,-0.501332934257217
-1.7743496937794,0.964574501457377,-0.749525258342899
-1.78990707939414,0.937166322257262,-0.994759548659419
-1.805931984811,0.902113032590307,-1.23606797749979
-1.82241555436715,0.859552971776503,-1.47249821073871
-1.8393485092905,0.809654104932039,-1.70311716626029
-1.85672113643767,0.752613360087727,-1.92701469640686
-1.87452327684413,0.68865585100403,-2.14330717991599
-1.89274431410695,0.618033988749895,-2.35114100916989
-1.9113731626214,0.541026485551579,-2.54969595899476
-1.93039825569388,0.457937254842823,-2.73818842371475
-1.94980753355481,0.369094211857378,-2.91587450968565
-1.96958843129612,0.27484797949738,-3.08205297110316
-1.98972786675933,0.175570504584946,-3.23606797749979
-2.01021222840115,0.0716535899579933,-3.37731170200806
-2.03102736316512,-0.0364926517965696,-3.50522672017545
-2.05215856438875,-0.148441416869855,-3.61930820986408
-2.07359055977711,-0.263750894630644,-3.71910594355301
-2.24068345738197,-1.6180339887499,-3.80422606518061
-2.220491023776,-1.73624910536936,-3.71910594355301
-2.20053489148573,-1.85155858313015,-3.61930820986408
-2.18083175311218,-1.96350734820343,-3.50522672017545
-2.16139772142285,-2.07165358995799,-3.37731170200806
-2.14224833989598,-2.17557050458495,-3.23606797749979
-2.123398593416,-2.27484797949738,-3.08205297110316
-2.10486291908694,-2.36909421185738,-2.91587450968565
-2.08665521713193,-2.45793725484282,-2.73818842371475
-2.0687888618482,-2.54102648555158,-2.54969595899476
-2.05127671258797,-2.6180339887499,-2.35114100916989
-2.03413112473717,-2.68865585100403,-2.14330717991599
-2.017363960665,-2.75261336008773,-1.92701469640686
-2.00098660061833,-2.80965410493204,-1.70311716626029
-1.98500995353647,-2.8595529717765,-1.47249821073871
-1.96944446776248,-2.90211303259031,-1.23606797749979
-1.95430014162866,-2.93716632225726,-0.994759548659419
-1.93958653389477,-2.96457450145738,-0.749525258342899
-1.92531277401852,-2.98422940262896,-0.501332934257217
-1.9114875722389,-2.99605345685654,-0.251162078117254
-1.89811922945402,-3,2.44929359829471e-16
-1.88521564687578,-2.99605345685654,0.251162078117254
-1.87278433544501,-2.98422940262896,0.501332934257218
-1.86083242499121,-2.96457450145738,0.7495252583429
-1.84936667312212,-2.93716632225726,0.994759548659419
-1.83839347382921,-2.90211303259031,1.23606797749979
-1.82791886579575,-2.8595529717765,1.47249821073871
-1.8179485403952,-2.80965410493204,1.70311716626029
-1.8084878493682,-2.75261336008773,1.92701469640686
-1.79954181216721,-2.68865585100403,2.14330717991599
-1.79111512295875,-2.61803398874989,2.35114100916989
-1.78321215727353,-2.54102648555158,2.54969595899476
-1.77583697829576,-2.45793725484282,2.73818842371475
-1.76899334278341,-2.36909421185738,2.91587450968565
-1.76268470661175,-2.27484797949738,3.08205297110316
-1.75691422993329,-2.17557050458495,3.23606797749979
-1.75168478194776,-2.07165358995799,3.37731170200806
-1.74699894527615,-1.96350734820343,3.50522672017545
-1.74285901993376,-1.85155858313015,3.61930820986408
-1.7392670268974,-1.73624910536936,3.71910594355301
-1.73622471126261,-1.61803398874989,3.80422606518061
-1.73622471126261,-0.381966011250105,3.80422606518061
-1.7392670268974,-0.263750894630643,3.71910594355301
-1.74285901993376,-0.148441416869854,3.61930820986408
-1.74699894527615,-0.03649265179657,3.50522672017545
-1.75168478194776,0.0716535899579929,3.37731170200806
-1.75691422993329,0.175570504584946,3.23606797749979
-1.76268470661175,0.274847979497379,3.08205297110316
-1.76899334278341,0.369094211857377,2.91587450968565
-1.77583697829576,0.457937254842823,2.73818842371475
-1.78321215727353,0.541026485551579,2.54969595899476
-1.79111512295875,0.618033988749895,2.35114100916989
-1.79954181216721,0.68865585100403,2.14330717991599
-1.8084878493682,0.752613360087727,1.92701469640686
-1.8179485403952,0.809654104932039,1.70311716626029
-1.82791886579575,0.859552971776503,1.47249821073871
-1.83839347382921,0.902113032590307,1.23606797749979
-1.84936667312212,0.937166322257262,0.99475954865942
-1.86083242499121,0.964574501457377,0.7495252583429
-1.87278433544501,0.984229402628956,0.501332934257218
-1.88521564687578,0.996053456856543,0.251162078117254
-1.89811922945402,1,2.44929359829471e-16
-1.9114875722389,0.996053456856543,-0.251162078117254
-1.92531277401852,0.984229402628956,-0.501332934257217
-1.93958653389477,0.964574501457377,-0.749525258342899
-1.95430014162866,0.937166322257262,-0.994759548659419
-1.96944446776248,0.902113032590307,-1.23606797749979
-1.98500995353647,0.859552971776503,-1.47249821073871
-2.00098660061833,0.809654104932039,-1.70311716626029
-2.017363960665,0.752613360087727,-1.92701469640686
-2.03413112473717,0.68865585100403,-2.14330717991599
-2.05127671258797,0.618033988749895,-2.35114100916989
-2.0687888618482,0.541026485551579,-2.54969595899476
-2.08665521713193,0.457937254842823,-2.73818842371475
-2.10486291908694,0.369094211857378,-2.91587450968565
-2.123398593416,0.27484797949738,-3.08205297110316
-2.14224833989598,0.175570504584946,-3.23606797749979
-2.16139772142285,0.0716535899579933,-3.37731170200806
-2.18083175311218,-0.0364926517965696,-3.50522672017545
-2.20053489148573,-0.148441416869855,-3.61930820986408
-2.220491023776,-0.263750894630644,-3.71910594355301
-2.37712847656523,-1.6180339887499,-3.80422606518061
-2.35858721256328,-1.73624910536936,-3.71910594355301
-2.34023162278294,-1.85155858313015,-3.61930820986408
-2.32207917212301,-1.96350734820343,-3.50522672017545
-2.30414674626254,-2.07165358995799,-3.37731170200806
-2.28645066074574,-2.17557050458495,-3.23606797749979
-2.26900667027084,-2.27484797949738,-3.08205297110316
-2.25182997814868,-2.36909421185738,-2.91587450968565
-2.23493524589846,-2.45793725484282,-2.73818842371475
-2.2183366029487,-2.54102648555158,-2.54969595899476
-2.20204765641345,-2.6180339887499,-2.35114100916989
-2.18608150091415,-2.68865585100403,-2.14330717991599
-2.17045072841947,-2.75261336008773,-1.92701469640686
-2.15516743807606,-2.80965410493204,-1.70311716626029
-2.14024324600457,-2.8595529717765,-1.47249821073871
-2.12568929503625,-2.90211303259031,-1.23606797749979
-2.11151626436673,-2.93716632225726,-0.994759548659419
-2.09773437910425,-2.96457450145738,-0.749525258342899
-2.08435341969116,-2.98422940262896,-0.501332934257217
-2.07138273117808,-2.99605345685654,-0.251162078117254
-2.0588312323313,-3,2.44929359829471e-16
-2.04670742455492,-2.99605345685654,0.251162078117254
-2.03501940061022,-2.98422940262896,0.501332934257218
-2.02377485311545,-2.96457450145738,0.7495252583429
-2.01298108281045,-2.93716632225726,0.994759548659419
-2.00264500657102,-2.90211303259031,1.23606797749979
-1.99277316515907,-2.8595529717765,1.47249821073871
-1.98337173069514,-2.80965410493204,1.70311716626029
-1.97444651384094,-2.75261336008773,1.92701469640686
-1.9660029706801,-2.68865585100403,2.14330717991599
-1.95804620928611,-2.61803398874989,2.35114100916989
-1.95058099596728,-2.54102648555158,2.54969595899476
-1.94361176117909,-2.45793725484282,2.73818842371475
-1.93714260509501,-2.36909421185738,2.91587450968565
-1.93117730282774,-2.27484797949738,3.08205297110316
-1.92571930929298,-2.17557050458495,3.23606797749979
-1.92077176370919,-2.07165358995799,3.37731170200806
-1.91633749372658,-1.96350734820343,3.50522672017545
-1.91241901917998,-1.85155858313015,3.61930820986408
-1.90901855546014,-1.73624910536936,3.71910594355301
-1.90613801649911,-1.61803398874989,3.80422606518061
-1.90613801649911,-0.381966011250105,3.80422606518061
-1.90901855546014,-0.263750894630643,3.71910594355301
-1.91241901917998,-0.148441416869854,3.61930820986408
-1.91633749372658,-0.03649265179657,3.50522672017545
-1.92077176370919,0.0716535899579929,3.37731170200806
-1.92571930929298,0.175570504584946,3.23606797749979
-1.93117730282774,0.274847979497379,3.08205297110316
-1.93714260509501,0.369094211857377,2.91587450968565
-1.94361176117909,0.457937254842823,2.73818842371475
-1.95058099596728,0.541026485551579,2.54969595899476
-1.95804620928611,0.618033988749895,2.35114100916989
-1.9660029706801,0.68865585100403,2.14330717991599
-1.97444651384094,0.752613360087727,1.92701469640686
-1.98337173069514,0.809654104932039,1.70311716626029
-1.99277316515907,0.859552971776503,1.47249821073871
-2.00264500657102,0.902113032590307,1.23606797749979
-2.01298108281045,0.937166322257262,0.99475954865942
-2.02377485311545,0.964574501457377,0.7495252583429
-2.03501940061022,0.984229402628956,0.501332934257218
-2.04670742455492,0.996053456856543,0.251162078117254
-2.0588312323313,1,2.44929359829471e-16
-2.07138273117808,0.996053456856543,-0.251162078117254
-2.08435341969116,0.984229402628956,-0.501332934257217
-2.09773437910425,0.964574501457377,-0.749525258342899
-2.11151626436673,0.937166322257262,-0.994759548659419
-2.12568929503625,0.902113032590307,-1.23606797749979
-2.14024324600457,0.859552971776503,-1.47249821073871
-2.15516743807606,0.809654104932039,-1.70311716626029
-2.17045072841947,0.752613360087727,-1.92701469640686
-2.18608150091415,0.68865585100403,-2.14330717991599
-2.20204765641345,0.618033988749895,-2.35114100916989
-2.2183366029487,0.541026485551579,-2.54969595899476
-2.23493524589846,0.457937254842823,-2.73818842371475
-2.25182997814868,0.369094211857378,-2.91587450968565
-2.26900667027084,0.27484797949738,-3.08205297110316
-2.28645066074574,0.175570504584946,-3.23606797749979
-2.30414674626254,0.0716535899579933,-3.37731170200806
-2.32207917212301,-0.0364926517965696,-3.50522672017545
-2.34023162278294,-0.148441416869855,-3.61930820986408
-2.35858721256328,-0.263750894630644,-3.71910594355301
-2.50338370756223,-1.6180339887499,-3.80422606518061
-2.48661661810101,-1.73624910536936,-3.71910594355301
-2.46998279751333,-1.85155858313015,-3.61930820986408
-2.4535004044414,-1.96350734820343,-3.50522672017545
-2.437187021947,-2.07165358995799,-3.37731170200806
-2.42105966506647,-2.17557050458495,-3.23606797749979
-2.40513478862203,-2.27484797949738,-3.08205297110316
-2.38942829525463,-2.36909421185738,-2.91587450968565
-2.37395554364492,-2.45793725484282,-2.73818842371475
-2.35873135688985,-2.54102648555158,-2.54969595899476
-2.3437700310037,-2.6180339887499,-2.35114100916989
-2.32908534351359,-2.68865585100403,-2.14330717991599
-2.31469056212051,-2.75261336008773,-1.92701469640686
-2.30059845339813,-2.80965410493204,-1.70311716626029
-2.28682129150285,-2.8595529717765,-1.47249821073871
-2.27337086686934,-2.90211303259031,-1.23606797749979
-2.26025849486729,-2.93716632225726,-0.994759548659419
-2.24749502439584,-2.96457450145738,-0.749525258342899
-2.23509084639336,-2.98422940262896,-0.501332934257217
-2.22305590224111,-2.99605345685654,-0.251162078117254
-2.21139969204057,-3,2.44929359829471e-16
-2.20013128274473,-2.99605345685654,0.251162078117254
-2.18925931612519,-2.98422940262896,0.501332934257218
-2.1787920165572,-2.96457450145738,0.7495252583429
-2.16873719860621,-2.93716632225726,0.994759548659419
-2.1591022744,-2.90211303259031,1.23606797749979
-2.14989426077148,-2.8595529717765,1.47249821073871
-2.14111978615818,-2.80965410493204,1.70311716626029
-2.13278509724491,-2.75261336008773,1.92701469640686
-2.12489606533734,-2.68865585100403,2.14330717991599
-2.11745819245454,-2.61803398874989,2.35114100916989
-2.11047661712976,-2.54102648555158,2.54969595899476
-2.10395611990891,-2.45793725484282,2.73818842371475
-2.0979011285375,-2.36909421185738,2.91587450968565
-2.09231572282701,-2.27484797949738,3.08205297110316
-2.08720363919262,-2.17557050458495,3.23606797749979
-2.08256827485485,-2.07165358995799,3.37731170200806
-2.07841269169817,-1.96350734820343,3.50522672017545
-2.07473961978053,-1.85155858313015,3.61930820986408
-2.07155146048817,-1.73624910536936,3.71910594355301
-2.06885028933076,-1.61803398874989,3.80422606518061
-2.06885028933076,-0.381966011250105,3.80422606518061
-2.07155146048817,-0.263750894630643,3.71910594355301
-2.07473961978053,-0.148441416869854,3.61930820986408
-2.07841269169817,-0.03649265179657,3.50522672017545
-2.08256827485485,0.0716535899579929,3.37731170200806
-2.08720363919262,0.175570504584946,3.23606797749979
-2.09231572282701,0.274847979497379,3.08205297110316
-2.0979011285375,0.369094211857377,2.91587450968565
-2.10395611990891,0.457937254842823,2.73818842371475
-2.11047661712976,0.541026485551579,2.54969595899476
-2.11745819245454,0.618033988749895,2.35114100916989
-2.12489606533734,0.68865585100403,2.14330717991599
-2.13278509724491,0.752613360087727,1.92701469640686
-2.14111978615818,0.809654104932039,1.70311716626029
-2.14989426077148,0.859552971776503,1.47249821073871
-2.1591022744,0.902113032590307,1.23606797749979
-2.16873719860621,0.937166322257262,0.99475954865942
-2.1787920165572,0.964574501457377,0.7495252583429
-2.18925931612519,0.984229402628956,0.501332934257218
-2.20013128274473,0.996053456856543,0.251162078117254
-2.21139969204057,1,2.44929359829471e-16
-2.22305590224111,0.996053456856543,-0.251162078117254
-2.23509084639336,0.984229402628956,-0.501332934257217
-2.24749502439584,0.964574501457377,-0.749525258342899
-2.26025849486729,0.937166322257262,-0.994759548659419
-2.27337086686934,0.902113032590307,-1.23606797749979
-2.28682129150285,0.859552971776503,-1.47249821073871
-2.30059845339813,0.809654104932039,-1.70311716626029
-2.31469056212051,0.752613360087727,-1.92701469640686
-2.32908534351359,0.68865585100403,-2.14330717991599
-2.3437700310037,0.618033988749895,-2.35114100916989
-2.35873135688985,0.541026485551579,-2.54969595899476
-2.37395554364492,0.457937254842823,-2.73818842371475
-2.38942829525463,0.369094211857378,-2.91587450968565
-2.40513478862203,0.27484797949738,-3.08205297110316
-2.42105966506647,0.175570504584946,-3.23606797749979
-2.437187021947,0.0716535899579933,-3.37731170200806
-2.4535004044414,-0.0364926517965696,-3.50522672017545
-2.46998279751333,-0.148441416869855,-3.61930820986408
-2.48661661810101,-0.263750894630644,-3.71910594355301
-2.61817965288834,-1.6180339887499,-3.80422606518061
-2.60330481705102,-1.73624910536936,-3.71910594355301
-2.58850930197565,-1.85155858313015,-3.61930820986408
-2.57381187342319,-1.96350734820343,-3.50522672017545
-2.55923072836361,-2.07165358995799,-3.37731170200806
-2.54478350093617,-2.17557050458495,-3.23606797749979
-2.53048726871791,-2.27484797949738,-3.08205297110316
-2.51635855926514,-2.36909421185738,-2.91587450968565
-2.5024133568938,-2.45793725484282,-2.73818842371475
-2.48866710966568,-2.54102648555158,-2.54969595899476
-2.47513473654863,-2.6180339887499,-2.35114100916989
-2.46183063472008,-2.68865585100403,-2.14330717991599
-2.44876868698414,-2.75261336008773,-1.92701469640686
-2.43596226927398,-2.80965410493204,-1.70311716626029
-2.42342425821181,-2.8595529717765,-1.47249821073871
-2.41116703870033,-2.90211303259031,-1.23606797749979
-2.3992025115202,-2.93716632225726,-0.994759548659419
-2.3875421009094,-2.96457450145738,-0.749525258342899
-2.37619676210119,-2.98422940262896,-0.501332934257217
-2.36517698879849,-2.99605345685654,-0.251162078117254
-2.35449282056336,-3,2.44929359829471e-16
-2.3441538501015,-2.99605345685654,0.251162078117254
-2.33416923042223,-2.98422940262896,0.501332934257218
-2.3245476818558,-2.96457450145738,0.7495252583429
-2.31529749891032,-2.93716632225726,0.994759548659419
-2.30642655695193,-2.90211303259031,1.23606797749979
-2.29794231869238,-2.8595529717765,1.47249821073871
-2.28985184046923,-2.80965410493204,1.70311716626029
-2.28216177830451,-2.75261336008773,1.92701469640686
-2.27487839372886,-2.68865585100403,2.14330717991599
-2.26800755935849,-2.61803398874989,2.35114100916989
-2.26155476421349,-2.54102648555158,2.54969595899476
-2.25552511876649,-2.45793725484282,2.73818842371475
-2.2499233597117,-2.36909421185738,2.91587450968565
-2.24475385444475,-2.27484797949738,3.08205297110316
-2.24002060524475,-2.17557050458495,3.23606797749979
-2.23572725315061,-2.07165358995799,3.37731170200806
-2.23187708152426,-1.96350734820343,3.50522672017545
-2.22847301929415,-1.85155858313015,3.61930820986408
-2.22551764387316,-1.73624910536936,3.71910594355301
-2.2230131837455,-1.61803398874989,3.80422606518061
-2.2230131837455,-0.381966011250105,3.80422606518061
-2.22551764387316,-0.263750894630643,3.71910594355301
-2.22847301929415,-0.148441416869854,3.61930820986408
-2.23187708152426,-0.03649265179657,3.50522672017545
-2.23572725315061,0.0716535899579929,3.37731170200806
-2.24002060524475,0.175570504584946,3.23606797749979
-2.24475385444475,0.274847979497379,3.08205297110316
-2.2499233597117,0.369094211857377,2.91587450968565
-2.25552511876649,0.457937254842823,2.73818842371475
-2.26155476421349,0.541026485551579,2.54969595899476
-2.26800755935849,0.618033988749895,2.35114100916989
-2.27487839372886,0.68865585100403,2.14330717991599
-2.28216177830451,0.752613360087727,1.92701469640686
-2.28985184046923,0.809654104932039,1.70311716626029
-2.29794231869238,0.859552971776503,1.47249821073871
-2.30642655695193,0.902113032590307,1.23606797749979
-2.31529749891032,0.937166322257262,0.99475954865942
-2.3245476818558,0.964574501457377,0.7495252583429
-2.33416923042223,0.984229402628956,0.501332934257218
-2.3441538501015,0.996053456856543,0.251162078117254
-2.35449282056336,1,2.44929359829471e-16
-2.36517698879849,0.996053456856543,-0.251162078117254
-2.37619676210119,0.984229402628956,-0.501332934257217
-2.3875421009094,0.964574501457377,-0.749525258342899
-2.3992025115202,0.937166322257262,-0.994759548659419
-2.41116703870033,0.902113032590307,-1.23606797749979
-2.42342425821181,0.859552971776503,-1.47249821073871
-2.43596226927398,0.809654104932039,-1.70311716626029
-2.44876868698414,0.752613360087727,-1.92701469640686
-2.46183063472008,0.68865585100403,-2.14330717991599
-2.47513473654863,0.618033988749895,-2.35114100916989
-2.48866710966568,0.541026485551579,-2.54969595899476
-2.5024133568938,0.457937254842823,-2.73818842371475
-2.51635855926514,0.369094211857378,-2.91587450968565
-2.53048726871791,0.27484797949738,-3.08205297110316
-2.54478350093617,0.175570504584946,-3.23606797749979
-2.55923072836361,0.0716535899579933,-3.37731170200806
-2.57381187342319,-0.0364926517965696,-3.50522672017545
-2.58850930197565,-0.148441416869855,-3.61930820986408
-2.60330481705102,-0.263750894630644,-3.71910594355301
-2.72024779819182,-1.6180339887499,-3.80422606518061
-2.70737703931533,-1.73624910536936,-3.71910594355301
-2.69453037573426,-1.85155858313015,-3.61930820986408
-2.68172708575281,-1.96350734820343,-3.50522672017545
-2.6689858889314,-2.07165358995799,-3.37731170200806
-2.65632495039442,-2.17557050458495,-3.23606797749979
-2.64376188549725,-2.27484797949738,-3.08205297110316
-2.63131376481693,-2.36909421185738,-2.91587450968565
-2.61899711943197,-2.45793725484282,-2.73818842371475
-2.60682794645792,-2.54102648555158,-2.54969595899476
-2.5948217148062,-2.6180339887499,-2.35114100916989
-2.58299337113508,-2.68865585100403,-2.14330717991599
-2.57135734596255,-2.75261336008773,-1.92701469640686
-2.55992755991192,-2.80965410493204,-1.70311716626029
-2.54871743006215,-2.8595529717765,-1.47249821073871
-2.53773987637586,-2.90211303259031,-1.23606797749979
-2.52700732817906,-2.93716632225726,-0.994759548659419
-2.51653173066762,-2.96457450145738,-0.749525258342899
-2.50632455141655,-2.98422940262896,-0.501332934257217
-2.49639678686919,-2.99605345685654,-0.251162078117254
-2.48675896878427,-3,2.44929359829471e-16
-2.47742117061987,-2.99605345685654,0.251162078117254
-2.4683930138343,-2.98422940262896,0.501332934257218
-2.45968367408461,-2.96457450145738,0.7495252583429
-2.4513018873048,-2.93716632225726,0.994759548659419
-2.44325595564614,-2.90211303259031,1.23606797749979
-2.43555375326343,-2.8595529717765,1.47249821073871
-2.42820273193144,-2.80965410493204,1.70311716626029
-2.42120992647704,-2.75261336008773,1.92701469640686
-2.41458196001298,-2.68865585100403,2.14330717991599
-2.40832504896036,-2.61803398874989,2.35114100916989
-2.40244500784757,-2.54102648555158,2.54969595899476
-2.39694725387413,-2.45793725484282,2.73818842371475
-2.39183681122888,-2.36909421185738,2.91587450968565
-2.38711831515248,-2.27484797949738,3.08205297110316
-2.38279601573516,-2.17557050458495,3.23606797749979
-2.37887378144111,-2.07165358995799,3.37731170200806
-2.37535510235196,-1.96350734820343,3.50522672017545
-2.37224309312221,-1.85155858313015,3.61930820986408
-2.36954049564033,-1.73624910536936,3.71910594355301
-2.36724968138993,-1.61803398874989,3.80422606518061
-2.36724968138993,-0.381966011250105,3.80422606518061
-2.36954049564033,-0.263750894630643,3.71910594355301
-2.37224309312221,-0.148441416869854,3.61930820986408
-2.37535510235196,-0.03649265179657,3.50522672017545
-2.37887378144111,0.0716535899579929,3.37731170200806
-2.38279601573516,0.175570504584946,3.23606797749979
-2.38711831515248,0.274847979497379,3.08205297110316
-2.39183681122888,0.369094211857377,2.91587450968565
-2.39694725387413,0.457937254842823,2.73818842371475
-2.40244500784757,0.541026485551579,2.54969595899476
-2.40832504896036,0.618033988749895,2.35114100916989
-2.41458196001298,0.68865585100403,2.14330717991599
-2.42120992647704,0.752613360087727,1.92701469640686
-2.42820273193144,0.809654104932039,1.70311716626029
-2.43555375326343,0.859552971776503,1.47249821073871
-2.44325595564614,0.902113032590307,1.23606797749979
-2.4513018873048,0.937166322257262,0.99475954865942
-2.45968367408461,0.964574501457377,0.7495252583429
-2.4683930138343,0.984229402628956,0.501332934257218
-2.47742117061987,0.996053456856543,0.251162078117254
-2.48675896878427,1,2.44929359829471e-16
-2.49639678686919,0.996053456856543,-0.251162078117254
-2.50632455141655,0.984229402628956,-0.501332934257217
-2.51653173066762,0.964574501457377,-0.749525258342899
-2.52700732817906,0.937166322257262,-0.994759548659419
-2.53773987637586,0.902113032590307,-1.23606797749979
-2.54871743006215,0.859552971776503,-1.47249821073871
-2.55992755991192,0.809654104932039,-1.70311716626029
-2.57135734596255,0.752613360087727,-1.92701469640686
-2.58299337113508,0.68865585100403,-2.14330717991599
-2.5948217148062,0.618033988749895,-2.35114100916989
-2.60682794645792,0.541026485551579,-2.54969595899476
-2.61899711943197,0.457937254842823,-2.73818842371475
-2.63131376481693,0.369094211857378,-2.91587450968565
-2.64376188549725,0.27484797949738,-3.08205297110316
-2.65632495039442,0.175570504584946,-3.23606797749979
-2.6689858889314,0.0716535899579933,-3.37731170200806
-2.68172708575281,-0.0364926517965696,-3.50522672017545
-2.69453037573426,-0.148441416869855,-3.61930820986408
-2.70737703931533,-0.263750894630644,-3.71910594355301
-2.79757091931279,-1.73624910536936,-3.71910594355301
-2.78677630923021,-1.85155858313015,-3.61930820986408
-2.77596927543515,-1.96350734820343,-3.50522672017545
-2.76516896110771,-2.07165358995799,-3.37731170200806
-2.754393966683,-2.17557050458495,-3.23606797749979
-2.74366235286548,-2.27484797949738,-3.08205297110316
-2.73299164401661,-2.36909421185738,-2.91587450968565
-2.72239883188103,-2.45793725484282,-2.73818842371475
-2.71190037961757,-2.54102648555158,-2.54969595899476
-2.7015122261025,-2.6180339887499,-2.35114100916989
-2.69124979047322,-2.68865585100403,-2.14330717991599
-2.68112797688197,-2.75261336008773,-1.92701469640686
-2.67116117942986,-2.80965410493204,-1.70311716626029
-2.66136328725271,-2.8595529717765,-1.47249821073871
-2.65174768973112,-2.90211303259031,-1.23606797749979
-2.6423272817983,-2.93716632225726,-0.994759548659419
-2.63311446932013,-2.96457450145738,-0.749525258342899
-2.62412117452283,-2.98422940262896,-0.501332934257217
-2.6153588414448,-2.99605345685654,-0.251162078117254
-2.60683844138997,-3,2.44929359829471e-16
-2.59857047836106,-2.99605345685654,0.251162078117254
-2.59056499445213,-2.98422940262896,0.501332934257218
-2.5828315751805,-2.96457450145738,0.7495252583429
-2.5753793547394,-2.93716632225726,0.994759548659419
-2.56821702115338,-2.90211303259031,1.23606797749979
-2.56135282131928,-2.8595529717765,1.47249821073871
-2.55479456591686,-2.80965410493204,1.70311716626029
-2.54854963417362,-2.75261336008773,1.92701469640686
-2.5426249784694,-2.68865585100403,2.14330717991599
-2.53702712876713,-2.61803398874989,2.35114100916989
-2.53176219685704,-2.54102648555158,2.54969595899476
-2.52683588040219,-2.45793725484282,2.73818842371475
-2.52225346677428,-2.36909421185738,2.91587450968565
-2.51801983666919,-2.27484797949738,3.08205297110316
-2.51413946749278,-2.17557050458495,3.23606797749979
-2.51061643650797,-2.07165358995799,3.37731170200806
-2.50745442373493,-1.96350734820343,3.50522672017545
-2.50465671459723,-1.85155858313015,3.61930820986408
-2.50222620230697,-1.73624910536936,3.71910594355301
-2.50222620230697,-0.263750894630643,3.71910594355301
-2.50465671459723,-0.148441416869854,3.61930820986408
-2.50745442373493,-0.03649265179657,3.50522672017545
-2.51061643650797,0.0716535899579929,3.37731170200806
-2.51413946749278,0.175570504584946,3.23606797749979
-2.51801983666919,0.274847979497379,3.08205297110316
-2.52225346677428,0.369094211857377,2.91587450968565
-2.52683588040219,0.457937254842823,2.73818842371475
-2.53176219685704,0.541026485551579,2.54969595899476
-2.53702712876713,0.618033988749895,2.35114100916989
-2.5426249784694,0.68865585100403,2.14330717991599
-2.54854963417362,0.752613360087727,1.92701469640686
-2.55479456591686,0.809654104932039,1.70311716626029
-2.56135282131928,0.859552971776503,1.47249821073871
-2.56821702115338,0.902113032590307,1.23606797749979
-2.5753793547394,0.937166322257262,0.99475954865942
-2.5828315751805,0.964574501457377,0.7495252583429
-2.59056499445213,0.984229402628956,0.501332934257218
-2.59857047836106,0.996053456856543,0.251162078117254
-2.60683844138997,1,2.44929359829471e-16
-2.6153588414448,0.996053456856543,-0.251162078117254
-2.62412117452283,0.984229402628956,-0.501332934257217
-2.63311446932013,0.964574501457377,-0.749525258342899
-2.6423272817983,0.937166322257262,-0.994759548659419
-2.65174768973112,0.902113032590307,-1.23606797749979
-2.66136328725271,0.859552971776503,-1.47249821073871
-2.67116117942986,0.809654104932039,-1.70311716626029
-2.68112797688197,0.752613360087727,-1.92701469640686
-2.69124979047322,0.68865585100403,-2.14330717991599
-2.7015122261025,0.618033988749895,-2.35114100916989
-2.71190037961757,0.541026485551579,-2.54969595899476
-2.72239883188103,0.457937254842823,-2.73818842371475
-2.73299164401661,0.369094211857378,-2.91587450968565
-2.74366235286548,0.27484797949738,-3.08205297110316
-2.754393966683,0.175570504584946,-3.23606797749979
-2.76516896110771,0.0716535899579933,-3.37731170200806
-2.77596927543515,-0.0364926517965696,-3.50522672017545
-2.78677630923021,-0.148441416869855,-3.61930820986408
-2.79757091931279,-0.263750894630644,-3.71910594355301
-2.87265039515468,-1.73624910536936,-3.71910594355301
-2.86400229967456,-1.85155858313015,-3.61930820986408
-2.85528521610601,-1.96350734820343,-3.50522672017545
-2.84651860490954,-2.07165358995799,-3.37731170200806
-2.83772139886347,-2.17557050458495,-3.23606797749979
-2.82891200438306,-2.27484797949738,-3.08205297110316
-2.82010830326101,-2.36909421185738,-2.91587450968565
-2.81132765479464,-2.45793725484282,-2.73818842371475
-2.80258689826605,-2.54102648555158,-2.54969595899476
-2.7939023557424,-2.6180339887499,-2.35114100916989
-2.78528983516445,-2.68865585100403,-2.14330717991599
-2.77676463369268,-2.75261336008773,-1.92701469640686
-2.76834154128087,-2.80965410493204,-1.70311716626029
-2.76003484444847,-2.8595529717765,-1.47249821073871
-2.75185833022377,-2.90211303259031,-1.23606797749979
-2.74382529023091,-2.93716632225726,-0.994759548659419
-2.73594852489484,-2.96457450145738,-0.749525258342899
-2.72824034773918,-2.98422940262896,-0.501332934257217
-2.72071258975297,-2.99605345685654,-0.251162078117254
-2.71337660380328,-3,2.44929359829471e-16
-2.70624326907142,-2.99605345685654,0.251162078117254
-2.69932299549168,-2.98422940262896,0.501332934257218
-2.69262572817232,-2.96457450145738,0.7495252583429
-2.68616095177927,-2.93716632225726,0.994759548659419
-2.67993769486435,-2.90211303259031,1.23606797749979
-2.67396453412023,-2.8595529717765,1.47249821073871
-2.66824959854556,-2.80965410493204,1.70311716626029
-2.66280057350442,-2.75261336008773,1.92701469640686
-2.65762470466515,-2.68865585100403,2.14330717991599
-2.65272880180441,-2.61803398874989,2.35114100916989
-2.64811924246328,-2.54102648555158,2.54969595899476
-2.64380197544287,-2.45793725484282,2.73818842371475
-2.63978252412789,-2.36909421185738,2.91587450968565
-2.63606598962721,-2.27484797949738,3.08205297110316
-2.63265705372163,-2.17557050458495,3.23606797749979
-2.6295599816093,-2.07165358995799,3.37731170200806
-2.62677862444055,-1.96350734820343,3.50522672017545
-2.62431642163434,-1.85155858313015,3.61930820986408
-2.62217640296939,-1.73624910536936,3.71910594355301
-2.62217640296939,-0.263750894630643,3.71910594355301
-2.62431642163434,-0.148441416869854,3.61930820986408
-2.62677862444055,-0.03649265179657,3.50522672017545
-2.6295599816093,0.0716535899579929,3.37731170200806
-2.63265705372163,0.175570504584946,3.23606797749979
-2.63606598962721,0.274847979497379,3.08205297110316
-2.63978252412789,0.369094211857377,2.91587450968565
-2.64380197544287,0.457937254842823,2.73818842371475
-2.64811924246328,0.541026485551579,2.54969595899476
-2.65272880180441,0.618033988749895,2.35114100916989
-2.65762470466515,0.68865585100403,2.14330717991599
-2.66280057350442,0.752613360087727,1.92701469640686
-2.66824959854556,0.809654104932039,1.70311716626029
-2.67396453412023,0.859552971776503,1.47249821073871
-2.67993769486435,0.902113032590307,1.23606797749979
-2.68616095177927,0.937166322257262,0.99475954865942
-2.69262572817232,0.964574501457377,0.7495252583429
-2.69932299549168,0.984229402628956,0.501332934257218
-2.70624326907142,0.996053456856543,0.251162078117254
-2.71337660380328,1,2.44929359829471e-16
-2.72071258975297,0.996053456856543,-0.251162078117254
-2.72824034773918,0.984229402628956,-0.501332934257217
-2.73594852489484,0.964574501457377,-0.749525258342899
-2.74382529023091,0.937166322257262,-0.994759548659419
-2.75185833022377,0.902113032590307,-1.23606797749979
-2.76003484444847,0.859552971776503,-1.47249821073871
-2.76834154128087,0.809654104932039,-1.70311716626029
-2.77676463369268,0.752613360087727,-1.92701469640686
-2.78528983516445,0.68865585100403,-2.14330717991599
-2.7939023557424,0.618033988749895,-2.35114100916989
-2.80258689826605,0.541026485551579,-2.54969595899476
-2.81132765479464,0.457937254842823,-2.73818842371475
-2.82010830326101,0.369094211857378,-2.91587450968565
-2.82891200438306,0.27484797949738,-3.08205297110316
-2.83772139886347,0.175570504584946,-3.23606797749979
-2.84651860490954,0.0716535899579933,-3.37731170200806
-2.85528521610601,-0.0364926517965696,-3.50522672017545
-2.86400229967456,-0.148441416869855,-3.61930820986408
-2.87265039515468,-0.263750894630644,-3.71910594355301
-2.93142069927411,-1.73624910536936,-3.71910594355301
-2.92500341054546,-1.85155858313015,-3.61930820986408
-2.91846014871388,-1.96350734820343,-3.50522672017545
-2.91181057819725,-2.07165358995799,-3.37731170200806
-2.90507385421805,-2.17557050458495,-3.23606797749979
-2.89826862239399,-2.27484797949738,-3.08205297110316
-2.89141301879636,-2.36909421185738,-2.91587450968565
-2.88452467044169,-2.45793725484282,-2.73818842371475
-2.87762069618289,-2.54102648555158,-2.54969595899476
-2.87071770796737,-2.6180339887499,-2.35114100916989
-2.86383181243014,-2.68865585100403,-2.14330717991599
-2.85697861279101,-2.75261336008773,-1.92701469640686
-2.85017321102601,-2.80965410493204,-1.70311716626029
-2.84343021028391,-2.8595529717765,-1.47249821073871
-2.83676371751974,-2.90211303259031,-1.23606797749979
-2.83018734631806,-2.93716632225726,-0.994759548659419
-2.82371421987998,-2.96457450145738,-0.749525258342899
-2.81735697414828,-2.98422940262896,-0.501332934257217
-2.81112776104658,-2.99605345685654,-0.251162078117254
-2.80503825180891,-3,2.44929359829471e-16
-2.79909964037725,-2.99605345685654,0.251162078117254
-2.79332264684544,-2.98422940262896,0.501332934257218
-2.78771752092872,-2.96457450145738,0.7495252583429
-2.78229404543921,-2.93716632225726,0.994759548659419
-2.77706153974832,-2.90211303259031,1.23606797749979
-2.77202886321823,-2.8595529717765,1.47249821073871
-2.76720441858523,-2.80965410493204,1.70311716626029
-2.76259615527872,-2.75261336008773,1.92701469640686
-2.75821157266046,-2.68865585100403,2.14330717991599
-2.75405772316961,-2.61803398874989,2.35114100916989
-2.75014121535983,-2.54102648555158,2.54969595899476
-2.74646821681558,-2.45793725484282,2.73818842371475
-2.74304445693567,-2.36909421185738,2.91587450968565
-2.73987522957289,-2.27484797949738,3.08205297110316
-2.73696539551913,-2.17557050458495,3.23606797749979
-2.73431938482678,-2.07165358995799,3.37731170200806
-2.73194119895724,-1.96350734820343,3.50522672017545
-2.72983441274884,-1.85155858313015,3.61930820986408
-2.72800217619677,-1.73624910536936,3.71910594355301
-2.72800217619677,-0.263750894630643,3.71910594355301
-2.72983441274884,-0.148441416869854,3.61930820986408
-2.73194119895724,-0.03649265179657,3.50522672017545
-2.73431938482678,0.0716535899579929,3.37731170200806
-2.73696539551913,0.175570504584946,3.23606797749979
-2.73987522957289,0.274847979497379,3.08205297110316
-2.74304445693567,0.369094211857377,2.91587450968565
-2.74646821681558,0.457937254842823,2.73818842371475
-2.75014121535983,0.541026485551579,2.54969595899476
-2.75405772316961,0.618033988749895,2.35114100916989
-2.75821157266046,0.68865585100403,2.14330717991599
-2.76259615527872,0.752613360087727,1.92701469640686
-2.76720441858523,0.809654104932039,1.70311716626029
-2.77202886321823,0.859552971776503,1.47249821073871
-2.77706153974832,0.902113032590307,1.23606797749979
-2.78229404543921,0.937166322257262,0.99475954865942
-2.78771752092872,0.964574501457377,0.7495252583429
-2.79332264684544,0.984229402628956,0.501332934257218
-2.79909964037725,0.996053456856543,0.251162078117254
-2.80503825180891,1,2.44929359829471e-16
-2.81112776104658,0.996053456856543,-0.251162078117254
-2.81735697414828,0.984229402628956,-0.501332934257217
-2.82371421987998,0.964574501457377,-0.749525258342899
-2.83018734631806,0.937166322257262,-0.994759548659419
-2.83676371751974,0.902113032590307,-1.23606797749979
-2.84343021028391,0.859552971776503,-1.47249821073871
-2.85017321102601,0.809654104932039,-1.70311716626029
-2.85697861279101,0.752613360087727,-1.92701469640686
-2.86383181243014,0.68865585100403,-2.14330717991599
-2.87071770796737,0.618033988749895,-2.35114100916989
-2.87762069618289,0.541026485551579,-2.54969595899476
-2.88452467044169,0.457937254842823,-2.73818842371475
-2.89141301879636,0.369094211857378,-2.91587450968565
-2.89826862239399,0.27484797949738,-3.08205297110316
-2.90507385421805,0.175570504584946,-3.23606797749979
-2.91181057819725,0.0716535899579933,-3.37731170200806
-2.91846014871388,-0.0364926517965696,-3.50522672017545
-2.92500341054546,-0.148441416869855,-3.61930820986408
-2.93142069927411,-0.263750894630644,-3.71910594355301
-2.96863055644797,-1.85155858313015,-3.61930820986408
-2.96433374810059,-1.96350734820343,-3.50522672017545
-2.95987368398243,-2.07165358995799,-3.37731170200806
-2.95526962539421,-2.17557050458495,-3.23606797749979
-2.95054034421738,-2.27484797949738,-3.08205297110316
-2.94570412126543,-2.36909421185738,-2.91587450968565
-2.94077874511293,-2.45793725484282,-2.73818842371475
-2.93578151136903,-2.54102648555158,-2.54969595899476
-2.93072922236288,-2.6180339887499,-2.35114100916989
-2.92563818720948,-2.68865585100403,-2.14330717991599
-2.92052422222508,-2.75261336008773,-1.92701469640686
-2.91540265166228,-2.80965410493204,-1.70311716626029
-2.91028830873577,-2.8595529717765,-1.47249821073871
-2.90519553691065,-2.90211303259031,-1.23606797749979
-2.90013819142595,-2.93716632225726,-0.994759548659419
-2.89512964102705,-2.96457450145738,-0.749525258342899
-2.89018276988162,-2.98422940262896,-0.501332934257217
-2.88530997965435,-2.99605345685654,-0.251162078117254
-2.88052319171695,-3,2.44929359829471e-16
-2.87583384947058,-2.99605345685654,0.251162078117254
-2.87125292075886,-2.98422940262896,0.501332934257218
-2.86679090035048,-2.96457450145738,0.7495252583429
-2.86245781247136,-2.93716632225726,0.994759548659419
-2.85826321336711,-2.90211303259031,1.23606797749979
-2.85421619387742,-2.8595529717765,1.47249821073871
-2.85032538200519,-2.80965410493204,1.70311716626029
-2.84659894546341,-2.75261336008773,1.92701469640686
-2.84304459418451,-2.68865585100403,2.14330717991599
-2.839669582777,-2.61803398874989,2.35114100916989
-2.83648071291558,-2.54102648555158,2.54969595899476
-2.8334843356515,-2.45793725484282,2.73818842371475
-2.8306863536308,-2.36909421185738,2.91587450968565
-2.82809222320909,-2.27484797949738,3.08205297110316
-2.82570695645198,-2.17557050458495,3.23606797749979
-2.8235351230115,-2.07165358995799,3.37731170200806
-2.8215808518694,-1.96350734820343,3.50522672017545
-2.81984783293911,-1.85155858313015,3.61930820986408
-2.81984783293911,-0.148441416869854,3.61930820986408
-2.8215808518694,-0.03649265179657,3.50522672017545
-2.8235351230115,0.0716535899579929,3.37731170200806
-2.82570695645198,0.175570504584946,3.23606797749979
-2.82809222320909,0.274847979497379,3.08205297110316
-2.8306863536308,0.369094211857377,2.91587450968565
-2.8334843356515,0.457937254842823,2.73818842371475
-2.83648071291558,0.541026485551579,2.54969595899476
-2.839669582777,0.618033988749895,2.35114100916989
-2.84304459418451,0.68865585100403,2.14330717991599
-2.84659894546341,0.752613360087727,1.92701469640686
-2.85032538200519,0.809654104932039,1.70311716626029
-2.85421619387742,0.859552971776503,1.47249821073871
-2.85826321336711,0.902113032590307,1.23606797749979
-2.86245781247136,0.937166322257262,0.99475954865942
-2.86679090035048,0.964574501457377,0.7495252583429
-2.87125292075886,0.984229402628956,0.501332934257218
-2.87583384947058,0.996053456856543,0.251162078117254
-2.88052319171695,1,2.44929359829471e-16
-2.88530997965435,0.996053456856543,-0.251162078117254
-2.89018276988162,0.984229402628956,-0.501332934257217
-2.89512964102705,0.964574501457377,-0.749525258342899
-2.90013819142595,0.937166322257262,-0.994759548659419
-2.90519553691066,0.902113032590307,-1.23606797749979
-2.91028830873577,0.859552971776503,-1.47249821073871
-2.91540265166228,0.809654104932039,-1.70311716626029
-2.92052422222508,0.752613360087727,-1.92701469640686
-2.92563818720948,0.68865585100403,-2.14330717991599
-2.93072922236288,0.618033988749895,-2.35114100916989
-2.93578151136903,0.541026485551579,-2.54969595899476
-2.94077874511293,0.457937254842823,-2.73818842371475
-2.94570412126543,0.369094211857378,-2.91587450968565
-2.95054034421738,0.27484797949738,-3.08205297110316
-2.95526962539421,0.175570504584946,-3.23606797749979
-2.95987368398243,0.0716535899579933,-3.37731170200806
-2.96433374810059,-0.0364926517965696,-3.50522672017545
-2.96863055644797,-0.148441416869855,-3.61930820986408
-2.99181702658665,-1.96350734820343,-3.50522672017545
-2.98960666961464,-2.07165358995799,-3.37731170200806
-2.98719558386309,-2.17557050458495,-3.23606797749979
-2.98460254865342,-2.27484797949738,-3.08205297110316
-2.9818458741397,-2.36909421185738,-2.91587450968565
-2.97894339845864,-2.45793725484282,-2.73818842371475
-2.97591248536675,-2.54102648555158,-2.54969595899476
-2.97277002233256,-2.6180339887499,-2.35114100916989
-2.96953241905271,-2.68865585100403,-2.14330717991599
-2.96621560636154,-2.75261336008773,-1.92701469640686
-2.96283503550447,-2.80965410493204,-1.70311716626029
-2.95940567774639,-2.8595529717765,-1.47249821073871
-2.95594202428703,-2.90211303259031,-1.23606797749979
-2.95245808645623,-2.93716632225726,-0.994759548659419
-2.94896739616268,-2.96457450145738,-0.749525258342899
-2.94548300657078,-2.98422940262896,-0.501332934257217
-2.94201749298093,-2.99605345685654,-0.251162078117254
-2.9385829538896,-3,2.44929359829471e-16
-2.93519101220622,-2.99605345685654,0.251162078117254
-2.93185281660499,-2.98422940262896,0.501332934257218
-2.92857904299034,-2.96457450145738,0.7495252583429
-2.92537989605591,-2.93716632225726,0.994759548659419
-2.92226511091762,-2.90211303259031,1.23606797749979
-2.91924395480218,-2.8595529717765,1.47249821073871
-2.91632522877358,-2.80965410493204,1.70311716626029
-2.9135172694806,-2.75261336008773,1.92701469640686
-2.91082795090939,-2.68865585100403,2.14330717991599
-2.90826468612616,-2.61803398874989,2.35114100916989
-2.90583442899555,-2.54102648555158,2.54969595899476
-2.90354367586149,-2.45793725484282,2.73818842371475
-2.90139846717776,-2.36909421185738,2.91587450968565
-2.89940438907671,-2.27484797949738,3.08205297110316
-2.89756657486521,-2.17557050458495,3.23606797749979
-2.89588970643764,-2.07165358995799,3.37731170200806
-2.89437801559687,-1.96350734820343,3.50522672017545
-2.89437801559687,-0.03649265179657,3.50522672017545
-2.89588970643764,0.0716535899579929,3.37731170200806
-2.89756657486521,0.175570504584946,3.23606797749979
-2.89940438907671,0.274847979497379,3.08205297110316
-2.90139846717776,0.369094211857377,2.91587450968565
-2.90354367586149,0.457937254842823,2.73818842371475
-2.90583442899555,0.541026485551579,2.54969595899476
-2.90826468612616,0.618033988749895,2.35114100916989
-2.91082795090939,0.68865585100403,2.14330717991599
-2.9135172694806,0.752613360087727,1.92701469640686
-2.91632522877358,0.809654104932039,1.70311716626029
-2.91924395480218,0.859552971776503,1.47249821073871
-2.92226511091762,0.902113032590307,1.23606797749979
-2.92537989605591,0.937166322257262,0.99475954865942
-2.92857904299034,0.964574501457377,0.7495252583429
-2.93185281660499,0.984229402628956,0.501332934257218
-2.93519101220622,0.996053456856543,0.251162078117254
-2.9385829538896,1,2.44929359829471e-16
-2.94201749298093,0.996053456856543,-0.251162078117254
-2.94548300657078,0.984229402628956,-0.501332934257217
-2.94896739616268,0.964574501457377,-0.749525258342899
-2.95245808645623,0.937166322257262,-0.994759548659419
-2.95594202428703,0.902113032590307,-1.23606797749979
-2.95940567774639,0.859552971776503,-1.47249821073871
-2.96283503550447,0.809654104932039,-1.70311716626029
-2.96621560636154,0.752613360087727,-1.92701469640686
-2.96953241905271,0.68865585100403,-2.14330717991599
-2.97277002233256,0.618033988749895,-2.35114100916989
-2.97591248536675,0.541026485551579,-2.54969595899476
-2.97894339845864,0.457937254842823,-2.73818842371475
-2.9818458741397,0.369094211857378,-2.91587450968565
-2.98460254865342,0.27484797949738,-3.08205297110316
-2.98719558386309,0.175570504584946,-3.23606797749979
-2.98960666961464,0.0716535899579933,-3.37731170200806
-2.99181702658665,-0.0364926517965696,-3.50522672017545
-2.99999595056638,-2.07165358995799,-3.37731170200806
-2.99982491411664,-2.17557050458495,-3.23606797749979
-2.99941559890198,-2.27484797949738,-3.08205297110316
-2.99878622377561,-2.36909421185738,-2.91587450968565
-2.99795455920284,-2.45793725484282,-2.73818842371475
-2.99693792325425,-2.54102648555158,-2.54969595899476
-2.99575317809465,-2.6180339887499,-2.35114100916989
-2.99441672693733,-2.68865585100403,-2.14330717991599
-2.99294451143356,-2.75261336008773,-1.92701469640686
-2.99135200946837,-2.80965410493204,-1.70311716626029
-2.98965423333399,-2.8595529717765,-1.47249821073871
-2.98786572825346,-2.90211303259031,-1.23606797749979
-2.98600057122737,-2.93716632225726,-0.994759548659419
-2.98407237017775,-2.96457450145738,-0.749525258342899
-2.98209426336386,-2.98422940262896,-0.501332934257217
-2.9800789190452,-2.99605345685654,-0.251162078117254
-2.97803853536831,-3,2.44929359829471e-16
-2.97598484045442,-2.99605345685654,0.251162078117254
-2.97392909266599,-2.98422940262896,0.501332934257218
-2.97188208103095,-2.96457450145738,0.7495252583429
-2.9698541258044,-2.93716632225726,0.994759548659419
-2.96785507914819,-2.90211303259031,1.23606797749979
-2.96589432590989,-2.8595529717765,1.47249821073871
-2.96398078448331,-2.80965410493204,1.70311716626029
-2.96212290773353,-2.75261336008773,1.92701469640686
-2.96032868397065,-2.68865585100403,2.14330717991599
-2.95860563795666,-2.61803398874989,2.35114100916989
-2.95696083193132,-2.54102648555158,2.54969595899476
-2.95540086664334,-2.45793725484282,2.73818842371475
-2.95393188237423,-2.36909421185738,2.91587450968565
-2.95255955994283,-2.27484797949738,3.08205297110316
-2.95128912167961,-2.17557050458495,3.23606797749979
-2.95012533236048,-2.07165358995799,3.37731170200806
-2.95012533236048,0.0716535899579929,3.37731170200806
-2.95128912167961,0.175570504584946,3.23606797749979
-2.95255955994283,0.274847979497379,3.08205297110316
-2.95393188237423,0.369094211857377,2.91587450968565
-2.95540086664334,0.457937254842823,2.73818842371475
-2.95696083193132,0.541026485551579,2.54969595899476
-2.95860563795666,0.618033988749895,2.35114100916989
-2.96032868397065,0.68865585100403,2.14330717991599
-2.96212290773353,0.752613360087727,1.92701469640686
-2.96398078448331,0.809654104932039,1.70311716626029
-2.96589432590989,0.859552971776503,1.47249821073871
-2.96785507914819,0.902113032590307,1.23606797749979
-2.9698541258044,0.937166322257262,0.99475954865942
-2.97188208103095,0.964574501457377,0.7495252583429
-2.97392909266599,0.984229402628956,0.501332934257218
-2.97598484045442,0.996053456856543,0.251162078117254
-2.97803853536831,1,2.44929359829471e-16
-2.9800789190452,0.996053456856543,-0.251162078117254
-2.98209426336386,0.984229402628956,-0.501332934257217
-2.98407237017775,0.964574501457377,-0.749525258342899
-2.98600057122737,0.937166322257262,-0.994759548659419
-2.98786572825346,0.902113032590307,-1.23606797749979
-2.98965423333399,0.859552971776503,-1.47249821073871
-2.99135200946837,0.809654104932039,-1.70311716626029
-2.99294451143356,0.752613360087727,-1.92701469640686
-2.99441672693733,0.68865585100403,-2.14330717991599
-2.99575317809465,0.618033988749895,-2.35114100916989
-2.99693792325425,0.541026485551579,-2.54969595899476
-2.99795455920284,0.457937254842823,-2.73818842371475
-2.99878622377561,0.369094211857378,-2.91587450968565
-2.99941559890198,0.27484797949738,-3.08205297110316
-2.99982491411664,0.175570504584946,-3.23606797749979
-2.99999595056638,0.0716535899579933,-3.37731170200806
-2.99404328930789,-2.27484797949738,-3.08205297110316
-2.99557527011512,-2.36909421185738,-2.91587450968565
-2.99684905783036,-2.45793725484282,-2.73818842371475
-2.99788180645503,-2.54102648555158,-2.54969595899476
-2.99869023785198,-2.6180339887499,-2.35114100916989
-2.99929063713662,-2.68865585100403,-2.14330717991599
-2.99969884854301,-2.75261336008773,-1.92701469640686
-2.99993027173616,-2.80965410493204,-1.70311716626029
-2.99999985854297,-2.8595529717765,-1.47249821073871
-2.99992211007452,-2.90211303259031,-1.23606797749979
-2.99971107421336,-2.93716632225726,-0.994759548659419
-2.9993803434401,-2.96457450145738,-0.749525258342899
-2.99894305297432,-2.98422940262896,-0.501332934257217
-2.99841187920568,-2.99605345685654,-0.251162078117254
-2.99779903839179,-3,2.44929359829471e-16
-2.99711628560013,-2.99605345685654,0.251162078117254
-2.99637491387242,-2.98422940262896,0.501332934257218
-2.99558575359011,-2.96457450145738,0.7495252583429
-2.99475917202101,-2.93716632225726,0.994759548659419
-2.99390507302751,-2.90211303259031,1.23606797749979
-2.99303289691787,-2.8595529717765,1.47249821073871
-2.99215162042283,-2.80965410493204,1.70311716626029
-2.99126975678046,-2.75261336008773,1.92701469640686
-2.99039535591338,-2.68865585100403,2.14330717991599
-2.98953600468281,-2.61803398874989,2.35114100916989
-2.98869882720521,-2.54102648555158,2.54969595899476
-2.98789048521773,-2.45793725484282,2.73818842371475
-2.98711717847983,-2.36909421185738,2.91587450968565
-2.98638464519894,-2.27484797949738,3.08205297110316
-2.98638464519894,0.274847979497379,3.08205297110316
-2.98711717847983,0.369094211857377,2.91587450968565
-2.98789048521773,0.457937254842823,2.73818842371475
-2.98869882720521,0.541026485551579,2.54969595899476
-2.98953600468281,0.618033988749895,2.35114100916989
-2.99039535591338,0.68865585100403,2.14330717991599
-2.99126975678046,0.752613360087727,1.92701469640686
-2.99215162042283,0.809654104932039,1.70311716626029
-2.99303289691787,0.859552971776503,1.47249821073871
-2.99390507302751,0.902113032590307,1.23606797749979
-2.99475917202101,0.937166322257262,0.99475954865942
-2.99558575359011,0.964574501457377,0.7495252583429
-2.99637491387242,0.984229402628956,0.501332934257218
-2.99711628560013,0.996053456856543,0.251162078117254
-2.99779903839179,1,2.44929359829471e-16
-2.99841187920568,0.996053456856543,-0.251162078117254
-2.99894305297432,0.984229402628956,-0.501332934257217
-2.9993803434401,0.964574501457377,-0.749525258342899
-2.99971107421336,0.937166322257262,-0.994759548659419
-2.99992211007452,0.902113032590307,-1.23606797749979
-2.99999985854297,0.859552971776503,-1.47249821073871
-2.99993027173616,0.809654104932039,-1.70311716626029
-2.99969884854301,0.752613360087727,-1.92701469640686
-2.99929063713662,0.68865585100403,-2.14330717991599
-2.99869023785198,0.618033988749895,-2.35114100916989
-2.99788180645503,0.541026485551579,-2.54969595899476
-2.99684905783036,0.457937254842823,-2.73818842371475
-2.99557527011512,0.369094211857378,-2.91587450968565
-2.99404328930789,0.27484797949738,-3.08205297110316
-2.97788688041929,-2.54102648555158,-2.54969595899476
-2.98071035064855,-2.6180339887499,-2.35114100916989
-2.98327013907932,-2.68865585100403,-2.14330717991599
-2.98558188045026,-2.75261336008773,-1.92701469640686
-2.98766078750028,-2.80965410493204,-1.70311716626029
-2.98952164625977,-2.8595529717765,-1.47249821073871
-2.99117881177246,-2.90211303259031,-1.23606797749979
-2.99264620422196,-2.93716632225726,-0.994759548659419
-2.99393730543806,-2.96457450145738,-0.749525258342899
-2.99506515575827,-2.98422940262896,-0.501332934257217
-2.99604235122084,-2.99605345685654,-0.251162078117254
-2.99688104106645,-3,2.44929359829471e-16
-2.99759292552606,-2.99605345685654,0.251162078117254
-2.99818925387359,-2.98422940262896,0.501332934257218
-2.99868082272257,-2.96457450145738,0.7495252583429
-2.99907797454687,-2.93716632225726,0.994759548659419
-2.99939059640613,-2.90211303259031,1.23606797749979
-2.99962811885767,-2.8595529717765,1.47249821073871
-2.99979951503709,-2.80965410493204,1.70311716626029
-2.99991329989079,-2.75261336008773,1.92701469640686
-2.99997752954441,-2.68865585100403,2.14330717991599
-2.99999980079191,-2.61803398874989,2.35114100916989
-2.99998725069094,-2.54102648555158,2.54969595899476
-2.99998725069094,0.541026485551579,2.54969595899476
-2.99999980079191,0.618033988749895,2.35114100916989
-2.99997752954441,0.68865585100403,2.14330717991599
-2.99991329989079,0.752613360087727,1.92701469640686
-2.99979951503709,0.809654104932039,1.70311716626029
-2.99962811885767,0.859552971776503,1.47249821073871
-2.99939059640613,0.902113032590307,1.23606797749979
-2.99907797454687,0.937166322257262,0.99475954865942
-2.99868082272257,0.964574501457377,0.7495252583429
-2.99818925387359,0.984229402628956,0.501332934257218
-2.99759292552606,0.996053456856543,0.251162078117254
-2.99688104106645,1,2.44929359829471e-16
-2.99604235122084,0.996053456856543,-0.251162078117254
-2.99506515575827,0.984229402628956,-0.501332934257217
-2.99393730543806,0.964574501457377,-0.749525258342899
-2.99264620422196,0.937166322257262,-0.994759548659419
-2.99117881177246,0.902113032590307,-1.23606797749979
-2.98952164625977,0.859552971776503,-1.47249821073871
-2.98766078750028,0.809654104932039,-1.70311716626029
-2.98558188045026,0.752613360087727,-1.92701469640686
-2.98327013907932,0.68865585100403,-2.14330717991599
-2.98071035064855,0.618033988749895,-2.35114100916989
-2.97788688041929,0.541026485551579,-2.54969595899476
-2.94983182722919,-2.75261336008773,-1.92701469640686
-2.95376844015031,-2.80965410493204,-1.70311716626029
-2.95743159351735,-2.8595529717765,-1.47249821073871
-2.96083539122766,-2.90211303259031,-1.23606797749979
-2.96399352405989,-2.93716632225726,-0.994759548659419
-2.96691926486714,-2.96457450145738,-0.749525258342899
-2.96962546416417,-2.98422940262896,-0.501332934257217
-2.97212454608574,-2.99605345685654,-0.251162078117254
-2.97442850469371,-3,2.44929359829471e-16
-2.97654890061096,-2.99605345685654,0.251162078117254
-2.97849685796135,-2.98422940262896,0.501332934257218
-2.98028306159512,-2.96457450145738,0.7495252583429
-2.98191775458036,-2.93716632225726,0.994759548659419
-2.9834107359415,-2.90211303259031,1.23606797749979
-2.9847713586268,-2.8595529717765,1.47249821073871
-2.98600852768738,-2.80965410493204,1.70311716626029
-2.98713069865132,-2.75261336008773,1.92701469640686
-2.98713069865132,0.752613360087727,1.92701469640686
-2.98600852768738,0.809654104932039,1.70311716626029
-2.9847713586268,0.859552971776503,1.47249821073871
-2.9834107359415,0.902113032590307,1.23606797749979
-2.98191775458036,0.937166322257262,0.99475954865942
-2.98028306159512,0.964574501457377,0.7495252583429
-2.97849685796135,0.984229402628956,0.501332934257218
-2.97654890061096,0.996053456856543,0.251162078117254
-2.97442850469371,1,2.44929359829471e-16
-2.97212454608574,0.996053456856543,-0.251162078117254
-2.96962546416417,0.984229402628956,-0.501332934257217
-2.96691926486714,0.964574501457377,-0.749525258342899
-2.96399352405989,0.937166322257262,-0.994759548659419
-2.96083539122766,0.902113032590307,-1.23606797749979
-2.95743159351735,0.859552971776503,-1.47249821073871
-2.95376844015031,0.809654104932039,-1.70311716626029
-2.94983182722919,0.752613360087727,-1.92701469640686
