"alpha1","alpha2","alpha3","beta1","beta2","beta3"
2.92246854535354,-2.36909421185738,2.91587450968565,-1.23454307581533,0.457937254842823,1.93714975484282
2.9242213241623,-2.27484797949738,3.08205297110316,-1.23454307581533,0.541026485551579,1.99103898555158
2.92580440720379,-2.17557050458495,3.23606797749979,-1.23454307581533,0.618033988749895,2.0396464887499
2.92722249956642,-2.07165358995799,3.37731170200806,-1.23454307581533,0.68865585100403,2.08266835100403
2.92847986195653,-1.96350734820343,3.50522672017545,-1.23454307581533,0.752613360087727,2.11982586008773
2.92958030954301,-1.85155858313015,3.61930820986408,-1.23454307581533,0.809654104932039,2.15086660493204
2.93052721094397,-1.73624910536936,3.71910594355301,-1.23454307581533,0.859552971776503,2.1755654717765
2.93132348734868,-1.61803398874989,3.80422606518061,-1.23454307581533,0.902113032590307,2.19372553259031
2.93197161176881,-1.49737977432971,3.87433264451452,-1.23454307581533,0.937166322257262,2.20517882225726
2.93247360841374,-1.37476262917145,3.92914900291475,-1.23454307581533,0.964574501457377,2.20978700145738
2.93283105218546,-1.25066646712861,3.96845880525791,-1.23454307581533,0.984229402628956,2.20744190262896
2.93304506828944,-1.12558103905863,3.99210691371309,-1.23454307581533,0.996053456856543,2.19806595685654
2.93311633195878,-1,4,-1.23454307581533,1,2.1816125
2.93304506828944,-0.874418960941373,3.99210691371309,-1.23454307581533,0.996053456856543,2.15806595685654
2.93283105218546,-0.749333532871391,3.96845880525791,-1.23454307581533,0.984229402628956,2.12744190262896
2.93247360841374,-0.62523737082855,3.92914900291475,-1.23454307581533,0.964574501457377,2.08978700145738
2.93197161176881,-0.50262022567029,3.87433264451452,-1.23454307581533,0.937166322257262,2.04517882225726
2.93132348734868,-0.381966011250105,3.80422606518061,-1.23454307581533,0.902113032590307,1.99372553259031
2.93052721094397,-0.263750894630643,3.71910594355301,-1.23454307581533,0.859552971776503,1.9355654717765
2.92958030954301,-0.148441416869854,3.61930820986408,-1.23454307581533,0.809654104932039,1.87086660493204
2.92847986195653,-0.03649265179657,3.50522672017545,-1.23454307581533,0.752613360087727,1.79982586008773
2.92722249956642,0.0716535899579929,3.37731170200806,-1.23454307581533,0.68865585100403,1.72266835100403
2.92580440720379,0.175570504584946,3.23606797749979,-1.23454307581533,0.618033988749895,1.63964648874989
2.9242213241623,0.274847979497379,3.08205297110316,-1.23454307581533,0.541026485551579,1.55103898555158
2.92246854535354,0.369094211857377,2.91587450968565,-1.23454307581533,0.457937254842823,1.45714975484282
2.92319968455325,-2.80965410493204,1.70311716626029,-1.60748038493699,-0.148441416869855,1.46235858313015
2.92584658429756,-2.75261336008773,1.92701469640686,-1.60748038493699,-0.0364926517965692,1.54030734820343
2.92830024307999,-2.68865585100403,2.14330717991599,-1.60748038493699,0.0716535899579935,1.61525358995799
2.93056803967145,-2.61803398874989,2.35114100916989,-1.60748038493699,0.175570504584947,1.68677050458495
2.93265691549722,-2.54102648555158,2.54969595899476,-1.60748038493699,0.274847979497379,1.75444797949738
2.93457337260902,-2.45793725484282,2.73818842371475,-1.60748038493699,0.369094211857377,1.81789421185738
2.9363234718459,-2.36909421185738,2.91587450968565,-1.60748038493699,0.457937254842823,1.87673725484282
2.93791283117263,-2.27484797949738,3.08205297110316,-1.60748038493699,0.541026485551579,1.93062648555158
2.93934662418466,-2.17557050458495,3.23606797749979,-1.60748038493699,0.618033988749895,1.9792339887499
2.94062957876979,-2.07165358995799,3.37731170200806,-1.60748038493699,0.68865585100403,2.02225585100403
2.94176597591711,-1.96350734820343,3.50522672017545,-1.60748038493699,0.752613360087727,2.05941336008773
2.94275964866503,-1.85155858313015,3.61930820986408,-1.60748038493699,0.809654104932039,2.09045410493204
2.94361398118049,-1.73624910536936,3.71910594355301,-1.60748038493699,0.859552971776503,2.1151529717765
2.94433190796282,-1.61803398874989,3.80422606518061,-1.60748038493699,0.902113032590307,2.13331303259031
2.94491591316582,-1.49737977432971,3.87433264451452,-1.60748038493699,0.937166322257262,2.14476632225726
2.94536803003318,-1.37476262917145,3.92914900291475,-1.60748038493699,0.964574501457377,2.14937450145738
2.94568984044255,-1.25066646712861,3.96845880525791,-1.60748038493699,0.984229402628956,2.14702940262896
2.94588247455467,-1.12558103905863,3.99210691371309,-1.60748038493699,0.996053456856543,2.13765345685654
2.94594661056486,-1,4,-1.60748038493699,1,2.1212
2.94588247455467,-0.874418960941373,3.99210691371309,-1.60748038493699,0.996053456856543,2.09765345685654
2.94568984044255,-0.749333532871391,3.96845880525791,-1.60748038493699,0.984229402628956,2.06702940262896
2.94536803003318,-0.62523737082855,3.92914900291475,-1.60748038493699,0.964574501457377,2.02937450145738
2.94491591316582,-0.50262022567029,3.87433264451452,-1.60748038493699,0.937166322257262,1.98476632225726
2.94433190796282,-0.381966011250105,3.80422606518061,-1.60748038493699,0.902113032590307,1.93331303259031
2.94361398118049,-0.263750894630643,3.71910594355301,-1.60748038493699,0.859552971776503,1.8751529717765
2.94275964866503,-0.148441416869854,3.61930820986408,-1.60748038493699,0.809654104932039,1.81045410493204
2.94176597591711,-0.03649265179657,3.50522672017545,-1.60748038493699,0.752613360087727,1.73941336008773
2.94062957876979,0.0716535899579929,3.37731170200806,-1.60748038493699,0.68865585100403,1.66225585100403
2.93934662418466,0.175570504584946,3.23606797749979,-1.60748038493699,0.618033988749895,1.57923398874989
2.93791283117263,0.274847979497379,3.08205297110316,-1.60748038493699,0.541026485551579,1.49062648555158
2.9363234718459,0.369094211857377,2.91587450968565,-1.60748038493699,0.457937254842823,1.39673725484282
2.93457337260902,0.457937254842823,2.73818842371475,-1.60748038493699,0.369094211857377,1.29789421185738
2.93265691549722,0.541026485551579,2.54969595899476,-1.60748038493699,0.274847979497379,1.19444797949738
2.93056803967145,0.618033988749895,2.35114100916989,-1.60748038493699,0.175570504584946,1.08677050458495
2.92830024307999,0.68865585100403,2.14330717991599,-1.60748038493699,0.0716535899579933,0.975253589957993
2.92584658429756,0.752613360087727,1.92701469640686,-1.60748038493699,-0.0364926517965696,0.86030734820343
2.92319968455325,0.809654104932039,1.70311716626029,-1.60748038493699,-0.148441416869855,0.742358583130145
2.92467531716233,-2.96457450145738,0.7495252583429,-1.94834414499055,-0.62523737082855,1.07117512917145
2.92788951022041,-2.93716632225726,0.994759548659419,-1.94834414499055,-0.502620225670291,1.15659227432971
2.93088971710438,-2.90211303259031,1.23606797749979,-1.94834414499055,-0.381966011250105,1.2408464887499
2.9336850906066,-2.8595529717765,1.47249821073871,-1.94834414499055,-0.263750894630644,1.32346160536936
2.93628435270238,-2.80965410493204,1.70311716626029,-1.94834414499055,-0.148441416869855,1.40397108313015
2.93869579183359,-2.75261336008773,1.92701469640686,-1.94834414499055,-0.0364926517965692,1.48191984820343
2.94092726042541,-2.68865585100403,2.14330717991599,-1.94834414499055,0.0716535899579935,1.55686608995799
2.94298617262143,-2.61803398874989,2.35114100916989,-1.94834414499055,0.175570504584947,1.62838300458495
2.94487950222334,-2.54102648555158,2.54969595899476,-1.94834414499055,0.274847979497379,1.69606047949738
2.94661378082192,-2.45793725484282,2.73818842371475,-1.94834414499055,0.369094211857377,1.75950671185738
2.94819509610711,-2.36909421185738,2.91587450968565,-1.94834414499055,0.457937254842823,1.81834975484282
2.94962909034533,-2.27484797949738,3.08205297110316,-1.94834414499055,0.541026485551579,1.87223898555158
2.95092095901337,-2.17557050458495,3.23606797749979,-1.94834414499055,0.618033988749895,1.92084648874989
2.95207544957881,-2.07165358995799,3.37731170200806,-1.94834414499055,0.68865585100403,1.96386835100403
2.95309686041751,-1.96350734820343,3.50522672017545,-1.94834414499055,0.752613360087727,2.00102586008773
2.95398903985996,-1.85155858313015,3.61930820986408,-1.94834414499055,0.809654104932039,2.03206660493204
2.95475538535858,-1.73624910536936,3.71910594355301,-1.94834414499055,0.859552971776503,2.0567654717765
2.95539884276928,-1.61803398874989,3.80422606518061,-1.94834414499055,0.902113032590307,2.07492553259031
2.95592190574106,-1.49737977432971,3.87433264451452,-1.94834414499055,0.937166322257262,2.08637882225726
2.95632661520846,-1.37476262917145,3.92914900291475,-1.94834414499055,0.964574501457377,2.09098700145738
2.95661455898241,-1.25066646712861,3.96845880525791,-1.94834414499055,0.984229402628956,2.08864190262896
2.95678687143573,-1.12558103905863,3.99210691371309,-1.94834414499055,0.996053456856543,2.07926595685654
2.95684423328059,-1,4,-1.94834414499055,1,2.0628125
2.95678687143573,-0.874418960941373,3.99210691371309,-1.94834414499055,0.996053456856543,2.03926595685654
2.95661455898241,-0.749333532871391,3.96845880525791,-1.94834414499055,0.984229402628956,2.00864190262896
2.95632661520846,-0.62523737082855,3.92914900291475,-1.94834414499055,0.964574501457377,1.97098700145738
2.95592190574106,-0.50262022567029,3.87433264451452,-1.94834414499055,0.937166322257262,1.92637882225726
2.95539884276928,-0.381966011250105,3.80422606518061,-1.94834414499055,0.902113032590307,1.87492553259031
2.95475538535858,-0.263750894630643,3.71910594355301,-1.94834414499055,0.859552971776503,1.8167654717765
2.95398903985996,-0.148441416869854,3.61930820986408,-1.94834414499055,0.809654104932039,1.75206660493204
2.95309686041751,-0.03649265179657,3.50522672017545,-1.94834414499055,0.752613360087727,1.68102586008773
2.95207544957881,0.0716535899579929,3.37731170200806,-1.94834414499055,0.68865585100403,1.60386835100403
2.95092095901337,0.175570504584946,3.23606797749979,-1.94834414499055,0.618033988749895,1.52084648874989
2.94962909034533,0.274847979497379,3.08205297110316,-1.94834414499055,0.541026485551579,1.43223898555158
2.94819509610711,0.369094211857377,2.91587450968565,-1.94834414499055,0.457937254842823,1.33834975484282
2.94661378082192,0.457937254842823,2.73818842371475,-1.94834414499055,0.369094211857377,1.23950671185738
2.94487950222334,0.541026485551579,2.54969595899476,-1.94834414499055,0.274847979497379,1.13606047949738
2.94298617262143,0.618033988749895,2.35114100916989,-1.94834414499055,0.175570504584946,1.02838300458495
2.94092726042541,0.68865585100403,2.14330717991599,-1.94834414499055,0.0716535899579933,0.916866089957993
2.93869579183359,0.752613360087727,1.92701469640686,-1.94834414499055,-0.0364926517965696,0.80191984820343
2.93628435270238,0.809654104932039,1.70311716626029,-1.94834414499055,-0.148441416869855,0.683971083130145
2.9336850906066,0.859552971776503,1.47249821073871,-1.94834414499055,-0.263750894630645,0.563461605369355
2.93088971710438,0.902113032590307,1.23606797749979,-1.94834414499055,-0.381966011250106,0.440846488749894
2.92788951022041,0.937166322257262,0.99475954865942,-1.94834414499055,-0.50262022567029,0.31659227432971
2.92467531716233,0.964574501457377,0.7495252583429,-1.94834414499055,-0.62523737082855,0.19117512917145
2.92295157630277,-2.99605345685654,-0.251162078117254,-2.25033320889138,-1.12558103905863,0.671268960941373
2.92679942197867,-3,2.44929359829471e-16,-2.25033320889138,-1,0.75645
2.93040465360043,-2.99605345685654,0.251162078117254,-2.25033320889138,-0.874418960941373,0.842431039058627
2.93377817325835,-2.98422940262896,0.501332934257218,-2.25033320889138,-0.749333532871391,0.928716467128609
2.93693046154059,-2.96457450145738,0.7495252583429,-2.25033320889138,-0.62523737082855,1.01481262917145
2.93987157394717,-2.93716632225726,0.994759548659419,-2.25033320889138,-0.502620225670291,1.10022977432971
2.94261113759419,-2.90211303259031,1.23606797749979,-2.25033320889138,-0.381966011250105,1.1844839887499
2.94515834819059,-2.8595529717765,1.47249821073871,-2.25033320889138,-0.263750894630644,1.26709910536936
2.94752196727055,-2.80965410493204,1.70311716626029,-2.25033320889138,-0.148441416869855,1.34760858313015
2.94971031966514,-2.75261336008773,1.92701469640686,-2.25033320889138,-0.0364926517965692,1.42555734820343
2.95173129119794,-2.68865585100403,2.14330717991599,-2.25033320889138,0.0716535899579935,1.50050358995799
2.95359232658974,-2.61803398874989,2.35114100916989,-2.25033320889138,0.175570504584947,1.57202050458495
2.95530042755845,-2.54102648555158,2.54969595899476,-2.25033320889138,0.274847979497379,1.63969797949738
2.95686215110087,-2.45793725484282,2.73818842371475,-2.25033320889138,0.369094211857377,1.70314421185738
2.95828360794401,-2.36909421185738,2.91587450968565,-2.25033320889138,0.457937254842823,1.76198725484282
2.95957046115415,-2.27484797949738,3.08205297110316,-2.25033320889138,0.541026485551579,1.81587648555158
2.96072792489297,-2.17557050458495,3.23606797749979,-2.25033320889138,0.618033988749895,1.86448398874989
2.96176076331034,-2.07165358995799,3.37731170200806,-2.25033320889138,0.68865585100403,1.90750585100403
2.96267328956476,-1.96350734820343,3.50522672017545,-2.25033320889138,0.752613360087727,1.94466336008773
2.96346936496279,-1.85155858313015,3.61930820986408,-2.25033320889138,0.809654104932039,1.97570410493204
2.96415239820979,-1.73624910536936,3.71910594355301,-2.25033320889138,0.859552971776503,2.0004029717765
2.96472534476511,-1.61803398874989,3.80422606518061,-2.25033320889138,0.902113032590307,2.01856303259031
2.96519070629553,-1.49737977432971,3.87433264451452,-2.25033320889138,0.937166322257262,2.03001632225726
2.96555053022182,-1.37476262917145,3.92914900291475,-2.25033320889138,0.964574501457377,2.03462450145738
2.96580640935385,-1.25066646712861,3.96845880525791,-2.25033320889138,0.984229402628956,2.03227940262896
2.96595948161048,-1.12558103905863,3.99210691371309,-2.25033320889138,0.996053456856543,2.02290345685654
2.96601042982167,-1,4,-2.25033320889138,1,2.00645
2.96595948161048,-0.874418960941373,3.99210691371309,-2.25033320889138,0.996053456856543,1.98290345685654
2.96580640935385,-0.749333532871391,3.96845880525791,-2.25033320889138,0.984229402628956,1.95227940262896
2.96555053022182,-0.62523737082855,3.92914900291475,-2.25033320889138,0.964574501457377,1.91462450145738
2.96519070629553,-0.50262022567029,3.87433264451452,-2.25033320889138,0.937166322257262,1.87001632225726
2.96472534476511,-0.381966011250105,3.80422606518061,-2.25033320889138,0.902113032590307,1.81856303259031
2.96415239820979,-0.263750894630643,3.71910594355301,-2.25033320889138,0.859552971776503,1.7604029717765
2.96346936496279,-0.148441416869854,3.61930820986408,-2.25033320889138,0.809654104932039,1.69570410493204
2.96267328956476,-0.03649265179657,3.50522672017545,-2.25033320889138,0.752613360087727,1.62466336008773
2.96176076331034,0.0716535899579929,3.37731170200806,-2.25033320889138,0.68865585100403,1.54750585100403
2.96072792489297,0.175570504584946,3.23606797749979,-2.25033320889138,0.618033988749895,1.46448398874989
2.95957046115415,0.274847979497379,3.08205297110316,-2.25033320889138,0.541026485551579,1.37587648555158
2.95828360794401,0.369094211857377,2.91587450968565,-2.25033320889138,0.457937254842823,1.28198725484282
2.95686215110087,0.457937254842823,2.73818842371475,-2.25033320889138,0.369094211857377,1.18314421185738
2.95530042755845,0.541026485551579,2.54969595899476,-2.25033320889138,0.274847979497379,1.07969797949738
2.95359232658974,0.618033988749895,2.35114100916989,-2.25033320889138,0.175570504584946,0.972020504584946
2.95173129119794,0.68865585100403,2.14330717991599,-2.25033320889138,0.0716535899579933,0.860503589957993
2.94971031966514,0.752613360087727,1.92701469640686,-2.25033320889138,-0.0364926517965696,0.74555734820343
2.94752196727055,0.809654104932039,1.70311716626029,-2.25033320889138,-0.148441416869855,0.627608583130145
2.94515834819059,0.859552971776503,1.47249821073871,-2.25033320889138,-0.263750894630645,0.507099105369355
2.94261113759419,0.902113032590307,1.23606797749979,-2.25033320889138,-0.381966011250106,0.384483988749894
2.93987157394717,0.937166322257262,0.99475954865942,-2.25033320889138,-0.50262022567029,0.26022977432971
2.93693046154059,0.964574501457377,0.7495252583429,-2.25033320889138,-0.62523737082855,0.13481262917145
2.93377817325835,0.984229402628956,0.501332934257218,-2.25033320889138,-0.749333532871391,0.00871646712860885
2.93040465360043,0.996053456856543,0.251162078117254,-2.25033320889138,-0.874418960941373,-0.117568960941373
2.92679942197867,1,2.44929359829471e-16,-2.25033320889138,-1,-0.24355
2.92295157630277,0.996053456856543,-0.251162078117254,-2.25033320889138,-1.12558103905863,-0.368731039058627
2.92250685955367,-2.93716632225726,-0.994759548659419,-2.50742208410481,-1.49737977432971,0.37113272567029
2.92681338889572,-2.96457450145738,-0.749525258342899,-2.50742208410481,-1.37476262917145,0.450949870828551
2.93085350866159,-2.98422940262896,-0.501332934257217,-2.50742208410481,-1.25066646712861,0.533046032871391
2.93463942479939,-2.99605345685654,-0.251162078117254,-2.50742208410481,-1.12558103905863,0.616931460941373
2.93818292994851,-3,2.44929359829471e-16,-2.50742208410481,-1,0.7021125
2.94149539910628,-2.99605345685654,0.251162078117254,-2.50742208410481,-0.874418960941373,0.788093539058627
2.94458778563409,-2.98422940262896,0.501332934257218,-2.50742208410481,-0.749333532871391,0.874378967128609
2.94747061758288,-2.96457450145738,0.7495252583429,-2.50742208410481,-0.62523737082855,0.96047512917145
2.95015399431897,-2.93716632225726,0.994759548659419,-2.50742208410481,-0.502620225670291,1.04589227432971
2.9526475834317,-2.90211303259031,1.23606797749979,-2.50742208410481,-0.381966011250105,1.1301464887499
2.95496061790514,-2.8595529717765,1.47249821073871,-2.50742208410481,-0.263750894630644,1.21276160536936
2.95710189353677,-2.80965410493204,1.70311716626029,-2.50742208410481,-0.148441416869855,1.29327108313015
2.95907976658694,-2.75261336008773,1.92701469640686,-2.50742208410481,-0.0364926517965692,1.37121984820343
2.96090215164331,-2.68865585100403,2.14330717991599,-2.50742208410481,0.0716535899579935,1.44616608995799
2.96257651968582,-2.61803398874989,2.35114100916989,-2.50742208410481,0.175570504584947,1.51768300458495
2.96410989633775,-2.54102648555158,2.54969595899476,-2.50742208410481,0.274847979497379,1.58536047949738
2.96550886028992,-2.45793725484282,2.73818842371475,-2.50742208410481,0.369094211857377,1.64880671185738
2.96677954188529,-2.36909421185738,2.91587450968565,-2.50742208410481,0.457937254842823,1.70764975484282
2.96792762185245,-2.27484797949738,3.08205297110316,-2.50742208410481,0.541026485551579,1.76153898555158
2.96895833017687,-2.17557050458495,3.23606797749979,-2.50742208410481,0.618033988749895,1.81014648874989
2.96987644509995,-2.07165358995799,3.37731170200806,-2.50742208410481,0.68865585100403,1.85316835100403
2.97068629223646,-1.96350734820343,3.50522672017545,-2.50742208410481,0.752613360087727,1.89032586008773
2.9713917438018,-1.85155858313015,3.61930820986408,-2.50742208410481,0.809654104932039,1.92136660493204
2.97199621794142,-1.73624910536936,3.71910594355301,-2.50742208410481,0.859552971776503,1.9460654717765
2.97250267815547,-1.61803398874989,3.80422606518061,-2.50742208410481,0.902113032590307,1.96422553259031
2.97291363281247,-1.49737977432971,3.87433264451452,-2.50742208410481,0.937166322257262,1.97567882225726
2.97323113474688,-1.37476262917145,3.92914900291475,-2.50742208410481,0.964574501457377,1.98028700145738
2.97345678093587,-1.25066646712861,3.96845880525791,-2.50742208410481,0.984229402628956,1.97794190262896
2.97359171225179,-1.12558103905863,3.99210691371309,-2.50742208410481,0.996053456856543,1.96856595685654
2.9736366132874,-1,4,-2.50742208410481,1,1.9521125
2.97359171225179,-0.874418960941373,3.99210691371309,-2.50742208410481,0.996053456856543,1.92856595685654
2.97345678093587,-0.749333532871391,3.96845880525791,-2.50742208410481,0.984229402628956,1.89794190262896
2.97323113474688,-0.62523737082855,3.92914900291475,-2.50742208410481,0.964574501457377,1.86028700145738
2.97291363281247,-0.50262022567029,3.87433264451452,-2.50742208410481,0.937166322257262,1.81567882225726
2.97250267815547,-0.381966011250105,3.80422606518061,-2.50742208410481,0.902113032590307,1.76422553259031
2.97199621794142,-0.263750894630643,3.71910594355301,-2.50742208410481,0.859552971776503,1.7060654717765
2.9713917438018,-0.148441416869854,3.61930820986408,-2.50742208410481,0.809654104932039,1.64136660493204
2.97068629223646,-0.03649265179657,3.50522672017545,-2.50742208410481,0.752613360087727,1.57032586008773
2.96987644509995,0.0716535899579929,3.37731170200806,-2.50742208410481,0.68865585100403,1.49316835100403
2.96895833017687,0.175570504584946,3.23606797749979,-2.50742208410481,0.618033988749895,1.41014648874989
2.96792762185245,0.274847979497379,3.08205297110316,-2.50742208410481,0.541026485551579,1.32153898555158
2.96677954188529,0.369094211857377,2.91587450968565,-2.50742208410481,0.457937254842823,1.22764975484282
2.96550886028992,0.457937254842823,2.73818842371475,-2.50742208410481,0.369094211857377,1.12880671185738
2.96410989633775,0.541026485551579,2.54969595899476,-2.50742208410481,0.274847979497379,1.02536047949738
2.96257651968582,0.618033988749895,2.35114100916989,-2.50742208410481,0.175570504584946,0.917683004584946
2.96090215164331,0.68865585100403,2.14330717991599,-2.50742208410481,0.0716535899579933,0.806166089957993
2.95907976658694,0.752613360087727,1.92701469640686,-2.50742208410481,-0.0364926517965696,0.69121984820343
2.95710189353677,0.809654104932039,1.70311716626029,-2.50742208410481,-0.148441416869855,0.573271083130145
2.95496061790514,0.859552971776503,1.47249821073871,-2.50742208410481,-0.263750894630645,0.452761605369355
2.9526475834317,0.902113032590307,1.23606797749979,-2.50742208410481,-0.381966011250106,0.330146488749894
2.95015399431897,0.937166322257262,0.99475954865942,-2.50742208410481,-0.50262022567029,0.20589227432971
2.94747061758288,0.964574501457377,0.7495252583429,-2.50742208410481,-0.62523737082855,0.0804751291714498
2.94458778563409,0.984229402628956,0.501332934257218,-2.50742208410481,-0.749333532871391,-0.045621032871391
2.94149539910628,0.996053456856543,0.251162078117254,-2.50742208410481,-0.874418960941373,-0.171906460941373
2.93818292994851,1,2.44929359829471e-16,-2.50742208410481,-1,-0.2978875
2.93463942479939,0.996053456856543,-0.251162078117254,-2.50742208410481,-1.12558103905863,-0.423068539058627
2.93085350866159,0.984229402628956,-0.501332934257217,-2.50742208410481,-1.25066646712861,-0.546953967128609
2.92681338889572,0.964574501457377,-0.749525258342899,-2.50742208410481,-1.37476262917145,-0.66905012917145
2.92250685955367,0.937166322257262,-0.994759548659419,-2.50742208410481,-1.49737977432971,-0.78886727432971
2.92471780996241,-2.8595529717765,-1.47249821073871,-2.71448115739806,-1.73624910536936,0.167950894630644
2.92925563850656,-2.90211303259031,-1.23606797749979,-2.71448115739806,-1.61803398874989,0.241766011250106
2.93351205132634,-2.93716632225726,-0.994759548659419,-2.71448115739806,-1.49737977432971,0.318820225670291
2.93750013178371,-2.96457450145738,-0.749525258342899,-2.71448115739806,-1.37476262917145,0.398637370828551
2.94123255514637,-2.98422940262896,-0.501332934257217,-2.71448115739806,-1.25066646712861,0.480733532871392
2.94472158375094,-2.99605345685654,-0.251162078117254,-2.71448115739806,-1.12558103905863,0.564618960941373
2.9479790625397,-3,2.44929359829471e-16,-2.71448115739806,-1,0.6498
2.95101641494983,-2.99605345685654,0.251162078117254,-2.71448115739806,-0.874418960941373,0.735781039058627
2.9538446391343,-2.98422940262896,0.501332934257218,-2.71448115739806,-0.749333532871391,0.822066467128609
2.95647430449454,-2.96457450145738,0.7495252583429,-2.71448115739806,-0.62523737082855,0.90816262917145
2.95891554850561,-2.93716632225726,0.994759548659419,-2.71448115739806,-0.502620225670291,0.99357977432971
2.96117807381517,-2.90211303259031,1.23606797749979,-2.71448115739806,-0.381966011250105,1.0778339887499
2.9632711455986,-2.8595529717765,1.47249821073871,-2.71448115739806,-0.263750894630644,1.16044910536936
2.96520358915294,-2.80965410493204,1.70311716626029,-2.71448115739806,-0.148441416869855,1.24095858313015
2.96698378771336,-2.75261336008773,1.92701469640686,-2.71448115739806,-0.0364926517965692,1.31890734820343
2.96861968047658,-2.68865585100403,2.14330717991599,-2.71448115739806,0.0716535899579935,1.39385358995799
2.97011876081619,-2.61803398874989,2.35114100916989,-2.71448115739806,0.175570504584947,1.46537050458495
2.97148807467601,-2.54102648555158,2.54969595899476,-2.71448115739806,0.274847979497379,1.53304797949738
2.97273421912797,-2.45793725484282,2.73818842371475,-2.71448115739806,0.369094211857377,1.59649421185738
2.97386334108203,-2.36909421185738,2.91587450968565,-2.71448115739806,0.457937254842823,1.65533725484282
2.97488113613642,-2.27484797949738,3.08205297110316,-2.71448115739806,0.541026485551579,1.70922648555158
2.97579284755721,-2.17557050458495,3.23606797749979,-2.71448115739806,0.618033988749895,1.7578339887499
2.97660326537701,-2.07165358995799,3.37731170200806,-2.71448115739806,0.68865585100403,1.80085585100403
2.97731672560355,-1.96350734820343,3.50522672017545,-2.71448115739806,0.752613360087727,1.83801336008773
2.9779371095294,-1.85155858313015,3.61930820986408,-2.71448115739806,0.809654104932039,1.86905410493204
2.9784678431353,-1.73624910536936,3.71910594355301,-2.71448115739806,0.859552971776503,1.8937529717765
2.97891189657996,-1.61803398874989,3.80422606518061,-2.71448115739806,0.902113032590307,1.91191303259031
2.97927178377033,-1.49737977432971,3.87433264451452,-2.71448115739806,0.937166322257262,1.92336632225726
2.979549562007,-1.37476262917145,3.92914900291475,-2.71448115739806,0.964574501457377,1.92797450145738
2.97974683170014,-1.25066646712861,3.96845880525791,-2.71448115739806,0.984229402628956,1.92562940262896
2.97986473615251,-1.12558103905863,3.99210691371309,-2.71448115739806,0.996053456856543,1.91625345685654
2.97990396140636,-1,4,-2.71448115739806,1,1.8998
2.97986473615251,-0.874418960941373,3.99210691371309,-2.71448115739806,0.996053456856543,1.87625345685654
2.97974683170014,-0.749333532871391,3.96845880525791,-2.71448115739806,0.984229402628956,1.84562940262896
2.979549562007,-0.62523737082855,3.92914900291475,-2.71448115739806,0.964574501457377,1.80797450145738
2.97927178377033,-0.50262022567029,3.87433264451452,-2.71448115739806,0.937166322257262,1.76336632225726
2.97891189657996,-0.381966011250105,3.80422606518061,-2.71448115739806,0.902113032590307,1.71191303259031
2.9784678431353,-0.263750894630643,3.71910594355301,-2.71448115739806,0.859552971776503,1.6537529717765
2.9779371095294,-0.148441416869854,3.61930820986408,-2.71448115739806,0.809654104932039,1.58905410493204
2.97731672560355,-0.03649265179657,3.50522672017545,-2.71448115739806,0.752613360087727,1.51801336008773
2.97660326537701,0.0716535899579929,3.37731170200806,-2.71448115739806,0.68865585100403,1.44085585100403
2.97579284755721,0.175570504584946,3.23606797749979,-2.71448115739806,0.618033988749895,1.3578339887499
2.97488113613642,0.274847979497379,3.08205297110316,-2.71448115739806,0.541026485551579,1.26922648555158
2.97386334108203,0.369094211857377,2.91587450968565,-2.71448115739806,0.457937254842823,1.17533725484282
2.97273421912797,0.457937254842823,2.73818842371475,-2.71448115739806,0.369094211857377,1.07649421185738
2.97148807467601,0.541026485551579,2.54969595899476,-2.71448115739806,0.274847979497379,0.973047979497379
2.97011876081619,0.618033988749895,2.35114100916989,-2.71448115739806,0.175570504584946,0.865370504584946
2.96861968047658,0.68865585100403,2.14330717991599,-2.71448115739806,0.0716535899579933,0.753853589957993
2.96698378771336,0.752613360087727,1.92701469640686,-2.71448115739806,-0.0364926517965696,0.638907348203431
2.96520358915294,0.809654104932039,1.70311716626029,-2.71448115739806,-0.148441416869855,0.520958583130145
2.9632711455986,0.859552971776503,1.47249821073871,-2.71448115739806,-0.263750894630645,0.400449105369356
2.96117807381517,0.902113032590307,1.23606797749979,-2.71448115739806,-0.381966011250106,0.277833988749894
2.95891554850561,0.937166322257262,0.99475954865942,-2.71448115739806,-0.50262022567029,0.15357977432971
2.95647430449454,0.964574501457377,0.7495252583429,-2.71448115739806,-0.62523737082855,0.0281626291714501
2.9538446391343,0.984229402628956,0.501332934257218,-2.71448115739806,-0.749333532871391,-0.0979335328713908
2.95101641494983,0.996053456856543,0.251162078117254,-2.71448115739806,-0.874418960941373,-0.224218960941373
2.9479790625397,1,2.44929359829471e-16,-2.71448115739806,-1,-0.3502
2.94472158375094,0.996053456856543,-0.251162078117254,-2.71448115739806,-1.12558103905863,-0.475381039058627
2.94123255514637,0.984229402628956,-0.501332934257217,-2.71448115739806,-1.25066646712861,-0.599266467128609
2.93750013178371,0.964574501457377,-0.749525258342899,-2.71448115739806,-1.37476262917145,-0.721362629171449
2.93351205132634,0.937166322257262,-0.994759548659419,-2.71448115739806,-1.49737977432971,-0.84117977432971
2.92925563850656,0.902113032590307,-1.23606797749979,-2.71448115739806,-1.6180339887499,-0.958233988749895
2.92471780996241,0.859552971776503,-1.47249821073871,-2.71448115739806,-1.73624910536936,-1.07204910536936
2.92554170589922,-2.75261336008773,-1.92701469640686,-2.86737904439499,-1.96350734820343,-0.01839484820343
2.93034560644032,-2.80965410493204,-1.70311716626029,-2.86737904439499,-1.85155858313015,0.0475539168698547
2.93485057010204,-2.8595529717765,-1.47249821073871,-2.86737904439499,-1.73624910536936,0.117663394630644
2.93907054676776,-2.90211303259031,-1.23606797749979,-2.86737904439499,-1.61803398874989,0.191478511250106
2.94301908450579,-2.93716632225726,-0.994759548659419,-2.86737904439499,-1.49737977432971,0.268532725670291
2.9467093241545,-2.96457450145738,-0.749525258342899,-2.86737904439499,-1.37476262917145,0.34834987082855
2.95015399431897,-2.98422940262896,-0.501332934257217,-2.86737904439499,-1.25066646712861,0.430446032871391
2.95336540675643,-2.99605345685654,-0.251162078117254,-2.86737904439499,-1.12558103905863,0.514331460941373
2.95635545212857,-3,2.44929359829471e-16,-2.86737904439499,-1,0.5995125
2.95913559609911,-2.99605345685654,0.251162078117254,-2.86737904439499,-0.874418960941373,0.685493539058627
2.96171687575593,-2.98422940262896,0.501332934257218,-2.86737904439499,-0.749333532871391,0.771778967128609
2.96410989633775,-2.96457450145738,0.7495252583429,-2.86737904439499,-0.62523737082855,0.85787512917145
2.9663248282458,-2.93716632225726,0.994759548659419,-2.86737904439499,-0.502620225670291,0.943292274329709
2.96837140432203,-2.90211303259031,1.23606797749979,-2.86737904439499,-0.381966011250105,1.02754648874989
2.97025891737571,-2.8595529717765,1.47249821073871,-2.86737904439499,-0.263750894630644,1.11016160536936
2.97199621794142,-2.80965410493204,1.70311716626029,-2.86737904439499,-0.148441416869855,1.19067108313015
2.97359171225179,-2.75261336008773,1.92701469640686,-2.86737904439499,-0.0364926517965692,1.26861984820343
2.97505336040943,-2.68865585100403,2.14330717991599,-2.86737904439499,0.0716535899579935,1.34356608995799
2.97638867474311,-2.61803398874989,2.35114100916989,-2.86737904439499,0.175570504584947,1.41508300458495
2.97760471833393,-2.54102648555158,2.54969595899476,-2.86737904439499,0.274847979497379,1.48276047949738
2.97870810369828,-2.45793725484282,2.73818842371475,-2.86737904439499,0.369094211857377,1.54620671185738
2.97970499161489,-2.36909421185738,2.91587450968565,-2.86737904439499,0.457937254842823,1.60504975484282
2.98060109008418,-2.27484797949738,3.08205297110316,-2.86737904439499,0.541026485551579,1.65893898555158
2.98140165340902,-2.17557050458495,3.23606797749979,-2.86737904439499,0.618033988749895,1.70754648874989
2.98211148138663,-2.07165358995799,3.37731170200806,-2.86737904439499,0.68865585100403,1.75056835100403
2.98273491860218,-1.96350734820343,3.50522672017545,-2.86737904439499,0.752613360087727,1.78772586008773
2.98327585381568,-1.85155858313015,3.61930820986408,-2.86737904439499,0.809654104932039,1.81876660493204
2.98373771943426,-1.73624910536936,3.71910594355301,-2.86737904439499,0.859552971776503,1.8434654717765
2.98412349106288,-1.61803398874989,3.80422606518061,-2.86737904439499,0.902113032590307,1.86162553259031
2.98443568712743,-1.49737977432971,3.87433264451452,-2.86737904439499,0.937166322257262,1.87307882225726
2.98467636856482,-1.37476262917145,3.92914900291475,-2.86737904439499,0.964574501457377,1.87768700145738
2.98484713857553,-1.25066646712861,3.96845880525791,-2.86737904439499,0.984229402628956,1.87534190262896
2.98494914243504,-1.12558103905863,3.99210691371309,-2.86737904439499,0.996053456856543,1.86596595685654
2.98498306736111,-1,4,-2.86737904439499,1,1.8495125
2.98494914243504,-0.874418960941373,3.99210691371309,-2.86737904439499,0.996053456856543,1.82596595685654
2.98484713857553,-0.749333532871391,3.96845880525791,-2.86737904439499,0.984229402628956,1.79534190262896
2.98467636856482,-0.62523737082855,3.92914900291475,-2.86737904439499,0.964574501457377,1.75768700145738
2.98443568712743,-0.50262022567029,3.87433264451452,-2.86737904439499,0.937166322257262,1.71307882225726
2.98412349106288,-0.381966011250105,3.80422606518061,-2.86737904439499,0.902113032590307,1.66162553259031
2.98373771943426,-0.263750894630643,3.71910594355301,-2.86737904439499,0.859552971776503,1.6034654717765
2.98327585381568,-0.148441416869854,3.61930820986408,-2.86737904439499,0.809654104932039,1.53876660493204
2.98273491860218,-0.03649265179657,3.50522672017545,-2.86737904439499,0.752613360087727,1.46772586008773
2.98211148138663,0.0716535899579929,3.37731170200806,-2.86737904439499,0.68865585100403,1.39056835100403
2.98140165340902,0.175570504584946,3.23606797749979,-2.86737904439499,0.618033988749895,1.3075464887499
2.98060109008418,0.274847979497379,3.08205297110316,-2.86737904439499,0.541026485551579,1.21893898555158
2.97970499161489,0.369094211857377,2.91587450968565,-2.86737904439499,0.457937254842823,1.12504975484282
2.97870810369828,0.457937254842823,2.73818842371475,-2.86737904439499,0.369094211857377,1.02620671185738
2.97760471833393,0.541026485551579,2.54969595899476,-2.86737904439499,0.274847979497379,0.922760479497379
2.97638867474311,0.618033988749895,2.35114100916989,-2.86737904439499,0.175570504584946,0.815083004584946
2.97505336040943,0.68865585100403,2.14330717991599,-2.86737904439499,0.0716535899579933,0.703566089957993
2.97359171225179,0.752613360087727,1.92701469640686,-2.86737904439499,-0.0364926517965696,0.58861984820343
2.97199621794142,0.809654104932039,1.70311716626029,-2.86737904439499,-0.148441416869855,0.470671083130145
2.97025891737571,0.859552971776503,1.47249821073871,-2.86737904439499,-0.263750894630645,0.350161605369355
2.96837140432203,0.902113032590307,1.23606797749979,-2.86737904439499,-0.381966011250106,0.227546488749894
2.9663248282458,0.937166322257262,0.99475954865942,-2.86737904439499,-0.50262022567029,0.10329227432971
2.96410989633775,0.964574501457377,0.7495252583429,-2.86737904439499,-0.62523737082855,-0.0221248708285501
2.96171687575593,0.984229402628956,0.501332934257218,-2.86737904439499,-0.749333532871391,-0.148221032871391
2.95913559609911,0.996053456856543,0.251162078117254,-2.86737904439499,-0.874418960941373,-0.274506460941373
2.95635545212857,1,2.44929359829471e-16,-2.86737904439499,-1,-0.4004875
2.95336540675643,0.996053456856543,-0.251162078117254,-2.86737904439499,-1.12558103905863,-0.525668539058627
2.95015399431897,0.984229402628956,-0.501332934257217,-2.86737904439499,-1.25066646712861,-0.649553967128609
2.9467093241545,0.964574501457377,-0.749525258342899,-2.86737904439499,-1.37476262917145,-0.77165012917145
2.94301908450579,0.937166322257262,-0.994759548659419,-2.86737904439499,-1.49737977432971,-0.89146727432971
2.93907054676776,0.902113032590307,-1.23606797749979,-2.86737904439499,-1.6180339887499,-1.0085214887499
2.93485057010204,0.859552971776503,-1.47249821073871,-2.86737904439499,-1.73624910536936,-1.12233660536936
2.93034560644032,0.809654104932039,-1.70311716626029,-2.86737904439499,-1.85155858313015,-1.23244608313015
2.92554170589922,0.752613360087727,-1.92701469640686,-2.86737904439499,-1.96350734820343,-1.33839484820343
2.92500079279234,-2.61803398874989,-2.35114100916989,-2.96306502178541,-2.17557050458495,-0.184320504584946
2.93011372094561,-2.68865585100403,-2.14330717991599,-2.96306502178541,-2.07165358995799,-0.128003589957993
2.93490769714666,-2.75261336008773,-1.92701469640686,-2.96306502178541,-1.96350734820343,-0.0666573482034301
2.93939752447369,-2.80965410493204,-1.70311716626029,-2.96306502178541,-1.85155858313015,-0.000708583130145213
2.94359761171067,-2.8595529717765,-1.47249821073871,-2.96306502178541,-1.73624910536936,0.0694008946306441
2.94752196727055,-2.90211303259031,-1.23606797749979,-2.96306502178541,-1.61803398874989,0.143216011250106
2.95118419357138,-2.93716632225726,-0.994759548659419,-2.96306502178541,-1.49737977432971,0.22027022567029
2.95459748184115,-2.96457450145738,-0.749525258342899,-2.96306502178541,-1.37476262917145,0.300087370828551
2.95777460732802,-2.98422940262896,-0.501332934257217,-2.96306502178541,-1.25066646712861,0.382183532871391
2.96072792489297,-2.99605345685654,-0.251162078117254,-2.96306502178541,-1.12558103905863,0.466068960941373
2.96346936496279,-3,2.44929359829471e-16,-2.96306502178541,-1,0.55125
2.96601042982167,-2.99605345685654,0.251162078117254,-2.96306502178541,-0.874418960941373,0.637231039058627
2.96836219022079,-2.98422940262896,0.501332934257218,-2.96306502178541,-0.749333532871391,0.723516467128609
2.97053528228544,-2.96457450145738,0.7495252583429,-2.96306502178541,-0.62523737082855,0.80961262917145
2.97253990470043,-2.93716632225726,0.994759548659419,-2.96306502178541,-0.502620225670291,0.89502977432971
2.9743858161549,-2.90211303259031,1.23606797749979,-2.96306502178541,-0.381966011250105,0.979283988749895
2.97608233302864,-2.8595529717765,1.47249821073871,-2.96306502178541,-0.263750894630644,1.06189910536936
2.97763832730251,-2.80965410493204,1.70311716626029,-2.96306502178541,-0.148441416869855,1.14240858313015
2.97906222467659,-2.75261336008773,1.92701469640686,-2.96306502178541,-0.0364926517965692,1.22035734820343
2.98036200288022,-2.68865585100403,2.14330717991599,-2.96306502178541,0.0716535899579935,1.29530358995799
2.98154519015904,-2.61803398874989,2.35114100916989,-2.96306502178541,0.175570504584947,1.36682050458495
2.98261886392474,-2.54102648555158,2.54969595899476,-2.96306502178541,0.274847979497379,1.43449797949738
2.98358964955418,-2.45793725484282,2.73818842371475,-2.96306502178541,0.369094211857377,1.49794421185738
2.98446371932534,-2.36909421185738,2.91587450968565,-2.96306502178541,0.457937254842823,1.55678725484282
2.98524679147807,-2.27484797949738,3.08205297110316,-2.96306502178541,0.541026485551579,1.61067648555158
2.98594412938884,-2.17557050458495,3.23606797749979,-2.96306502178541,0.618033988749895,1.65928398874989
2.98656054084918,-2.07165358995799,3.37731170200806,-2.96306502178541,0.68865585100403,1.70230585100403
2.98710037743842,-1.96350734820343,3.50522672017545,-2.96306502178541,0.752613360087727,1.73946336008773
2.98756753398208,-1.85155858313015,3.61930820986408,-2.96306502178541,0.809654104932039,1.77050410493204
2.98796544808829,-1.73624910536936,3.71910594355301,-2.96306502178541,0.859552971776503,1.7952029717765
2.98829709975506,-1.61803398874989,3.80422606518061,-2.96306502178541,0.902113032590307,1.81336303259031
2.98856501104244,-1.49737977432971,3.87433264451452,-2.96306502178541,0.937166322257262,1.82481632225726
2.98877124580408,-1.37476262917145,3.92914900291475,-2.96306502178541,0.964574501457377,1.82942450145738
2.98891740947381,-1.25066646712861,3.96845880525791,-2.96306502178541,0.984229402628956,1.82707940262896
2.98900464890347,-1.12558103905863,3.99210691371309,-2.96306502178541,0.996053456856543,1.81770345685654
2.98903365224909,-1,4,-2.96306502178541,1,1.80125
2.98900464890347,-0.874418960941373,3.99210691371309,-2.96306502178541,0.996053456856543,1.77770345685654
2.98891740947381,-0.749333532871391,3.96845880525791,-2.96306502178541,0.984229402628956,1.74707940262896
2.98877124580408,-0.62523737082855,3.92914900291475,-2.96306502178541,0.964574501457377,1.70942450145738
2.98856501104244,-0.50262022567029,3.87433264451452,-2.96306502178541,0.937166322257262,1.66481632225726
2.98829709975506,-0.381966011250105,3.80422606518061,-2.96306502178541,0.902113032590307,1.61336303259031
2.98796544808829,-0.263750894630643,3.71910594355301,-2.96306502178541,0.859552971776503,1.5552029717765
2.98756753398208,-0.148441416869854,3.61930820986408,-2.96306502178541,0.809654104932039,1.49050410493204
2.98710037743842,-0.03649265179657,3.50522672017545,-2.96306502178541,0.752613360087727,1.41946336008773
2.98656054084918,0.0716535899579929,3.37731170200806,-2.96306502178541,0.68865585100403,1.34230585100403
2.98594412938884,0.175570504584946,3.23606797749979,-2.96306502178541,0.618033988749895,1.2592839887499
2.98524679147807,0.274847979497379,3.08205297110316,-2.96306502178541,0.541026485551579,1.17067648555158
2.98446371932534,0.369094211857377,2.91587450968565,-2.96306502178541,0.457937254842823,1.07678725484282
2.98358964955418,0.457937254842823,2.73818842371475,-2.96306502178541,0.369094211857377,0.977944211857377
2.98261886392474,0.541026485551579,2.54969595899476,-2.96306502178541,0.274847979497379,0.874497979497379
2.98154519015904,0.618033988749895,2.35114100916989,-2.96306502178541,0.175570504584946,0.766820504584946
2.98036200288022,0.68865585100403,2.14330717991599,-2.96306502178541,0.0716535899579933,0.655303589957993
2.97906222467659,0.752613360087727,1.92701469640686,-2.96306502178541,-0.0364926517965696,0.54035734820343
2.97763832730251,0.809654104932039,1.70311716626029,-2.96306502178541,-0.148441416869855,0.422408583130145
2.97608233302864,0.859552971776503,1.47249821073871,-2.96306502178541,-0.263750894630645,0.301899105369355
2.9743858161549,0.902113032590307,1.23606797749979,-2.96306502178541,-0.381966011250106,0.179283988749894
2.97253990470043,0.937166322257262,0.99475954865942,-2.96306502178541,-0.50262022567029,0.0550297743297099
2.97053528228544,0.964574501457377,0.7495252583429,-2.96306502178541,-0.62523737082855,-0.0703873708285501
2.96836219022079,0.984229402628956,0.501332934257218,-2.96306502178541,-0.749333532871391,-0.196483532871391
2.96601042982167,0.996053456856543,0.251162078117254,-2.96306502178541,-0.874418960941373,-0.322768960941373
2.96346936496279,1,2.44929359829471e-16,-2.96306502178541,-1,-0.44875
2.96072792489297,0.996053456856543,-0.251162078117254,-2.96306502178541,-1.12558103905863,-0.573931039058627
2.95777460732802,0.984229402628956,-0.501332934257217,-2.96306502178541,-1.25066646712861,-0.697816467128609
2.95459748184115,0.964574501457377,-0.749525258342899,-2.96306502178541,-1.37476262917145,-0.81991262917145
2.95118419357138,0.937166322257262,-0.994759548659419,-2.96306502178541,-1.49737977432971,-0.93972977432971
2.94752196727055,0.902113032590307,-1.23606797749979,-2.96306502178541,-1.6180339887499,-1.0567839887499
2.94359761171067,0.859552971776503,-1.47249821073871,-2.96306502178541,-1.73624910536936,-1.17059910536936
2.93939752447369,0.809654104932039,-1.70311716626029,-2.96306502178541,-1.85155858313015,-1.28070858313015
2.93490769714666,0.752613360087727,-1.92701469640686,-2.96306502178541,-1.96350734820343,-1.38665734820343
2.93011372094561,0.68865585100403,-2.14330717991599,-2.96306502178541,-2.07165358995799,-1.48800358995799
2.92500079279234,0.618033988749895,-2.35114100916989,-2.96306502178541,-2.17557050458495,-1.58432050458495
2.92308045103279,-2.45793725484282,-2.73818842371475,-2.99962989744498,-2.36909421185738,-0.326481711857378
2.92855348737151,-2.54102648555158,-2.54969595899476,-2.99962989744498,-2.27484797949738,-0.281435479497379
2.9336850906066,-2.61803398874989,-2.35114100916989,-2.99962989744498,-2.17557050458495,-0.230558004584946
2.93849090078385,-2.68865585100403,-2.14330717991599,-2.99962989744498,-2.07165358995799,-0.174241089957993
2.94298617262143,-2.75261336008773,-1.92701469640686,-2.99962989744498,-1.96350734820343,-0.11289484820343
2.94718576867842,-2.80965410493204,-1.70311716626029,-2.99962989744498,-1.85155858313015,-0.0469460831301454
2.95110415302061,-2.8595529717765,-1.47249821073871,-2.99962989744498,-1.73624910536936,0.023163394630644
2.95475538535858,-2.90211303259031,-1.23606797749979,-2.99962989744498,-1.61803398874989,0.0969785112501054
2.95815311563286,-2.93716632225726,-0.994759548659419,-2.99962989744498,-1.49737977432971,0.17403272567029
2.96131057902239,-2.96457450145738,-0.749525258342899,-2.99962989744498,-1.37476262917145,0.25384987082855
2.96424059135235,-2.98422940262896,-0.501332934257217,-2.99962989744498,-1.25066646712861,0.335946032871391
2.96695554487854,-2.99605345685654,-0.251162078117254,-2.99962989744498,-1.12558103905863,0.419831460941373
2.96946740442606,-3,2.44929359829471e-16,-2.99962989744498,-1,0.5050125
2.97178770386043,-2.99605345685654,0.251162078117254,-2.99962989744498,-0.874418960941373,0.590993539058627
2.97392754287041,-2.98422940262896,0.501332934257218,-2.99962989744498,-0.749333532871391,0.677278967128609
2.9758975840421,-2.96457450145738,0.7495252583429,-2.99962989744498,-0.62523737082855,0.76337512917145
2.97770805020486,-2.93716632225726,0.994759548659419,-2.99962989744498,-0.502620225670291,0.848792274329709
2.97936872203018,-2.90211303259031,1.23606797749979,-2.99962989744498,-0.381966011250105,0.933046488749895
2.98088893586554,-2.8595529717765,1.47249821073871,-2.99962989744498,-0.263750894630644,1.01566160536936
2.98227758178571,-2.80965410493204,1.70311716626029,-2.99962989744498,-0.148441416869855,1.09617108313014
2.9835431018452,-2.75261336008773,1.92701469640686,-2.99962989744498,-0.0364926517965692,1.17411984820343
2.98469348851594,-2.68865585100403,2.14330717991599,-2.99962989744498,0.0716535899579935,1.24906608995799
2.98573628329508,-2.61803398874989,2.35114100916989,-2.99962989744498,0.175570504584947,1.32058300458495
2.98667857546894,-2.54102648555158,2.54969595899476,-2.99962989744498,0.274847979497379,1.38826047949738
2.98752700101939,-2.45793725484282,2.73818842371475,-2.99962989744498,0.369094211857377,1.45170671185738
2.98828774166026,-2.36909421185738,2.91587450968565,-2.99962989744498,0.457937254842823,1.51054975484282
2.98896652399177,-2.27484797949738,3.08205297110316,-2.99962989744498,0.541026485551579,1.56443898555158
2.98956861876202,-2.17557050458495,3.23606797749979,-2.99962989744498,0.618033988749895,1.61304648874989
2.99009884022531,-2.07165358995799,3.37731170200806,-2.99962989744498,0.68865585100403,1.65606835100403
2.99056154558785,-1.96350734820343,3.50522672017545,-2.99962989744498,0.752613360087727,1.69322586008773
2.99096063453226,-1.85155858313015,3.61930820986408,-2.99962989744498,0.809654104932039,1.72426660493204
2.99129954881306,-1.73624910536936,3.71910594355301,-2.99962989744498,0.859552971776503,1.7489654717765
2.9915812719162,-1.61803398874989,3.80422606518061,-2.99962989744498,0.902113032590307,1.76712553259031
2.99180832877641,-1.49737977432971,3.87433264451452,-2.99962989744498,0.937166322257262,1.77857882225726
2.99198278554713,-1.37476262917145,3.92914900291475,-2.99962989744498,0.964574501457377,1.78318700145738
2.99210624941839,-1.25066646712861,3.96845880525791,-2.99962989744498,0.984229402628956,1.78084190262896
2.99217986847904,-1.12558103905863,3.99210691371309,-2.99962989744498,0.996053456856543,1.77146595685654
2.99220433162036,-1,4,-2.99962989744498,1,1.7550125
2.99217986847904,-0.874418960941373,3.99210691371309,-2.99962989744498,0.996053456856543,1.73146595685654
2.99210624941839,-0.749333532871391,3.96845880525791,-2.99962989744498,0.984229402628956,1.70084190262896
2.99198278554713,-0.62523737082855,3.92914900291475,-2.99962989744498,0.964574501457377,1.66318700145738
2.99180832877641,-0.50262022567029,3.87433264451452,-2.99962989744498,0.937166322257262,1.61857882225726
2.9915812719162,-0.381966011250105,3.80422606518061,-2.99962989744498,0.902113032590307,1.56712553259031
2.99129954881306,-0.263750894630643,3.71910594355301,-2.99962989744498,0.859552971776503,1.5089654717765
2.99096063453226,-0.148441416869854,3.61930820986408,-2.99962989744498,0.809654104932039,1.44426660493204
2.99056154558785,-0.03649265179657,3.50522672017545,-2.99962989744498,0.752613360087727,1.37322586008773
2.99009884022531,0.0716535899579929,3.37731170200806,-2.99962989744498,0.68865585100403,1.29606835100403
2.98956861876202,0.175570504584946,3.23606797749979,-2.99962989744498,0.618033988749895,1.2130464887499
2.98896652399177,0.274847979497379,3.08205297110316,-2.99962989744498,0.541026485551579,1.12443898555158
2.98828774166026,0.369094211857377,2.91587450968565,-2.99962989744498,0.457937254842823,1.03054975484282
2.98752700101939,0.457937254842823,2.73818842371475,-2.99962989744498,0.369094211857377,0.931706711857377
2.98667857546894,0.541026485551579,2.54969595899476,-2.99962989744498,0.274847979497379,0.828260479497379
2.98573628329508,0.618033988749895,2.35114100916989,-2.99962989744498,0.175570504584946,0.720583004584946
2.98469348851594,0.68865585100403,2.14330717991599,-2.99962989744498,0.0716535899579933,0.609066089957993
2.9835431018452,0.752613360087727,1.92701469640686,-2.99962989744498,-0.0364926517965696,0.49411984820343
2.98227758178571,0.809654104932039,1.70311716626029,-2.99962989744498,-0.148441416869855,0.376171083130145
2.98088893586554,0.859552971776503,1.47249821073871,-2.99962989744498,-0.263750894630645,0.255661605369355
2.97936872203018,0.902113032590307,1.23606797749979,-2.99962989744498,-0.381966011250106,0.133046488749894
2.97770805020486,0.937166322257262,0.99475954865942,-2.99962989744498,-0.50262022567029,0.00879227432970975
2.9758975840421,0.964574501457377,0.7495252583429,-2.99962989744498,-0.62523737082855,-0.11662487082855
2.97392754287041,0.984229402628956,0.501332934257218,-2.99962989744498,-0.749333532871391,-0.242721032871391
2.97178770386043,0.996053456856543,0.251162078117254,-2.99962989744498,-0.874418960941373,-0.369006460941373
2.96946740442606,1,2.44929359829471e-16,-2.99962989744498,-1,-0.4949875
2.96695554487854,0.996053456856543,-0.251162078117254,-2.99962989744498,-1.12558103905863,-0.620168539058627
2.96424059135235,0.984229402628956,-0.501332934257217,-2.99962989744498,-1.25066646712861,-0.744053967128609
2.96131057902239,0.964574501457377,-0.749525258342899,-2.99962989744498,-1.37476262917145,-0.86615012917145
2.95815311563286,0.937166322257262,-0.994759548659419,-2.99962989744498,-1.49737977432971,-0.98596727432971
2.95475538535858,0.902113032590307,-1.23606797749979,-2.99962989744498,-1.6180339887499,-1.1030214887499
2.95110415302061,0.859552971776503,-1.47249821073871,-2.99962989744498,-1.73624910536936,-1.21683660536936
2.94718576867842,0.809654104932039,-1.70311716626029,-2.99962989744498,-1.85155858313015,-1.32694608313015
2.94298617262143,0.752613360087727,-1.92701469640686,-2.99962989744498,-1.96350734820343,-1.43289484820343
2.93849090078385,0.68865585100403,-2.14330717991599,-2.99962989744498,-2.07165358995799,-1.53424108995799
2.9336850906066,0.618033988749895,-2.35114100916989,-2.99962989744498,-2.17557050458495,-1.63055800458495
2.92855348737151,0.541026485551579,-2.54969595899476,-2.99962989744498,-2.27484797949738,-1.72143547949738
2.92308045103279,0.457937254842823,-2.73818842371475,-2.99962989744498,-2.36909421185738,-1.80648171185738
2.92562150296821,-2.36909421185738,-2.91587450968565,-2.97634410394343,-2.45793725484282,-0.409537254842823
2.9311474309695,-2.45793725484282,-2.73818842371475,-2.97634410394343,-2.36909421185738,-0.370694211857377
2.9363234718459,-2.54102648555158,-2.54969595899476,-2.97634410394343,-2.27484797949738,-0.325647979497379
2.9411657082451,-2.61803398874989,-2.35114100916989,-2.97634410394343,-2.17557050458495,-0.274770504584946
2.94568984044255,-2.68865585100403,-2.14330717991599,-2.97634410394343,-2.07165358995799,-0.218453589957993
2.94991117919863,-2.75261336008773,-1.92701469640686,-2.97634410394343,-1.96350734820343,-0.15710734820343
2.9538446391343,-2.80965410493204,-1.70311716626029,-2.97634410394343,-1.85155858313015,-0.0911585831301454
2.95750473259935,-2.8595529717765,-1.47249821073871,-2.97634410394343,-1.73624910536936,-0.0210491053693557
2.96090556400771,-2.90211303259031,-1.23606797749979,-2.97634410394343,-1.61803398874989,0.0527660112501056
2.9640608246149,-2.93716632225726,-0.994759548659419,-2.97634410394343,-1.49737977432971,0.129820225670291
2.96698378771336,-2.96457450145738,-0.749525258342899,-2.97634410394343,-1.37476262917145,0.20963737082855
2.96968730422183,-2.98422940262896,-0.501332934257217,-2.97634410394343,-1.25066646712861,0.291733532871391
2.97218379864579,-2.99605345685654,-0.251162078117254,-2.97634410394343,-1.12558103905863,0.375618960941373
2.9744852653865,-3,2.44929359829471e-16,-2.97634410394343,-1,0.4608
2.97660326537701,-2.99605345685654,0.251162078117254,-2.97634410394343,-0.874418960941373,0.546781039058627
2.97854892302386,-2.98422940262896,0.501332934257218,-2.97634410394343,-0.749333532871391,0.633066467128609
2.98033292343441,-2.96457450145738,0.7495252583429,-2.97634410394343,-0.62523737082855,0.71916262917145
2.98196550990999,-2.93716632225726,0.994759548659419,-2.97634410394343,-0.502620225670291,0.804579774329709
2.98345648168609,-2.90211303259031,1.23606797749979,-2.97634410394343,-0.381966011250105,0.888833988749895
2.98481519190142,-2.8595529717765,1.47249821073871,-2.97634410394343,-0.263750894630644,0.971449105369356
2.98605054577853,-2.80965410493204,1.70311716626029,-2.97634410394343,-0.148441416869855,1.05195858313015
2.98717099899929,-2.75261336008773,1.92701469640686,-2.97634410394343,-0.0364926517965692,1.12990734820343
2.98818455625954,-2.68865585100403,2.14330717991599,-2.97634410394343,0.0716535899579935,1.20485358995799
2.98909876998767,-2.61803398874989,2.35114100916989,-2.97634410394343,0.175570504584947,1.27637050458495
2.98992073921311,-2.54102648555158,2.54969595899476,-2.97634410394343,0.274847979497379,1.34404797949738
2.99065710857106,-2.45793725484282,2.73818842371475,-2.97634410394343,0.369094211857377,1.40749421185738
2.99131406743095,-2.36909421185738,2.91587450968565,-2.97634410394343,0.457937254842823,1.46633725484282
2.99189734913664,-2.27484797949738,3.08205297110316,-2.97634410394343,0.541026485551579,1.52022648555158
2.99241223034741,-2.17557050458495,3.23606797749979,-2.97634410394343,0.618033988749895,1.56883398874989
2.99286353046944,-2.07165358995799,3.37731170200806,-2.97634410394343,0.68865585100403,1.61185585100403
2.99325561116837,-1.96350734820343,3.50522672017545,-2.97634410394343,0.752613360087727,1.64901336008773
2.99359237595426,-1.85155858313015,3.61930820986408,-2.97634410394343,0.809654104932039,1.68005410493204
2.9938772698313,-1.73624910536936,3.71910594355301,-2.97634410394343,0.859552971776503,1.7047529717765
2.9941132790051,-1.61803398874989,3.80422606518061,-2.97634410394343,0.902113032590307,1.72291303259031
2.99430293064146,-1.49737977432971,3.87433264451452,-2.97634410394343,0.937166322257262,1.73436632225726
2.99444829267145,-1.37476262917145,3.92914900291475,-2.97634410394343,0.964574501457377,1.73897450145738
2.99455097363789,-1.25066646712861,3.96845880525791,-2.97634410394343,0.984229402628956,1.73662940262896
2.99461212257998,-1.12558103905863,3.99210691371309,-2.97634410394343,0.996053456856543,1.72725345685654
2.99463242895281,-1,4,-2.97634410394343,1,1.7108
2.99461212257998,-0.874418960941373,3.99210691371309,-2.97634410394343,0.996053456856543,1.68725345685654
2.99455097363789,-0.749333532871391,3.96845880525791,-2.97634410394343,0.984229402628956,1.65662940262896
2.99444829267145,-0.62523737082855,3.92914900291475,-2.97634410394343,0.964574501457377,1.61897450145738
2.99430293064146,-0.50262022567029,3.87433264451452,-2.97634410394343,0.937166322257262,1.57436632225726
2.9941132790051,-0.381966011250105,3.80422606518061,-2.97634410394343,0.902113032590307,1.52291303259031
2.9938772698313,-0.263750894630643,3.71910594355301,-2.97634410394343,0.859552971776503,1.4647529717765
2.99359237595426,-0.148441416869854,3.61930820986408,-2.97634410394343,0.809654104932039,1.40005410493204
2.99325561116837,-0.03649265179657,3.50522672017545,-2.97634410394343,0.752613360087727,1.32901336008773
2.99286353046944,0.0716535899579929,3.37731170200806,-2.97634410394343,0.68865585100403,1.25185585100403
2.99241223034741,0.175570504584946,3.23606797749979,-2.97634410394343,0.618033988749895,1.16883398874989
2.99189734913664,0.274847979497379,3.08205297110316,-2.97634410394343,0.541026485551579,1.08022648555158
2.99131406743095,0.369094211857377,2.91587450968565,-2.97634410394343,0.457937254842823,0.986337254842823
2.99065710857106,0.457937254842823,2.73818842371475,-2.97634410394343,0.369094211857377,0.887494211857377
2.98992073921311,0.541026485551579,2.54969595899476,-2.97634410394343,0.274847979497379,0.784047979497379
2.98909876998767,0.618033988749895,2.35114100916989,-2.97634410394343,0.175570504584946,0.676370504584946
2.98818455625954,0.68865585100403,2.14330717991599,-2.97634410394343,0.0716535899579933,0.564853589957993
2.98717099899929,0.752613360087727,1.92701469640686,-2.97634410394343,-0.0364926517965696,0.44990734820343
2.98605054577853,0.809654104932039,1.70311716626029,-2.97634410394343,-0.148441416869855,0.331958583130145
2.98481519190142,0.859552971776503,1.47249821073871,-2.97634410394343,-0.263750894630645,0.211449105369355
2.98345648168609,0.902113032590307,1.23606797749979,-2.97634410394343,-0.381966011250106,0.0888339887498941
2.98196550990999,0.937166322257262,0.99475954865942,-2.97634410394343,-0.50262022567029,-0.03542022567029
2.98033292343441,0.964574501457377,0.7495252583429,-2.97634410394343,-0.62523737082855,-0.16083737082855
2.97854892302386,0.984229402628956,0.501332934257218,-2.97634410394343,-0.749333532871391,-0.286933532871391
2.97660326537701,0.996053456856543,0.251162078117254,-2.97634410394343,-0.874418960941373,-0.413218960941373
2.9744852653865,1,2.44929359829471e-16,-2.97634410394343,-1,-0.5392
2.97218379864579,0.996053456856543,-0.251162078117254,-2.97634410394343,-1.12558103905863,-0.664381039058627
2.96968730422183,0.984229402628956,-0.501332934257217,-2.97634410394343,-1.25066646712861,-0.788266467128609
2.96698378771336,0.964574501457377,-0.749525258342899,-2.97634410394343,-1.37476262917145,-0.91036262917145
2.9640608246149,0.937166322257262,-0.994759548659419,-2.97634410394343,-1.49737977432971,-1.03017977432971
2.96090556400771,0.902113032590307,-1.23606797749979,-2.97634410394343,-1.6180339887499,-1.1472339887499
2.95750473259935,0.859552971776503,-1.47249821073871,-2.97634410394343,-1.73624910536936,-1.26104910536936
2.9538446391343,0.809654104932039,-1.70311716626029,-2.97634410394343,-1.85155858313015,-1.37115858313015
2.94991117919863,0.752613360087727,-1.92701469640686,-2.97634410394343,-1.96350734820343,-1.47710734820343
2.94568984044255,0.68865585100403,-2.14330717991599,-2.97634410394343,-2.07165358995799,-1.57845358995799
2.9411657082451,0.618033988749895,-2.35114100916989,-2.97634410394343,-2.17557050458495,-1.67477050458495
2.9363234718459,0.541026485551579,-2.54969595899476,-2.97634410394343,-2.27484797949738,-1.76564797949738
2.9311474309695,0.457937254842823,-2.73818842371475,-2.97634410394343,-2.36909421185738,-1.85069421185738
2.92562150296821,0.369094211857378,-2.91587450968565,-2.97634410394343,-2.45793725484282,-1.92953725484282
2.92722249956642,-2.27484797949738,-3.08205297110316,-2.89367225537339,-2.54102648555158,-0.484013985551578
2.93283105218546,-2.36909421185738,-2.91587450968565,-2.89367225537339,-2.45793725484282,-0.451724754842822
2.93808010387901,-2.45793725484282,-2.73818842371475,-2.89367225537339,-2.36909421185738,-0.412881711857377
2.94298617262143,-2.54102648555158,-2.54969595899476,-2.89367225537339,-2.27484797949738,-0.367835479497379
2.94756539756632,-2.61803398874989,-2.35114100916989,-2.89367225537339,-2.17557050458495,-0.316958004584946
2.95183353155576,-2.68865585100403,-2.14330717991599,-2.89367225537339,-2.07165358995799,-0.260641089957993
2.95580593417058,-2.75261336008773,-1.92701469640686,-2.89367225537339,-1.96350734820343,-0.19929484820343
2.9594975652947,-2.80965410493204,-1.70311716626029,-2.89367225537339,-1.85155858313015,-0.133346083130145
2.96292297916769,-2.8595529717765,-1.47249821073871,-2.89367225537339,-1.73624910536936,-0.0632366053693557
2.96609631889976,-2.90211303259031,-1.23606797749979,-2.89367225537339,-1.61803398874989,0.0105785112501056
2.96903131142417,-2.93716632225726,-0.994759548659419,-2.89367225537339,-1.49737977432971,0.0876327256702905
2.97174126286265,-2.96457450145738,-0.749525258342899,-2.89367225537339,-1.37476262917145,0.167449870828551
2.97423905427997,-2.98422940262896,-0.501332934257217,-2.89367225537339,-1.25066646712861,0.249546032871391
2.97653713780453,-2.99605345685654,-0.251162078117254,-2.89367225537339,-1.12558103905863,0.333431460941373
2.97864753309245,-3,2.44929359829471e-16,-2.89367225537339,-1,0.4186125
2.98058182411334,-2.99605345685654,0.251162078117254,-2.89367225537339,-0.874418960941373,0.504593539058627
2.98235115623668,-2.98422940262896,0.501332934257218,-2.89367225537339,-0.749333532871391,0.590878967128609
2.98396623359827,-2.96457450145738,0.7495252583429,-2.89367225537339,-0.62523737082855,0.67697512917145
2.98543731672732,-2.93716632225726,0.994759548659419,-2.89367225537339,-0.502620225670291,0.76239227432971
2.98677422041501,-2.90211303259031,1.23606797749979,-2.89367225537339,-0.381966011250105,0.846646488749895
2.98798631180649,-2.8595529717765,1.47249821073871,-2.89367225537339,-0.263750894630644,0.929261605369356
2.98908250869888,-2.80965410493204,1.70311716626029,-2.89367225537339,-0.148441416869855,1.00977108313015
2.99007127802861,-2.75261336008773,1.92701469640686,-2.89367225537339,-0.0364926517965692,1.08771984820343
2.99096063453226,-2.68865585100403,2.14330717991599,-2.89367225537339,0.0716535899579935,1.16266608995799
2.9917581395658,-2.61803398874989,2.35114100916989,-2.89367225537339,0.175570504584947,1.23418300458495
2.99247090006801,-2.54102648555158,2.54969595899476,-2.89367225537339,0.274847979497379,1.30186047949738
2.9931055676545,-2.45793725484282,2.73818842371475,-2.89367225537339,0.369094211857377,1.36530671185738
2.99366833782975,-2.36909421185738,2.91587450968565,-2.89367225537339,0.457937254842823,1.42414975484282
2.99416494930519,-2.27484797949738,3.08205297110316,-2.89367225537339,0.541026485551579,1.47803898555158
2.99460068341238,-2.17557050458495,3.23606797749979,-2.89367225537339,0.618033988749895,1.5266464887499
2.99498036360086,-2.07165358995799,3.37731170200806,-2.89367225537339,0.68865585100403,1.56966835100403
2.99530835501138,-1.96350734820343,3.50522672017545,-2.89367225537339,0.752613360087727,1.60682586008773
2.99558856411583,-1.85155858313015,3.61930820986408,-2.89367225537339,0.809654104932039,1.63786660493204
2.99582443841606,-1.73624910536936,3.71910594355301,-2.89367225537339,0.859552971776503,1.6625654717765
2.99601896619453,-1.61803398874989,3.80422606518061,-2.89367225537339,0.902113032590307,1.68072553259031
2.99617467631074,-1.49737977432971,3.87433264451452,-2.89367225537339,0.937166322257262,1.69217882225726
2.99629363803808,-1.37476262917145,3.92914900291475,-2.89367225537339,0.964574501457377,1.69678700145738
2.99637746093641,-1.25066646712861,3.96845880525791,-2.89367225537339,0.984229402628956,1.69444190262896
2.9964272947569,-1.12558103905863,3.99210691371309,-2.89367225537339,0.996053456856543,1.68506595685654
2.99644382937602,-1,4,-2.89367225537339,1,1.6686125
2.9964272947569,-0.874418960941373,3.99210691371309,-2.89367225537339,0.996053456856543,1.64506595685654
2.99637746093641,-0.749333532871391,3.96845880525791,-2.89367225537339,0.984229402628956,1.61444190262896
2.99629363803808,-0.62523737082855,3.92914900291475,-2.89367225537339,0.964574501457377,1.57678700145738
2.99617467631074,-0.50262022567029,3.87433264451452,-2.89367225537339,0.937166322257262,1.53217882225726
2.99601896619453,-0.381966011250105,3.80422606518061,-2.89367225537339,0.902113032590307,1.48072553259031
2.99582443841606,-0.263750894630643,3.71910594355301,-2.89367225537339,0.859552971776503,1.4225654717765
2.99558856411583,-0.148441416869854,3.61930820986408,-2.89367225537339,0.809654104932039,1.35786660493204
2.99530835501138,-0.03649265179657,3.50522672017545,-2.89367225537339,0.752613360087727,1.28682586008773
2.99498036360086,0.0716535899579929,3.37731170200806,-2.89367225537339,0.68865585100403,1.20966835100403
2.99460068341238,0.175570504584946,3.23606797749979,-2.89367225537339,0.618033988749895,1.12664648874989
2.99416494930519,0.274847979497379,3.08205297110316,-2.89367225537339,0.541026485551579,1.03803898555158
2.99366833782975,0.369094211857377,2.91587450968565,-2.89367225537339,0.457937254842823,0.944149754842823
2.9931055676545,0.457937254842823,2.73818842371475,-2.89367225537339,0.369094211857377,0.845306711857377
2.99247090006801,0.541026485551579,2.54969595899476,-2.89367225537339,0.274847979497379,0.741860479497379
2.9917581395658,0.618033988749895,2.35114100916989,-2.89367225537339,0.175570504584946,0.634183004584946
2.99096063453226,0.68865585100403,2.14330717991599,-2.89367225537339,0.0716535899579933,0.522666089957993
2.99007127802861,0.752613360087727,1.92701469640686,-2.89367225537339,-0.0364926517965696,0.40771984820343
2.98908250869888,0.809654104932039,1.70311716626029,-2.89367225537339,-0.148441416869855,0.289771083130145
2.98798631180649,0.859552971776503,1.47249821073871,-2.89367225537339,-0.263750894630645,0.169261605369355
2.98677422041501,0.902113032590307,1.23606797749979,-2.89367225537339,-0.381966011250106,0.0466464887498941
2.98543731672732,0.937166322257262,0.99475954865942,-2.89367225537339,-0.50262022567029,-0.0776077256702901
2.98396623359827,0.964574501457377,0.7495252583429,-2.89367225537339,-0.62523737082855,-0.20302487082855
2.98235115623668,0.984229402628956,0.501332934257218,-2.89367225537339,-0.749333532871391,-0.329121032871391
2.98058182411334,0.996053456856543,0.251162078117254,-2.89367225537339,-0.874418960941373,-0.455406460941373
2.97864753309245,1,2.44929359829471e-16,-2.89367225537339,-1,-0.5813875
2.97653713780453,0.996053456856543,-0.251162078117254,-2.89367225537339,-1.12558103905863,-0.706568539058627
2.97423905427997,0.984229402628956,-0.501332934257217,-2.89367225537339,-1.25066646712861,-0.830453967128609
2.97174126286265,0.964574501457377,-0.749525258342899,-2.89367225537339,-1.37476262917145,-0.95255012917145
2.96903131142417,0.937166322257262,-0.994759548659419,-2.89367225537339,-1.49737977432971,-1.07236727432971
2.96609631889976,0.902113032590307,-1.23606797749979,-2.89367225537339,-1.6180339887499,-1.1894214887499
2.96292297916769,0.859552971776503,-1.47249821073871,-2.89367225537339,-1.73624910536936,-1.30323660536936
2.9594975652947,0.809654104932039,-1.70311716626029,-2.89367225537339,-1.85155858313015,-1.41334608313015
2.95580593417058,0.752613360087727,-1.92701469640686,-2.89367225537339,-1.96350734820343,-1.51929484820343
2.95183353155576,0.68865585100403,-2.14330717991599,-2.89367225537339,-2.07165358995799,-1.62064108995799
2.94756539756632,0.618033988749895,-2.35114100916989,-2.89367225537339,-2.17557050458495,-1.71695800458495
2.94298617262143,0.541026485551579,-2.54969595899476,-2.89367225537339,-2.27484797949738,-1.80783547949738
2.93808010387901,0.457937254842823,-2.73818842371475,-2.89367225537339,-2.36909421185738,-1.89288171185738
2.93283105218546,0.369094211857378,-2.91587450968565,-2.89367225537339,-2.45793725484282,-1.97172475484282
2.92722249956642,0.27484797949738,-3.08205297110316,-2.89367225537339,-2.54102648555158,-2.04401398555158
2.92180134441209,-2.07165358995799,-3.37731170200806,-2.75326387705194,-2.68865585100403,-0.56780585100403
2.92791261582292,-2.17557050458495,-3.23606797749979,-2.75326387705194,-2.61803398874989,-0.549583988749894
2.9336363072287,-2.27484797949738,-3.08205297110316,-2.75326387705194,-2.54102648555158,-0.524176485551578
2.938989730026,-2.36909421185738,-2.91587450968565,-2.75326387705194,-2.45793725484282,-0.491887254842823
2.94398982946655,-2.45793725484282,-2.73818842371475,-2.75326387705194,-2.36909421185738,-0.453044211857377
2.94865317618763,-2.54102648555158,-2.54969595899476,-2.75326387705194,-2.27484797949738,-0.407997979497379
2.95299595833462,-2.61803398874989,-2.35114100916989,-2.75326387705194,-2.17557050458495,-0.357120504584946
2.95703397424807,-2.68865585100403,-2.14330717991599,-2.75326387705194,-2.07165358995799,-0.300803589957993
2.96078262568777,-2.75261336008773,-1.92701469640686,-2.75326387705194,-1.96350734820343,-0.23945734820343
2.96425691156725,-2.80965410493204,-1.70311716626029,-2.75326387705194,-1.85155858313015,-0.173508583130145
2.96747142217224,-2.8595529717765,-1.47249821073871,-2.75326387705194,-1.73624910536936,-0.103399105369356
2.97044033383742,-2.90211303259031,-1.23606797749979,-2.75326387705194,-1.61803398874989,-0.0295839887498945
2.97317740405633,-2.93716632225726,-0.994759548659419,-2.75326387705194,-1.49737977432971,0.0474702256702904
2.97569596699992,-2.96457450145738,-0.749525258342899,-2.75326387705194,-1.37476262917145,0.12728737082855
2.9780089294197,-2.98422940262896,-0.501332934257217,-2.75326387705194,-1.25066646712861,0.209383532871391
2.98012876691249,-2.99605345685654,-0.251162078117254,-2.75326387705194,-1.12558103905863,0.293268960941373
2.9820675205239,-3,2.44929359829471e-16,-2.75326387705194,-1,0.37845
2.98383679366893,-2.99605345685654,0.251162078117254,-2.75326387705194,-0.874418960941373,0.464431039058627
2.98544774934825,-2.98422940262896,0.501332934257218,-2.75326387705194,-0.749333532871391,0.550716467128609
2.98691110763997,-2.96457450145738,0.7495252583429,-2.75326387705194,-0.62523737082855,0.63681262917145
2.98823714344699,-2.93716632225726,0.994759548659419,-2.75326387705194,-0.502620225670291,0.722229774329709
2.98943568448099,-2.90211303259031,1.23606797749979,-2.75326387705194,-0.381966011250105,0.806483988749895
2.99051610946493,-2.8595529717765,1.47249821073871,-2.75326387705194,-0.263750894630644,0.889099105369356
2.99148734653656,-2.80965410493204,1.70311716626029,-2.75326387705194,-0.148441416869855,0.969608583130145
2.99235787183622,-2.75261336008773,1.92701469640686,-2.75326387705194,-0.0364926517965692,1.04755734820343
2.99313570826315,-2.68865585100403,2.14330717991599,-2.75326387705194,0.0716535899579935,1.12250358995799
2.99382842438513,-2.61803398874989,2.35114100916989,-2.75326387705194,0.175570504584947,1.19402050458495
2.99444313348716,-2.54102648555158,2.54969595899476,-2.75326387705194,0.274847979497379,1.26169797949738
2.99498649274572,-2.45793725484282,2.73818842371475,-2.75326387705194,0.369094211857377,1.32514421185738
2.99546470251584,-2.36909421185738,2.91587450968565,-2.75326387705194,0.457937254842823,1.38398725484282
2.99588350571918,-2.27484797949738,3.08205297110316,-2.75326387705194,0.541026485551579,1.43787648555158
2.99624818732193,-2.17557050458495,3.23606797749979,-2.75326387705194,0.618033988749895,1.4864839887499
2.99656357389236,-2.07165358995799,3.37731170200806,-2.75326387705194,0.68865585100403,1.52950585100403
2.99683403322852,-1.96350734820343,3.50522672017545,-2.75326387705194,0.752613360087727,1.56666336008773
2.99706347404743,-1.85155858313015,3.61930820986408,-2.75326387705194,0.809654104932039,1.59770410493204
2.99725534572807,-1.73624910536936,3.71910594355301,-2.75326387705194,0.859552971776503,1.6224029717765
2.99741263810095,-1.61803398874989,3.80422606518061,-2.75326387705194,0.902113032590307,1.64056303259031
2.99753788127835,-1.49737977432971,3.87433264451452,-2.75326387705194,0.937166322257262,1.65201632225726
2.99763314551964,-1.37476262917145,3.92914900291475,-2.75326387705194,0.964574501457377,1.65662450145738
2.99770004112735,-1.25066646712861,3.96845880525791,-2.75326387705194,0.984229402628956,1.65427940262896
2.9977397183701,-1.12558103905863,3.99210691371309,-2.75326387705194,0.996053456856543,1.64490345685654
2.99775286742969,-1,4,-2.75326387705194,1,1.62845
2.9977397183701,-0.874418960941373,3.99210691371309,-2.75326387705194,0.996053456856543,1.60490345685654
2.99770004112735,-0.749333532871391,3.96845880525791,-2.75326387705194,0.984229402628956,1.57427940262896
2.99763314551964,-0.62523737082855,3.92914900291475,-2.75326387705194,0.964574501457377,1.53662450145738
2.99753788127835,-0.50262022567029,3.87433264451452,-2.75326387705194,0.937166322257262,1.49201632225726
2.99741263810095,-0.381966011250105,3.80422606518061,-2.75326387705194,0.902113032590307,1.44056303259031
2.99725534572807,-0.263750894630643,3.71910594355301,-2.75326387705194,0.859552971776503,1.3824029717765
2.99706347404743,-0.148441416869854,3.61930820986408,-2.75326387705194,0.809654104932039,1.31770410493204
2.99683403322852,-0.03649265179657,3.50522672017545,-2.75326387705194,0.752613360087727,1.24666336008773
2.99656357389236,0.0716535899579929,3.37731170200806,-2.75326387705194,0.68865585100403,1.16950585100403
2.99624818732193,0.175570504584946,3.23606797749979,-2.75326387705194,0.618033988749895,1.08648398874989
2.99588350571918,0.274847979497379,3.08205297110316,-2.75326387705194,0.541026485551579,0.997876485551579
2.99546470251584,0.369094211857377,2.91587450968565,-2.75326387705194,0.457937254842823,0.903987254842823
2.99498649274572,0.457937254842823,2.73818842371475,-2.75326387705194,0.369094211857377,0.805144211857378
2.99444313348716,0.541026485551579,2.54969595899476,-2.75326387705194,0.274847979497379,0.701697979497379
2.99382842438513,0.618033988749895,2.35114100916989,-2.75326387705194,0.175570504584946,0.594020504584946
2.99313570826315,0.68865585100403,2.14330717991599,-2.75326387705194,0.0716535899579933,0.482503589957993
2.99235787183622,0.752613360087727,1.92701469640686,-2.75326387705194,-0.0364926517965696,0.36755734820343
2.99148734653656,0.809654104932039,1.70311716626029,-2.75326387705194,-0.148441416869855,0.249608583130145
2.99051610946493,0.859552971776503,1.47249821073871,-2.75326387705194,-0.263750894630645,0.129099105369355
2.98943568448099,0.902113032590307,1.23606797749979,-2.75326387705194,-0.381966011250106,0.0064839887498942
2.98823714344699,0.937166322257262,0.99475954865942,-2.75326387705194,-0.50262022567029,-0.11777022567029
2.98691110763997,0.964574501457377,0.7495252583429,-2.75326387705194,-0.62523737082855,-0.24318737082855
2.98544774934825,0.984229402628956,0.501332934257218,-2.75326387705194,-0.749333532871391,-0.369283532871391
2.98383679366893,0.996053456856543,0.251162078117254,-2.75326387705194,-0.874418960941373,-0.495568960941373
2.9820675205239,1,2.44929359829471e-16,-2.75326387705194,-1,-0.62155
2.98012876691249,0.996053456856543,-0.251162078117254,-2.75326387705194,-1.12558103905863,-0.746731039058627
2.9780089294197,0.984229402628956,-0.501332934257217,-2.75326387705194,-1.25066646712861,-0.870616467128609
2.97569596699992,0.964574501457377,-0.749525258342899,-2.75326387705194,-1.37476262917145,-0.99271262917145
2.97317740405633,0.937166322257262,-0.994759548659419,-2.75326387705194,-1.49737977432971,-1.11252977432971
2.97044033383742,0.902113032590307,-1.23606797749979,-2.75326387705194,-1.6180339887499,-1.2295839887499
2.96747142217224,0.859552971776503,-1.47249821073871,-2.75326387705194,-1.73624910536936,-1.34339910536936
2.96425691156725,0.809654104932039,-1.70311716626029,-2.75326387705194,-1.85155858313015,-1.45350858313015
2.96078262568776,0.752613360087727,-1.92701469640686,-2.75326387705194,-1.96350734820343,-1.55945734820343
2.95703397424807,0.68865585100403,-2.14330717991599,-2.75326387705194,-2.07165358995799,-1.66080358995799
2.95299595833462,0.618033988749895,-2.35114100916989,-2.75326387705194,-2.17557050458495,-1.75712050458495
2.94865317618763,0.541026485551579,-2.54969595899476,-2.75326387705194,-2.27484797949738,-1.84799797949738
2.94398982946655,0.457937254842823,-2.73818842371475,-2.75326387705194,-2.36909421185738,-1.93304421185738
2.938989730026,0.369094211857378,-2.91587450968565,-2.75326387705194,-2.45793725484282,-2.01188725484282
2.9336363072287,0.27484797949738,-3.08205297110316,-2.75326387705194,-2.54102648555158,-2.08417648555158
2.92791261582292,0.175570504584946,-3.23606797749979,-2.75326387705194,-2.61803398874989,-2.14958398874989
2.92180134441209,0.0716535899579933,-3.37731170200806,-2.75326387705194,-2.68865585100403,-2.20780585100403
2.92770453374027,-2.07165358995799,-3.37731170200806,-2.55792049306228,-2.68865585100403,-0.60594335100403
2.93357863127945,-2.17557050458495,-3.23606797749979,-2.55792049306228,-2.61803398874989,-0.587721488749894
2.93907054676776,-2.27484797949738,-3.08205297110316,-2.55792049306228,-2.54102648555158,-0.562313985551578
2.9441976437712,-2.36909421185738,-2.91587450968565,-2.55792049306228,-2.45793725484282,-0.530024754842823
2.94897691616685,-2.45793725484282,-2.73818842371475,-2.55792049306228,-2.36909421185738,-0.491181711857377
2.95342497983766,-2.54102648555158,-2.54969595899476,-2.55792049306228,-2.27484797949738,-0.446135479497379
2.95755806495628,-2.61803398874989,-2.35114100916989,-2.55792049306228,-2.17557050458495,-0.395258004584946
2.96139200883012,-2.68865585100403,-2.14330717991599,-2.55792049306228,-2.07165358995799,-0.338941089957993
2.96494224927999,-2.75261336008773,-1.92701469640686,-2.55792049306228,-1.96350734820343,-0.27759484820343
2.96822381852564,-2.80965410493204,-1.70311716626029,-2.55792049306228,-1.85155858313015,-0.211646083130145
2.97125133755163,-2.8595529717765,-1.47249821073871,-2.55792049306228,-1.73624910536936,-0.141536605369356
2.97403901092776,-2.90211303259031,-1.23606797749979,-2.55792049306228,-1.61803398874989,-0.0677214887498945
2.9766006220588,-2.93716632225726,-0.994759548659419,-2.55792049306228,-1.49737977432971,0.00933272567029042
2.97894952883899,-2.96457450145738,-0.749525258342899,-2.55792049306228,-1.37476262917145,0.0891498708285505
2.98109865968714,-2.98422940262896,-0.501332934257217,-2.55792049306228,-1.25066646712861,0.171246032871391
2.98306050993919,-2.99605345685654,-0.251162078117254,-2.55792049306228,-1.12558103905863,0.255131460941373
2.98484713857553,-3,2.44929359829471e-16,-2.55792049306228,-1,0.3403125
2.9864701652611,-2.99605345685654,0.251162078117254,-2.55792049306228,-0.874418960941373,0.426293539058627
2.98794076767703,-2.98422940262896,0.501332934257218,-2.55792049306228,-0.749333532871391,0.512578967128609
2.98926967912349,-2.96457450145738,0.7495252583429,-2.55792049306228,-0.62523737082855,0.59867512917145
2.99046718637367,-2.93716632225726,0.994759548659419,-2.55792049306228,-0.502620225670291,0.68409227432971
2.99154312776026,-2.90211303259031,1.23606797749979,-2.55792049306228,-0.381966011250105,0.768346488749895
2.99250689147581,-2.8595529717765,1.47249821073871,-2.55792049306228,-0.263750894630644,0.850961605369356
2.99336741406985,-2.80965410493204,1.70311716626029,-2.55792049306228,-0.148441416869855,0.931471083130145
2.99413317912574,-2.75261336008773,1.92701469640686,-2.55792049306228,-0.0364926517965692,1.00941984820343
2.9948122161016,-2.68865585100403,2.14330717991599,-2.55792049306228,0.0716535899579935,1.08436608995799
2.99541209932004,-2.61803398874989,2.35114100916989,-2.55792049306228,0.175570504584947,1.15588300458495
2.99593994709251,-2.54102648555158,2.54969595899476,-2.55792049306228,0.274847979497379,1.22356047949738
2.99640242096453,-2.45793725484282,2.73818842371475,-2.55792049306228,0.369094211857377,1.28700671185738
2.9968057250694,-2.36909421185738,2.91587450968565,-2.55792049306228,0.457937254842823,1.34584975484282
2.99715560557813,-2.27484797949738,3.08205297110316,-2.55792049306228,0.541026485551579,1.39973898555158
2.99745735023485,-2.17557050458495,3.23606797749979,-2.55792049306228,0.618033988749895,1.44834648874989
2.99771578796717,-2.07165358995799,3.37731170200806,-2.55792049306228,0.68865585100403,1.49136835100403
2.9979352885621,-1.96350734820343,3.50522672017545,-2.55792049306228,0.752613360087727,1.52852586008773
2.99811976239901,-1.85155858313015,3.61930820986408,-2.55792049306228,0.809654104932039,1.55956660493204
2.99827266023159,-1.73624910536936,3.71910594355301,-2.55792049306228,0.859552971776503,1.5842654717765
2.99839697301202,-1.61803398874989,3.80422606518061,-2.55792049306228,0.902113032590307,1.60242553259031
2.99849523175104,-1.49737977432971,3.87433264451452,-2.55792049306228,0.937166322257262,1.61387882225726
2.99856950740864,-1.37476262917145,3.92914900291475,-2.55792049306228,0.964574501457377,1.61848700145738
2.99862141081078,-1.25066646712861,3.96845880525791,-2.55792049306228,0.984229402628956,1.61614190262896
2.99865209258846,-1.12558103905863,3.99210691371309,-2.55792049306228,0.996053456856543,1.60676595685654
2.9986622431363,-1,4,-2.55792049306228,1,1.5903125
2.99865209258846,-0.874418960941373,3.99210691371309,-2.55792049306228,0.996053456856543,1.56676595685654
2.99862141081078,-0.749333532871391,3.96845880525791,-2.55792049306228,0.984229402628956,1.53614190262896
2.99856950740864,-0.62523737082855,3.92914900291475,-2.55792049306228,0.964574501457377,1.49848700145738
2.99849523175104,-0.50262022567029,3.87433264451452,-2.55792049306228,0.937166322257262,1.45387882225726
2.99839697301202,-0.381966011250105,3.80422606518061,-2.55792049306228,0.902113032590307,1.40242553259031
2.99827266023159,-0.263750894630643,3.71910594355301,-2.55792049306228,0.859552971776503,1.3442654717765
2.99811976239901,-0.148441416869854,3.61930820986408,-2.55792049306228,0.809654104932039,1.27956660493204
2.9979352885621,-0.03649265179657,3.50522672017545,-2.55792049306228,0.752613360087727,1.20852586008773
2.99771578796717,0.0716535899579929,3.37731170200806,-2.55792049306228,0.68865585100403,1.13136835100403
2.99745735023485,0.175570504584946,3.23606797749979,-2.55792049306228,0.618033988749895,1.0483464887499
2.99715560557813,0.274847979497379,3.08205297110316,-2.55792049306228,0.541026485551579,0.959738985551579
2.9968057250694,0.369094211857377,2.91587450968565,-2.55792049306228,0.457937254842823,0.865849754842823
2.99640242096453,0.457937254842823,2.73818842371475,-2.55792049306228,0.369094211857377,0.767006711857378
2.99593994709251,0.541026485551579,2.54969595899476,-2.55792049306228,0.274847979497379,0.663560479497379
2.99541209932004,0.618033988749895,2.35114100916989,-2.55792049306228,0.175570504584946,0.555883004584946
2.9948122161016,0.68865585100403,2.14330717991599,-2.55792049306228,0.0716535899579933,0.444366089957993
2.99413317912574,0.752613360087727,1.92701469640686,-2.55792049306228,-0.0364926517965696,0.329419848203431
2.99336741406985,0.809654104932039,1.70311716626029,-2.55792049306228,-0.148441416869855,0.211471083130145
2.99250689147581,0.859552971776503,1.47249821073871,-2.55792049306228,-0.263750894630645,0.0909616053693554
2.99154312776026,0.902113032590307,1.23606797749979,-2.55792049306228,-0.381966011250106,-0.0316535112501058
2.99046718637367,0.937166322257262,0.99475954865942,-2.55792049306228,-0.50262022567029,-0.15590772567029
2.98926967912349,0.964574501457377,0.7495252583429,-2.55792049306228,-0.62523737082855,-0.28132487082855
2.98794076767703,0.984229402628956,0.501332934257218,-2.55792049306228,-0.749333532871391,-0.407421032871391
2.9864701652611,0.996053456856543,0.251162078117254,-2.55792049306228,-0.874418960941373,-0.533706460941373
2.98484713857553,1,2.44929359829471e-16,-2.55792049306228,-1,-0.6596875
2.98306050993919,0.996053456856543,-0.251162078117254,-2.55792049306228,-1.12558103905863,-0.784868539058627
2.98109865968714,0.984229402628956,-0.501332934257217,-2.55792049306228,-1.25066646712861,-0.908753967128609
2.97894952883899,0.964574501457377,-0.749525258342899,-2.55792049306228,-1.37476262917145,-1.03085012917145
2.9766006220588,0.937166322257262,-0.994759548659419,-2.55792049306228,-1.49737977432971,-1.15066727432971
2.97403901092776,0.902113032590307,-1.23606797749979,-2.55792049306228,-1.6180339887499,-1.2677214887499
2.97125133755163,0.859552971776503,-1.47249821073871,-2.55792049306228,-1.73624910536936,-1.38153660536936
2.96822381852564,0.809654104932039,-1.70311716626029,-2.55792049306228,-1.85155858313015,-1.49164608313015
2.96494224927999,0.752613360087727,-1.92701469640686,-2.55792049306228,-1.96350734820343,-1.59759484820343
2.96139200883012,0.68865585100403,-2.14330717991599,-2.55792049306228,-2.07165358995799,-1.69894108995799
2.95755806495628,0.618033988749895,-2.35114100916989,-2.55792049306228,-2.17557050458495,-1.79525800458495
2.95342497983766,0.541026485551579,-2.54969595899476,-2.55792049306228,-2.27484797949738,-1.88613547949738
2.94897691616685,0.457937254842823,-2.73818842371475,-2.55792049306228,-2.36909421185738,-1.97118171185738
2.9441976437712,0.369094211857378,-2.91587450968565,-2.55792049306228,-2.45793725484282,-2.05002475484282
2.93907054676776,0.27484797949738,-3.08205297110316,-2.55792049306228,-2.54102648555158,-2.12231398555158
2.93357863127945,0.175570504584946,-3.23606797749979,-2.55792049306228,-2.61803398874989,-2.18772148874989
2.92770453374027,0.0716535899579933,-3.37731170200806,-2.55792049306228,-2.68865585100403,-2.24594335100403
2.92659442265602,-1.96350734820343,-3.50522672017545,-2.31153972832737,-2.75261336008773,-0.652813360087727
2.93265691549722,-2.07165358995799,-3.37731170200806,-2.31153972832737,-2.68865585100403,-0.64205585100403
2.93832417772247,-2.17557050458495,-3.23606797749979,-2.31153972832737,-2.61803398874989,-0.623833988749894
2.94361398118049,-2.27484797949738,-3.08205297110316,-2.31153972832737,-2.54102648555158,-0.598426485551578
2.94854373374572,-2.36909421185738,-2.91587450968565,-2.31153972832737,-2.45793725484282,-0.566137254842823
2.95313047054204,-2.45793725484282,-2.73818842371475,-2.31153972832737,-2.36909421185738,-0.527294211857377
2.95739084578126,-2.54102648555158,-2.54969595899476,-2.31153972832737,-2.27484797949738,-0.482247979497379
2.96134112518782,-2.61803398874989,-2.35114100916989,-2.31153972832737,-2.17557050458495,-0.431370504584946
2.96499717898177,-2.68865585100403,-2.14330717991599,-2.31153972832737,-2.07165358995799,-0.375053589957993
2.96837447539248,-2.75261336008773,-1.92701469640686,-2.31153972832737,-1.96350734820343,-0.31370734820343
2.97148807467601,-2.80965410493204,-1.70311716626029,-2.31153972832737,-1.85155858313015,-0.247758583130145
2.97435262360965,-2.8595529717765,-1.47249821073871,-2.31153972832737,-1.73624910536936,-0.177649105369356
2.97698235043775,-2.90211303259031,-1.23606797749979,-2.31153972832737,-1.61803398874989,-0.103833988749894
2.97939106024353,-2.93716632225726,-0.994759548659419,-2.31153972832737,-1.49737977432971,-0.0267797743297096
2.98159213072211,-2.96457450145738,-0.749525258342899,-2.31153972832737,-1.37476262917145,0.0530373708285505
2.98359850833076,-2.98422940262896,-0.501332934257217,-2.31153972832737,-1.25066646712861,0.135133532871391
2.98542270479301,-2.99605345685654,-0.251162078117254,-2.31153972832737,-1.12558103905863,0.219018960941373
2.98707679393387,-3,2.44929359829471e-16,-2.31153972832737,-1,0.3042
2.98857240882424,-2.99605345685654,0.251162078117254,-2.31153972832737,-0.874418960941373,0.390181039058627
2.98992073921311,-2.98422940262896,0.501332934257218,-2.31153972832737,-0.749333532871391,0.476466467128609
2.9911325292272,-2.96457450145738,0.7495252583429,-2.31153972832737,-0.62523737082855,0.56256262917145
2.99221807531804,-2.93716632225726,0.994759548659419,-2.31153972832737,-0.502620225670291,0.64797977432971
2.99318722443762,-2.90211303259031,1.23606797749979,-2.31153972832737,-0.381966011250105,0.732233988749895
2.99404937242419,-2.8595529717765,1.47249821073871,-2.31153972832737,-0.263750894630644,0.814849105369356
2.99481346258085,-2.80965410493204,1.70311716626029,-2.31153972832737,-0.148441416869855,0.895358583130145
2.99548798443008,-2.75261336008773,1.92701469640686,-2.31153972832737,-0.0364926517965692,0.973307348203431
2.99608097262838,-2.68865585100403,2.14330717991599,-2.31153972832737,0.0716535899579935,1.04825358995799
2.99660000602581,-2.61803398874989,2.35114100916989,-2.31153972832737,0.175570504584947,1.11977050458495
2.99705220685617,-2.54102648555158,2.54969595899476,-2.31153972832737,0.274847979497379,1.18744797949738
2.99744424004422,-2.45793725484282,2.73818842371475,-2.31153972832737,0.369094211857377,1.25089421185738
2.99778231261724,-2.36909421185738,2.91587450968565,-2.31153972832737,0.457937254842823,1.30973725484282
2.99807217320908,-2.27484797949738,3.08205297110316,-2.31153972832737,0.541026485551579,1.36362648555158
2.99831911164543,-2.17557050458495,3.23606797749979,-2.31153972832737,0.618033988749895,1.41223398874989
2.99852795860029,-2.07165358995799,3.37731170200806,-2.31153972832737,0.68865585100403,1.45525585100403
2.99870308531393,-1.96350734820343,3.50522672017545,-2.31153972832737,0.752613360087727,1.49241336008773
2.9988484033638,-1.85155858313015,3.61930820986408,-2.31153972832737,0.809654104932039,1.52345410493204
2.99896736448065,-1.73624910536936,3.71910594355301,-2.31153972832737,0.859552971776503,1.5481529717765
2.99906296040265,-1.61803398874989,3.80422606518061,-2.31153972832737,0.902113032590307,1.56631303259031
2.99913772276155,-1.49737977432971,3.87433264451452,-2.31153972832737,0.937166322257262,1.57776632225726
2.99919372299538,-1.37476262917145,3.92914900291475,-2.31153972832737,0.964574501457377,1.58237450145738
2.99923257228319,-1.25066646712861,3.96845880525791,-2.31153972832737,0.984229402628956,1.58002940262896
2.9992554214982,-1.12558103905863,3.99210691371309,-2.31153972832737,0.996053456856543,1.57065345685654
2.99926296117634,-1,4,-2.31153972832737,1,1.5542
2.9992554214982,-0.874418960941373,3.99210691371309,-2.31153972832737,0.996053456856543,1.53065345685654
2.99923257228319,-0.749333532871391,3.96845880525791,-2.31153972832737,0.984229402628956,1.50002940262896
2.99919372299538,-0.62523737082855,3.92914900291475,-2.31153972832737,0.964574501457377,1.46237450145738
2.99913772276155,-0.50262022567029,3.87433264451452,-2.31153972832737,0.937166322257262,1.41776632225726
2.99906296040265,-0.381966011250105,3.80422606518061,-2.31153972832737,0.902113032590307,1.36631303259031
2.99896736448065,-0.263750894630643,3.71910594355301,-2.31153972832737,0.859552971776503,1.3081529717765
2.9988484033638,-0.148441416869854,3.61930820986408,-2.31153972832737,0.809654104932039,1.24345410493204
2.99870308531393,-0.03649265179657,3.50522672017545,-2.31153972832737,0.752613360087727,1.17241336008773
2.99852795860029,0.0716535899579929,3.37731170200806,-2.31153972832737,0.68865585100403,1.09525585100403
2.99831911164543,0.175570504584946,3.23606797749979,-2.31153972832737,0.618033988749895,1.0122339887499
2.99807217320908,0.274847979497379,3.08205297110316,-2.31153972832737,0.541026485551579,0.923626485551579
2.99778231261724,0.369094211857377,2.91587450968565,-2.31153972832737,0.457937254842823,0.829737254842823
2.99744424004422,0.457937254842823,2.73818842371475,-2.31153972832737,0.369094211857377,0.730894211857378
2.99705220685617,0.541026485551579,2.54969595899476,-2.31153972832737,0.274847979497379,0.627447979497379
2.99660000602581,0.618033988749895,2.35114100916989,-2.31153972832737,0.175570504584946,0.519770504584946
2.99608097262838,0.68865585100403,2.14330717991599,-2.31153972832737,0.0716535899579933,0.408253589957993
2.99548798443008,0.752613360087727,1.92701469640686,-2.31153972832737,-0.0364926517965696,0.293307348203431
2.99481346258085,0.809654104932039,1.70311716626029,-2.31153972832737,-0.148441416869855,0.175358583130145
2.99404937242419,0.859552971776503,1.47249821073871,-2.31153972832737,-0.263750894630645,0.0548491053693554
2.99318722443762,0.902113032590307,1.23606797749979,-2.31153972832737,-0.381966011250106,-0.067766011250106
2.99221807531804,0.937166322257262,0.99475954865942,-2.31153972832737,-0.50262022567029,-0.19202022567029
2.9911325292272,0.964574501457377,0.7495252583429,-2.31153972832737,-0.62523737082855,-0.31743737082855
2.98992073921311,0.984229402628956,0.501332934257218,-2.31153972832737,-0.749333532871391,-0.443533532871391
2.98857240882424,0.996053456856543,0.251162078117254,-2.31153972832737,-0.874418960941373,-0.569818960941373
2.98707679393387,1,2.44929359829471e-16,-2.31153972832737,-1,-0.6958
2.98542270479301,0.996053456856543,-0.251162078117254,-2.31153972832737,-1.12558103905863,-0.820981039058627
2.98359850833076,0.984229402628956,-0.501332934257217,-2.31153972832737,-1.25066646712861,-0.944866467128609
2.98159213072211,0.964574501457377,-0.749525258342899,-2.31153972832737,-1.37476262917145,-1.06696262917145
2.97939106024353,0.937166322257262,-0.994759548659419,-2.31153972832737,-1.49737977432971,-1.18677977432971
2.97698235043775,0.902113032590307,-1.23606797749979,-2.31153972832737,-1.6180339887499,-1.3038339887499
2.97435262360965,0.859552971776503,-1.47249821073871,-2.31153972832737,-1.73624910536936,-1.41764910536936
2.97148807467601,0.809654104932039,-1.70311716626029,-2.31153972832737,-1.85155858313015,-1.52775858313015
2.96837447539248,0.752613360087727,-1.92701469640686,-2.31153972832737,-1.96350734820343,-1.63370734820343
2.96499717898177,0.68865585100403,-2.14330717991599,-2.31153972832737,-2.07165358995799,-1.73505358995799
2.96134112518782,0.618033988749895,-2.35114100916989,-2.31153972832737,-2.17557050458495,-1.83137050458495
2.95739084578126,0.541026485551579,-2.54969595899476,-2.31153972832737,-2.27484797949738,-1.92224797949738
2.95313047054204,0.457937254842823,-2.73818842371475,-2.31153972832737,-2.36909421185738,-2.00729421185738
2.94854373374572,0.369094211857378,-2.91587450968565,-2.31153972832737,-2.45793725484282,-2.08613725484282
2.94361398118049,0.27484797949738,-3.08205297110316,-2.31153972832737,-2.54102648555158,-2.15842648555158
2.93832417772247,0.175570504584946,-3.23606797749979,-2.31153972832737,-2.61803398874989,-2.22383398874989
2.93265691549722,0.0716535899579933,-3.37731170200806,-2.31153972832737,-2.68865585100403,-2.28205585100403
2.92659442265602,-0.0364926517965696,-3.50522672017545,-2.31153972832737,-2.75261336008773,-2.33281336008773
2.92456194516137,-1.85155858313015,-3.61930820986408,-2.01903754052932,-2.80965410493204,-0.689941604932039
2.93085350866159,-1.96350734820343,-3.50522672017545,-2.01903754052932,-2.75261336008773,-0.686900860087727
2.93673567134556,-2.07165358995799,-3.37731170200806,-2.01903754052932,-2.68865585100403,-0.67614335100403
2.94222660207546,-2.17557050458495,-3.23606797749979,-2.01903754052932,-2.61803398874989,-0.657921488749895
2.9473441123182,-2.27484797949738,-3.08205297110316,-2.01903754052932,-2.54102648555158,-0.632513985551578
2.95210564685269,-2.36909421185738,-2.91587450968565,-2.01903754052932,-2.45793725484282,-0.600224754842823
2.9565282751185,-2.45793725484282,-2.73818842371475,-2.01903754052932,-2.36909421185738,-0.561381711857377
2.96062868317701,-2.54102648555158,-2.54969595899476,-2.01903754052932,-2.27484797949738,-0.516335479497379
2.96442316625641,-2.61803398874989,-2.35114100916989,-2.01903754052932,-2.17557050458495,-0.465458004584946
2.96792762185245,-2.68865585100403,-2.14330717991599,-2.01903754052932,-2.07165358995799,-0.409141089957993
2.97115754335737,-2.75261336008773,-1.92701469640686,-2.01903754052932,-1.96350734820343,-0.34779484820343
2.97412801418977,-2.80965410493204,-1.70311716626029,-2.01903754052932,-1.85155858313015,-0.281846083130145
2.97685370239896,-2.8595529717765,-1.47249821073871,-2.01903754052932,-1.73624910536936,-0.211736605369356
2.9793488557178,-2.90211303259031,-1.23606797749979,-2.01903754052932,-1.61803398874989,-0.137921488749895
2.98162729703856,-2.93716632225726,-0.994759548659419,-2.01903754052932,-1.49737977432971,-0.0608672743297096
2.98370242028714,-2.96457450145738,-0.749525258342899,-2.01903754052932,-1.37476262917145,0.0189498708285505
2.98558718667145,-2.98422940262896,-0.501332934257217,-2.01903754052932,-1.25066646712861,0.101046032871391
2.98729412128069,-2.99605345685654,-0.251162078117254,-2.01903754052932,-1.12558103905863,0.184931460941373
2.98883531001253,-3,2.44929359829471e-16,-2.01903754052932,-1,0.2701125
2.99022239680647,-2.99605345685654,0.251162078117254,-2.01903754052932,-0.874418960941373,0.356093539058627
2.99146658116173,-2.98422940262896,0.501332934257218,-2.01903754052932,-0.749333532871391,0.442378967128609
2.99257861591944,-2.96457450145738,0.7495252583429,-2.01903754052932,-0.62523737082855,0.52847512917145
2.99356880528901,-2.93716632225726,0.994759548659419,-2.01903754052932,-0.502620225670291,0.613892274329709
2.9944470030998,-2.90211303259031,1.23606797749979,-2.01903754052932,-0.381966011250105,0.698146488749895
2.99522261125974,-2.8595529717765,1.47249821073871,-2.01903754052932,-0.263750894630644,0.780761605369356
2.99590457840331,-2.80965410493204,1.70311716626029,-2.01903754052932,-0.148441416869855,0.861271083130145
2.99650139871226,-2.75261336008773,1.92701469640686,-2.01903754052932,-0.0364926517965692,0.939219848203431
2.99702111089304,-2.68865585100403,2.14330717991599,-2.01903754052932,0.0716535899579935,1.01416608995799
2.99747129729583,-2.61803398874989,2.35114100916989,-2.01903754052932,0.175570504584947,1.08568300458495
2.99785908316079,-2.54102648555158,2.54969595899476,-2.01903754052932,0.274847979497379,1.15336047949738
2.99819113597803,-2.45793725484282,2.73818842371475,-2.01903754052932,0.369094211857377,1.21680671185738
2.99847366494857,-2.36909421185738,2.91587450968565,-2.01903754052932,0.457937254842823,1.27564975484282
2.99871242053427,-2.27484797949738,3.08205297110316,-2.01903754052932,0.541026485551579,1.32953898555158
2.9989126940858,-2.17557050458495,3.23606797749979,-2.01903754052932,0.618033988749895,1.37814648874989
2.99907931753823,-2.07165358995799,3.37731170200806,-2.01903754052932,0.68865585100403,1.42116835100403
2.9992166631648,-1.96350734820343,3.50522672017545,-2.01903754052932,0.752613360087727,1.45832586008773
2.99932864338023,-1.85155858313015,3.61930820986408,-2.01903754052932,0.809654104932039,1.48936660493204
2.99941871058579,-1.73624910536936,3.71910594355301,-2.01903754052932,0.859552971776503,1.5140654717765
2.99948985704907,-1.61803398874989,3.80422606518061,-2.01903754052932,0.902113032590307,1.53222553259031
2.99954461481223,-1.49737977432971,3.87433264451452,-2.01903754052932,0.937166322257262,1.54367882225726
2.99958505562352,-1.37476262917145,3.92914900291475,-2.01903754052932,0.964574501457377,1.54828700145738
2.99961279088735,-1.25066646712861,3.96845880525791,-2.01903754052932,0.984229402628956,1.54594190262896
2.99962897162939,-1.12558103905863,3.99210691371309,-2.01903754052932,0.996053456856543,1.53656595685654
2.99963428847361,-1,4,-2.01903754052932,1,1.5201125
2.99962897162939,-0.874418960941373,3.99210691371309,-2.01903754052932,0.996053456856543,1.49656595685654
2.99961279088735,-0.749333532871391,3.96845880525791,-2.01903754052932,0.984229402628956,1.46594190262896
2.99958505562352,-0.62523737082855,3.92914900291475,-2.01903754052932,0.964574501457377,1.42828700145738
2.99954461481223,-0.50262022567029,3.87433264451452,-2.01903754052932,0.937166322257262,1.38367882225726
2.99948985704907,-0.381966011250105,3.80422606518061,-2.01903754052932,0.902113032590307,1.33222553259031
2.99941871058579,-0.263750894630643,3.71910594355301,-2.01903754052932,0.859552971776503,1.2740654717765
2.99932864338023,-0.148441416869854,3.61930820986408,-2.01903754052932,0.809654104932039,1.20936660493204
2.9992166631648,-0.03649265179657,3.50522672017545,-2.01903754052932,0.752613360087727,1.13832586008773
2.99907931753823,0.0716535899579929,3.37731170200806,-2.01903754052932,0.68865585100403,1.06116835100403
2.9989126940858,0.175570504584946,3.23606797749979,-2.01903754052932,0.618033988749895,0.978146488749895
2.99871242053427,0.274847979497379,3.08205297110316,-2.01903754052932,0.541026485551579,0.889538985551579
2.99847366494857,0.369094211857377,2.91587450968565,-2.01903754052932,0.457937254842823,0.795649754842823
2.99819113597803,0.457937254842823,2.73818842371475,-2.01903754052932,0.369094211857377,0.696806711857378
2.99785908316079,0.541026485551579,2.54969595899476,-2.01903754052932,0.274847979497379,0.593360479497379
2.99747129729583,0.618033988749895,2.35114100916989,-2.01903754052932,0.175570504584946,0.485683004584946
2.99702111089304,0.68865585100403,2.14330717991599,-2.01903754052932,0.0716535899579933,0.374166089957993
2.99650139871226,0.752613360087727,1.92701469640686,-2.01903754052932,-0.0364926517965696,0.25921984820343
2.99590457840331,0.809654104932039,1.70311716626029,-2.01903754052932,-0.148441416869855,0.141271083130145
2.99522261125974,0.859552971776503,1.47249821073871,-2.01903754052932,-0.263750894630645,0.0207616053693553
2.9944470030998,0.902113032590307,1.23606797749979,-2.01903754052932,-0.381966011250106,-0.101853511250106
2.99356880528901,0.937166322257262,0.99475954865942,-2.01903754052932,-0.50262022567029,-0.22610772567029
2.99257861591944,0.964574501457377,0.7495252583429,-2.01903754052932,-0.62523737082855,-0.35152487082855
2.99146658116173,0.984229402628956,0.501332934257218,-2.01903754052932,-0.749333532871391,-0.477621032871391
2.99022239680647,0.996053456856543,0.251162078117254,-2.01903754052932,-0.874418960941373,-0.603906460941373
2.98883531001253,1,2.44929359829471e-16,-2.01903754052932,-1,-0.7298875
2.98729412128069,0.996053456856543,-0.251162078117254,-2.01903754052932,-1.12558103905863,-0.855068539058627
2.98558718667145,0.984229402628956,-0.501332934257217,-2.01903754052932,-1.25066646712861,-0.978953967128609
2.98370242028714,0.964574501457377,-0.749525258342899,-2.01903754052932,-1.37476262917145,-1.10105012917145
2.98162729703856,0.937166322257262,-0.994759548659419,-2.01903754052932,-1.49737977432971,-1.22086727432971
2.9793488557178,0.902113032590307,-1.23606797749979,-2.01903754052932,-1.6180339887499,-1.3379214887499
2.97685370239896,0.859552971776503,-1.47249821073871,-2.01903754052932,-1.73624910536936,-1.45173660536936
2.97412801418977,0.809654104932039,-1.70311716626029,-2.01903754052932,-1.85155858313015,-1.56184608313015
2.97115754335737,0.752613360087727,-1.92701469640686,-2.01903754052932,-1.96350734820343,-1.66779484820343
2.96792762185245,0.68865585100403,-2.14330717991599,-2.01903754052932,-2.07165358995799,-1.76914108995799
2.96442316625641,0.618033988749895,-2.35114100916989,-2.01903754052932,-2.17557050458495,-1.86545800458495
2.96062868317701,0.541026485551579,-2.54969595899476,-2.01903754052932,-2.27484797949738,-1.95633547949738
2.9565282751185,0.457937254842823,-2.73818842371475,-2.01903754052932,-2.36909421185738,-2.04138171185738
2.95210564685269,0.369094211857378,-2.91587450968565,-2.01903754052932,-2.45793725484282,-2.12022475484282
2.9473441123182,0.27484797949738,-3.08205297110316,-2.01903754052932,-2.54102648555158,-2.19251398555158
2.94222660207546,0.175570504584946,-3.23606797749979,-2.01903754052932,-2.61803398874989,-2.25792148874989
2.93673567134556,0.0716535899579933,-3.37731170200806,-2.01903754052932,-2.68865585100403,-2.31614335100403
2.93085350866159,-0.0364926517965696,-3.50522672017545,-2.01903754052932,-2.75261336008773,-2.36690086008773
2.92456194516137,-0.148441416869855,-3.61930820986408,-2.01903754052932,-2.80965410493204,-2.40994160493204
2.92813424351841,-1.85155858313015,-3.61930820986408,-1.68625013355639,-2.80965410493204,-0.722004104932039
2.93427352224627,-1.96350734820343,-3.50522672017545,-1.68625013355639,-2.75261336008773,-0.718963360087727
2.94000667823159,-2.07165358995799,-3.37731170200806,-1.68625013355639,-2.68865585100403,-0.70820585100403
2.94535191478815,-2.17557050458495,-3.23606797749979,-1.68625013355639,-2.61803398874989,-0.689983988749894
2.95032707550157,-2.27484797949738,-3.08205297110316,-1.68625013355639,-2.54102648555158,-0.664576485551578
2.95494963504186,-2.36909421185738,-2.91587450968565,-1.68625013355639,-2.45793725484282,-0.632287254842822
2.95923669061546,-2.45793725484282,-2.73818842371475,-1.68625013355639,-2.36909421185738,-0.593444211857377
2.96320495402787,-2.54102648555158,-2.54969595899476,-1.68625013355639,-2.27484797949738,-0.548397979497379
2.96687074432816,-2.61803398874989,-2.35114100916989,-1.68625013355639,-2.17557050458495,-0.497520504584946
2.97024998100714,-2.68865585100403,-2.14330717991599,-1.68625013355639,-2.07165358995799,-0.441203589957993
2.97335817772154,-2.75261336008773,-1.92701469640686,-1.68625013355639,-1.96350734820343,-0.37985734820343
2.97621043651698,-2.80965410493204,-1.70311716626029,-1.68625013355639,-1.85155858313015,-0.313908583130145
2.97882144252309,-2.8595529717765,-1.47249821073871,-1.68625013355639,-1.73624910536936,-0.243799105369356
2.98120545909477,-2.90211303259031,-1.23606797749979,-1.68625013355639,-1.61803398874989,-0.169983988749894
2.98337632337415,-2.93716632225726,-0.994759548659419,-1.68625013355639,-1.49737977432971,-0.0929297743297095
2.98534744224836,-2.96457450145738,-0.749525258342899,-1.68625013355639,-1.37476262917145,-0.0131126291714494
2.98713178867909,-2.98422940262896,-0.501332934257217,-1.68625013355639,-1.25066646712861,0.0689835328713915
2.98874189838045,-2.99605345685654,-0.251162078117254,-1.68625013355639,-1.12558103905863,0.152868960941373
2.99018986682221,-3,2.44929359829471e-16,-1.68625013355639,-1,0.23805
2.99148734653656,-2.99605345685654,0.251162078117254,-1.68625013355639,-0.874418960941373,0.324031039058627
2.99264554470692,-2.98422940262896,0.501332934257218,-1.68625013355639,-0.749333532871391,0.410316467128609
2.99367522101823,-2.96457450145738,0.7495252583429,-1.68625013355639,-0.62523737082855,0.49641262917145
2.99458668574882,-2.93716632225726,0.994759548659419,-1.68625013355639,-0.502620225670291,0.58182977432971
2.99538979808496,-2.90211303259031,1.23606797749979,-1.68625013355639,-0.381966011250105,0.666083988749895
2.99609396463948,-2.8595529717765,1.47249821073871,-1.68625013355639,-0.263750894630644,0.748699105369356
2.99670813815722,-2.80965410493204,1.70311716626029,-1.68625013355639,-0.148441416869855,0.829208583130145
2.99724081639027,-2.75261336008773,1.92701469640686,-1.68625013355639,-0.0364926517965692,0.907157348203431
2.99770004112735,-2.68865585100403,2.14330717991599,-1.68625013355639,0.0716535899579935,0.982103589957994
2.99809339736189,-2.61803398874989,2.35114100916989,-1.68625013355639,0.175570504584947,1.05362050458495
2.99842801258463,-2.54102648555158,2.54969595899476,-1.68625013355639,0.274847979497379,1.12129797949738
2.99871055618714,-2.45793725484282,2.73818842371475,-1.68625013355639,0.369094211857377,1.18474421185738
2.99894723896348,-2.36909421185738,2.91587450968565,-1.68625013355639,0.457937254842823,1.24358725484282
2.99914381269815,-2.27484797949738,3.08205297110316,-1.68625013355639,0.541026485551579,1.29747648555158
2.99930556982919,-2.17557050458495,3.23606797749979,-1.68625013355639,0.618033988749895,1.34608398874989
2.99943734317611,-2.07165358995799,3.37731170200806,-1.68625013355639,0.68865585100403,1.38910585100403
2.9995435057232,-1.96350734820343,3.50522672017545,-1.68625013355639,0.752613360087727,1.42626336008773
2.99962797044963,-1.85155858313015,3.61930820986408,-1.68625013355639,0.809654104932039,1.45730410493204
2.9996941901984,-1.73624910536936,3.71910594355301,-1.68625013355639,0.859552971776503,1.4820029717765
2.99974515757719,-1.61803398874989,3.80422606518061,-1.68625013355639,0.902113032590307,1.50016303259031
2.99978340488502,-1.49737977432971,3.87433264451452,-1.68625013355639,0.937166322257262,1.51161632225726
2.99981100405912,-1.37476262917145,3.92914900291475,-1.68625013355639,0.964574501457377,1.51622450145738
2.9998295666378,-1.25066646712861,3.96845880525791,-1.68625013355639,0.984229402628956,1.51387940262896
2.99984024373528,-1.12558103905863,3.99210691371309,-1.68625013355639,0.996053456856543,1.50450345685654
2.99984372602588,-1,4,-1.68625013355639,1,1.48805
2.99984024373528,-0.874418960941373,3.99210691371309,-1.68625013355639,0.996053456856543,1.46450345685654
2.9998295666378,-0.749333532871391,3.96845880525791,-1.68625013355639,0.984229402628956,1.43387940262896
2.99981100405912,-0.62523737082855,3.92914900291475,-1.68625013355639,0.964574501457377,1.39622450145738
2.99978340488502,-0.50262022567029,3.87433264451452,-1.68625013355639,0.937166322257262,1.35161632225726
2.99974515757719,-0.381966011250105,3.80422606518061,-1.68625013355639,0.902113032590307,1.30016303259031
2.9996941901984,-0.263750894630643,3.71910594355301,-1.68625013355639,0.859552971776503,1.2420029717765
2.99962797044963,-0.148441416869854,3.61930820986408,-1.68625013355639,0.809654104932039,1.17730410493204
2.9995435057232,-0.03649265179657,3.50522672017545,-1.68625013355639,0.752613360087727,1.10626336008773
2.99943734317611,0.0716535899579929,3.37731170200806,-1.68625013355639,0.68865585100403,1.02910585100403
2.99930556982919,0.175570504584946,3.23606797749979,-1.68625013355639,0.618033988749895,0.946083988749895
2.99914381269815,0.274847979497379,3.08205297110316,-1.68625013355639,0.541026485551579,0.857476485551579
2.99894723896348,0.369094211857377,2.91587450968565,-1.68625013355639,0.457937254842823,0.763587254842823
2.99871055618714,0.457937254842823,2.73818842371475,-1.68625013355639,0.369094211857377,0.664744211857377
2.99842801258463,0.541026485551579,2.54969595899476,-1.68625013355639,0.274847979497379,0.561297979497379
2.99809339736189,0.618033988749895,2.35114100916989,-1.68625013355639,0.175570504584946,0.453620504584946
2.99770004112735,0.68865585100403,2.14330717991599,-1.68625013355639,0.0716535899579933,0.342103589957993
2.99724081639027,0.752613360087727,1.92701469640686,-1.68625013355639,-0.0364926517965696,0.22715734820343
2.99670813815722,0.809654104932039,1.70311716626029,-1.68625013355639,-0.148441416869855,0.109208583130145
2.99609396463948,0.859552971776503,1.47249821073871,-1.68625013355639,-0.263750894630645,-0.0113008946306448
2.99538979808496,0.902113032590307,1.23606797749979,-1.68625013355639,-0.381966011250106,-0.133916011250106
2.99458668574882,0.937166322257262,0.99475954865942,-1.68625013355639,-0.50262022567029,-0.25817022567029
2.99367522101823,0.964574501457377,0.7495252583429,-1.68625013355639,-0.62523737082855,-0.38358737082855
2.99264554470692,0.984229402628956,0.501332934257218,-1.68625013355639,-0.749333532871391,-0.509683532871391
2.99148734653656,0.996053456856543,0.251162078117254,-1.68625013355639,-0.874418960941373,-0.635968960941373
2.99018986682221,1,2.44929359829471e-16,-1.68625013355639,-1,-0.76195
2.98874189838045,0.996053456856543,-0.251162078117254,-1.68625013355639,-1.12558103905863,-0.887131039058627
2.98713178867909,0.984229402628956,-0.501332934257217,-1.68625013355639,-1.25066646712861,-1.01101646712861
2.98534744224836,0.964574501457377,-0.749525258342899,-1.68625013355639,-1.37476262917145,-1.13311262917145
2.98337632337415,0.937166322257262,-0.994759548659419,-1.68625013355639,-1.49737977432971,-1.25292977432971
2.98120545909477,0.902113032590307,-1.23606797749979,-1.68625013355639,-1.6180339887499,-1.3699839887499
2.97882144252309,0.859552971776503,-1.47249821073871,-1.68625013355639,-1.73624910536936,-1.48379910536936
2.97621043651698,0.809654104932039,-1.70311716626029,-1.68625013355639,-1.85155858313015,-1.59390858313015
2.97335817772154,0.752613360087727,-1.92701469640686,-1.68625013355639,-1.96350734820343,-1.69985734820343
2.97024998100714,0.68865585100403,-2.14330717991599,-1.68625013355639,-2.07165358995799,-1.80120358995799
2.96687074432816,0.618033988749895,-2.35114100916989,-1.68625013355639,-2.17557050458495,-1.89752050458495
2.96320495402787,0.541026485551579,-2.54969595899476,-1.68625013355639,-2.27484797949738,-1.98839797949738
2.95923669061546,0.457937254842823,-2.73818842371475,-1.68625013355639,-2.36909421185738,-2.07344421185738
2.95494963504186,0.369094211857378,-2.91587450968565,-1.68625013355639,-2.45793725484282,-2.15228725484282
2.95032707550157,0.27484797949738,-3.08205297110316,-1.68625013355639,-2.54102648555158,-2.22457648555158
2.94535191478815,0.175570504584946,-3.23606797749979,-1.68625013355639,-2.61803398874989,-2.28998398874989
2.94000667823159,0.0716535899579933,-3.37731170200806,-1.68625013355639,-2.68865585100403,-2.34820585100403
2.93427352224627,-0.0364926517965696,-3.50522672017545,-1.68625013355639,-2.75261336008773,-2.39896336008773
2.92813424351841,-0.148441416869855,-3.61930820986408,-1.68625013355639,-2.80965410493204,-2.44200410493204
2.9244484889922,-1.73624910536936,-3.71910594355301,-1.31981750956775,-2.8595529717765,-0.747140471776503
2.93088971710438,-1.85155858313015,-3.61930820986408,-1.31981750956775,-2.80965410493204,-0.752041604932039
2.93690883285956,-1.96350734820343,-3.50522672017545,-1.31981750956775,-2.75261336008773,-0.749000860087727
2.94252441813981,-2.07165358995799,-3.37731170200806,-1.31981750956775,-2.68865585100403,-0.73824335100403
2.94775470303972,-2.17557050458495,-3.23606797749979,-1.31981750956775,-2.61803398874989,-0.720021488749895
2.95261755609439,-2.27484797949738,-3.08205297110316,-1.31981750956775,-2.54102648555158,-0.694613985551578
2.95713047517496,-2.36909421185738,-2.91587450968565,-1.31981750956775,-2.45793725484282,-0.662324754842823
2.96131057902239,-2.45793725484282,-2.73818842371475,-1.31981750956775,-2.36909421185738,-0.623481711857377
2.96517459939026,-2.54102648555158,-2.54969595899476,-1.31981750956775,-2.27484797949738,-0.578435479497379
2.96873887376781,-2.61803398874989,-2.35114100916989,-1.31981750956775,-2.17557050458495,-0.527558004584946
2.9720193386551,-2.68865585100403,-2.14330717991599,-1.31981750956775,-2.07165358995799,-0.471241089957993
2.97503152336236,-2.75261336008773,-1.92701469640686,-1.31981750956775,-1.96350734820343,-0.40989484820343
2.97779054430651,-2.80965410493204,-1.70311716626029,-1.31981750956775,-1.85155858313015,-0.343946083130145
2.98031109977787,-2.8595529717765,-1.47249821073871,-1.31981750956775,-1.73624910536936,-0.273836605369356
2.98260746515127,-2.90211303259031,-1.23606797749979,-1.31981750956775,-1.61803398874989,-0.200021488749895
2.98469348851594,-2.93716632225726,-0.994759548659419,-1.31981750956775,-1.49737977432971,-0.12296727432971
2.98658258669923,-2.96457450145738,-0.749525258342899,-1.31981750956775,-1.37476262917145,-0.0431501291714496
2.98828774166026,-2.98422940262896,-0.501332934257217,-1.31981750956775,-1.25066646712861,0.0389460328713913
2.98982149722974,-2.99605345685654,-0.251162078117254,-1.31981750956775,-1.12558103905863,0.122831460941373
2.99119595617325,-3,2.44929359829471e-16,-1.31981750956775,-1,0.2080125
2.99242277755595,-2.99605345685654,0.251162078117254,-1.31981750956775,-0.874418960941373,0.293993539058627
2.99351317438723,-2.98422940262896,0.501332934257218,-1.31981750956775,-0.749333532871391,0.380278967128609
2.99447791152484,-2.96457450145738,0.7495252583429,-1.31981750956775,-0.62523737082855,0.46637512917145
2.99532730381841,-2.93716632225726,0.994759548659419,-1.31981750956775,-0.502620225670291,0.551792274329709
2.99607121447351,-2.90211303259031,1.23606797749979,-1.31981750956775,-0.381966011250105,0.636046488749895
2.99671905361772,-2.8595529717765,1.47249821073871,-1.31981750956775,-0.263750894630644,0.718661605369356
2.99727977705129,-2.80965410493204,1.70311716626029,-1.31981750956775,-0.148441416869855,0.799171083130145
2.99776188516549,-2.75261336008773,1.92701469640686,-1.31981750956775,-0.0364926517965692,0.877119848203431
2.99817342201286,-2.68865585100403,2.14330717991599,-1.31981750956775,0.0716535899579935,0.952066089957993
2.99852197451403,-2.61803398874989,2.35114100916989,-1.31981750956775,0.175570504584947,1.02358300458495
2.99881467178684,-2.54102648555158,2.54969595899476,-1.31981750956775,0.274847979497379,1.09126047949738
2.9990581845842,-2.45793725484282,2.73818842371475,-1.31981750956775,0.369094211857377,1.15470671185738
2.9992587248279,-2.36909421185738,2.91587450968565,-1.31981750956775,0.457937254842823,1.21354975484282
2.99942204522645,-2.27484797949738,3.08205297110316,-1.31981750956775,0.541026485551579,1.26743898555158
2.99955343896592,-2.17557050458495,3.23606797749979,-1.31981750956775,0.618033988749895,1.31604648874989
2.99965773946337,-2.07165358995799,3.37731170200806,-1.31981750956775,0.68865585100403,1.35906835100403
2.99973932017348,-1.96350734820343,3.50522672017545,-1.31981750956775,0.752613360087727,1.39622586008773
2.99980209443966,-1.85155858313015,3.61930820986408,-1.31981750956775,0.809654104932039,1.42726660493204
2.99984951538195,-1.73624910536936,3.71910594355301,-1.31981750956775,0.859552971776503,1.4519654717765
2.99988457581446,-1.61803398874989,3.80422606518061,-1.31981750956775,0.902113032590307,1.47012553259031
2.99990980818644,-1.49737977432971,3.87433264451452,-1.31981750956775,0.937166322257262,1.48157882225726
2.99992728454144,-1.37476262917145,3.92914900291475,-1.31981750956775,0.964574501457377,1.48618700145738
2.99993861649005,-1.25066646712861,3.96845880525791,-1.31981750956775,0.984229402628956,1.48384190262896
2.99994495519261,-1.12558103905863,3.99210691371309,-1.31981750956775,0.996053456856543,1.47446595685654
2.99994699134886,-1,4,-1.31981750956775,1,1.4580125
2.99994495519261,-0.874418960941373,3.99210691371309,-1.31981750956775,0.996053456856543,1.43446595685654
2.99993861649005,-0.749333532871391,3.96845880525791,-1.31981750956775,0.984229402628956,1.40384190262896
2.99992728454144,-0.62523737082855,3.92914900291475,-1.31981750956775,0.964574501457377,1.36618700145738
2.99990980818644,-0.50262022567029,3.87433264451452,-1.31981750956775,0.937166322257262,1.32157882225726
2.99988457581446,-0.381966011250105,3.80422606518061,-1.31981750956775,0.902113032590307,1.27012553259031
2.99984951538195,-0.263750894630643,3.71910594355301,-1.31981750956775,0.859552971776503,1.2119654717765
2.99980209443966,-0.148441416869854,3.61930820986408,-1.31981750956775,0.809654104932039,1.14726660493204
2.99973932017348,-0.03649265179657,3.50522672017545,-1.31981750956775,0.752613360087727,1.07622586008773
2.99965773946337,0.0716535899579929,3.37731170200806,-1.31981750956775,0.68865585100403,0.999068351004031
2.99955343896592,0.175570504584946,3.23606797749979,-1.31981750956775,0.618033988749895,0.916046488749895
2.99942204522645,0.274847979497379,3.08205297110316,-1.31981750956775,0.541026485551579,0.827438985551579
2.9992587248279,0.369094211857377,2.91587450968565,-1.31981750956775,0.457937254842823,0.733549754842823
2.9990581845842,0.457937254842823,2.73818842371475,-1.31981750956775,0.369094211857377,0.634706711857377
2.99881467178684,0.541026485551579,2.54969595899476,-1.31981750956775,0.274847979497379,0.531260479497379
2.99852197451403,0.618033988749895,2.35114100916989,-1.31981750956775,0.175570504584946,0.423583004584946
2.99817342201286,0.68865585100403,2.14330717991599,-1.31981750956775,0.0716535899579933,0.312066089957993
2.99776188516549,0.752613360087727,1.92701469640686,-1.31981750956775,-0.0364926517965696,0.19711984820343
2.99727977705129,0.809654104932039,1.70311716626029,-1.31981750956775,-0.148441416869855,0.0791710831301449
2.99671905361772,0.859552971776503,1.47249821073871,-1.31981750956775,-0.263750894630645,-0.0413383946306447
2.99607121447351,0.902113032590307,1.23606797749979,-1.31981750956775,-0.381966011250106,-0.163953511250106
2.99532730381841,0.937166322257262,0.99475954865942,-1.31981750956775,-0.50262022567029,-0.28820772567029
2.99447791152484,0.964574501457377,0.7495252583429,-1.31981750956775,-0.62523737082855,-0.41362487082855
2.99351317438723,0.984229402628956,0.501332934257218,-1.31981750956775,-0.749333532871391,-0.539721032871391
2.99242277755595,0.996053456856543,0.251162078117254,-1.31981750956775,-0.874418960941373,-0.666006460941373
2.99119595617325,1,2.44929359829471e-16,-1.31981750956775,-1,-0.7919875
2.98982149722974,0.996053456856543,-0.251162078117254,-1.31981750956775,-1.12558103905863,-0.917168539058627
2.98828774166026,0.984229402628956,-0.501332934257217,-1.31981750956775,-1.25066646712861,-1.04105396712861
2.98658258669923,0.964574501457377,-0.749525258342899,-1.31981750956775,-1.37476262917145,-1.16315012917145
2.98469348851594,0.937166322257262,-0.994759548659419,-1.31981750956775,-1.49737977432971,-1.28296727432971
2.98260746515127,0.902113032590307,-1.23606797749979,-1.31981750956775,-1.6180339887499,-1.40002148874989
2.98031109977786,0.859552971776503,-1.47249821073871,-1.31981750956775,-1.73624910536936,-1.51383660536936
2.97779054430651,0.809654104932039,-1.70311716626029,-1.31981750956775,-1.85155858313015,-1.62394608313015
2.97503152336236,0.752613360087727,-1.92701469640686,-1.31981750956775,-1.96350734820343,-1.72989484820343
2.9720193386551,0.68865585100403,-2.14330717991599,-1.31981750956775,-2.07165358995799,-1.83124108995799
2.96873887376781,0.618033988749895,-2.35114100916989,-1.31981750956775,-2.17557050458495,-1.92755800458495
2.96517459939026,0.541026485551579,-2.54969595899476,-1.31981750956775,-2.27484797949738,-2.01843547949738
2.96131057902239,0.457937254842823,-2.73818842371475,-1.31981750956775,-2.36909421185738,-2.10348171185738
2.95713047517496,0.369094211857378,-2.91587450968565,-1.31981750956775,-2.45793725484282,-2.18232475484282
2.95261755609439,0.27484797949738,-3.08205297110316,-1.31981750956775,-2.54102648555158,-2.25461398555158
2.94775470303972,0.175570504584946,-3.23606797749979,-1.31981750956775,-2.61803398874989,-2.32002148874989
2.94252441813981,0.0716535899579933,-3.37731170200806,-1.31981750956775,-2.68865585100403,-2.37824335100403
2.93690883285956,-0.0364926517965696,-3.50522672017545,-1.31981750956775,-2.75261336008773,-2.42900086008773
2.93088971710438,-0.148441416869855,-3.61930820986408,-1.31981750956775,-2.80965410493204,-2.47204160493204
2.9244484889922,-0.263750894630645,-3.71910594355301,-1.31981750956775,-2.8595529717765,-2.5071404717765
2.92651980725782,-1.73624910536936,-3.71910594355301,-0.927050983124843,-2.8595529717765,-0.775152971776503
2.93287120592321,-1.85155858313015,-3.61930820986408,-0.927050983124843,-2.80965410493204,-0.780054104932039
2.9388023719397,-1.96350734820343,-3.50522672017545,-0.927050983124843,-2.75261336008773,-0.777013360087727
2.94433190796282,-2.07165358995799,-3.37731170200806,-0.927050983124843,-2.68865585100403,-0.76625585100403
2.94947806346352,-2.17557050458495,-3.23606797749979,-0.927050983124843,-2.61803398874989,-0.748033988749895
2.95425872501801,-2.27484797949738,-3.08205297110316,-0.927050983124843,-2.54102648555158,-0.722626485551578
2.95869140726418,-2.36909421185738,-2.91587450968565,-0.927050983124843,-2.45793725484282,-0.690337254842822
2.96279324449526,-2.45793725484282,-2.73818842371475,-0.927050983124843,-2.36909421185738,-0.651494211857377
2.96658098286127,-2.54102648555158,-2.54969595899476,-0.927050983124843,-2.27484797949738,-0.606447979497379
2.97007097314967,-2.61803398874989,-2.35114100916989,-0.927050983124843,-2.17557050458495,-0.555570504584946
2.97327916411682,-2.68865585100403,-2.14330717991599,-0.927050983124843,-2.07165358995799,-0.499253589957993
2.97622109634245,-2.75261336008773,-1.92701469640686,-0.927050983124843,-1.96350734820343,-0.43790734820343
2.97891189657996,-2.80965410493204,-1.70311716626029,-0.927050983124843,-1.85155858313015,-0.371958583130145
2.98136627257561,-2.8595529717765,-1.47249821073871,-0.927050983124843,-1.73624910536936,-0.301849105369356
2.98359850833076,-2.90211303259031,-1.23606797749979,-0.927050983124843,-1.61803398874989,-0.228033988749895
2.98562245978143,-2.93716632225726,-0.994759548659419,-0.927050983124843,-1.49737977432971,-0.15097977432971
2.9874515508704,-2.96457450145738,-0.749525258342899,-0.927050983124843,-1.37476262917145,-0.0711626291714493
2.98909876998767,-2.98422940262896,-0.501332934257217,-0.927050983124843,-1.25066646712861,0.0109335328713913
2.99057666675571,-2.99605345685654,-0.251162078117254,-0.927050983124843,-1.12558103905863,0.0948189609413734
2.99189734913664,-3,2.44929359829471e-16,-0.927050983124843,-1,0.18
2.99307248083935,-2.99605345685654,0.251162078117254,-0.927050983124843,-0.874418960941373,0.265981039058627
2.9941132790051,-2.98422940262896,0.501332934257218,-0.927050983124843,-0.749333532871391,0.352266467128609
2.99503051215087,-2.96457450145738,0.7495252583429,-0.927050983124843,-0.62523737082855,0.43836262917145
2.99583449835087,-2.93716632225726,0.994759548659419,-0.927050983124843,-0.502620225670291,0.52377977432971
2.99653510363672,-2.90211303259031,1.23606797749979,-0.927050983124843,-0.381966011250105,0.608033988749895
2.99714174059826,-2.8595529717765,1.47249821073871,-0.927050983124843,-0.263750894630644,0.690649105369356
2.99766336716727,-2.80965410493204,1.70311716626029,-0.927050983124843,-0.148441416869855,0.771158583130145
2.99810848556739,-2.75261336008773,1.92701469640686,-0.927050983124843,-0.0364926517965692,0.849107348203431
2.99848514141429,-2.68865585100403,2.14330717991599,-0.927050983124843,0.0716535899579935,0.924053589957993
2.99880092295077,-2.61803398874989,2.35114100916989,-0.927050983124843,0.175570504584947,0.995570504584947
2.99906296040265,-2.54102648555158,2.54969595899476,-0.927050983124843,0.274847979497379,1.06324797949738
2.99927792544173,-2.45793725484282,2.73818842371475,-0.927050983124843,0.369094211857377,1.12669421185738
2.99945203074309,-2.36909421185738,2.91587450968565,-0.927050983124843,0.457937254842823,1.18553725484282
2.99959102962485,-2.27484797949738,3.08205297110316,-0.927050983124843,0.541026485551579,1.23942648555158
2.99970021575926,-2.17557050458495,3.23606797749979,-0.927050983124843,0.618033988749895,1.28803398874989
2.99978442294481,-2.07165358995799,3.37731170200806,-0.927050983124843,0.68865585100403,1.33105585100403
2.99984802492987,-1.96350734820343,3.50522672017545,-0.927050983124843,0.752613360087727,1.36821336008773
2.99989493527927,-1.85155858313015,3.61930820986408,-0.927050983124843,0.809654104932039,1.39925410493204
2.9999286072759,-1.73624910536936,3.71910594355301,-0.927050983124843,0.859552971776503,1.4239529717765
2.99995203385043,-1.61803398874989,3.80422606518061,-0.927050983124843,0.902113032590307,1.44211303259031
2.99996774753287,-1.49737977432971,3.87433264451452,-0.927050983124843,0.937166322257262,1.45356632225726
2.99997782042067,-1.37476262917145,3.92914900291475,-0.927050983124843,0.964574501457377,1.45817450145738
2.99998386415875,-1.25066646712861,3.96845880525791,-0.927050983124843,0.984229402628956,1.45582940262896
2.99998702992794,-1.12558103905863,3.99210691371309,-0.927050983124843,0.996053456856543,1.44645345685654
2.99998800843864,-1,4,-0.927050983124843,1,1.43
2.99998702992794,-0.874418960941373,3.99210691371309,-0.927050983124843,0.996053456856543,1.40645345685654
2.99998386415875,-0.749333532871391,3.96845880525791,-0.927050983124843,0.984229402628956,1.37582940262896
2.99997782042067,-0.62523737082855,3.92914900291475,-0.927050983124843,0.964574501457377,1.33817450145738
2.99996774753287,-0.50262022567029,3.87433264451452,-0.927050983124843,0.937166322257262,1.29356632225726
2.99995203385043,-0.381966011250105,3.80422606518061,-0.927050983124843,0.902113032590307,1.24211303259031
2.9999286072759,-0.263750894630643,3.71910594355301,-0.927050983124843,0.859552971776503,1.1839529717765
2.99989493527927,-0.148441416869854,3.61930820986408,-0.927050983124843,0.809654104932039,1.11925410493204
2.99984802492987,-0.03649265179657,3.50522672017545,-0.927050983124843,0.752613360087727,1.04821336008773
2.99978442294481,0.0716535899579929,3.37731170200806,-0.927050983124843,0.68865585100403,0.971055851004031
2.99970021575926,0.175570504584946,3.23606797749979,-0.927050983124843,0.618033988749895,0.888033988749895
2.99959102962485,0.274847979497379,3.08205297110316,-0.927050983124843,0.541026485551579,0.799426485551579
2.99945203074309,0.369094211857377,2.91587450968565,-0.927050983124843,0.457937254842823,0.705537254842823
2.99927792544173,0.457937254842823,2.73818842371475,-0.927050983124843,0.369094211857377,0.606694211857377
2.99906296040265,0.541026485551579,2.54969595899476,-0.927050983124843,0.274847979497379,0.503247979497379
2.99880092295077,0.618033988749895,2.35114100916989,-0.927050983124843,0.175570504584946,0.395570504584946
2.99848514141429,0.68865585100403,2.14330717991599,-0.927050983124843,0.0716535899579933,0.284053589957993
2.99810848556739,0.752613360087727,1.92701469640686,-0.927050983124843,-0.0364926517965696,0.16910734820343
2.99766336716727,0.809654104932039,1.70311716626029,-0.927050983124843,-0.148441416869855,0.0511585831301449
2.99714174059826,0.859552971776503,1.47249821073871,-0.927050983124843,-0.263750894630645,-0.0693508946306447
2.99653510363672,0.902113032590307,1.23606797749979,-0.927050983124843,-0.381966011250106,-0.191966011250106
2.99583449835087,0.937166322257262,0.99475954865942,-0.927050983124843,-0.50262022567029,-0.31622022567029
2.99503051215087,0.964574501457377,0.7495252583429,-0.927050983124843,-0.62523737082855,-0.44163737082855
2.9941132790051,0.984229402628956,0.501332934257218,-0.927050983124843,-0.749333532871391,-0.567733532871391
2.99307248083935,0.996053456856543,0.251162078117254,-0.927050983124843,-0.874418960941373,-0.694018960941373
2.99189734913664,1,2.44929359829471e-16,-0.927050983124843,-1,-0.82
2.99057666675571,0.996053456856543,-0.251162078117254,-0.927050983124843,-1.12558103905863,-0.945181039058627
2.98909876998767,0.984229402628956,-0.501332934257217,-0.927050983124843,-1.25066646712861,-1.06906646712861
2.9874515508704,0.964574501457377,-0.749525258342899,-0.927050983124843,-1.37476262917145,-1.19116262917145
2.98562245978143,0.937166322257262,-0.994759548659419,-0.927050983124843,-1.49737977432971,-1.31097977432971
2.98359850833076,0.902113032590307,-1.23606797749979,-0.927050983124843,-1.6180339887499,-1.42803398874989
2.98136627257561,0.859552971776503,-1.47249821073871,-0.927050983124843,-1.73624910536936,-1.54184910536936
2.97891189657996,0.809654104932039,-1.70311716626029,-0.927050983124843,-1.85155858313015,-1.65195858313015
2.97622109634245,0.752613360087727,-1.92701469640686,-0.927050983124843,-1.96350734820343,-1.75790734820343
2.97327916411682,0.68865585100403,-2.14330717991599,-0.927050983124843,-2.07165358995799,-1.85925358995799
2.97007097314967,0.618033988749895,-2.35114100916989,-0.927050983124843,-2.17557050458495,-1.95557050458495
2.96658098286127,0.541026485551579,-2.54969595899476,-0.927050983124843,-2.27484797949738,-2.04644797949738
2.96279324449526,0.457937254842823,-2.73818842371475,-0.927050983124843,-2.36909421185738,-2.13149421185738
2.95869140726418,0.369094211857378,-2.91587450968565,-0.927050983124843,-2.45793725484282,-2.21033725484282
2.95425872501801,0.27484797949738,-3.08205297110316,-0.927050983124843,-2.54102648555158,-2.28262648555158
2.94947806346352,0.175570504584946,-3.23606797749979,-0.927050983124843,-2.61803398874989,-2.34803398874989
2.94433190796282,0.0716535899579933,-3.37731170200806,-0.927050983124843,-2.68865585100403,-2.40625585100403
2.9388023719397,-0.0364926517965696,-3.50522672017545,-0.927050983124843,-2.75261336008773,-2.45701336008773
2.93287120592321,-0.148441416869855,-3.61930820986408,-0.927050983124843,-2.80965410493204,-2.50005410493204
2.92651980725782,-0.263750894630645,-3.71910594355301,-0.927050983124843,-2.8595529717765,-2.5351529717765
2.92781554771552,-1.73624910536936,-3.71910594355301,-0.515787300838229,-2.8595529717765,-0.801140471776503
2.93411008357689,-1.85155858313015,-3.61930820986408,-0.515787300838229,-2.80965410493204,-0.806041604932039
2.93998557810253,-1.96350734820343,-3.50522672017545,-0.515787300838229,-2.75261336008773,-0.803000860087727
2.94546064699702,-2.07165358995799,-3.37731170200806,-0.515787300838229,-2.68865585100403,-0.79224335100403
2.95055355189824,-2.17557050458495,-3.23606797749979,-0.515787300838229,-2.61803398874989,-0.774021488749894
2.95528219070641,-2.27484797949738,-3.08205297110316,-0.515787300838229,-2.54102648555158,-0.748613985551578
2.95966408857908,-2.36909421185738,-2.91587450968565,-0.515787300838229,-2.45793725484282,-0.716324754842822
2.96371638956269,-2.45793725484282,-2.73818842371475,-0.515787300838229,-2.36909421185738,-0.677481711857377
2.96745584883117,-2.54102648555158,-2.54969595899476,-0.515787300838229,-2.27484797949738,-0.632435479497379
2.9708988255031,-2.61803398874989,-2.35114100916989,-0.515787300838229,-2.17557050458495,-0.581558004584946
2.9740612760088,-2.68865585100403,-2.14330717991599,-0.515787300838229,-2.07165358995799,-0.525241089957993
2.9769587479797,-2.75261336008773,-1.92701469640686,-0.515787300838229,-1.96350734820343,-0.46389484820343
2.97960637463268,-2.80965410493204,-1.70311716626029,-0.515787300838229,-1.85155858313015,-0.397946083130145
2.98201886962255,-2.8595529717765,-1.47249821073871,-0.515787300838229,-1.73624910536936,-0.327836605369356
2.98421052233658,-2.90211303259031,-1.23606797749979,-0.515787300838229,-1.61803398874989,-0.254021488749894
2.98619519360555,-2.93716632225726,-0.994759548659419,-0.515787300838229,-1.49737977432971,-0.176967274329709
2.98798631180649,-2.96457450145738,-0.749525258342899,-0.515787300838229,-1.37476262917145,-0.0971501291714494
2.98959686933273,-2.98422940262896,-0.501332934257217,-0.515787300838229,-1.25066646712861,-0.0150539671286085
2.99103941940793,-2.99605345685654,-0.251162078117254,-0.515787300838229,-1.12558103905863,0.0688314609413734
2.99232607322107,-3,2.44929359829471e-16,-0.515787300838229,-1,0.1540125
2.99346849736038,-2.99605345685654,0.251162078117254,-0.515787300838229,-0.874418960941373,0.239993539058627
2.99447791152484,-2.98422940262896,0.501332934257218,-0.515787300838229,-0.749333532871391,0.326278967128609
2.99536508649246,-2.96457450145738,0.7495252583429,-0.515787300838229,-0.62523737082855,0.41237512917145
2.99614034232569,-2.93716632225726,0.994759548659419,-0.515787300838229,-0.502620225670291,0.49779227432971
2.99681354679453,-2.90211303259031,1.23606797749979,-0.515787300838229,-0.381966011250105,0.582046488749895
2.99739411399936,-2.8595529717765,1.47249821073871,-0.515787300838229,-0.263750894630644,0.664661605369356
2.99789100317552,-2.80965410493204,1.70311716626029,-0.515787300838229,-0.148441416869855,0.745171083130145
2.99831271766327,-2.75261336008773,1.92701469640686,-0.515787300838229,-0.0364926517965692,0.823119848203431
2.99866730402676,-2.68865585100403,2.14330717991599,-0.515787300838229,0.0716535899579935,0.898066089957994
2.99896235130724,-2.61803398874989,2.35114100916989,-0.515787300838229,0.175570504584947,0.969583004584947
2.99920499039568,-2.54102648555158,2.54969595899476,-0.515787300838229,0.274847979497379,1.03726047949738
2.99940189351176,-2.45793725484282,2.73818842371475,-0.515787300838229,0.369094211857377,1.10070671185738
2.99955927377593,-2.36909421185738,2.91587450968565,-0.515787300838229,0.457937254842823,1.15954975484282
2.99968288486313,-2.27484797949738,3.08205297110316,-0.515787300838229,0.541026485551579,1.21343898555158
2.99977802072662,-2.17557050458495,3.23606797749979,-0.515787300838229,0.618033988749895,1.2620464887499
2.99984951538195,-2.07165358995799,3.37731170200806,-0.515787300838229,0.68865585100403,1.30506835100403
2.99990174274134,-1.96350734820343,3.50522672017545,-0.515787300838229,0.752613360087727,1.34222586008773
2.99993861649005,-1.85155858313015,3.61930820986408,-0.515787300838229,0.809654104932039,1.37326660493204
2.99996358999669,-1.73624910536936,3.71910594355301,-0.515787300838229,0.859552971776503,1.3979654717765
2.99997965625065,-1.61803398874989,3.80422606518061,-0.515787300838229,0.902113032590307,1.41612553259031
2.99997965625065,-0.381966011250105,3.80422606518061,-0.515787300838229,0.902113032590307,1.21612553259031
2.99996358999669,-0.263750894630643,3.71910594355301,-0.515787300838229,0.859552971776503,1.1579654717765
2.99993861649005,-0.148441416869854,3.61930820986408,-0.515787300838229,0.809654104932039,1.09326660493204
2.99990174274134,-0.03649265179657,3.50522672017545,-0.515787300838229,0.752613360087727,1.02222586008773
2.99984951538195,0.0716535899579929,3.37731170200806,-0.515787300838229,0.68865585100403,0.94506835100403
2.99977802072662,0.175570504584946,3.23606797749979,-0.515787300838229,0.618033988749895,0.862046488749895
2.99968288486313,0.274847979497379,3.08205297110316,-0.515787300838229,0.541026485551579,0.773438985551579
2.99955927377593,0.369094211857377,2.91587450968565,-0.515787300838229,0.457937254842823,0.679549754842823
2.99940189351176,0.457937254842823,2.73818842371475,-0.515787300838229,0.369094211857377,0.580706711857377
2.99920499039568,0.541026485551579,2.54969595899476,-0.515787300838229,0.274847979497379,0.477260479497379
2.99896235130724,0.618033988749895,2.35114100916989,-0.515787300838229,0.175570504584946,0.369583004584946
2.99866730402676,0.68865585100403,2.14330717991599,-0.515787300838229,0.0716535899579933,0.258066089957993
2.99831271766327,0.752613360087727,1.92701469640686,-0.515787300838229,-0.0364926517965696,0.14311984820343
2.99789100317552,0.809654104932039,1.70311716626029,-0.515787300838229,-0.148441416869855,0.0251710831301448
2.99739411399936,0.859552971776503,1.47249821073871,-0.515787300838229,-0.263750894630645,-0.0953383946306448
2.99681354679453,0.902113032590307,1.23606797749979,-0.515787300838229,-0.381966011250106,-0.217953511250106
2.99614034232569,0.937166322257262,0.99475954865942,-0.515787300838229,-0.50262022567029,-0.34220772567029
2.99536508649246,0.964574501457377,0.7495252583429,-0.515787300838229,-0.62523737082855,-0.46762487082855
2.99447791152484,0.984229402628956,0.501332934257218,-0.515787300838229,-0.749333532871391,-0.593721032871391
2.99346849736038,0.996053456856543,0.251162078117254,-0.515787300838229,-0.874418960941373,-0.720006460941373
2.99232607322107,1,2.44929359829471e-16,-0.515787300838229,-1,-0.8459875
2.99103941940793,0.996053456856543,-0.251162078117254,-0.515787300838229,-1.12558103905863,-0.971168539058627
2.98959686933273,0.984229402628956,-0.501332934257217,-0.515787300838229,-1.25066646712861,-1.09505396712861
2.98798631180649,0.964574501457377,-0.749525258342899,-0.515787300838229,-1.37476262917145,-1.21715012917145
2.98619519360555,0.937166322257262,-0.994759548659419,-0.515787300838229,-1.49737977432971,-1.33696727432971
2.98421052233658,0.902113032590307,-1.23606797749979,-0.515787300838229,-1.6180339887499,-1.4540214887499
2.98201886962255,0.859552971776503,-1.47249821073871,-0.515787300838229,-1.73624910536936,-1.56783660536936
2.97960637463268,0.809654104932039,-1.70311716626029,-0.515787300838229,-1.85155858313015,-1.67794608313015
2.9769587479797,0.752613360087727,-1.92701469640686,-0.515787300838229,-1.96350734820343,-1.78389484820343
2.9740612760088,0.68865585100403,-2.14330717991599,-0.515787300838229,-2.07165358995799,-1.88524108995799
2.9708988255031,0.618033988749895,-2.35114100916989,-0.515787300838229,-2.17557050458495,-1.98155800458495
2.96745584883117,0.541026485551579,-2.54969595899476,-0.515787300838229,-2.27484797949738,-2.07243547949738
2.96371638956269,0.457937254842823,-2.73818842371475,-0.515787300838229,-2.36909421185738,-2.15748171185738
2.95966408857908,0.369094211857378,-2.91587450968565,-0.515787300838229,-2.45793725484282,-2.23632475484282
2.95528219070641,0.27484797949738,-3.08205297110316,-0.515787300838229,-2.54102648555158,-2.30861398555158
2.95055355189824,0.175570504584946,-3.23606797749979,-0.515787300838229,-2.61803398874989,-2.37402148874989
2.94546064699702,0.0716535899579933,-3.37731170200806,-0.515787300838229,-2.68865585100403,-2.43224335100403
2.93998557810253,-0.0364926517965696,-3.50522672017545,-0.515787300838229,-2.75261336008773,-2.48300086008773
2.93411008357689,-0.148441416869855,-3.61930820986408,-0.515787300838229,-2.80965410493204,-2.52604160493204
2.92781554771552,-0.263750894630645,-3.71910594355301,-0.515787300838229,-2.8595529717765,-2.5611404717765
2.92835553412982,-1.73624910536936,-3.71910594355301,-0.094232277234385,-2.8595529717765,-0.825102971776503
2.93462621700061,-1.85155858313015,-3.61930820986408,-0.094232277234385,-2.80965410493204,-0.830004104932039
2.9404783586039,-1.96350734820343,-3.50522672017545,-0.094232277234385,-2.75261336008773,-0.826963360087727
2.94593058009493,-2.07165358995799,-3.37731170200806,-0.094232277234385,-2.68865585100403,-0.81620585100403
2.9510011481927,-2.17557050458495,-3.23606797749979,-0.094232277234385,-2.61803398874989,-0.797983988749895
2.95570796552549,-2.27484797949738,-3.08205297110316,-0.094232277234385,-2.54102648555158,-0.772576485551578
2.96006856164204,-2.36909421185738,-2.91587450968565,-0.094232277234385,-2.45793725484282,-0.740287254842823
2.96410008465899,-2.45793725484282,-2.73818842371475,-0.094232277234385,-2.36909421185738,-0.701444211857377
2.96781929351513,-2.54102648555158,-2.54969595899476,-0.094232277234385,-2.27484797949738,-0.656397979497379
2.97124255080378,-2.61803398874989,-2.35114100916989,-0.094232277234385,-2.17557050458495,-0.605520504584946
2.9743858161549,-2.68865585100403,-2.14330717991599,-0.094232277234385,-2.07165358995799,-0.549203589957993
2.9772646401391,-2.75261336008773,-1.92701469640686,-0.094232277234385,-1.96350734820343,-0.48785734820343
2.97989415866625,-2.80965410493204,-1.70311716626029,-0.094232277234385,-1.85155858313015,-0.421908583130145
2.98228908785188,-2.8595529717765,-1.47249821073871,-0.094232277234385,-1.73624910536936,-0.351799105369356
2.98446371932534,-2.90211303259031,-1.23606797749979,-0.094232277234385,-1.61803398874989,-0.277983988749894
2.98643191595402,-2.93716632225726,-0.994759548659419,-0.094232277234385,-1.49737977432971,-0.20092977432971
2.98820710795892,-2.96457450145738,-0.749525258342899,-0.094232277234385,-1.37476262917145,-0.121112629171449
2.98980228939716,-2.98422940262896,-0.501332934257217,-0.094232277234385,-1.25066646712861,-0.0390164671286086
2.99123001498803,-2.99605345685654,-0.251162078117254,-0.094232277234385,-1.12558103905863,0.0448689609413733
2.9925023972597,-3,2.44929359829471e-16,-0.094232277234385,-1,0.13005
2.99363110399438,-2.99605345685654,0.251162078117254,-0.094232277234385,-0.874418960941373,0.216031039058627
2.99462735595062,-2.98422940262896,0.501332934257218,-0.094232277234385,-0.749333532871391,0.302316467128609
2.99550192484217,-2.96457450145738,0.7495252583429,-0.094232277234385,-0.62523737082855,0.38841262917145
2.99626513155328,-2.93716632225726,0.994759548659419,-0.094232277234385,-0.502620225670291,0.47382977432971
2.99692684457157,-2.90211303259031,1.23606797749979,-0.094232277234385,-0.381966011250105,0.558083988749895
2.99749647861994,-2.8595529717765,1.47249821073871,-0.094232277234385,-0.263750894630644,0.640699105369356
2.99798299347003,-2.80965410493204,1.70311716626029,-0.094232277234385,-0.148441416869855,0.721208583130145
2.9983948929205,-2.75261336008773,1.92701469640686,-0.094232277234385,-0.0364926517965692,0.799157348203431
2.99874022392397,-2.68865585100403,2.14330717991599,-0.094232277234385,0.0716535899579935,0.874103589957993
2.9990265758477,-2.61803398874989,2.35114100916989,-0.094232277234385,0.175570504584947,0.945620504584947
2.99926107985339,-2.54102648555158,2.54969595899476,-0.094232277234385,0.274847979497379,1.01329797949738
2.99945040838269,-2.45793725484282,2.73818842371475,-0.094232277234385,0.369094211857377,1.07674421185738
2.99960077473568,-2.36909421185738,2.91587450968565,-0.094232277234385,0.457937254842823,1.13558725484282
2.99971793273025,-2.27484797949738,3.08205297110316,-0.094232277234385,0.541026485551579,1.18947648555158
2.99980717643138,-2.17557050458495,3.23606797749979,-0.094232277234385,0.618033988749895,1.23808398874989
2.99987333994004,-2.07165358995799,3.37731170200806,-0.094232277234385,0.68865585100403,1.28110585100403
2.99992079723212,-1.96350734820343,3.50522672017545,-0.094232277234385,0.752613360087727,1.31826336008773
2.99995346203884,-1.85155858313015,3.61930820986408,-0.094232277234385,0.809654104932039,1.34930410493204
2.99997478776076,-1.73624910536936,3.71910594355301,-0.094232277234385,0.859552971776503,1.3740029717765
2.99998776740842,-1.61803398874989,3.80422606518061,-0.094232277234385,0.902113032590307,1.39216303259031
2.99998776740842,-0.381966011250105,3.80422606518061,-0.094232277234385,0.902113032590307,1.19216303259031
2.99997478776076,-0.263750894630643,3.71910594355301,-0.094232277234385,0.859552971776503,1.1340029717765
2.99995346203884,-0.148441416869854,3.61930820986408,-0.094232277234385,0.809654104932039,1.06930410493204
2.99992079723212,-0.03649265179657,3.50522672017545,-0.094232277234385,0.752613360087727,0.998263360087727
2.99987333994004,0.0716535899579929,3.37731170200806,-0.094232277234385,0.68865585100403,0.92110585100403
2.99980717643138,0.175570504584946,3.23606797749979,-0.094232277234385,0.618033988749895,0.838083988749895
2.99971793273025,0.274847979497379,3.08205297110316,-0.094232277234385,0.541026485551579,0.749476485551579
2.99960077473568,0.369094211857377,2.91587450968565,-0.094232277234385,0.457937254842823,0.655587254842823
2.99945040838269,0.457937254842823,2.73818842371475,-0.094232277234385,0.369094211857377,0.556744211857378
2.99926107985339,0.541026485551579,2.54969595899476,-0.094232277234385,0.274847979497379,0.453297979497379
2.9990265758477,0.618033988749895,2.35114100916989,-0.094232277234385,0.175570504584946,0.345620504584946
2.99874022392397,0.68865585100403,2.14330717991599,-0.094232277234385,0.0716535899579933,0.234103589957993
2.9983948929205,0.752613360087727,1.92701469640686,-0.094232277234385,-0.0364926517965696,0.11915734820343
2.99798299347003,0.809654104932039,1.70311716626029,-0.094232277234385,-0.148441416869855,0.00120858313014494
2.99749647861994,0.859552971776503,1.47249821073871,-0.094232277234385,-0.263750894630645,-0.119300894630645
2.99692684457157,0.902113032590307,1.23606797749979,-0.094232277234385,-0.381966011250106,-0.241916011250106
2.99626513155328,0.937166322257262,0.99475954865942,-0.094232277234385,-0.50262022567029,-0.36617022567029
2.99550192484217,0.964574501457377,0.7495252583429,-0.094232277234385,-0.62523737082855,-0.49158737082855
2.99462735595062,0.984229402628956,0.501332934257218,-0.094232277234385,-0.749333532871391,-0.617683532871391
2.99363110399438,0.996053456856543,0.251162078117254,-0.094232277234385,-0.874418960941373,-0.743968960941373
2.9925023972597,1,2.44929359829471e-16,-0.094232277234385,-1,-0.86995
2.99123001498803,0.996053456856543,-0.251162078117254,-0.094232277234385,-1.12558103905863,-0.995131039058627
2.98980228939716,0.984229402628956,-0.501332934257217,-0.094232277234385,-1.25066646712861,-1.11901646712861
2.98820710795892,0.964574501457377,-0.749525258342899,-0.094232277234385,-1.37476262917145,-1.24111262917145
2.98643191595402,0.937166322257262,-0.994759548659419,-0.094232277234385,-1.49737977432971,-1.36092977432971
2.98446371932534,0.902113032590307,-1.23606797749979,-0.094232277234385,-1.6180339887499,-1.4779839887499
2.98228908785188,0.859552971776503,-1.47249821073871,-0.094232277234385,-1.73624910536936,-1.59179910536936
2.97989415866625,0.809654104932039,-1.70311716626029,-0.094232277234385,-1.85155858313015,-1.70190858313015
2.9772646401391,0.752613360087727,-1.92701469640686,-0.094232277234385,-1.96350734820343,-1.80785734820343
2.9743858161549,0.68865585100403,-2.14330717991599,-0.094232277234385,-2.07165358995799,-1.90920358995799
2.97124255080378,0.618033988749895,-2.35114100916989,-0.094232277234385,-2.17557050458495,-2.00552050458495
2.96781929351513,0.541026485551579,-2.54969595899476,-0.094232277234385,-2.27484797949738,-2.09639797949738
2.96410008465899,0.457937254842823,-2.73818842371475,-0.094232277234385,-2.36909421185738,-2.18144421185738
2.96006856164204,0.369094211857378,-2.91587450968565,-0.094232277234385,-2.45793725484282,-2.26028725484282
2.95570796552549,0.27484797949738,-3.08205297110316,-0.094232277234385,-2.54102648555158,-2.33257648555158
2.9510011481927,0.175570504584946,-3.23606797749979,-0.094232277234385,-2.61803398874989,-2.39798398874989
2.94593058009493,0.0716535899579933,-3.37731170200806,-0.094232277234385,-2.68865585100403,-2.45620585100403
2.9404783586039,-0.0364926517965696,-3.50522672017545,-0.094232277234385,-2.75261336008773,-2.50696336008773
2.93462621700061,-0.148441416869855,-3.61930820986408,-0.094232277234385,-2.80965410493204,-2.55000410493204
2.92835553412982,-0.263750894630645,-3.71910594355301,-0.094232277234385,-2.8595529717765,-2.5851029717765
2.92143052981786,-1.61803398874989,-3.80422606518061,0.329202933273135,-2.90211303259031,-0.834000532590307
2.9281480840574,-1.73624910536936,-3.71910594355301,0.329202933273135,-2.8595529717765,-0.847040471776503
2.9344279416638,-1.85155858313015,-3.61930820986408,0.329202933273135,-2.80965410493204,-0.851941604932039
2.94028906563486,-1.96350734820343,-3.50522672017545,0.329202933273135,-2.75261336008773,-0.848900860087727
2.94575007503093,-2.07165358995799,-3.37731170200806,0.329202933273135,-2.68865585100403,-0.83814335100403
2.95082923461821,-2.17557050458495,-3.23606797749979,0.329202933273135,-2.61803398874989,-0.819921488749894
2.95554444520794,-2.27484797949738,-3.08205297110316,0.329202933273135,-2.54102648555158,-0.794513985551578
2.95991323466137,-2.36909421185738,-2.91587450968565,0.329202933273135,-2.45793725484282,-0.762224754842822
2.96395274953106,-2.45793725484282,-2.73818842371475,0.329202933273135,-2.36909421185738,-0.723381711857377
2.96767974730913,-2.54102648555158,-2.54969595899476,0.329202933273135,-2.27484797949738,-0.678335479497379
2.9711105892538,-2.61803398874989,-2.35114100916989,0.329202933273135,-2.17557050458495,-0.627458004584946
2.97426123376566,-2.68865585100403,-2.14330717991599,0.329202933273135,-2.07165358995799,-0.571141089957993
2.97714723028616,-2.75261336008773,-1.92701469640686,0.329202933273135,-1.96350734820343,-0.50979484820343
2.97978371369061,-2.80965410493204,-1.70311716626029,0.329202933273135,-1.85155858313015,-0.443846083130145
2.9821853991493,-2.8595529717765,-1.47249821073871,0.329202933273135,-1.73624910536936,-0.373736605369356
2.98436657743041,-2.90211303259031,-1.23606797749979,0.329202933273135,-1.61803398874989,-0.299921488749894
2.98634111061913,-2.93716632225726,-0.994759548659419,0.329202933273135,-1.49737977432971,-0.22286727432971
2.98812242822833,-2.96457450145738,-0.749525258342899,0.329202933273135,-1.37476262917145,-0.143050129171449
2.98972352367626,-2.98422940262896,-0.501332934257217,0.329202933273135,-1.25066646712861,-0.0609539671286086
2.99115695110799,-2.99605345685654,-0.251162078117254,0.329202933273135,-1.12558103905863,0.0229314609413733
2.9924348225376,-3,2.44929359829471e-16,0.329202933273135,-1,0.1081125
2.99356880528901,-2.99605345685654,0.251162078117254,0.329202933273135,-0.874418960941373,0.194093539058627
2.99457011971416,-2.98422940262896,0.501332934257218,0.329202933273135,-0.749333532871391,0.280378967128609
2.99544953716777,-2.96457450145738,0.7495252583429,0.329202933273135,-0.62523737082855,0.36647512917145
2.99621737821884,-2.93716632225726,0.994759548659419,0.329202933273135,-0.502620225670291,0.45189227432971
2.99688351107979,-2.90211303259031,1.23606797749979,0.329202933273135,-0.381966011250105,0.536146488749895
2.99745735023485,-2.8595529717765,1.47249821073871,0.329202933273135,-0.263750894630644,0.618761605369356
2.99794785525012,-2.80965410493204,1.70311716626029,0.329202933273135,-0.148441416869855,0.699271083130145
2.99836352974864,-2.75261336008773,1.92701469640686,0.329202933273135,-0.0364926517965692,0.777219848203431
2.99871242053427,-2.68865585100403,2.14330717991599,0.329202933273135,0.0716535899579935,0.852166089957993
2.99900211684947,-2.61803398874989,2.35114100916989,0.329202933273135,0.175570504584947,0.923683004584947
2.99923974975243,-2.54102648555158,2.54969595899476,0.329202933273135,0.274847979497379,0.991360479497379
2.99943199159994,-2.45793725484282,2.73818842371475,0.329202933273135,0.369094211857377,1.05480671185738
2.99958505562352,-2.36909421185738,2.91587450968565,0.329202933273135,0.457937254842823,1.11364975484282
2.99970469558651,-2.27484797949738,3.08205297110316,0.329202933273135,0.541026485551579,1.16753898555158
2.99979620551138,-2.17557050458495,3.23606797749979,0.329202933273135,0.618033988749895,1.21614648874989
2.99986441946662,-2.07165358995799,3.37731170200806,0.329202933273135,0.68865585100403,1.25916835100403
2.999913711404,-1.96350734820343,3.50522672017545,0.329202933273135,0.752613360087727,1.29632586008773
2.99994799503736,-1.85155858313015,3.61930820986408,0.329202933273135,0.809654104932039,1.32736660493204
2.99997072375526,-1.73624910536936,3.71910594355301,0.329202933273135,0.859552971776503,1.3520654717765
2.99998489056036,-1.61803398874989,3.80422606518061,0.329202933273135,0.902113032590307,1.37022553259031
2.99998489056036,-0.381966011250105,3.80422606518061,0.329202933273135,0.902113032590307,1.17022553259031
2.99997072375526,-0.263750894630643,3.71910594355301,0.329202933273135,0.859552971776503,1.1120654717765
2.99994799503736,-0.148441416869854,3.61930820986408,0.329202933273135,0.809654104932039,1.04736660493204
2.999913711404,-0.03649265179657,3.50522672017545,0.329202933273135,0.752613360087727,0.976325860087727
2.99986441946662,0.0716535899579929,3.37731170200806,0.329202933273135,0.68865585100403,0.89916835100403
2.99979620551138,0.175570504584946,3.23606797749979,0.329202933273135,0.618033988749895,0.816146488749895
2.99970469558651,0.274847979497379,3.08205297110316,0.329202933273135,0.541026485551579,0.727538985551579
2.99958505562352,0.369094211857377,2.91587450968565,0.329202933273135,0.457937254842823,0.633649754842823
2.99943199159994,0.457937254842823,2.73818842371475,0.329202933273135,0.369094211857377,0.534806711857378
2.99923974975243,0.541026485551579,2.54969595899476,0.329202933273135,0.274847979497379,0.431360479497379
2.99900211684947,0.618033988749895,2.35114100916989,0.329202933273135,0.175570504584946,0.323683004584946
2.99871242053427,0.68865585100403,2.14330717991599,0.329202933273135,0.0716535899579933,0.212166089957993
2.99836352974864,0.752613360087727,1.92701469640686,0.329202933273135,-0.0364926517965696,0.0972198482034305
2.99794785525012,0.809654104932039,1.70311716626029,0.329202933273135,-0.148441416869855,-0.0207289168698551
2.99745735023485,0.859552971776503,1.47249821073871,0.329202933273135,-0.263750894630645,-0.141238394630645
2.99688351107979,0.902113032590307,1.23606797749979,0.329202933273135,-0.381966011250106,-0.263853511250106
2.99621737821884,0.937166322257262,0.99475954865942,0.329202933273135,-0.50262022567029,-0.38810772567029
2.99544953716777,0.964574501457377,0.7495252583429,0.329202933273135,-0.62523737082855,-0.51352487082855
2.99457011971416,0.984229402628956,0.501332934257218,0.329202933273135,-0.749333532871391,-0.639621032871391
2.99356880528901,0.996053456856543,0.251162078117254,0.329202933273135,-0.874418960941373,-0.765906460941373
2.9924348225376,1,2.44929359829471e-16,0.329202933273135,-1,-0.8918875
2.99115695110799,0.996053456856543,-0.251162078117254,0.329202933273135,-1.12558103905863,-1.01706853905863
2.98972352367626,0.984229402628956,-0.501332934257217,0.329202933273135,-1.25066646712861,-1.14095396712861
2.98812242822833,0.964574501457377,-0.749525258342899,0.329202933273135,-1.37476262917145,-1.26305012917145
2.98634111061913,0.937166322257262,-0.994759548659419,0.329202933273135,-1.49737977432971,-1.38286727432971
2.98436657743041,0.902113032590307,-1.23606797749979,0.329202933273135,-1.6180339887499,-1.4999214887499
2.9821853991493,0.859552971776503,-1.47249821073871,0.329202933273135,-1.73624910536936,-1.61373660536936
2.97978371369061,0.809654104932039,-1.70311716626029,0.329202933273135,-1.85155858313015,-1.72384608313015
2.97714723028616,0.752613360087727,-1.92701469640686,0.329202933273135,-1.96350734820343,-1.82979484820343
2.97426123376566,0.68865585100403,-2.14330717991599,0.329202933273135,-2.07165358995799,-1.93114108995799
2.9711105892538,0.618033988749895,-2.35114100916989,0.329202933273135,-2.17557050458495,-2.02745800458495
2.96767974730913,0.541026485551579,-2.54969595899476,0.329202933273135,-2.27484797949738,-2.11833547949738
2.96395274953106,0.457937254842823,-2.73818842371475,0.329202933273135,-2.36909421185738,-2.20338171185738
2.95991323466137,0.369094211857378,-2.91587450968565,0.329202933273135,-2.45793725484282,-2.28222475484282
2.95554444520794,0.27484797949738,-3.08205297110316,0.329202933273135,-2.54102648555158,-2.35451398555158
2.95082923461821,0.175570504584946,-3.23606797749979,0.329202933273135,-2.61803398874989,-2.41992148874989
2.94575007503093,0.0716535899579933,-3.37731170200806,0.329202933273135,-2.68865585100403,-2.47814335100403
2.94028906563486,-0.0364926517965696,-3.50522672017545,0.329202933273135,-2.75261336008773,-2.52890086008773
2.9344279416638,-0.148441416869855,-3.61930820986408,0.329202933273135,-2.80965410493204,-2.57194160493204
2.9281480840574,-0.263750894630645,-3.71910594355301,0.329202933273135,-2.8595529717765,-2.6070404717765
2.92042937430748,-1.61803398874989,-3.80422606518061,0.746069661494565,-2.90211303259031,-0.853913032590307
2.9271899981343,-1.73624910536936,-3.71910594355301,0.746069661494565,-2.8595529717765,-0.866952971776503
2.93351205132634,-1.85155858313015,-3.61930820986408,0.746069661494565,-2.80965410493204,-0.871854104932039
2.93941448653699,-1.96350734820343,-3.50522672017545,0.746069661494565,-2.75261336008773,-0.868813360087727
2.94491591316582,-2.07165358995799,-3.37731170200806,0.746069661494565,-2.68865585100403,-0.85805585100403
2.95003458697235,-2.17557050458495,-3.23606797749979,0.746069661494565,-2.61803398874989,-0.839833988749894
2.95478840038613,-2.27484797949738,-3.08205297110316,0.746069661494565,-2.54102648555158,-0.814426485551578
2.95919487348306,-2.36909421185738,-2.91587450968565,0.746069661494565,-2.45793725484282,-0.782137254842822
2.9632711455986,-2.45793725484282,-2.73818842371475,0.746069661494565,-2.36909421185738,-0.743294211857377
2.96703396754843,-2.54102648555158,-2.54969595899476,0.746069661494565,-2.27484797949738,-0.698247979497379
2.97049969442786,-2.61803398874989,-2.35114100916989,0.746069661494565,-2.17557050458495,-0.647370504584946
2.97368427896176,-2.68865585100403,-2.14330717991599,0.746069661494565,-2.07165358995799,-0.591053589957993
2.97660326537701,-2.75261336008773,-1.92701469640686,0.746069661494565,-1.96350734820343,-0.52970734820343
2.97927178377033,-2.80965410493204,-1.70311716626029,0.746069661494565,-1.85155858313015,-0.463758583130145
2.98170454494471,-2.8595529717765,-1.47249821073871,0.746069661494565,-1.73624910536936,-0.393649105369356
2.98391583568826,-2.90211303259031,-1.23606797749979,0.746069661494565,-1.61803398874989,-0.319833988749894
2.98591951447007,-2.93716632225726,-0.994759548659419,0.746069661494565,-1.49737977432971,-0.24277977432971
2.98772900752808,-2.96457450145738,-0.749525258342899,0.746069661494565,-1.37476262917145,-0.162962629171449
2.98935730532485,-2.98422940262896,-0.501332934257217,0.746069661494565,-1.25066646712861,-0.0808664671286086
2.99081695934759,-2.99605345685654,-0.251162078117254,0.746069661494565,-1.12558103905863,0.00301896094137333
2.99212007922981,-3,2.44929359829471e-16,0.746069661494565,-1,0.0882000000000003
2.99327833017216,-2.99605345685654,0.251162078117254,0.746069661494565,-0.874418960941373,0.174181039058627
2.99430293064146,-2.98422940262896,0.501332934257218,0.746069661494565,-0.749333532871391,0.260466467128609
2.99520465032692,-2.96457450145738,0.7495252583429,0.746069661494565,-0.62523737082855,0.34656262917145
2.99599380833394,-2.93716632225726,0.994759548659419,0.746069661494565,-0.502620225670291,0.431979774329709
2.99668027159615,-2.90211303259031,1.23606797749979,0.746069661494565,-0.381966011250105,0.516233988749895
2.9972734534876,-2.8595529717765,1.47249821073871,0.746069661494565,-0.263750894630644,0.598849105369356
2.99778231261724,-2.80965410493204,1.70311716626029,0.746069661494565,-0.148441416869855,0.679358583130145
2.99821535178915,-2.75261336008773,1.92701469640686,0.746069661494565,-0.0364926517965692,0.75730734820343
2.99858061711245,-2.68865585100403,2.14330717991599,0.746069661494565,0.0716535899579935,0.832253589957993
2.99888569724572,-2.61803398874989,2.35114100916989,0.746069661494565,0.175570504584947,0.903770504584946
2.99913772276155,-2.54102648555158,2.54969595899476,0.746069661494565,0.274847979497379,0.971447979497379
2.99934336561776,-2.45793725484282,2.73818842371475,0.746069661494565,0.369094211857377,1.03489421185738
2.99950883872231,-2.36909421185738,2.91587450968565,0.746069661494565,0.457937254842823,1.09373725484282
2.99963989558028,-2.27484797949738,3.08205297110316,0.746069661494565,0.541026485551579,1.14762648555158
2.99974183001154,-2.17557050458495,3.23606797749979,0.746069661494565,0.618033988749895,1.19623398874989
2.99981947592894,-2.07165358995799,3.37731170200806,0.746069661494565,0.68865585100403,1.23925585100403
2.99987720716756,-1.96350734820343,3.50522672017545,0.746069661494565,0.752613360087727,1.27641336008773
2.99991893735628,-1.85155858313015,3.61930820986408,0.746069661494565,0.809654104932039,1.30745410493204
2.99994811982391,-1.73624910536936,3.71910594355301,0.746069661494565,0.859552971776503,1.3321529717765
2.99996774753287,-1.61803398874989,3.80422606518061,0.746069661494565,0.902113032590307,1.35031303259031
2.99996774753287,-0.381966011250105,3.80422606518061,0.746069661494565,0.902113032590307,1.15031303259031
2.99994811982391,-0.263750894630643,3.71910594355301,0.746069661494565,0.859552971776503,1.0921529717765
2.99991893735628,-0.148441416869854,3.61930820986408,0.746069661494565,0.809654104932039,1.02745410493204
2.99987720716756,-0.03649265179657,3.50522672017545,0.746069661494565,0.752613360087727,0.956413360087727
2.99981947592894,0.0716535899579929,3.37731170200806,0.746069661494565,0.68865585100403,0.87925585100403
2.99974183001154,0.175570504584946,3.23606797749979,0.746069661494565,0.618033988749895,0.796233988749895
2.99963989558028,0.274847979497379,3.08205297110316,0.746069661494565,0.541026485551579,0.707626485551579
2.99950883872231,0.369094211857377,2.91587450968565,0.746069661494565,0.457937254842823,0.613737254842823
2.99934336561776,0.457937254842823,2.73818842371475,0.746069661494565,0.369094211857377,0.514894211857377
2.99913772276155,0.541026485551579,2.54969595899476,0.746069661494565,0.274847979497379,0.411447979497379
2.99888569724572,0.618033988749895,2.35114100916989,0.746069661494565,0.175570504584946,0.303770504584946
2.99858061711245,0.68865585100403,2.14330717991599,0.746069661494565,0.0716535899579933,0.192253589957993
2.99821535178915,0.752613360087727,1.92701469640686,0.746069661494565,-0.0364926517965696,0.0773073482034303
2.99778231261724,0.809654104932039,1.70311716626029,0.746069661494565,-0.148441416869855,-0.0406414168698552
2.9972734534876,0.859552971776503,1.47249821073871,0.746069661494565,-0.263750894630645,-0.161150894630645
2.99668027159615,0.902113032590307,1.23606797749979,0.746069661494565,-0.381966011250106,-0.283766011250106
2.99599380833394,0.937166322257262,0.99475954865942,0.746069661494565,-0.50262022567029,-0.40802022567029
2.99520465032692,0.964574501457377,0.7495252583429,0.746069661494565,-0.62523737082855,-0.53343737082855
2.99430293064146,0.984229402628956,0.501332934257218,0.746069661494565,-0.749333532871391,-0.659533532871391
2.99327833017216,0.996053456856543,0.251162078117254,0.746069661494565,-0.874418960941373,-0.785818960941373
2.99212007922981,1,2.44929359829471e-16,0.746069661494565,-1,-0.9118
2.99081695934759,0.996053456856543,-0.251162078117254,0.746069661494565,-1.12558103905863,-1.03698103905863
2.98935730532485,0.984229402628956,-0.501332934257217,0.746069661494565,-1.25066646712861,-1.16086646712861
2.98772900752808,0.964574501457377,-0.749525258342899,0.746069661494565,-1.37476262917145,-1.28296262917145
2.98591951447007,0.937166322257262,-0.994759548659419,0.746069661494565,-1.49737977432971,-1.40277977432971
2.98391583568826,0.902113032590307,-1.23606797749979,0.746069661494565,-1.6180339887499,-1.5198339887499
2.98170454494471,0.859552971776503,-1.47249821073871,0.746069661494565,-1.73624910536936,-1.63364910536936
2.97927178377033,0.809654104932039,-1.70311716626029,0.746069661494565,-1.85155858313015,-1.74375858313015
2.97660326537701,0.752613360087727,-1.92701469640686,0.746069661494565,-1.96350734820343,-1.84970734820343
2.97368427896176,0.68865585100403,-2.14330717991599,0.746069661494565,-2.07165358995799,-1.95105358995799
2.97049969442786,0.618033988749895,-2.35114100916989,0.746069661494565,-2.17557050458495,-2.04737050458495
2.96703396754843,0.541026485551579,-2.54969595899476,0.746069661494565,-2.27484797949738,-2.13824797949738
2.9632711455986,0.457937254842823,-2.73818842371475,0.746069661494565,-2.36909421185738,-2.22329421185738
2.95919487348306,0.369094211857378,-2.91587450968565,0.746069661494565,-2.45793725484282,-2.30213725484282
2.95478840038613,0.27484797949738,-3.08205297110316,0.746069661494565,-2.54102648555158,-2.37442648555158
2.95003458697235,0.175570504584946,-3.23606797749979,0.746069661494565,-2.61803398874989,-2.43983398874989
2.94491591316582,0.0716535899579933,-3.37731170200806,0.746069661494565,-2.68865585100403,-2.49805585100403
2.93941448653699,-0.0364926517965696,-3.50522672017545,0.746069661494565,-2.75261336008773,-2.54881336008773
2.93351205132634,-0.148441416869855,-3.61930820986408,0.746069661494565,-2.80965410493204,-2.59185410493204
2.9271899981343,-0.263750894630645,-3.71910594355301,0.746069661494565,-2.8595529717765,-2.6269529717765
2.91862920009542,-1.61803398874989,-3.80422606518061,1.14805029709527,-2.90211303259031,-0.871800532590307
2.92546656418542,-1.73624910536936,-3.71910594355301,1.14805029709527,-2.8595529717765,-0.884840471776503
2.93186380196765,-1.85155858313015,-3.61930820986408,1.14805029709527,-2.80965410493204,-0.889741604932039
2.93783984755487,-1.96350734820343,-3.50522672017545,1.14805029709527,-2.75261336008773,-0.886700860087727
2.94341329302646,-2.07165358995799,-3.37731170200806,1.14805029709527,-2.68865585100403,-0.87594335100403
2.94860237798964,-2.17557050458495,-3.23606797749979,1.14805029709527,-2.61803398874989,-0.857721488749895
2.95342497983766,-2.27484797949738,-3.08205297110316,1.14805029709527,-2.54102648555158,-0.832313985551578
2.95789860467521,-2.36909421185738,-2.91587450968565,1.14805029709527,-2.45793725484282,-0.800024754842823
2.96204037888148,-2.45793725484282,-2.73818842371475,1.14805029709527,-2.36909421185738,-0.761181711857377
2.96586704128169,-2.54102648555158,-2.54969595899476,1.14805029709527,-2.27484797949738,-0.716135479497379
2.96939493589834,-2.61803398874989,-2.35114100916989,1.14805029709527,-2.17557050458495,-0.665258004584946
2.97264000525393,-2.68865585100403,-2.14330717991599,1.14805029709527,-2.07165358995799,-0.608941089957993
2.97561778419732,-2.75261336008773,-1.92701469640686,1.14805029709527,-1.96350734820343,-0.54759484820343
2.97834339422653,-2.80965410493204,-1.70311716626029,1.14805029709527,-1.85155858313015,-0.481646083130145
2.98083153828123,-2.8595529717765,-1.47249821073871,1.14805029709527,-1.73624910536936,-0.411536605369356
2.98309649597883,-2.90211303259031,-1.23606797749979,1.14805029709527,-1.61803398874989,-0.337721488749894
2.98515211926868,-2.93716632225726,-0.994759548659419,1.14805029709527,-1.49737977432971,-0.26066727432971
2.98701182847957,-2.96457450145738,-0.749525258342899,1.14805029709527,-1.37476262917145,-0.180850129171449
2.98868860873618,-2.98422940262896,-0.501332934257217,1.14805029709527,-1.25066646712861,-0.0987539671286086
2.99019500672123,-2.99605345685654,-0.251162078117254,1.14805029709527,-1.12558103905863,-0.0148685390586268
2.99154312776026,-3,2.44929359829471e-16,1.14805029709527,-1,0.0703125000000002
2.99274463320705,-2.99605345685654,0.251162078117254,1.14805029709527,-0.874418960941373,0.156293539058627
2.9938107381084,-2.98422940262896,0.501332934257218,1.14805029709527,-0.749333532871391,0.242578967128609
2.99475220912739,-2.96457450145738,0.7495252583429,1.14805029709527,-0.62523737082855,0.32867512917145
2.99557936270557,-2.93716632225726,0.994759548659419,1.14805029709527,-0.502620225670291,0.41409227432971
2.99630206344467,-2.90211303259031,1.23606797749979,1.14805029709527,-0.381966011250105,0.498346488749895
2.99692972268972,-2.8595529717765,1.47249821073871,1.14805029709527,-0.263750894630644,0.580961605369356
2.99747129729583,-2.80965410493204,1.70311716626029,1.14805029709527,-0.148441416869855,0.661471083130145
2.9979352885621,-2.75261336008773,1.92701469640686,1.14805029709527,-0.0364926517965692,0.739419848203431
2.99832974131645,-2.68865585100403,2.14330717991599,1.14805029709527,0.0716535899579935,0.814366089957993
2.9986622431363,-2.61803398874989,2.35114100916989,1.14805029709527,0.175570504584947,0.885883004584947
2.99893992369086,-2.54102648555158,2.54969595899476,1.14805029709527,0.274847979497379,0.953560479497379
2.99916945419118,-2.45793725484282,2.73818842371475,1.14805029709527,0.369094211857377,1.01700671185738
2.99935704693557,-2.36909421185738,2.91587450968565,1.14805029709527,0.457937254842823,1.07584975484282
2.9995084549381,-2.27484797949738,3.08205297110316,1.14805029709527,0.541026485551579,1.12973898555158
2.99962897162939,-2.17557050458495,3.23606797749979,1.14805029709527,0.618033988749895,1.1783464887499
2.99972343061921,-2.07165358995799,3.37731170200806,1.14805029709527,0.68865585100403,1.22136835100403
2.99979620551138,-1.96350734820343,3.50522672017545,1.14805029709527,0.752613360087727,1.25852586008773
2.99985120976253,-1.85155858313015,3.61930820986408,1.14805029709527,0.809654104932039,1.28956660493204
2.99989189657663,-1.73624910536936,3.71910594355301,1.14805029709527,0.859552971776503,1.3142654717765
2.99992125882855,-1.61803398874989,3.80422606518061,1.14805029709527,0.902113032590307,1.33242553259031
2.99992125882855,-0.381966011250105,3.80422606518061,1.14805029709527,0.902113032590307,1.13242553259031
2.99989189657663,-0.263750894630643,3.71910594355301,1.14805029709527,0.859552971776503,1.0742654717765
2.99985120976253,-0.148441416869854,3.61930820986408,1.14805029709527,0.809654104932039,1.00956660493204
2.99979620551138,-0.03649265179657,3.50522672017545,1.14805029709527,0.752613360087727,0.938525860087728
2.99972343061921,0.0716535899579929,3.37731170200806,1.14805029709527,0.68865585100403,0.86136835100403
2.99962897162939,0.175570504584946,3.23606797749979,1.14805029709527,0.618033988749895,0.778346488749895
2.9995084549381,0.274847979497379,3.08205297110316,1.14805029709527,0.541026485551579,0.689738985551579
2.99935704693557,0.369094211857377,2.91587450968565,1.14805029709527,0.457937254842823,0.595849754842823
2.99916945419118,0.457937254842823,2.73818842371475,1.14805029709527,0.369094211857377,0.497006711857377
2.99893992369086,0.541026485551579,2.54969595899476,1.14805029709527,0.274847979497379,0.393560479497379
2.9986622431363,0.618033988749895,2.35114100916989,1.14805029709527,0.175570504584946,0.285883004584946
2.99832974131645,0.68865585100403,2.14330717991599,1.14805029709527,0.0716535899579933,0.174366089957993
2.9979352885621,0.752613360087727,1.92701469640686,1.14805029709527,-0.0364926517965696,0.0594198482034305
2.99747129729583,0.809654104932039,1.70311716626029,1.14805029709527,-0.148441416869855,-0.0585289168698552
2.99692972268972,0.859552971776503,1.47249821073871,1.14805029709527,-0.263750894630645,-0.179038394630645
2.99630206344467,0.902113032590307,1.23606797749979,1.14805029709527,-0.381966011250106,-0.301653511250106
2.99557936270557,0.937166322257262,0.99475954865942,1.14805029709527,-0.50262022567029,-0.42590772567029
2.99475220912739,0.964574501457377,0.7495252583429,1.14805029709527,-0.62523737082855,-0.55132487082855
2.9938107381084,0.984229402628956,0.501332934257218,1.14805029709527,-0.749333532871391,-0.677421032871391
2.99274463320705,0.996053456856543,0.251162078117254,1.14805029709527,-0.874418960941373,-0.803706460941373
2.99154312776026,1,2.44929359829471e-16,1.14805029709527,-1,-0.9296875
2.99019500672123,0.996053456856543,-0.251162078117254,1.14805029709527,-1.12558103905863,-1.05486853905863
2.98868860873618,0.984229402628956,-0.501332934257217,1.14805029709527,-1.25066646712861,-1.17875396712861
2.98701182847957,0.964574501457377,-0.749525258342899,1.14805029709527,-1.37476262917145,-1.30085012917145
2.98515211926868,0.937166322257262,-0.994759548659419,1.14805029709527,-1.49737977432971,-1.42066727432971
2.98309649597883,0.902113032590307,-1.23606797749979,1.14805029709527,-1.6180339887499,-1.5377214887499
2.98083153828123,0.859552971776503,-1.47249821073871,1.14805029709527,-1.73624910536936,-1.65153660536936
2.97834339422653,0.809654104932039,-1.70311716626029,1.14805029709527,-1.85155858313015,-1.76164608313015
2.97561778419732,0.752613360087727,-1.92701469640686,1.14805029709527,-1.96350734820343,-1.86759484820343
2.97264000525393,0.68865585100403,-2.14330717991599,1.14805029709527,-2.07165358995799,-1.96894108995799
2.96939493589834,0.618033988749895,-2.35114100916989,1.14805029709527,-2.17557050458495,-2.06525800458495
2.96586704128169,0.541026485551579,-2.54969595899476,1.14805029709527,-2.27484797949738,-2.15613547949738
2.96204037888148,0.457937254842823,-2.73818842371475,1.14805029709527,-2.36909421185738,-2.24118171185738
2.95789860467521,0.369094211857378,-2.91587450968565,1.14805029709527,-2.45793725484282,-2.32002475484282
2.95342497983766,0.27484797949738,-3.08205297110316,1.14805029709527,-2.54102648555158,-2.39231398555158
2.94860237798964,0.175570504584946,-3.23606797749979,1.14805029709527,-2.61803398874989,-2.45772148874989
2.94341329302646,0.0716535899579933,-3.37731170200806,1.14805029709527,-2.68865585100403,-2.51594335100403
2.93783984755487,-0.0364926517965696,-3.50522672017545,1.14805029709527,-2.75261336008773,-2.56670086008773
2.93186380196765,-0.148441416869855,-3.61930820986408,1.14805029709527,-2.80965410493204,-2.60974160493204
2.92546656418542,-0.263750894630645,-3.71910594355301,1.14805029709527,-2.8595529717765,-2.6448404717765
2.91600386286834,-1.61803398874989,-3.80422606518061,1.52712424725111,-2.90211303259031,-0.887663032590307
2.92295157630277,-1.73624910536936,-3.71910594355301,1.52712424725111,-2.8595529717765,-0.900702971776503
2.92945693003551,-1.85155858313015,-3.61930820986408,1.52712424725111,-2.80965410493204,-0.905604104932039
2.93553883127283,-1.96350734820343,-3.50522672017545,1.52712424725111,-2.75261336008773,-0.902563360087727
2.94121584694802,-2.07165358995799,-3.37731170200806,1.52712424725111,-2.68865585100403,-0.89180585100403
2.94650619320699,-2.17557050458495,-3.23606797749979,1.52712424725111,-2.61803398874989,-0.873583988749894
2.95142772559199,-2.27484797949738,-3.08205297110316,1.52712424725111,-2.54102648555158,-0.848176485551578
2.95599792989381,-2.36909421185738,-2.91587450968565,1.52712424725111,-2.45793725484282,-0.815887254842822
2.9602339136428,-2.45793725484282,-2.73818842371475,1.52712424725111,-2.36909421185738,-0.777044211857377
2.96415239820979,-2.54102648555158,-2.54969595899476,1.52712424725111,-2.27484797949738,-0.731997979497379
2.96776971148812,-2.61803398874989,-2.35114100916989,1.52712424725111,-2.17557050458495,-0.681120504584946
2.9711017811285,-2.68865585100403,-2.14330717991599,1.52712424725111,-2.07165358995799,-0.624803589957993
2.97416412829915,-2.75261336008773,-1.92701469640686,1.52712424725111,-1.96350734820343,-0.56345734820343
2.97697186194383,-2.80965410493204,-1.70311716626029,1.52712424725111,-1.85155858313015,-0.497508583130145
2.97953967351118,-2.8595529717765,-1.47249821073871,1.52712424725111,-1.73624910536936,-0.427399105369356
2.98188183212931,-2.90211303259031,-1.23606797749979,1.52712424725111,-1.61803398874989,-0.353583988749894
2.98401218020016,-2.93716632225726,-0.994759548659419,1.52712424725111,-1.49737977432971,-0.276529774329709
2.98594412938884,-2.96457450145738,-0.749525258342899,1.52712424725111,-1.37476262917145,-0.196712629171449
2.98769065698373,-2.98422940262896,-0.501332934257217,1.52712424725111,-1.25066646712861,-0.114616467128609
2.98926430260395,-2.99605345685654,-0.251162078117254,1.52712424725111,-1.12558103905863,-0.0307310390586267
2.99067716523125,-3,2.44929359829471e-16,1.52712424725111,-1,0.0544500000000003
2.99194090054447,-2.99605345685654,0.251162078117254,1.52712424725111,-0.874418960941373,0.140431039058627
2.99306671853499,-2.98422940262896,0.501332934257218,1.52712424725111,-0.749333532871391,0.226716467128609
2.99406538138272,-2.96457450145738,0.7495252583429,1.52712424725111,-0.62523737082855,0.31281262917145
2.99494720157269,-2.93716632225726,0.994759548659419,1.52712424725111,-0.502620225670291,0.398229774329709
2.99572204023317,-2.90211303259031,1.23606797749979,1.52712424725111,-0.381966011250105,0.482483988749895
2.99639930567702,-2.8595529717765,1.47249821073871,1.52712424725111,-0.263750894630644,0.565099105369356
2.99698795212865,-2.80965410493204,1.70311716626029,1.52712424725111,-0.148441416869855,0.645608583130145
2.99749647861994,-2.75261336008773,1.92701469640686,1.52712424725111,-0.0364926517965692,0.723557348203431
2.99793292803904,-2.68865585100403,2.14330717991599,1.52712424725111,0.0716535899579935,0.798503589957993
2.99830488631704,-2.61803398874989,2.35114100916989,1.52712424725111,0.175570504584947,0.870020504584947
2.99861948173797,-2.54102648555158,2.54969595899476,1.52712424725111,0.274847979497379,0.937697979497379
2.99888338435869,-2.45793725484282,2.73818842371475,1.52712424725111,0.369094211857377,1.00114421185738
2.99910280552596,-2.36909421185738,2.91587450968565,1.52712424725111,0.457937254842823,1.05998725484282
2.99928349747864,-2.27484797949738,3.08205297110316,1.52712424725111,0.541026485551579,1.11387648555158
2.99943075302404,-2.17557050458495,3.23606797749979,1.52712424725111,0.618033988749895,1.16248398874989
2.999549405278,-2.07165358995799,3.37731170200806,1.52712424725111,0.68865585100403,1.20550585100403
2.9996438274594,-1.96350734820343,3.50522672017545,1.52712424725111,0.752613360087727,1.24266336008773
2.99971793273025,-1.85155858313015,3.61930820986408,1.52712424725111,0.809654104932039,1.27370410493204
2.99977517407367,-1.73624910536936,3.71910594355301,1.52712424725111,0.859552971776503,1.2984029717765
2.99981854420274,-1.61803398874989,3.80422606518061,1.52712424725111,0.902113032590307,1.31656303259031
2.99981854420274,-0.381966011250105,3.80422606518061,1.52712424725111,0.902113032590307,1.11656303259031
2.99977517407367,-0.263750894630643,3.71910594355301,1.52712424725111,0.859552971776503,1.0584029717765
2.99971793273025,-0.148441416869854,3.61930820986408,1.52712424725111,0.809654104932039,0.993704104932039
2.9996438274594,-0.03649265179657,3.50522672017545,1.52712424725111,0.752613360087727,0.922663360087727
2.999549405278,0.0716535899579929,3.37731170200806,1.52712424725111,0.68865585100403,0.845505851004031
2.99943075302404,0.175570504584946,3.23606797749979,1.52712424725111,0.618033988749895,0.762483988749895
2.99928349747864,0.274847979497379,3.08205297110316,1.52712424725111,0.541026485551579,0.673876485551579
2.99910280552596,0.369094211857377,2.91587450968565,1.52712424725111,0.457937254842823,0.579987254842823
2.99888338435869,0.457937254842823,2.73818842371475,1.52712424725111,0.369094211857377,0.481144211857377
2.99861948173797,0.541026485551579,2.54969595899476,1.52712424725111,0.274847979497379,0.377697979497379
2.99830488631704,0.618033988749895,2.35114100916989,1.52712424725111,0.175570504584946,0.270020504584946
2.99793292803904,0.68865585100403,2.14330717991599,1.52712424725111,0.0716535899579933,0.158503589957993
2.99749647861994,0.752613360087727,1.92701469640686,1.52712424725111,-0.0364926517965696,0.0435573482034304
2.99698795212865,0.809654104932039,1.70311716626029,1.52712424725111,-0.148441416869855,-0.0743914168698552
2.99639930567702,0.859552971776503,1.47249821073871,1.52712424725111,-0.263750894630645,-0.194900894630645
2.99572204023317,0.902113032590307,1.23606797749979,1.52712424725111,-0.381966011250106,-0.317516011250106
2.99494720157269,0.937166322257262,0.99475954865942,1.52712424725111,-0.50262022567029,-0.44177022567029
2.99406538138272,0.964574501457377,0.7495252583429,1.52712424725111,-0.62523737082855,-0.56718737082855
2.99306671853499,0.984229402628956,0.501332934257218,1.52712424725111,-0.749333532871391,-0.693283532871391
2.99194090054447,0.996053456856543,0.251162078117254,1.52712424725111,-0.874418960941373,-0.819568960941373
2.99067716523125,1,2.44929359829471e-16,1.52712424725111,-1,-0.94555
2.98926430260395,0.996053456856543,-0.251162078117254,1.52712424725111,-1.12558103905863,-1.07073103905863
2.98769065698373,0.984229402628956,-0.501332934257217,1.52712424725111,-1.25066646712861,-1.19461646712861
2.98594412938884,0.964574501457377,-0.749525258342899,1.52712424725111,-1.37476262917145,-1.31671262917145
2.98401218020016,0.937166322257262,-0.994759548659419,1.52712424725111,-1.49737977432971,-1.43652977432971
2.98188183212931,0.902113032590307,-1.23606797749979,1.52712424725111,-1.6180339887499,-1.5535839887499
2.97953967351118,0.859552971776503,-1.47249821073871,1.52712424725111,-1.73624910536936,-1.66739910536936
2.97697186194383,0.809654104932039,-1.70311716626029,1.52712424725111,-1.85155858313015,-1.77750858313015
2.97416412829915,0.752613360087727,-1.92701469640686,1.52712424725111,-1.96350734820343,-1.88345734820343
2.9711017811285,0.68865585100403,-2.14330717991599,1.52712424725111,-2.07165358995799,-1.98480358995799
2.96776971148812,0.618033988749895,-2.35114100916989,1.52712424725111,-2.17557050458495,-2.08112050458495
2.96415239820979,0.541026485551579,-2.54969595899476,1.52712424725111,-2.27484797949738,-2.17199797949738
2.9602339136428,0.457937254842823,-2.73818842371475,1.52712424725111,-2.36909421185738,-2.25704421185738
2.95599792989381,0.369094211857378,-2.91587450968565,1.52712424725111,-2.45793725484282,-2.33588725484282
2.95142772559199,0.27484797949738,-3.08205297110316,1.52712424725111,-2.54102648555158,-2.40817648555158
2.94650619320699,0.175570504584946,-3.23606797749979,1.52712424725111,-2.61803398874989,-2.47358398874989
2.94121584694802,0.0716535899579933,-3.37731170200806,1.52712424725111,-2.68865585100403,-2.53180585100403
2.93553883127283,-0.0364926517965696,-3.50522672017545,1.52712424725111,-2.75261336008773,-2.58256336008773
2.92945693003551,-0.148441416869855,-3.61930820986408,1.52712424725111,-2.80965410493204,-2.62560410493204
2.92295157630277,-0.263750894630645,-3.71910594355301,1.52712424725111,-2.8595529717765,-2.6607029717765
2.91251578835268,-1.61803398874989,-3.80422606518061,1.87572796900711,-2.90211303259031,-0.901500532590307
2.91960736956747,-1.73624910536936,-3.71910594355301,1.87572796900711,-2.8595529717765,-0.914540471776503
2.92625368569101,-1.85155858313015,-3.61930820986408,1.87572796900711,-2.80965410493204,-0.919441604932039
2.93247360841374,-1.96350734820343,-3.50522672017545,1.87572796900711,-2.75261336008773,-0.916400860087727
2.93828567145778,-2.07165358995799,-3.37731170200806,1.87572796900711,-2.68865585100403,-0.90564335100403
2.94370805996406,-2.17557050458495,-3.23606797749979,1.87572796900711,-2.61803398874989,-0.887421488749895
2.94875860057911,-2.27484797949738,-3.08205297110316,1.87572796900711,-2.54102648555158,-0.862013985551578
2.95345475221184,-2.36909421185738,-2.91587450968565,1.87572796900711,-2.45793725484282,-0.829724754842823
2.9578135974308,-2.45793725484282,-2.73818842371475,1.87572796900711,-2.36909421185738,-0.790881711857377
2.96185183447309,-2.54102648555158,-2.54969595899476,1.87572796900711,-2.27484797949738,-0.745835479497379
2.96558576983611,-2.61803398874989,-2.35114100916989,1.87572796900711,-2.17557050458495,-0.694958004584946
2.96903131142417,-2.68865585100403,-2.14330717991599,1.87572796900711,-2.07165358995799,-0.638641089957993
2.97220396222221,-2.75261336008773,-1.92701469640686,1.87572796900711,-1.96350734820343,-0.57729484820343
2.97511881446947,-2.80965410493204,-1.70311716626029,1.87572796900711,-1.85155858313015,-0.511346083130145
2.97779054430651,-2.8595529717765,-1.47249821073871,1.87572796900711,-1.73624910536936,-0.441236605369356
2.98023340686967,-2.90211303259031,-1.23606797749979,1.87572796900711,-1.61803398874989,-0.367421488749895
2.9824612318074,-2.93716632225726,-0.994759548659419,1.87572796900711,-1.49737977432971,-0.29036727432971
2.9844874191938,-2.96457450145738,-0.749525258342899,1.87572796900711,-1.37476262917145,-0.21055012917145
2.98632493581524,-2.98422940262896,-0.501332934257217,1.87572796900711,-1.25066646712861,-0.128453967128609
2.98798631180649,-2.99605345685654,-0.251162078117254,1.87572796900711,-1.12558103905863,-0.0445685390586269
2.98948363761378,-3,2.44929359829471e-16,1.87572796900711,-1,0.0406125000000002
2.99082856126267,-2.99605345685654,0.251162078117254,1.87572796900711,-0.874418960941373,0.126593539058627
2.99203228590927,-2.98422940262896,0.501332934257218,1.87572796900711,-0.749333532871391,0.212878967128609
2.9931055676545,-2.96457450145738,0.7495252583429,1.87572796900711,-0.62523737082855,0.29897512917145
2.99405871360129,-2.93716632225726,0.994759548659419,1.87572796900711,-0.502620225670291,0.38439227432971
2.9949015801358,-2.90211303259031,1.23606797749979,1.87572796900711,-0.381966011250105,0.468646488749895
2.99564357141427,-2.8595529717765,1.47249821073871,1.87572796900711,-0.263750894630644,0.551261605369356
2.99629363803808,-2.80965410493204,1.70311716626029,1.87572796900711,-0.148441416869855,0.631771083130145
2.99686027590009,-2.75261336008773,1.92701469640686,1.87572796900711,-0.0364926517965692,0.709719848203431
2.9973515251865,-2.68865585100403,2.14330717991599,1.87572796900711,0.0716535899579935,0.784666089957994
2.99777496951902,-2.61803398874989,2.35114100916989,1.87572796900711,0.175570504584947,0.856183004584947
2.99813773522284,-2.54102648555158,2.54969595899476,1.87572796900711,0.274847979497379,0.923860479497379
2.99844649070718,-2.45793725484282,2.73818842371475,1.87572796900711,0.369094211857377,0.987306711857378
2.99870744594533,-2.36909421185738,2.91587450968565,1.87572796900711,0.457937254842823,1.04614975484282
2.99892635204253,-2.27484797949738,3.08205297110316,1.87572796900711,0.541026485551579,1.10003898555158
2.99910850088043,-2.17557050458495,3.23606797749979,1.87572796900711,0.618033988749895,1.1486464887499
2.9992587248279,-2.07165358995799,3.37731170200806,1.87572796900711,0.68865585100403,1.19166835100403
2.99938139650872,-1.96350734820343,3.50522672017545,1.87572796900711,0.752613360087727,1.22882586008773
2.99948042861749,-1.85155858313015,3.61930820986408,1.87572796900711,0.809654104932039,1.25986660493204
2.99955927377593,-1.73624910536936,3.71910594355301,1.87572796900711,0.859552971776503,1.2845654717765
2.99962092442257,-1.61803398874989,3.80422606518061,1.87572796900711,0.902113032590307,1.30272553259031
2.99962092442257,-0.381966011250105,3.80422606518061,1.87572796900711,0.902113032590307,1.10272553259031
2.99955927377593,-0.263750894630643,3.71910594355301,1.87572796900711,0.859552971776503,1.0445654717765
2.99948042861749,-0.148441416869854,3.61930820986408,1.87572796900711,0.809654104932039,0.979866604932039
2.99938139650872,-0.03649265179657,3.50522672017545,1.87572796900711,0.752613360087727,0.908825860087727
2.9992587248279,0.0716535899579929,3.37731170200806,1.87572796900711,0.68865585100403,0.83166835100403
2.99910850088043,0.175570504584946,3.23606797749979,1.87572796900711,0.618033988749895,0.748646488749895
2.99892635204253,0.274847979497379,3.08205297110316,1.87572796900711,0.541026485551579,0.660038985551579
2.99870744594533,0.369094211857377,2.91587450968565,1.87572796900711,0.457937254842823,0.566149754842823
2.99844649070718,0.457937254842823,2.73818842371475,1.87572796900711,0.369094211857377,0.467306711857377
2.99813773522284,0.541026485551579,2.54969595899476,1.87572796900711,0.274847979497379,0.363860479497379
2.99777496951902,0.618033988749895,2.35114100916989,1.87572796900711,0.175570504584946,0.256183004584946
2.9973515251865,0.68865585100403,2.14330717991599,1.87572796900711,0.0716535899579933,0.144666089957993
2.99686027590009,0.752613360087727,1.92701469640686,1.87572796900711,-0.0364926517965696,0.0297198482034304
2.99629363803808,0.809654104932039,1.70311716626029,1.87572796900711,-0.148441416869855,-0.0882289168698551
2.99564357141427,0.859552971776503,1.47249821073871,1.87572796900711,-0.263750894630645,-0.208738394630645
2.9949015801358,0.902113032590307,1.23606797749979,1.87572796900711,-0.381966011250106,-0.331353511250106
2.99405871360129,0.937166322257262,0.99475954865942,1.87572796900711,-0.50262022567029,-0.45560772567029
2.9931055676545,0.964574501457377,0.7495252583429,1.87572796900711,-0.62523737082855,-0.58102487082855
2.99203228590927,0.984229402628956,0.501332934257218,1.87572796900711,-0.749333532871391,-0.707121032871391
2.99082856126267,0.996053456856543,0.251162078117254,1.87572796900711,-0.874418960941373,-0.833406460941373
2.98948363761378,1,2.44929359829471e-16,1.87572796900711,-1,-0.9593875
2.98798631180649,0.996053456856543,-0.251162078117254,1.87572796900711,-1.12558103905863,-1.08456853905863
2.98632493581524,0.984229402628956,-0.501332934257217,1.87572796900711,-1.25066646712861,-1.20845396712861
2.9844874191938,0.964574501457377,-0.749525258342899,1.87572796900711,-1.37476262917145,-1.33055012917145
2.9824612318074,0.937166322257262,-0.994759548659419,1.87572796900711,-1.49737977432971,-1.45036727432971
2.98023340686967,0.902113032590307,-1.23606797749979,1.87572796900711,-1.6180339887499,-1.5674214887499
2.97779054430651,0.859552971776503,-1.47249821073871,1.87572796900711,-1.73624910536936,-1.68123660536936
2.97511881446947,0.809654104932039,-1.70311716626029,1.87572796900711,-1.85155858313015,-1.79134608313015
2.97220396222221,0.752613360087727,-1.92701469640686,1.87572796900711,-1.96350734820343,-1.89729484820343
2.96903131142417,0.68865585100403,-2.14330717991599,1.87572796900711,-2.07165358995799,-1.99864108995799
2.96558576983611,0.618033988749895,-2.35114100916989,1.87572796900711,-2.17557050458495,-2.09495800458495
2.96185183447309,0.541026485551579,-2.54969595899476,1.87572796900711,-2.27484797949738,-2.18583547949738
2.9578135974308,0.457937254842823,-2.73818842371475,1.87572796900711,-2.36909421185738,-2.27088171185738
2.95345475221184,0.369094211857378,-2.91587450968565,1.87572796900711,-2.45793725484282,-2.34972475484282
2.94875860057911,0.27484797949738,-3.08205297110316,1.87572796900711,-2.54102648555158,-2.42201398555158
2.94370805996406,0.175570504584946,-3.23606797749979,1.87572796900711,-2.61803398874989,-2.48742148874989
2.93828567145778,0.0716535899579933,-3.37731170200806,1.87572796900711,-2.68865585100403,-2.54564335100403
2.93247360841374,-0.0364926517965696,-3.50522672017545,1.87572796900711,-2.75261336008773,-2.59640086008773
2.92625368569101,-0.148441416869855,-3.61930820986408,1.87572796900711,-2.80965410493204,-2.63944160493204
2.91960736956747,-0.263750894630645,-3.71910594355301,1.87572796900711,-2.8595529717765,-2.6745404717765
2.90811602604668,-1.61803398874989,-3.80422606518061,2.18690588226423,-2.90211303259031,-0.913313032590307
2.91538487161621,-1.73624910536936,-3.71910594355301,2.18690588226423,-2.8595529717765,-0.926352971776503
2.92220488225321,-1.85155858313015,-3.61930820986408,2.18690588226423,-2.80965410493204,-0.931254104932039
2.92859488520596,-1.96350734820343,-3.50522672017545,2.18690588226423,-2.75261336008773,-0.928213360087727
2.93457337260902,-2.07165358995799,-3.37731170200806,2.18690588226423,-2.68865585100403,-0.91745585100403
2.94015849074923,-2.17557050458495,-3.23606797749979,2.18690588226423,-2.61803398874989,-0.899233988749895
2.94536803003318,-2.27484797949738,-3.08205297110316,2.18690588226423,-2.54102648555158,-0.873826485551578
2.95021941562662,-2.36909421185738,-2.91587450968565,2.18690588226423,-2.45793725484282,-0.841537254842823
2.9547296987363,-2.45793725484282,-2.73818842371475,2.18690588226423,-2.36909421185738,-0.802694211857377
2.95891554850561,-2.54102648555158,-2.54969595899476,2.18690588226423,-2.27484797949738,-0.757647979497379
2.96279324449526,-2.61803398874989,-2.35114100916989,2.18690588226423,-2.17557050458495,-0.706770504584946
2.96637866972119,-2.68865585100403,-2.14330717991599,2.18690588226423,-2.07165358995799,-0.650453589957993
2.96968730422183,-2.75261336008773,-1.92701469640686,2.18690588226423,-1.96350734820343,-0.58910734820343
2.97273421912797,-2.80965410493204,-1.70311716626029,2.18690588226423,-1.85155858313015,-0.523158583130145
2.97553407120836,-2.8595529717765,-1.47249821073871,2.18690588226423,-1.73624910536936,-0.453049105369356
2.97810109786546,-2.90211303259031,-1.23606797749979,2.18690588226423,-1.61803398874989,-0.379233988749895
2.98044911255563,-2.93716632225726,-0.994759548659419,2.18690588226423,-1.49737977432971,-0.30217977432971
2.98259150060936,-2.96457450145738,-0.749525258342899,2.18690588226423,-1.37476262917145,-0.22236262917145
2.98454121542721,-2.98422940262896,-0.501332934257217,2.18690588226423,-1.25066646712861,-0.140266467128609
2.98631077502824,-2.99605345685654,-0.251162078117254,2.18690588226423,-1.12558103905863,-0.0563810390586269
2.98791225892811,-3,2.44929359829471e-16,2.18690588226423,-1,0.0288000000000002
2.98935730532485,-2.99605345685654,0.251162078117254,2.18690588226423,-0.874418960941373,0.114781039058627
2.99065710857106,-2.98422940262896,0.501332934257218,2.18690588226423,-0.749333532871391,0.201066467128609
2.99182241691196,-2.96457450145738,0.7495252583429,2.18690588226423,-0.62523737082855,0.28716262917145
2.99286353046944,-2.93716632225726,0.994759548659419,2.18690588226423,-0.502620225670291,0.37257977432971
2.9937902994531,-2.90211303259031,1.23606797749979,2.18690588226423,-0.381966011250105,0.456833988749895
2.99461212257998,-2.8595529717765,1.47249821073871,2.18690588226423,-0.263750894630644,0.539449105369356
2.9953379456855,-2.80965410493204,1.70311716626029,2.18690588226423,-0.148441416869855,0.619958583130145
2.99597626050882,-2.75261336008773,1.92701469640686,2.18690588226423,-0.0364926517965692,0.697907348203431
2.99653510363672,-2.68865585100403,2.14330717991599,2.18690588226423,0.0716535899579935,0.772853589957994
2.9970220555909,-2.61803398874989,2.35114100916989,2.18690588226423,0.175570504584947,0.844370504584947
2.99744424004422,-2.54102648555158,2.54969595899476,2.18690588226423,0.274847979497379,0.912047979497379
2.99780832315256,-2.45793725484282,2.73818842371475,2.18690588226423,0.369094211857377,0.975494211857378
2.99812051298938,-2.36909421185738,2.91587450968565,2.18690588226423,0.457937254842823,1.03433725484282
2.99838655907113,-2.27484797949738,3.08205297110316,2.18690588226423,0.541026485551579,1.08822648555158
2.99861175196243,-2.17557050458495,3.23606797749979,2.18690588226423,0.618033988749895,1.13683398874989
2.99880092295077,-2.07165358995799,3.37731170200806,2.18690588226423,0.68865585100403,1.17985585100403
2.99895844378116,-1.96350734820343,3.50522672017545,2.18690588226423,0.752613360087727,1.21701336008773
2.99908822644214,-1.85155858313015,3.61930820986408,2.18690588226423,0.809654104932039,1.24805410493204
2.99919372299538,-1.73624910536936,3.71910594355301,2.18690588226423,0.859552971776503,1.2727529717765
2.99927792544173,-1.61803398874989,3.80422606518061,2.18690588226423,0.902113032590307,1.29091303259031
2.99927792544173,-0.381966011250105,3.80422606518061,2.18690588226423,0.902113032590307,1.09091303259031
2.99919372299538,-0.263750894630643,3.71910594355301,2.18690588226423,0.859552971776503,1.0327529717765
2.99908822644214,-0.148441416869854,3.61930820986408,2.18690588226423,0.809654104932039,0.968054104932039
2.99895844378116,-0.03649265179657,3.50522672017545,2.18690588226423,0.752613360087727,0.897013360087727
2.99880092295077,0.0716535899579929,3.37731170200806,2.18690588226423,0.68865585100403,0.81985585100403
2.99861175196243,0.175570504584946,3.23606797749979,2.18690588226423,0.618033988749895,0.736833988749895
2.99838655907113,0.274847979497379,3.08205297110316,2.18690588226423,0.541026485551579,0.648226485551579
2.99812051298938,0.369094211857377,2.91587450968565,2.18690588226423,0.457937254842823,0.554337254842823
2.99780832315256,0.457937254842823,2.73818842371475,2.18690588226423,0.369094211857377,0.455494211857377
2.99744424004422,0.541026485551579,2.54969595899476,2.18690588226423,0.274847979497379,0.352047979497379
2.9970220555909,0.618033988749895,2.35114100916989,2.18690588226423,0.175570504584946,0.244370504584946
2.99653510363672,0.68865585100403,2.14330717991599,2.18690588226423,0.0716535899579933,0.132853589957993
2.99597626050882,0.752613360087727,1.92701469640686,2.18690588226423,-0.0364926517965696,0.0179073482034304
2.9953379456855,0.809654104932039,1.70311716626029,2.18690588226423,-0.148441416869855,-0.100041416869855
2.99461212257998,0.859552971776503,1.47249821073871,2.18690588226423,-0.263750894630645,-0.220550894630645
2.9937902994531,0.902113032590307,1.23606797749979,2.18690588226423,-0.381966011250106,-0.343166011250106
2.99286353046944,0.937166322257262,0.99475954865942,2.18690588226423,-0.50262022567029,-0.46742022567029
2.99182241691196,0.964574501457377,0.7495252583429,2.18690588226423,-0.62523737082855,-0.59283737082855
2.99065710857106,0.984229402628956,0.501332934257218,2.18690588226423,-0.749333532871391,-0.718933532871391
2.98935730532485,0.996053456856543,0.251162078117254,2.18690588226423,-0.874418960941373,-0.845218960941373
2.98791225892811,1,2.44929359829471e-16,2.18690588226423,-1,-0.9712
2.98631077502824,0.996053456856543,-0.251162078117254,2.18690588226423,-1.12558103905863,-1.09638103905863
2.98454121542721,0.984229402628956,-0.501332934257217,2.18690588226423,-1.25066646712861,-1.22026646712861
2.98259150060936,0.964574501457377,-0.749525258342899,2.18690588226423,-1.37476262917145,-1.34236262917145
2.98044911255563,0.937166322257262,-0.994759548659419,2.18690588226423,-1.49737977432971,-1.46217977432971
2.97810109786546,0.902113032590307,-1.23606797749979,2.18690588226423,-1.6180339887499,-1.5792339887499
2.97553407120836,0.859552971776503,-1.47249821073871,2.18690588226423,-1.73624910536936,-1.69304910536936
2.97273421912797,0.809654104932039,-1.70311716626029,2.18690588226423,-1.85155858313015,-1.80315858313015
2.96968730422183,0.752613360087727,-1.92701469640686,2.18690588226423,-1.96350734820343,-1.90910734820343
2.96637866972119,0.68865585100403,-2.14330717991599,2.18690588226423,-2.07165358995799,-2.01045358995799
2.96279324449526,0.618033988749895,-2.35114100916989,2.18690588226423,-2.17557050458495,-2.10677050458495
2.95891554850561,0.541026485551579,-2.54969595899476,2.18690588226423,-2.27484797949738,-2.19764797949738
2.9547296987363,0.457937254842823,-2.73818842371475,2.18690588226423,-2.36909421185738,-2.28269421185738
2.95021941562662,0.369094211857378,-2.91587450968565,2.18690588226423,-2.45793725484282,-2.36153725484282
2.94536803003318,0.27484797949738,-3.08205297110316,2.18690588226423,-2.54102648555158,-2.43382648555158
2.94015849074923,0.175570504584946,-3.23606797749979,2.18690588226423,-2.61803398874989,-2.49923398874989
2.93457337260902,0.0716535899579933,-3.37731170200806,2.18690588226423,-2.68865585100403,-2.55745585100403
2.92859488520596,-0.0364926517965696,-3.50522672017545,2.18690588226423,-2.75261336008773,-2.60821336008773
2.92220488225321,-0.148441416869855,-3.61930820986408,2.18690588226423,-2.80965410493204,-2.65125410493204
2.91538487161621,-0.263750894630645,-3.71910594355301,2.18690588226423,-2.8595529717765,-2.6863529717765
2.90274432217482,-1.61803398874989,-3.80422606518061,2.45444915227507,-2.90211303259031,-0.923100532590307
2.91022367277667,-1.73624910536936,-3.71910594355301,2.45444915227507,-2.8595529717765,-0.936140471776503
2.91724996357187,-1.85155858313015,-3.61930820986408,2.45444915227507,-2.80965410493204,-0.941041604932039
2.92384196805067,-1.96350734820343,-3.50522672017545,2.45444915227507,-2.75261336008773,-0.938000860087727
2.93001812800088,-2.07165358995799,-3.37731170200806,2.45444915227507,-2.68865585100403,-0.92724335100403
2.93579654263046,-2.17557050458495,-3.23606797749979,2.45444915227507,-2.61803398874989,-0.909021488749894
2.94119495839354,-2.27484797949738,-3.08205297110316,2.45444915227507,-2.54102648555158,-0.883613985551578
2.94623075949057,-2.36909421185738,-2.91587450968565,2.45444915227507,-2.45793725484282,-0.851324754842822
2.95092095901337,-2.45793725484282,-2.73818842371475,2.45444915227507,-2.36909421185738,-0.812481711857377
2.95528219070641,-2.54102648555158,-2.54969595899476,2.45444915227507,-2.27484797949738,-0.767435479497379
2.95933070131573,-2.61803398874989,-2.35114100916989,2.45444915227507,-2.17557050458495,-0.716558004584946
2.9630823434978,-2.68865585100403,-2.14330717991599,2.45444915227507,-2.07165358995799,-0.660241089957993
2.96655256926065,-2.75261336008773,-1.92701469640686,2.45444915227507,-1.96350734820343,-0.59889484820343
2.96975642391033,-2.80965410493204,-1.70311716626029,2.45444915227507,-1.85155858313015,-0.532946083130145
2.97270854047632,-2.8595529717765,-1.47249821073871,2.45444915227507,-1.73624910536936,-0.462836605369356
2.97542313458996,-2.90211303259031,-1.23606797749979,2.45444915227507,-1.61803398874989,-0.389021488749894
2.97791399979062,-2.93716632225726,-0.994759548659419,2.45444915227507,-1.49737977432971,-0.311967274329709
2.98019450323504,-2.96457450145738,-0.749525258342899,2.45444915227507,-1.37476262917145,-0.232150129171449
2.98227758178571,-2.98422940262896,-0.501332934257217,2.45444915227507,-1.25066646712861,-0.150053967128609
2.984175738455,-2.99605345685654,-0.251162078117254,2.45444915227507,-1.12558103905863,-0.0661685390586267
2.98590103918243,-3,2.44929359829471e-16,2.45444915227507,-1,0.0190125000000003
2.98746510992297,-2.99605345685654,0.251162078117254,2.45444915227507,-0.874418960941373,0.104993539058627
2.98887913402528,-2.98422940262896,0.501332934257218,2.45444915227507,-0.749333532871391,0.191278967128609
2.99015384987923,-2.96457450145738,0.7495252583429,2.45444915227507,-0.62523737082855,0.27737512917145
2.99129954881306,-2.93716632225726,0.994759548659419,2.45444915227507,-0.502620225670291,0.362792274329709
2.99232607322107,-2.90211303259031,1.23606797749979,2.45444915227507,-0.381966011250105,0.447046488749895
2.99324281490348,-2.8595529717765,1.47249821073871,2.45444915227507,-0.263750894630644,0.529661605369356
2.99405871360129,-2.80965410493204,1.70311716626029,2.45444915227507,-0.148441416869855,0.610171083130145
2.99478225570906,-2.75261336008773,1.92701469640686,2.45444915227507,-0.0364926517965692,0.688119848203431
2.99542147314993,-2.68865585100403,2.14330717991599,2.45444915227507,0.0716535899579935,0.763066089957993
2.99598394239767,-2.61803398874989,2.35114100916989,2.45444915227507,0.175570504584947,0.834583004584946
2.99647678363147,-2.54102648555158,2.54969595899476,2.45444915227507,0.274847979497379,0.902260479497379
2.99690666000989,-2.45793725484282,2.73818842371475,2.45444915227507,0.369094211857377,0.965706711857377
2.99727977705129,-2.36909421185738,2.91587450968565,2.45444915227507,0.457937254842823,1.02454975484282
2.99760188210885,-2.27484797949738,3.08205297110316,2.45444915227507,0.541026485551579,1.07843898555158
2.99787826392902,-2.17557050458495,3.23606797749979,2.45444915227507,0.618033988749895,1.12704648874989
2.99811375228323,-2.07165358995799,3.37731170200806,2.45444915227507,0.68865585100403,1.17006835100403
2.99831271766327,-1.96350734820343,3.50522672017545,2.45444915227507,0.752613360087727,1.20722586008773
2.99847907103179,-1.85155858313015,3.61930820986408,2.45444915227507,0.809654104932039,1.23826660493204
2.9986162636201,-1.73624910536936,3.71910594355301,2.45444915227507,0.859552971776503,1.2629654717765
2.99872728676619,-1.61803398874989,3.80422606518061,2.45444915227507,0.902113032590307,1.28112553259031
2.99872728676619,-0.381966011250105,3.80422606518061,2.45444915227507,0.902113032590307,1.08112553259031
2.9986162636201,-0.263750894630643,3.71910594355301,2.45444915227507,0.859552971776503,1.0229654717765
2.99847907103179,-0.148441416869854,3.61930820986408,2.45444915227507,0.809654104932039,0.958266604932039
2.99831271766327,-0.03649265179657,3.50522672017545,2.45444915227507,0.752613360087727,0.887225860087727
2.99811375228323,0.0716535899579929,3.37731170200806,2.45444915227507,0.68865585100403,0.810068351004031
2.99787826392902,0.175570504584946,3.23606797749979,2.45444915227507,0.618033988749895,0.727046488749895
2.99760188210885,0.274847979497379,3.08205297110316,2.45444915227507,0.541026485551579,0.638438985551579
2.99727977705129,0.369094211857377,2.91587450968565,2.45444915227507,0.457937254842823,0.544549754842823
2.99690666000989,0.457937254842823,2.73818842371475,2.45444915227507,0.369094211857377,0.445706711857377
2.99647678363147,0.541026485551579,2.54969595899476,2.45444915227507,0.274847979497379,0.342260479497379
2.99598394239767,0.618033988749895,2.35114100916989,2.45444915227507,0.175570504584946,0.234583004584946
2.99542147314993,0.68865585100403,2.14330717991599,2.45444915227507,0.0716535899579933,0.123066089957993
2.99478225570906,0.752613360087727,1.92701469640686,2.45444915227507,-0.0364926517965696,0.00811984820343037
2.99405871360129,0.809654104932039,1.70311716626029,2.45444915227507,-0.148441416869855,-0.109828916869855
2.99324281490348,0.859552971776503,1.47249821073871,2.45444915227507,-0.263750894630645,-0.230338394630645
2.99232607322107,0.902113032590307,1.23606797749979,2.45444915227507,-0.381966011250106,-0.352953511250106
2.99129954881306,0.937166322257262,0.99475954865942,2.45444915227507,-0.50262022567029,-0.47720772567029
2.99015384987923,0.964574501457377,0.7495252583429,2.45444915227507,-0.62523737082855,-0.60262487082855
2.98887913402528,0.984229402628956,0.501332934257218,2.45444915227507,-0.749333532871391,-0.728721032871391
2.98746510992297,0.996053456856543,0.251162078117254,2.45444915227507,-0.874418960941373,-0.855006460941373
2.98590103918243,1,2.44929359829471e-16,2.45444915227507,-1,-0.9809875
2.984175738455,0.996053456856543,-0.251162078117254,2.45444915227507,-1.12558103905863,-1.10616853905863
2.98227758178571,0.984229402628956,-0.501332934257217,2.45444915227507,-1.25066646712861,-1.23005396712861
2.98019450323504,0.964574501457377,-0.749525258342899,2.45444915227507,-1.37476262917145,-1.35215012917145
2.97791399979062,0.937166322257262,-0.994759548659419,2.45444915227507,-1.49737977432971,-1.47196727432971
2.97542313458996,0.902113032590307,-1.23606797749979,2.45444915227507,-1.6180339887499,-1.5890214887499
2.97270854047632,0.859552971776503,-1.47249821073871,2.45444915227507,-1.73624910536936,-1.70283660536936
2.96975642391033,0.809654104932039,-1.70311716626029,2.45444915227507,-1.85155858313015,-1.81294608313015
2.96655256926065,0.752613360087727,-1.92701469640686,2.45444915227507,-1.96350734820343,-1.91889484820343
2.9630823434978,0.68865585100403,-2.14330717991599,2.45444915227507,-2.07165358995799,-2.02024108995799
2.95933070131573,0.618033988749895,-2.35114100916989,2.45444915227507,-2.17557050458495,-2.11655800458495
2.95528219070641,0.541026485551579,-2.54969595899476,2.45444915227507,-2.27484797949738,-2.20743547949738
2.95092095901337,0.457937254842823,-2.73818842371475,2.45444915227507,-2.36909421185738,-2.29248171185738
2.94623075949057,0.369094211857378,-2.91587450968565,2.45444915227507,-2.45793725484282,-2.37132475484282
2.94119495839354,0.27484797949738,-3.08205297110316,2.45444915227507,-2.54102648555158,-2.44361398555158
2.93579654263046,0.175570504584946,-3.23606797749979,2.45444915227507,-2.61803398874989,-2.50902148874989
2.93001812800088,0.0716535899579933,-3.37731170200806,2.45444915227507,-2.68865585100403,-2.56724335100403
2.92384196805067,-0.0364926517965696,-3.50522672017545,2.45444915227507,-2.75261336008773,-2.61800086008773
2.91724996357187,-0.148441416869855,-3.61930820986408,2.45444915227507,-2.80965410493204,-2.66104160493204
2.91022367277667,-0.263750894630645,-3.71910594355301,2.45444915227507,-2.8595529717765,-2.6961404717765
2.89632921410215,-1.61803398874989,-3.80422606518061,2.6730195725651,-2.90211303259031,-0.930863032590307
2.90405211701498,-1.73624910536936,-3.71910594355301,2.6730195725651,-2.8595529717765,-0.943902971776503
2.91131709157724,-1.85155858313015,-3.61930820986408,2.6730195725651,-2.80965410493204,-0.948804104932039
2.91814284774374,-1.96350734820343,-3.50522672017545,2.6730195725651,-2.75261336008773,-0.945763360087727
2.92454776774311,-2.07165358995799,-3.37731170200806,2.6730195725651,-2.68865585100403,-0.93500585100403
2.93054989503459,-2.17557050458495,-3.23606797749979,2.6730195725651,-2.61803398874989,-0.916783988749895
2.93616692397087,-2.27484797949738,-3.08205297110316,2.6730195725651,-2.54102648555158,-0.891376485551578
2.94141619013736,-2.36909421185738,-2.91587450968565,2.6730195725651,-2.45793725484282,-0.859087254842823
2.94631466133926,-2.45793725484282,-2.73818842371475,2.6730195725651,-2.36909421185738,-0.820244211857377
2.95087892920756,-2.54102648555158,-2.54969595899476,2.6730195725651,-2.27484797949738,-0.775197979497379
2.95512520139578,-2.61803398874989,-2.35114100916989,2.6730195725651,-2.17557050458495,-0.724320504584946
2.95906929433966,-2.68865585100403,-2.14330717991599,2.6730195725651,-2.07165358995799,-0.668003589957993
2.9627266265524,-2.75261336008773,-1.92701469640686,2.6730195725651,-1.96350734820343,-0.60665734820343
2.96611221242863,-2.80965410493204,-1.70311716626029,2.6730195725651,-1.85155858313015,-0.540708583130145
2.96924065653064,-2.8595529717765,-1.47249821073871,2.6730195725651,-1.73624910536936,-0.470599105369356
2.9721261483313,-2.90211303259031,-1.23606797749979,2.6730195725651,-1.61803398874989,-0.396783988749895
2.97478245738824,-2.93716632225726,-0.994759548659419,2.6730195725651,-1.49737977432971,-0.31972977432971
2.977222928925,-2.96457450145738,-0.749525258342899,2.6730195725651,-1.37476262917145,-0.23991262917145
2.97946047979487,-2.98422940262896,-0.501332934257217,2.6730195725651,-1.25066646712861,-0.157816467128609
2.98150759480446,-2.99605345685654,-0.251162078117254,2.6730195725651,-1.12558103905863,-0.0739310390586269
2.98337632337415,-3,2.44929359829471e-16,2.6730195725651,-1,0.0112500000000002
2.98507827651372,-2.99605345685654,0.251162078117254,2.6730195725651,-0.874418960941373,0.0972310390586268
2.9866246240917,-2.98422940262896,0.501332934257218,2.6730195725651,-0.749333532871391,0.183516467128609
2.98802609237822,-2.96457450145738,0.7495252583429,2.6730195725651,-0.62523737082855,0.26961262917145
2.98929296184151,-2.93716632225726,0.994759548659419,2.6730195725651,-0.502620225670291,0.35502977432971
2.990435065179,-2.90211303259031,1.23606797749979,2.6730195725651,-0.381966011250105,0.439283988749895
2.99146178556491,-2.8595529717765,1.47249821073871,2.6730195725651,-0.263750894630644,0.521899105369356
2.99238205509678,-2.80965410493204,1.70311716626029,2.6730195725651,-0.148441416869855,0.602408583130145
2.99320435342432,-2.75261336008773,1.92701469640686,2.6730195725651,-0.0364926517965692,0.680357348203431
2.99393670654466,-2.68865585100403,2.14330717991599,2.6730195725651,0.0716535899579935,0.755303589957993
2.99458668574882,-2.61803398874989,2.35114100916989,2.6730195725651,0.175570504584947,0.826820504584947
2.99516140670525,-2.54102648555158,2.54969595899476,2.6730195725651,0.274847979497379,0.894497979497379
2.99566752866676,-2.45793725484282,2.73818842371475,2.6730195725651,0.369094211857377,0.957944211857377
2.99611125378827,-2.36909421185738,2.91587450968565,2.6730195725651,0.457937254842823,1.01678725484282
2.99649832654332,-2.27484797949738,3.08205297110316,2.6730195725651,0.541026485551579,1.07067648555158
2.99683403322852,-2.17557050458495,3.23606797749979,2.6730195725651,0.618033988749895,1.11928398874989
2.99712320154533,-2.07165358995799,3.37731170200806,2.6730195725651,0.68865585100403,1.16230585100403
2.99737020025002,-1.96350734820343,3.50522672017545,2.6730195725651,0.752613360087727,1.19946336008773
2.997578938863,-1.85155858313015,3.61930820986408,2.6730195725651,0.809654104932039,1.23050410493204
2.99775286742969,-1.73624910536936,3.71910594355301,2.6730195725651,0.859552971776503,1.2552029717765
2.99789497632613,-1.61803398874989,3.80422606518061,2.6730195725651,0.902113032590307,1.27336303259031
2.99789497632613,-0.381966011250105,3.80422606518061,2.6730195725651,0.902113032590307,1.07336303259031
2.99775286742969,-0.263750894630643,3.71910594355301,2.6730195725651,0.859552971776503,1.0152029717765
2.997578938863,-0.148441416869854,3.61930820986408,2.6730195725651,0.809654104932039,0.950504104932039
2.99737020025002,-0.03649265179657,3.50522672017545,2.6730195725651,0.752613360087727,0.879463360087728
2.99712320154533,0.0716535899579929,3.37731170200806,2.6730195725651,0.68865585100403,0.80230585100403
2.99683403322852,0.175570504584946,3.23606797749979,2.6730195725651,0.618033988749895,0.719283988749895
2.99649832654332,0.274847979497379,3.08205297110316,2.6730195725651,0.541026485551579,0.630676485551579
2.99611125378827,0.369094211857377,2.91587450968565,2.6730195725651,0.457937254842823,0.536787254842823
2.99566752866676,0.457937254842823,2.73818842371475,2.6730195725651,0.369094211857377,0.437944211857378
2.99516140670525,0.541026485551579,2.54969595899476,2.6730195725651,0.274847979497379,0.334497979497379
2.99458668574882,0.618033988749895,2.35114100916989,2.6730195725651,0.175570504584946,0.226820504584946
2.99393670654466,0.68865585100403,2.14330717991599,2.6730195725651,0.0716535899579933,0.115303589957993
2.99320435342432,0.752613360087727,1.92701469640686,2.6730195725651,-0.0364926517965696,0.000357348203430474
2.99238205509678,0.809654104932039,1.70311716626029,2.6730195725651,-0.148441416869855,-0.117591416869855
2.99146178556491,0.859552971776503,1.47249821073871,2.6730195725651,-0.263750894630645,-0.238100894630645
2.990435065179,0.902113032590307,1.23606797749979,2.6730195725651,-0.381966011250106,-0.360716011250106
2.98929296184151,0.937166322257262,0.99475954865942,2.6730195725651,-0.50262022567029,-0.48497022567029
2.98802609237822,0.964574501457377,0.7495252583429,2.6730195725651,-0.62523737082855,-0.61038737082855
2.9866246240917,0.984229402628956,0.501332934257218,2.6730195725651,-0.749333532871391,-0.736483532871391
2.98507827651372,0.996053456856543,0.251162078117254,2.6730195725651,-0.874418960941373,-0.862768960941373
2.98337632337415,1,2.44929359829471e-16,2.6730195725651,-1,-0.98875
2.98150759480446,0.996053456856543,-0.251162078117254,2.6730195725651,-1.12558103905863,-1.11393103905863
2.97946047979487,0.984229402628956,-0.501332934257217,2.6730195725651,-1.25066646712861,-1.23781646712861
2.977222928925,0.964574501457377,-0.749525258342899,2.6730195725651,-1.37476262917145,-1.35991262917145
2.97478245738824,0.937166322257262,-0.994759548659419,2.6730195725651,-1.49737977432971,-1.47972977432971
2.9721261483313,0.902113032590307,-1.23606797749979,2.6730195725651,-1.6180339887499,-1.5967839887499
2.96924065653064,0.859552971776503,-1.47249821073871,2.6730195725651,-1.73624910536936,-1.71059910536936
2.96611221242863,0.809654104932039,-1.70311716626029,2.6730195725651,-1.85155858313015,-1.82070858313015
2.9627266265524,0.752613360087727,-1.92701469640686,2.6730195725651,-1.96350734820343,-1.92665734820343
2.95906929433966,0.68865585100403,-2.14330717991599,2.6730195725651,-2.07165358995799,-2.02800358995799
2.95512520139578,0.618033988749895,-2.35114100916989,2.6730195725651,-2.17557050458495,-2.12432050458495
2.95087892920756,0.541026485551579,-2.54969595899476,2.6730195725651,-2.27484797949738,-2.21519797949738
2.94631466133926,0.457937254842823,-2.73818842371475,2.6730195725651,-2.36909421185738,-2.30024421185738
2.94141619013736,0.369094211857378,-2.91587450968565,2.6730195725651,-2.45793725484282,-2.37908725484282
2.93616692397087,0.27484797949738,-3.08205297110316,2.6730195725651,-2.54102648555158,-2.45137648555158
2.93054989503459,0.175570504584946,-3.23606797749979,2.6730195725651,-2.61803398874989,-2.51678398874989
2.92454776774311,0.0716535899579933,-3.37731170200806,2.6730195725651,-2.68865585100403,-2.57500585100403
2.91814284774374,-0.0364926517965696,-3.50522672017545,2.6730195725651,-2.75261336008773,-2.62576336008773
2.91131709157724,-0.148441416869855,-3.61930820986408,2.6730195725651,-2.80965410493204,-2.66880410493204
2.90405211701498,-0.263750894630645,-3.71910594355301,2.6730195725651,-2.8595529717765,-2.7039029717765
2.88878814895646,-1.61803398874989,-3.80422606518061,2.83825607648264,-2.90211303259031,-0.936600532590307
2.89678741645133,-1.73624910536936,-3.71910594355301,2.83825607648264,-2.8595529717765,-0.949640471776503
2.90432325676996,-1.85155858313015,-3.61930820986408,2.83825607648264,-2.80965410493204,-0.954541604932039
2.91141430602237,-1.96350734820343,-3.50522672017545,2.83825607648264,-2.75261336008773,-0.951500860087727
2.91807887714262,-2.07165358995799,-3.37731170200806,2.83825607648264,-2.68865585100403,-0.94074335100403
2.92433494865809,-2.17557050458495,-3.23606797749979,2.83825607648264,-2.61803398874989,-0.922521488749894
2.93020015416737,-2.27484797949738,-3.08205297110316,2.83825607648264,-2.54102648555158,-0.897113985551578
2.93569177249764,-2.36909421185738,-2.91587450968565,2.83825607648264,-2.45793725484282,-0.864824754842823
2.94082671851256,-2.45793725484282,-2.73818842371475,2.83825607648264,-2.36909421185738,-0.825981711857377
2.94562153454251,-2.54102648555158,-2.54969595899476,2.83825607648264,-2.27484797949738,-0.780935479497379
2.95009238240884,-2.61803398874989,-2.35114100916989,2.83825607648264,-2.17557050458495,-0.730058004584946
2.95425503601454,-2.68865585100403,-2.14330717991599,2.83825607648264,-2.07165358995799,-0.673741089957993
2.95812487447412,-2.75261336008773,-1.92701469640686,2.83825607648264,-1.96350734820343,-0.61239484820343
2.96171687575593,-2.80965410493204,-1.70311716626029,2.83825607648264,-1.85155858313015,-0.546446083130145
2.96504561081074,-2.8595529717765,-1.47249821073871,2.83825607648264,-1.73624910536936,-0.476336605369356
2.96812523816081,-2.90211303259031,-1.23606797749979,2.83825607648264,-1.61803398874989,-0.402521488749894
2.97096949892449,-2.93716632225726,-0.994759548659419,2.83825607648264,-1.49737977432971,-0.32546727432971
2.97359171225179,-2.96457450145738,-0.749525258342899,2.83825607648264,-1.37476262917145,-0.245650129171449
2.97600477114708,-2.98422940262896,-0.501332934257217,2.83825607648264,-1.25066646712861,-0.163553967128609
2.9782211386557,-2.99605345685654,-0.251162078117254,2.83825607648264,-1.12558103905863,-0.0796685390586268
2.98025284439194,-3,2.44929359829471e-16,2.83825607648264,-1,0.00551250000000025
2.98211148138663,-2.99605345685654,0.251162078117254,2.83825607648264,-0.874418960941373,0.0914935390586269
2.98380820323301,-2.98422940262896,0.501332934257218,2.83825607648264,-0.749333532871391,0.177778967128609
2.98535372151069,-2.96457450145738,0.7495252583429,2.83825607648264,-0.62523737082855,0.26387512917145
2.98675830346777,-2.93716632225726,0.994759548659419,2.83825607648264,-0.502620225670291,0.34929227432971
2.98803176994239,-2.90211303259031,1.23606797749979,2.83825607648264,-0.381966011250105,0.433546488749895
2.98918349350535,-2.8595529717765,1.47249821073871,2.83825607648264,-0.263750894630644,0.516161605369356
2.99022239680647,-2.80965410493204,1.70311716626029,2.83825607648264,-0.148441416869855,0.596671083130145
2.99115695110799,-2.75261336008773,1.92701469640686,2.83825607648264,-0.0364926517965692,0.674619848203431
2.99199517498919,-2.68865585100403,2.14330717991599,2.83825607648264,0.0716535899579935,0.749566089957993
2.99274463320705,-2.61803398874989,2.35114100916989,2.83825607648264,0.175570504584947,0.821083004584947
2.99341243569878,-2.54102648555158,2.54969595899476,2.83825607648264,0.274847979497379,0.888760479497379
2.99400523671259,-2.45793725484282,2.73818842371475,2.83825607648264,0.369094211857377,0.952206711857377
2.99452923405418,-2.36909421185738,2.91587450968565,2.83825607648264,0.457937254842823,1.01104975484282
2.9949901684369,-2.27484797949738,3.08205297110316,2.83825607648264,0.541026485551579,1.06493898555158
2.99539332292456,-2.17557050458495,3.23606797749979,2.83825607648264,0.618033988749895,1.11354648874989
2.99574352245669,-2.07165358995799,3.37731170200806,2.83825607648264,0.68865585100403,1.15656835100403
2.99604513344676,-1.96350734820343,3.50522672017545,2.83825607648264,0.752613360087727,1.19372586008773
2.99630206344467,-1.85155858313015,3.61930820986408,2.83825607648264,0.809654104932039,1.22476660493204
2.99651776085582,-1.73624910536936,3.71910594355301,2.83825607648264,0.859552971776503,1.2494654717765
2.99669521470963,-1.61803398874989,3.80422606518061,2.83825607648264,0.902113032590307,1.26762553259031
2.99669521470963,-0.381966011250105,3.80422606518061,2.83825607648264,0.902113032590307,1.06762553259031
2.99651776085582,-0.263750894630643,3.71910594355301,2.83825607648264,0.859552971776503,1.0094654717765
2.99630206344467,-0.148441416869854,3.61930820986408,2.83825607648264,0.809654104932039,0.944766604932039
2.99604513344676,-0.03649265179657,3.50522672017545,2.83825607648264,0.752613360087727,0.873725860087727
2.99574352245669,0.0716535899579929,3.37731170200806,2.83825607648264,0.68865585100403,0.79656835100403
2.99539332292456,0.175570504584946,3.23606797749979,2.83825607648264,0.618033988749895,0.713546488749895
2.9949901684369,0.274847979497379,3.08205297110316,2.83825607648264,0.541026485551579,0.624938985551579
2.99452923405418,0.369094211857377,2.91587450968565,2.83825607648264,0.457937254842823,0.531049754842823
2.99400523671259,0.457937254842823,2.73818842371475,2.83825607648264,0.369094211857377,0.432206711857377
2.99341243569878,0.541026485551579,2.54969595899476,2.83825607648264,0.274847979497379,0.328760479497379
2.99274463320705,0.618033988749895,2.35114100916989,2.83825607648264,0.175570504584946,0.221083004584946
2.99199517498919,0.68865585100403,2.14330717991599,2.83825607648264,0.0716535899579933,0.109566089957993
2.99115695110799,0.752613360087727,1.92701469640686,2.83825607648264,-0.0364926517965696,-0.00538015179656959
2.99022239680647,0.809654104932039,1.70311716626029,2.83825607648264,-0.148441416869855,-0.123328916869855
2.98918349350535,0.859552971776503,1.47249821073871,2.83825607648264,-0.263750894630645,-0.243838394630645
2.98803176994239,0.902113032590307,1.23606797749979,2.83825607648264,-0.381966011250106,-0.366453511250106
2.98675830346777,0.937166322257262,0.99475954865942,2.83825607648264,-0.50262022567029,-0.49070772567029
2.98535372151069,0.964574501457377,0.7495252583429,2.83825607648264,-0.62523737082855,-0.61612487082855
2.98380820323301,0.984229402628956,0.501332934257218,2.83825607648264,-0.749333532871391,-0.742221032871391
2.98211148138663,0.996053456856543,0.251162078117254,2.83825607648264,-0.874418960941373,-0.868506460941373
2.98025284439194,1,2.44929359829471e-16,2.83825607648264,-1,-0.9944875
2.9782211386557,0.996053456856543,-0.251162078117254,2.83825607648264,-1.12558103905863,-1.11966853905863
2.97600477114708,0.984229402628956,-0.501332934257217,2.83825607648264,-1.25066646712861,-1.24355396712861
2.97359171225179,0.964574501457377,-0.749525258342899,2.83825607648264,-1.37476262917145,-1.36565012917145
2.97096949892449,0.937166322257262,-0.994759548659419,2.83825607648264,-1.49737977432971,-1.48546727432971
2.96812523816081,0.902113032590307,-1.23606797749979,2.83825607648264,-1.6180339887499,-1.6025214887499
2.96504561081074,0.859552971776503,-1.47249821073871,2.83825607648264,-1.73624910536936,-1.71633660536936
2.96171687575593,0.809654104932039,-1.70311716626029,2.83825607648264,-1.85155858313015,-1.82644608313015
2.95812487447412,0.752613360087727,-1.92701469640686,2.83825607648264,-1.96350734820343,-1.93239484820343
2.95425503601454,0.68865585100403,-2.14330717991599,2.83825607648264,-2.07165358995799,-2.03374108995799
2.95009238240884,0.618033988749895,-2.35114100916989,2.83825607648264,-2.17557050458495,-2.13005800458495
2.94562153454251,0.541026485551579,-2.54969595899476,2.83825607648264,-2.27484797949738,-2.22093547949738
2.94082671851256,0.457937254842823,-2.73818842371475,2.83825607648264,-2.36909421185738,-2.30598171185738
2.93569177249764,0.369094211857378,-2.91587450968565,2.83825607648264,-2.45793725484282,-2.38482475484282
2.93020015416737,0.27484797949738,-3.08205297110316,2.83825607648264,-2.54102648555158,-2.45711398555158
2.92433494865809,0.175570504584946,-3.23606797749979,2.83825607648264,-2.61803398874989,-2.52252148874989
2.91807887714262,0.0716535899579933,-3.37731170200806,2.83825607648264,-2.68865585100403,-2.58074335100403
2.91141430602237,-0.0364926517965696,-3.50522672017545,2.83825607648264,-2.75261336008773,-2.63150086008773
2.90432325676996,-0.148441416869855,-3.61930820986408,2.83825607648264,-2.80965410493204,-2.67454160493204
2.89678741645133,-0.263750894630645,-3.71910594355301,2.83825607648264,-2.8595529717765,-2.7096404717765
2.88002762970886,-1.61803398874989,-3.80422606518061,2.94686175218607,-2.90211303259031,-0.940313032590307
2.88833579270395,-1.73624910536936,-3.71910594355301,2.94686175218607,-2.8595529717765,-0.953352971776503
2.89617441492114,-1.85155858313015,-3.61930820986408,2.94686175218607,-2.80965410493204,-0.958254104932039
2.90356204771508,-1.96350734820343,-3.50522672017545,2.94686175218607,-2.75261336008773,-0.955213360087727
2.91051692439879,-2.07165358995799,-3.37731170200806,2.94686175218607,-2.68865585100403,-0.94445585100403
2.91705694880407,-2.17557050458495,-3.23606797749979,2.94686175218607,-2.61803398874989,-0.926233988749894
2.92319968455325,-2.27484797949738,-3.08205297110316,2.94686175218607,-2.54102648555158,-0.900826485551578
2.92896234501361,-2.36909421185738,-2.91587450968565,2.94686175218607,-2.45793725484282,-0.868537254842823
2.93436178390562,-2.45793725484282,-2.73818842371475,2.94686175218607,-2.36909421185738,-0.829694211857377
2.93941448653699,-2.54102648555158,-2.54969595899476,2.94686175218607,-2.27484797949738,-0.784647979497379
2.94413656163443,-2.61803398874989,-2.35114100916989,2.94686175218607,-2.17557050458495,-0.733770504584946
2.94854373374572,-2.68865585100403,-2.14330717991599,2.94686175218607,-2.07165358995799,-0.677453589957993
2.95265133618499,-2.75261336008773,-1.92701469640686,2.94686175218607,-1.96350734820343,-0.61610734820343
2.95647430449454,-2.80965410493204,-1.70311716626029,2.94686175218607,-1.85155858313015,-0.550158583130145
2.9600271703973,-2.8595529717765,-1.47249821073871,2.94686175218607,-1.73624910536936,-0.480049105369356
2.96332405621412,-2.90211303259031,-1.23606797749979,2.94686175218607,-1.61803398874989,-0.406233988749894
2.96637866972119,-2.93716632225726,-0.994759548659419,2.94686175218607,-1.49737977432971,-0.32917977432971
2.96920429942298,-2.96457450145738,-0.749525258342899,2.94686175218607,-1.37476262917145,-0.249362629171449
2.97181381021716,-2.98422940262896,-0.501332934257217,2.94686175218607,-1.25066646712861,-0.167266467128609
2.9742196394281,-2.99605345685654,-0.251162078117254,2.94686175218607,-1.12558103905863,-0.0833810390586268
2.97643379318681,-3,2.44929359829471e-16,2.94686175218607,-1,0.00180000000000025
2.9784678431353,-2.99605345685654,0.251162078117254,2.94686175218607,-0.874418960941373,0.0877810390586269
2.98033292343441,-2.98422940262896,0.501332934257218,2.94686175218607,-0.749333532871391,0.174066467128609
2.9820397280547,-2.96457450145738,0.7495252583429,2.94686175218607,-0.62523737082855,0.26016262917145
2.98359850833076,-2.93716632225726,0.994759548659419,2.94686175218607,-0.502620225670291,0.34557977432971
2.98501907076007,-2.90211303259031,1.23606797749979,2.94686175218607,-0.381966011250105,0.429833988749895
2.98631077502824,-2.8595529717765,1.47249821073871,2.94686175218607,-0.263750894630644,0.512449105369356
2.98748253224325,-2.80965410493204,1.70311716626029,2.94686175218607,-0.148441416869855,0.592958583130145
2.98854280336204,-2.75261336008773,1.92701469640686,2.94686175218607,-0.0364926517965692,0.670907348203431
2.98949959779366,-2.68865585100403,2.14330717991599,2.94686175218607,0.0716535899579935,0.745853589957993
2.99036047216393,-2.61803398874989,2.35114100916989,2.94686175218607,0.175570504584947,0.817370504584947
2.9911325292272,-2.54102648555158,2.54969595899476,2.94686175218607,0.274847979497379,0.885047979497379
2.99182241691196,-2.45793725484282,2.73818842371475,2.94686175218607,0.369094211857377,0.948494211857378
2.99243632748748,-2.36909421185738,2.91587450968565,2.94686175218607,0.457937254842823,1.00733725484282
2.99297999683957,-2.27484797949738,3.08205297110316,2.94686175218607,0.541026485551579,1.06122648555158
2.99345870384461,-2.17557050458495,3.23606797749979,2.94686175218607,0.618033988749895,1.10983398874989
2.9938772698313,-2.07165358995799,3.37731170200806,2.94686175218607,0.68865585100403,1.15285585100403
2.99424005812103,-1.96350734820343,3.50522672017545,2.94686175218607,0.752613360087727,1.19001336008773
2.99455097363789,-1.85155858313015,3.61930820986408,2.94686175218607,0.809654104932039,1.22105410493204
2.99481346258085,-1.73624910536936,3.71910594355301,2.94686175218607,0.859552971776503,1.2457529717765
2.99503051215087,-1.61803398874989,3.80422606518061,2.94686175218607,0.902113032590307,1.26391303259031
2.99503051215087,-0.381966011250105,3.80422606518061,2.94686175218607,0.902113032590307,1.06391303259031
2.99481346258085,-0.263750894630643,3.71910594355301,2.94686175218607,0.859552971776503,1.0057529717765
2.99455097363789,-0.148441416869854,3.61930820986408,2.94686175218607,0.809654104932039,0.941054104932039
2.99424005812103,-0.03649265179657,3.50522672017545,2.94686175218607,0.752613360087727,0.870013360087727
2.9938772698313,0.0716535899579929,3.37731170200806,2.94686175218607,0.68865585100403,0.79285585100403
2.99345870384461,0.175570504584946,3.23606797749979,2.94686175218607,0.618033988749895,0.709833988749895
2.99297999683957,0.274847979497379,3.08205297110316,2.94686175218607,0.541026485551579,0.621226485551579
2.99243632748748,0.369094211857377,2.91587450968565,2.94686175218607,0.457937254842823,0.527337254842823
2.99182241691196,0.457937254842823,2.73818842371475,2.94686175218607,0.369094211857377,0.428494211857377
2.9911325292272,0.541026485551579,2.54969595899476,2.94686175218607,0.274847979497379,0.325047979497379
2.99036047216393,0.618033988749895,2.35114100916989,2.94686175218607,0.175570504584946,0.217370504584946
2.98949959779366,0.68865585100403,2.14330717991599,2.94686175218607,0.0716535899579933,0.105853589957993
2.98854280336204,0.752613360087727,1.92701469640686,2.94686175218607,-0.0364926517965696,-0.0090926517965696
2.98748253224325,0.809654104932039,1.70311716626029,2.94686175218607,-0.148441416869855,-0.127041416869855
2.98631077502824,0.859552971776503,1.47249821073871,2.94686175218607,-0.263750894630645,-0.247550894630645
2.98501907076007,0.902113032590307,1.23606797749979,2.94686175218607,-0.381966011250106,-0.370166011250106
2.98359850833076,0.937166322257262,0.99475954865942,2.94686175218607,-0.50262022567029,-0.49442022567029
2.9820397280547,0.964574501457377,0.7495252583429,2.94686175218607,-0.62523737082855,-0.61983737082855
2.98033292343441,0.984229402628956,0.501332934257218,2.94686175218607,-0.749333532871391,-0.745933532871391
2.9784678431353,0.996053456856543,0.251162078117254,2.94686175218607,-0.874418960941373,-0.872218960941373
2.97643379318681,1,2.44929359829471e-16,2.94686175218607,-1,-0.9982
2.9742196394281,0.996053456856543,-0.251162078117254,2.94686175218607,-1.12558103905863,-1.12338103905863
2.97181381021716,0.984229402628956,-0.501332934257217,2.94686175218607,-1.25066646712861,-1.24726646712861
2.96920429942298,0.964574501457377,-0.749525258342899,2.94686175218607,-1.37476262917145,-1.36936262917145
2.96637866972119,0.937166322257262,-0.994759548659419,2.94686175218607,-1.49737977432971,-1.48917977432971
2.96332405621412,0.902113032590307,-1.23606797749979,2.94686175218607,-1.6180339887499,-1.6062339887499
2.9600271703973,0.859552971776503,-1.47249821073871,2.94686175218607,-1.73624910536936,-1.72004910536936
2.95647430449454,0.809654104932039,-1.70311716626029,2.94686175218607,-1.85155858313015,-1.83015858313015
2.95265133618499,0.752613360087727,-1.92701469640686,2.94686175218607,-1.96350734820343,-1.93610734820343
2.94854373374572,0.68865585100403,-2.14330717991599,2.94686175218607,-2.07165358995799,-2.03745358995799
2.94413656163443,0.618033988749895,-2.35114100916989,2.94686175218607,-2.17557050458495,-2.13377050458495
2.93941448653699,0.541026485551579,-2.54969595899476,2.94686175218607,-2.27484797949738,-2.22464797949738
2.93436178390562,0.457937254842823,-2.73818842371475,2.94686175218607,-2.36909421185738,-2.30969421185738
2.92896234501361,0.369094211857378,-2.91587450968565,2.94686175218607,-2.45793725484282,-2.38853725484282
2.92319968455325,0.27484797949738,-3.08205297110316,2.94686175218607,-2.54102648555158,-2.46082648555158
2.91705694880407,0.175570504584946,-3.23606797749979,2.94686175218607,-2.61803398874989,-2.52623398874989
2.91051692439879,0.0716535899579933,-3.37731170200806,2.94686175218607,-2.68865585100403,-2.58445585100403
2.90356204771508,-0.0364926517965696,-3.50522672017545,2.94686175218607,-2.75261336008773,-2.63521336008773
2.89617441492114,-0.148441416869855,-3.61930820986408,2.94686175218607,-2.80965410493204,-2.67825410493204
2.88833579270395,-0.263750894630645,-3.71910594355301,2.94686175218607,-2.8595529717765,-2.7133529717765
2.86994339245465,-1.61803398874989,-3.80422606518061,2.99666962488591,-2.90211303259031,-0.942000532590307
2.87859264881587,-1.73624910536936,-3.71910594355301,2.99666962488591,-2.8595529717765,-0.955040471776503
2.88676565374856,-1.85155858313015,-3.61930820986408,2.99666962488591,-2.80965410493204,-0.959941604932039
2.89448086227245,-1.96350734820343,-3.50522672017545,2.99666962488591,-2.75261336008773,-0.956900860087727
2.90175641709536,-2.07165358995799,-3.37731170200806,2.99666962488591,-2.68865585100403,-0.94614335100403
2.90861013694355,-2.17557050458495,-3.23606797749979,2.99666962488591,-2.61803398874989,-0.927921488749895
2.91505950560668,-2.27484797949738,-3.08205297110316,2.99666962488591,-2.54102648555158,-0.902513985551578
2.9211216616686,-2.36909421185738,-2.91587450968565,2.99666962488591,-2.45793725484282,-0.870224754842823
2.92681338889572,-2.45793725484282,-2.73818842371475,2.99666962488591,-2.36909421185738,-0.831381711857377
2.93215110725485,-2.54102648555158,-2.54969595899476,2.99666962488591,-2.27484797949738,-0.786335479497379
2.93715086453285,-2.61803398874989,-2.35114100916989,2.99666962488591,-2.17557050458495,-0.735458004584946
2.94182832853072,-2.68865585100403,-2.14330717991599,2.99666962488591,-2.07165358995799,-0.679141089957993
2.94619877980531,-2.75261336008773,-1.92701469640686,2.99666962488591,-1.96350734820343,-0.61779484820343
2.95027710493211,-2.80965410493204,-1.70311716626029,2.99666962488591,-1.85155858313015,-0.551846083130145
2.95407779026334,-2.8595529717765,-1.47249821073871,2.99666962488591,-1.73624910536936,-0.481736605369356
2.95761491615571,-2.90211303259031,-1.23606797749979,2.99666962488591,-1.61803398874989,-0.407921488749895
2.96090215164331,-2.93716632225726,-0.994759548659419,2.99666962488591,-1.49737977432971,-0.33086727432971
2.96395274953106,-2.96457450145738,-0.749525258342899,2.99666962488591,-1.37476262917145,-0.25105012917145
2.96677954188529,-2.98422940262896,-0.501332934257217,2.99666962488591,-1.25066646712861,-0.168953967128609
2.96939493589834,-2.99605345685654,-0.251162078117254,2.99666962488591,-1.12558103905863,-0.0850685390586269
2.9718109101048,-3,2.44929359829471e-16,2.99666962488591,-1,0.000112500000000182
2.97403901092776,-2.99605345685654,0.251162078117254,2.99666962488591,-0.874418960941373,0.0860935390586268
2.97609034953403,-2.98422940262896,0.501332934257218,2.99666962488591,-0.749333532871391,0.172378967128609
2.97797559897805,-2.96457450145738,0.7495252583429,2.99666962488591,-0.62523737082855,0.25847512917145
2.97970499161489,-2.93716632225726,0.994759548659419,2.99666962488591,-0.502620225670291,0.343892274329709
2.9812883167635,-2.90211303259031,1.23606797749979,2.99666962488591,-0.381966011250105,0.428146488749895
2.98273491860218,-2.8595529717765,1.47249821073871,2.99666962488591,-0.263750894630644,0.510761605369356
2.98405369427883,-2.80965410493204,1.70311716626029,2.99666962488591,-0.148441416869855,0.591271083130145
2.98525309221946,-2.75261336008773,1.92701469640686,2.99666962488591,-0.0364926517965692,0.669219848203431
2.98634111061913,-2.68865585100403,2.14330717991599,2.99666962488591,0.0716535899579935,0.744166089957993
2.98732529610031,-2.61803398874989,2.35114100916989,2.99666962488591,0.175570504584947,0.815683004584947
2.9882127425244,-2.54102648555158,2.54969595899476,2.99666962488591,0.274847979497379,0.883360479497379
2.98901008994301,-2.45793725484282,2.73818842371475,2.99666962488591,0.369094211857377,0.946806711857378
2.98972352367626,-2.36909421185738,2.91587450968565,2.99666962488591,0.457937254842823,1.00564975484282
2.99035877350631,-2.27484797949738,3.08205297110316,2.99666962488591,0.541026485551579,1.05953898555158
2.99092111297514,-2.17557050458495,3.23606797749979,2.99666962488591,0.618033988749895,1.10814648874989
2.99141535877615,-2.07165358995799,3.37731170200806,2.99666962488591,0.68865585100403,1.15116835100403
2.99184587023037,-1.96350734820343,3.50522672017545,2.99666962488591,0.752613360087727,1.18832586008773
2.99221654883854,-1.85155858313015,3.61930820986408,2.99666962488591,0.809654104932039,1.21936660493204
2.99253083790127,-1.73624910536936,3.71910594355301,2.99666962488591,0.859552971776503,1.2440654717765
2.99279172220037,-1.61803398874989,3.80422606518061,2.99666962488591,0.902113032590307,1.26222553259031
2.99279172220037,-0.381966011250105,3.80422606518061,2.99666962488591,0.902113032590307,1.06222553259031
2.99253083790127,-0.263750894630643,3.71910594355301,2.99666962488591,0.859552971776503,1.0040654717765
2.99221654883854,-0.148441416869854,3.61930820986408,2.99666962488591,0.809654104932039,0.939366604932039
2.99184587023037,-0.03649265179657,3.50522672017545,2.99666962488591,0.752613360087727,0.868325860087727
2.99141535877615,0.0716535899579929,3.37731170200806,2.99666962488591,0.68865585100403,0.79116835100403
2.99092111297514,0.175570504584946,3.23606797749979,2.99666962488591,0.618033988749895,0.708146488749895
2.99035877350631,0.274847979497379,3.08205297110316,2.99666962488591,0.541026485551579,0.619538985551579
2.98972352367626,0.369094211857377,2.91587450968565,2.99666962488591,0.457937254842823,0.525649754842823
2.98901008994301,0.457937254842823,2.73818842371475,2.99666962488591,0.369094211857377,0.426806711857378
2.9882127425244,0.541026485551579,2.54969595899476,2.99666962488591,0.274847979497379,0.323360479497379
2.98732529610031,0.618033988749895,2.35114100916989,2.99666962488591,0.175570504584946,0.215683004584946
2.98634111061913,0.68865585100403,2.14330717991599,2.99666962488591,0.0716535899579933,0.104166089957993
2.98525309221946,0.752613360087727,1.92701469640686,2.99666962488591,-0.0364926517965696,-0.0107801517965695
2.98405369427883,0.809654104932039,1.70311716626029,2.99666962488591,-0.148441416869855,-0.128728916869855
2.98273491860218,0.859552971776503,1.47249821073871,2.99666962488591,-0.263750894630645,-0.249238394630645
2.9812883167635,0.902113032590307,1.23606797749979,2.99666962488591,-0.381966011250106,-0.371853511250106
2.97970499161489,0.937166322257262,0.99475954865942,2.99666962488591,-0.50262022567029,-0.49610772567029
2.97797559897805,0.964574501457377,0.7495252583429,2.99666962488591,-0.62523737082855,-0.62152487082855
2.97609034953403,0.984229402628956,0.501332934257218,2.99666962488591,-0.749333532871391,-0.747621032871391
2.97403901092776,0.996053456856543,0.251162078117254,2.99666962488591,-0.874418960941373,-0.873906460941373
2.9718109101048,1,2.44929359829471e-16,2.99666962488591,-1,-0.9998875
2.96939493589834,0.996053456856543,-0.251162078117254,2.99666962488591,-1.12558103905863,-1.12506853905863
2.96677954188529,0.984229402628956,-0.501332934257217,2.99666962488591,-1.25066646712861,-1.24895396712861
2.96395274953106,0.964574501457377,-0.749525258342899,2.99666962488591,-1.37476262917145,-1.37105012917145
2.96090215164331,0.937166322257262,-0.994759548659419,2.99666962488591,-1.49737977432971,-1.49086727432971
2.95761491615571,0.902113032590307,-1.23606797749979,2.99666962488591,-1.6180339887499,-1.6079214887499
2.95407779026334,0.859552971776503,-1.47249821073871,2.99666962488591,-1.73624910536936,-1.72173660536936
2.95027710493211,0.809654104932039,-1.70311716626029,2.99666962488591,-1.85155858313015,-1.83184608313015
2.94619877980531,0.752613360087727,-1.92701469640686,2.99666962488591,-1.96350734820343,-1.93779484820343
2.94182832853072,0.68865585100403,-2.14330717991599,2.99666962488591,-2.07165358995799,-2.03914108995799
2.93715086453285,0.618033988749895,-2.35114100916989,2.99666962488591,-2.17557050458495,-2.13545800458495
2.93215110725485,0.541026485551579,-2.54969595899476,2.99666962488591,-2.27484797949738,-2.22633547949738
2.92681338889572,0.457937254842823,-2.73818842371475,2.99666962488591,-2.36909421185738,-2.31138171185738
2.9211216616686,0.369094211857378,-2.91587450968565,2.99666962488591,-2.45793725484282,-2.39022475484282
2.91505950560668,0.27484797949738,-3.08205297110316,2.99666962488591,-2.54102648555158,-2.46251398555158
2.90861013694355,0.175570504584946,-3.23606797749979,2.99666962488591,-2.61803398874989,-2.52792148874989
2.90175641709536,0.0716535899579933,-3.37731170200806,2.99666962488591,-2.68865585100403,-2.58614335100403
2.89448086227245,-0.0364926517965696,-3.50522672017545,2.99666962488591,-2.75261336008773,-2.63690086008773
2.88676565374855,-0.148441416869855,-3.61930820986408,2.99666962488591,-2.80965410493204,-2.67994160493204
2.87859264881587,-0.263750894630645,-3.71910594355301,2.99666962488591,-2.8595529717765,-2.7150404717765
2.85842061911409,-1.61803398874989,-3.80422606518061,2.98668589380924,-2.90211303259031,-0.941663032590307
2.86744277599948,-1.73624910536936,-3.71910594355301,2.98668589380924,-2.8595529717765,-0.954702971776503
2.87598139381842,-1.85155858313015,-3.61930820986408,2.98668589380924,-2.80965410493204,-0.959604104932039
2.88405481894174,-1.96350734820343,-3.50522672017545,2.98668589380924,-2.75261336008773,-0.956563360087727
2.8916810917652,-2.07165358995799,-3.37731170200806,2.98668589380924,-2.68865585100403,-0.94580585100403
2.89887793478946,-2.17557050458495,-3.23606797749979,2.98668589380924,-2.61803398874989,-0.927583988749894
2.90566274141779,-2.27484797949738,-3.08205297110316,2.98668589380924,-2.54102648555158,-0.902176485551578
2.91205256544318,-2.36909421185738,-2.91587450968565,2.98668589380924,-2.45793725484282,-0.869887254842822
2.91806411119695,-2.45793725484282,-2.73818842371475,2.98668589380924,-2.36909421185738,-0.831044211857377
2.92371372433082,-2.54102648555158,-2.54969595899476,2.98668589380924,-2.27484797949738,-0.785997979497379
2.92901738320506,-2.61803398874989,-2.35114100916989,2.98668589380924,-2.17557050458495,-0.735120504584946
2.93399069085573,-2.68865585100403,-2.14330717991599,2.98668589380924,-2.07165358995799,-0.678803589957993
2.93864886751406,-2.75261336008773,-1.92701469640686,2.98668589380924,-1.96350734820343,-0.61745734820343
2.94300674365201,-2.80965410493204,-1.70311716626029,2.98668589380924,-1.85155858313015,-0.551508583130145
2.94707875352795,-2.8595529717765,-1.47249821073871,2.98668589380924,-1.73624910536936,-0.481399105369356
2.95087892920756,-2.90211303259031,-1.23606797749979,2.98668589380924,-1.61803398874989,-0.407583988749894
2.9544208950349,-2.93716632225726,-0.994759548659419,2.98668589380924,-1.49737977432971,-0.33052977432971
2.95771786252977,-2.96457450145738,-0.749525258342899,2.98668589380924,-1.37476262917145,-0.250712629171449
2.96078262568776,-2.98422940262896,-0.501332934257217,2.98668589380924,-1.25066646712861,-0.168616467128609
2.96362755666005,-2.99605345685654,-0.251162078117254,2.98668589380924,-1.12558103905863,-0.0847310390586268
2.96626460179072,-3,2.44929359829471e-16,2.98668589380924,-1,0.000450000000000284
2.96870527799005,-2.99605345685654,0.251162078117254,2.98668589380924,-0.874418960941373,0.0864310390586269
2.97096066942276,-2.98422940262896,0.501332934257218,2.98668589380924,-0.749333532871391,0.172716467128609
2.9730414244911,-2.96457450145738,0.7495252583429,2.98668589380924,-0.62523737082855,0.25881262917145
2.97495775309317,-2.93716632225726,0.994759548659419,2.98668589380924,-0.502620225670291,0.34422977432971
2.97671942413784,-2.90211303259031,1.23606797749979,2.98668589380924,-0.381966011250105,0.428483988749895
2.97833576329805,-2.8595529717765,1.47249821073871,2.98668589380924,-0.263750894630644,0.511099105369356
2.97981565098538,-2.80965410493204,1.70311716626029,2.98668589380924,-0.148441416869855,0.591608583130145
2.98116752052919,-2.75261336008773,1.92701469640686,2.98668589380924,-0.0364926517965692,0.669557348203431
2.98239935654474,-2.68865585100403,2.14330717991599,2.98668589380924,0.0716535899579935,0.744503589957993
2.98351869347513,-2.61803398874989,2.35114100916989,2.98668589380924,0.175570504584947,0.816020504584947
2.98453261429295,-2.54102648555158,2.54969595899476,2.98668589380924,0.274847979497379,0.883697979497379
2.98544774934825,-2.45793725484282,2.73818842371475,2.98668589380924,0.369094211857377,0.947144211857377
2.98627027535006,-2.36909421185738,2.91587450968565,2.98668589380924,0.457937254842823,1.00598725484282
2.98700591446986,-2.27484797949738,3.08205297110316,2.98668589380924,0.541026485551579,1.05987648555158
2.9876599335557,-2.17557050458495,3.23606797749979,2.98668589380924,0.618033988749895,1.10848398874989
2.98823714344699,-2.07165358995799,3.37731170200806,2.98668589380924,0.68865585100403,1.15150585100403
2.98874189838045,-1.96350734820343,3.50522672017545,2.98668589380924,0.752613360087727,1.18866336008773
2.98917809547852,-1.85155858313015,3.61930820986408,2.98668589380924,0.809654104932039,1.21970410493204
2.98954917431269,-1.73624910536936,3.71910594355301,2.98668589380924,0.859552971776503,1.2444029717765
2.9898581165345,-1.61803398874989,3.80422606518061,2.98668589380924,0.902113032590307,1.26256303259031
2.9898581165345,-0.381966011250105,3.80422606518061,2.98668589380924,0.902113032590307,1.06256303259031
2.98954917431269,-0.263750894630643,3.71910594355301,2.98668589380924,0.859552971776503,1.0044029717765
2.98917809547852,-0.148441416869854,3.61930820986408,2.98668589380924,0.809654104932039,0.939704104932039
2.98874189838045,-0.03649265179657,3.50522672017545,2.98668589380924,0.752613360087727,0.868663360087727
2.98823714344699,0.0716535899579929,3.37731170200806,2.98668589380924,0.68865585100403,0.79150585100403
2.9876599335557,0.175570504584946,3.23606797749979,2.98668589380924,0.618033988749895,0.708483988749895
2.98700591446986,0.274847979497379,3.08205297110316,2.98668589380924,0.541026485551579,0.619876485551579
2.98627027535006,0.369094211857377,2.91587450968565,2.98668589380924,0.457937254842823,0.525987254842823
2.98544774934825,0.457937254842823,2.73818842371475,2.98668589380924,0.369094211857377,0.427144211857377
2.98453261429295,0.541026485551579,2.54969595899476,2.98668589380924,0.274847979497379,0.323697979497379
2.98351869347513,0.618033988749895,2.35114100916989,2.98668589380924,0.175570504584946,0.216020504584946
2.98239935654474,0.68865585100403,2.14330717991599,2.98668589380924,0.0716535899579933,0.104503589957993
2.98116752052919,0.752613360087727,1.92701469640686,2.98668589380924,-0.0364926517965696,-0.0104426517965696
2.97981565098538,0.809654104932039,1.70311716626029,2.98668589380924,-0.148441416869855,-0.128391416869855
2.97833576329805,0.859552971776503,1.47249821073871,2.98668589380924,-0.263750894630645,-0.248900894630645
2.97671942413784,0.902113032590307,1.23606797749979,2.98668589380924,-0.381966011250106,-0.371516011250106
2.97495775309317,0.937166322257262,0.99475954865942,2.98668589380924,-0.50262022567029,-0.49577022567029
2.9730414244911,0.964574501457377,0.7495252583429,2.98668589380924,-0.62523737082855,-0.62118737082855
2.97096066942276,0.984229402628956,0.501332934257218,2.98668589380924,-0.749333532871391,-0.747283532871391
2.96870527799005,0.996053456856543,0.251162078117254,2.98668589380924,-0.874418960941373,-0.873568960941373
2.96626460179072,1,2.44929359829471e-16,2.98668589380924,-1,-0.99955
2.96362755666005,0.996053456856543,-0.251162078117254,2.98668589380924,-1.12558103905863,-1.12473103905863
2.96078262568776,0.984229402628956,-0.501332934257217,2.98668589380924,-1.25066646712861,-1.24861646712861
2.95771786252977,0.964574501457377,-0.749525258342899,2.98668589380924,-1.37476262917145,-1.37071262917145
2.9544208950349,0.937166322257262,-0.994759548659419,2.98668589380924,-1.49737977432971,-1.49052977432971
2.95087892920756,0.902113032590307,-1.23606797749979,2.98668589380924,-1.6180339887499,-1.6075839887499
2.94707875352795,0.859552971776503,-1.47249821073871,2.98668589380924,-1.73624910536936,-1.72139910536936
2.94300674365201,0.809654104932039,-1.70311716626029,2.98668589380924,-1.85155858313015,-1.83150858313015
2.93864886751406,0.752613360087727,-1.92701469640686,2.98668589380924,-1.96350734820343,-1.93745734820343
2.93399069085573,0.68865585100403,-2.14330717991599,2.98668589380924,-2.07165358995799,-2.03880358995799
2.92901738320506,0.618033988749895,-2.35114100916989,2.98668589380924,-2.17557050458495,-2.13512050458495
2.92371372433082,0.541026485551579,-2.54969595899476,2.98668589380924,-2.27484797949738,-2.22599797949738
2.91806411119695,0.457937254842823,-2.73818842371475,2.98668589380924,-2.36909421185738,-2.31104421185738
2.91205256544318,0.369094211857378,-2.91587450968565,2.98668589380924,-2.45793725484282,-2.38988725484282
2.90566274141779,0.27484797949738,-3.08205297110316,2.98668589380924,-2.54102648555158,-2.46217648555158
2.89887793478946,0.175570504584946,-3.23606797749979,2.98668589380924,-2.61803398874989,-2.52758398874989
2.8916810917652,0.0716535899579933,-3.37731170200806,2.98668589380924,-2.68865585100403,-2.58580585100403
2.88405481894174,-0.0364926517965696,-3.50522672017545,2.98668589380924,-2.75261336008773,-2.63656336008773
2.87598139381842,-0.148441416869855,-3.61930820986408,2.98668589380924,-2.80965410493204,-2.67960410493204
2.86744277599948,-0.263750894630645,-3.71910594355301,2.98668589380924,-2.8595529717765,-2.7147029717765
2.84533419023329,-1.61803398874989,-3.80422606518061,2.91710976119303,-2.90211303259031,-0.939300532590307
2.85476059989739,-1.73624910536936,-3.71910594355301,2.91710976119303,-2.8595529717765,-0.952340471776503
2.86369562838923,-1.85155858313015,-3.61930820986408,2.91710976119303,-2.80965410493204,-0.957241604932039
2.87215750031868,-1.96350734820343,-3.50522672017545,2.91710976119303,-2.75261336008773,-0.954200860087727
2.88016414127734,-2.07165358995799,-3.37731170200806,2.91710976119303,-2.68865585100403,-0.94344335100403
2.88773316564805,-2.17557050458495,-3.23606797749979,2.91710976119303,-2.61803398874989,-0.925221488749894
2.89488186513558,-2.27484797949738,-3.08205297110316,2.91710976119303,-2.54102648555158,-0.899813985551578
2.90162719799055,-2.36909421185738,-2.91587450968565,2.91710976119303,-2.45793725484282,-0.867524754842822
2.90798577889872,-2.45793725484282,-2.73818842371475,2.91710976119303,-2.36909421185738,-0.828681711857377
2.91397386950825,-2.54102648555158,-2.54969595899476,2.91710976119303,-2.27484797949738,-0.783635479497379
2.91960736956747,-2.61803398874989,-2.35114100916989,2.91710976119303,-2.17557050458495,-0.732758004584946
2.92490180864657,-2.68865585100403,-2.14330717991599,2.91710976119303,-2.07165358995799,-0.676441089957993
2.92987233841651,-2.75261336008773,-1.92701469640686,2.91710976119303,-1.96350734820343,-0.61509484820343
2.93453372545919,-2.80965410493204,-1.70311716626029,2.91710976119303,-1.85155858313015,-0.549146083130145
2.93890034458343,-2.8595529717765,-1.47249821073871,2.91710976119303,-1.73624910536936,-0.479036605369356
2.94298617262143,-2.90211303259031,-1.23606797749979,2.91710976119303,-1.61803398874989,-0.405221488749894
2.94680478268148,-2.93716632225726,-0.994759548659419,2.91710976119303,-1.49737977432971,-0.328167274329709
2.95036933883265,-2.96457450145738,-0.749525258342899,2.91710976119303,-1.37476262917145,-0.248350129171449
2.95369259119834,-2.98422940262896,-0.501332934257217,2.91710976119303,-1.25066646712861,-0.166253967128609
2.95678687143573,-2.99605345685654,-0.251162078117254,2.91710976119303,-1.12558103905863,-0.0823685390586267
2.95966408857908,-3,2.44929359829471e-16,2.91710976119303,-1,0.00281250000000033
2.96233572522534,-2.99605345685654,0.251162078117254,2.91710976119303,-0.874418960941373,0.088793539058627
2.96481283404131,-2.98422940262896,0.501332934257218,2.91710976119303,-0.749333532871391,0.175078967128609
2.96710603457217,-2.96457450145738,0.7495252583429,2.91710976119303,-0.62523737082855,0.26117512917145
2.96922551033203,-2.93716632225726,0.994759548659419,2.91710976119303,-0.502620225670291,0.346592274329709
2.97118100615766,-2.90211303259031,1.23606797749979,2.91710976119303,-0.381966011250105,0.430846488749895
2.97298182580762,-2.8595529717765,1.47249821073871,2.91710976119303,-0.263750894630644,0.513461605369356
2.97463682978939,-2.80965410493204,1.70311716626029,2.91710976119303,-0.148441416869855,0.593971083130145
2.9761544333981,-2.75261336008773,1.92701469640686,2.91710976119303,-0.0364926517965692,0.671919848203431
2.97754260495116,-2.68865585100403,2.14330717991599,2.91710976119303,0.0716535899579935,0.746866089957993
2.97880886420376,-2.61803398874989,2.35114100916989,2.91710976119303,0.175570504584947,0.818383004584947
2.97996028093124,-2.54102648555158,2.54969595899476,2.91710976119303,0.274847979497379,0.886060479497379
2.98100347366465,-2.45793725484282,2.73818842371475,2.91710976119303,0.369094211857377,0.949506711857377
2.98194460856732,-2.36909421185738,2.91587450968565,2.91710976119303,0.457937254842823,1.00834975484282
2.98278939844018,-2.27484797949738,3.08205297110316,2.91710976119303,0.541026485551579,1.06223898555158
2.9835431018452,-2.17557050458495,3.23606797749979,2.91710976119303,0.618033988749895,1.11084648874989
2.98421052233658,-2.07165358995799,3.37731170200806,2.91710976119303,0.68865585100403,1.15386835100403
2.98479600779024,-1.96350734820343,3.50522672017545,2.91710976119303,0.752613360087727,1.19102586008773
2.98530344982324,-1.85155858313015,3.61930820986408,2.91710976119303,0.809654104932039,1.22206660493204
2.98573628329508,-1.73624910536936,3.71910594355301,2.91710976119303,0.859552971776503,1.2467654717765
2.98609748588416,-1.61803398874989,3.80422606518061,2.91710976119303,0.902113032590307,1.26492553259031
2.98609748588416,-0.381966011250105,3.80422606518061,2.91710976119303,0.902113032590307,1.06492553259031
2.98573628329508,-0.263750894630643,3.71910594355301,2.91710976119303,0.859552971776503,1.0067654717765
2.98530344982324,-0.148441416869854,3.61930820986408,2.91710976119303,0.809654104932039,0.942066604932039
2.98479600779024,-0.03649265179657,3.50522672017545,2.91710976119303,0.752613360087727,0.871025860087727
2.98421052233658,0.0716535899579929,3.37731170200806,2.91710976119303,0.68865585100403,0.793868351004031
2.9835431018452,0.175570504584946,3.23606797749979,2.91710976119303,0.618033988749895,0.710846488749895
2.98278939844018,0.274847979497379,3.08205297110316,2.91710976119303,0.541026485551579,0.622238985551579
2.98194460856732,0.369094211857377,2.91587450968565,2.91710976119303,0.457937254842823,0.528349754842823
2.98100347366465,0.457937254842823,2.73818842371475,2.91710976119303,0.369094211857377,0.429506711857377
2.97996028093124,0.541026485551579,2.54969595899476,2.91710976119303,0.274847979497379,0.326060479497379
2.97880886420376,0.618033988749895,2.35114100916989,2.91710976119303,0.175570504584946,0.218383004584946
2.97754260495116,0.68865585100403,2.14330717991599,2.91710976119303,0.0716535899579933,0.106866089957993
2.9761544333981,0.752613360087727,1.92701469640686,2.91710976119303,-0.0364926517965696,-0.00808015179656962
2.97463682978939,0.809654104932039,1.70311716626029,2.91710976119303,-0.148441416869855,-0.126028916869855
2.97298182580762,0.859552971776503,1.47249821073871,2.91710976119303,-0.263750894630645,-0.246538394630645
2.97118100615766,0.902113032590307,1.23606797749979,2.91710976119303,-0.381966011250106,-0.369153511250106
2.96922551033203,0.937166322257262,0.99475954865942,2.91710976119303,-0.50262022567029,-0.49340772567029
2.96710603457217,0.964574501457377,0.7495252583429,2.91710976119303,-0.62523737082855,-0.61882487082855
2.96481283404131,0.984229402628956,0.501332934257218,2.91710976119303,-0.749333532871391,-0.744921032871391
2.96233572522534,0.996053456856543,0.251162078117254,2.91710976119303,-0.874418960941373,-0.871206460941373
2.95966408857908,1,2.44929359829471e-16,2.91710976119303,-1,-0.9971875
2.95678687143573,0.996053456856543,-0.251162078117254,2.91710976119303,-1.12558103905863,-1.12236853905863
2.95369259119834,0.984229402628956,-0.501332934257217,2.91710976119303,-1.25066646712861,-1.24625396712861
2.95036933883265,0.964574501457377,-0.749525258342899,2.91710976119303,-1.37476262917145,-1.36835012917145
2.94680478268148,0.937166322257262,-0.994759548659419,2.91710976119303,-1.49737977432971,-1.48816727432971
2.94298617262143,0.902113032590307,-1.23606797749979,2.91710976119303,-1.6180339887499,-1.6052214887499
2.93890034458343,0.859552971776503,-1.47249821073871,2.91710976119303,-1.73624910536936,-1.71903660536936
2.93453372545919,0.809654104932039,-1.70311716626029,2.91710976119303,-1.85155858313015,-1.82914608313015
2.92987233841651,0.752613360087727,-1.92701469640686,2.91710976119303,-1.96350734820343,-1.93509484820343
2.92490180864657,0.68865585100403,-2.14330717991599,2.91710976119303,-2.07165358995799,-2.03644108995799
2.91960736956747,0.618033988749895,-2.35114100916989,2.91710976119303,-2.17557050458495,-2.13275800458495
2.91397386950825,0.541026485551579,-2.54969595899476,2.91710976119303,-2.27484797949738,-2.22363547949738
2.90798577889872,0.457937254842823,-2.73818842371475,2.91710976119303,-2.36909421185738,-2.30868171185738
2.90162719799055,0.369094211857378,-2.91587450968565,2.91710976119303,-2.45793725484282,-2.38752475484282
2.89488186513558,0.27484797949738,-3.08205297110316,2.91710976119303,-2.54102648555158,-2.45981398555158
2.88773316564805,0.175570504584946,-3.23606797749979,2.91710976119303,-2.61803398874989,-2.52522148874989
2.88016414127734,0.0716535899579933,-3.37731170200806,2.91710976119303,-2.68865585100403,-2.58344335100403
2.87215750031868,-0.0364926517965696,-3.50522672017545,2.91710976119303,-2.75261336008773,-2.63420086008773
2.86369562838923,-0.148441416869855,-3.61930820986408,2.91710976119303,-2.80965410493204,-2.67724160493204
2.85476059989739,-0.263750894630645,-3.71910594355301,2.91710976119303,-2.8595529717765,-2.7123404717765
2.83054898300521,-1.61803398874989,-3.80422606518061,2.78932945766475,-2.90211303259031,-0.934913032590307
2.84041047150215,-1.73624910536936,-3.71910594355301,2.78932945766475,-2.8595529717765,-0.947952971776503
2.84977220736117,-1.85155858313015,-3.61930820986408,2.78932945766475,-2.80965410493204,-0.952854104932039
2.85865227946036,-1.96350734820343,-3.50522672017545,2.78932945766475,-2.75261336008773,-0.949813360087727
2.86706848524944,-2.07165358995799,-3.37731170200806,2.78932945766475,-2.68865585100403,-0.93905585100403
2.87503831826946,-2.17557050458495,-3.23606797749979,2.78932945766475,-2.61803398874989,-0.920833988749894
2.88257895639735,-2.27484797949738,-3.08205297110316,2.78932945766475,-2.54102648555158,-0.895426485551578
2.88970725078749,-2.36909421185738,-2.91587450968565,2.78932945766475,-2.45793725484282,-0.863137254842822
2.89643971548301,-2.45793725484282,-2.73818842371475,2.78932945766475,-2.36909421185738,-0.824294211857377
2.90279251766938,-2.54102648555158,-2.54969595899476,2.78932945766475,-2.27484797949738,-0.779247979497379
2.90878146854351,-2.61803398874989,-2.35114100916989,2.78932945766475,-2.17557050458495,-0.728370504584946
2.91442201477171,-2.68865585100403,-2.14330717991599,2.78932945766475,-2.07165358995799,-0.672053589957993
2.91972923051017,-2.75261336008773,-1.92701469640686,2.78932945766475,-1.96350734820343,-0.61070734820343
2.92471780996241,-2.80965410493204,-1.70311716626029,2.78932945766475,-1.85155858313015,-0.544758583130145
2.929402060448,-2.8595529717765,-1.47249821073871,2.78932945766475,-1.73624910536936,-0.474649105369356
2.93379589595802,-2.90211303259031,-1.23606797749979,2.78932945766475,-1.61803398874989,-0.400833988749894
2.93791283117263,-2.93716632225726,-0.994759548659419,2.78932945766475,-1.49737977432971,-0.32377977432971
2.94176597591711,-2.96457450145738,-0.749525258342899,2.78932945766475,-1.37476262917145,-0.243962629171449
2.94536803003318,-2.98422940262896,-0.501332934257217,2.78932945766475,-1.25066646712861,-0.161866467128609
2.94873127864272,-2.99605345685654,-0.251162078117254,2.78932945766475,-1.12558103905863,-0.0779810390586267
2.95186758778217,-3,2.44929359829471e-16,2.78932945766475,-1,0.00720000000000032
2.95478840038613,-2.99605345685654,0.251162078117254,2.78932945766475,-0.874418960941373,0.093181039058627
2.95750473259935,-2.98422940262896,0.501332934257218,2.78932945766475,-0.749333532871391,0.179466467128609
2.9600271703973,-2.96457450145738,0.7495252583429,2.78932945766475,-0.62523737082855,0.26556262917145
2.96236586649579,-2.93716632225726,0.994759548659419,2.78932945766475,-0.502620225670291,0.350979774329709
2.96453053753114,-2.90211303259031,1.23606797749979,2.78932945766475,-0.381966011250105,0.435233988749895
2.96653046149297,-2.8595529717765,1.47249821073871,2.78932945766475,-0.263750894630644,0.517849105369356
2.96837447539248,-2.80965410493204,1.70311716626029,2.78932945766475,-0.148441416869855,0.598358583130145
2.97007097314967,-2.75261336008773,1.92701469640686,2.78932945766475,-0.0364926517965692,0.676307348203431
2.97162790368409,-2.68865585100403,2.14330717991599,2.78932945766475,0.0716535899579935,0.751253589957993
2.97305276919394,-2.61803398874989,2.35114100916989,2.78932945766475,0.175570504584947,0.822770504584946
2.97435262360965,-2.54102648555158,2.54969595899476,2.78932945766475,0.274847979497379,0.890447979497379
2.97553407120836,-2.45793725484282,2.73818842371475,2.78932945766475,0.369094211857377,0.953894211857377
2.97660326537701,-2.36909421185738,2.91587450968565,2.78932945766475,0.457937254842823,1.01273725484282
2.97756590751194,-2.27484797949738,3.08205297110316,2.78932945766475,0.541026485551579,1.06662648555158
2.97842724604435,-2.17557050458495,3.23606797749979,2.78932945766475,0.618033988749895,1.11523398874989
2.97919207558125,-2.07165358995799,3.37731170200806,2.78932945766475,0.68865585100403,1.15825585100403
2.97986473615251,-1.96350734820343,3.50522672017545,2.78932945766475,0.752613360087727,1.19541336008773
2.98044911255563,-1.85155858313015,3.61930820986408,2.78932945766475,0.809654104932039,1.22645410493204
2.98094863379025,-1.73624910536936,3.71910594355301,2.78932945766475,0.859552971776503,1.2511529717765
2.98136627257561,-1.61803398874989,3.80422606518061,2.78932945766475,0.902113032590307,1.26931303259031
2.98136627257561,-0.381966011250105,3.80422606518061,2.78932945766475,0.902113032590307,1.06931303259031
2.98094863379025,-0.263750894630643,3.71910594355301,2.78932945766475,0.859552971776503,1.0111529717765
2.98044911255563,-0.148441416869854,3.61930820986408,2.78932945766475,0.809654104932039,0.946454104932039
2.97986473615251,-0.03649265179657,3.50522672017545,2.78932945766475,0.752613360087727,0.875413360087727
2.97919207558125,0.0716535899579929,3.37731170200806,2.78932945766475,0.68865585100403,0.798255851004031
2.97842724604435,0.175570504584946,3.23606797749979,2.78932945766475,0.618033988749895,0.715233988749895
2.97756590751194,0.274847979497379,3.08205297110316,2.78932945766475,0.541026485551579,0.626626485551579
2.97660326537701,0.369094211857377,2.91587450968565,2.78932945766475,0.457937254842823,0.532737254842823
2.97553407120836,0.457937254842823,2.73818842371475,2.78932945766475,0.369094211857377,0.433894211857377
2.97435262360965,0.541026485551579,2.54969595899476,2.78932945766475,0.274847979497379,0.330447979497379
2.97305276919394,0.618033988749895,2.35114100916989,2.78932945766475,0.175570504584946,0.222770504584946
2.97162790368409,0.68865585100403,2.14330717991599,2.78932945766475,0.0716535899579933,0.111253589957993
2.97007097314967,0.752613360087727,1.92701469640686,2.78932945766475,-0.0364926517965696,-0.00369265179656963
2.96837447539248,0.809654104932039,1.70311716626029,2.78932945766475,-0.148441416869855,-0.121641416869855
2.96653046149297,0.859552971776503,1.47249821073871,2.78932945766475,-0.263750894630645,-0.242150894630645
2.96453053753114,0.902113032590307,1.23606797749979,2.78932945766475,-0.381966011250106,-0.364766011250106
2.96236586649579,0.937166322257262,0.99475954865942,2.78932945766475,-0.50262022567029,-0.48902022567029
2.9600271703973,0.964574501457377,0.7495252583429,2.78932945766475,-0.62523737082855,-0.61443737082855
2.95750473259935,0.984229402628956,0.501332934257218,2.78932945766475,-0.749333532871391,-0.740533532871391
2.95478840038613,0.996053456856543,0.251162078117254,2.78932945766475,-0.874418960941373,-0.866818960941373
2.95186758778217,1,2.44929359829471e-16,2.78932945766475,-1,-0.9928
2.94873127864272,0.996053456856543,-0.251162078117254,2.78932945766475,-1.12558103905863,-1.11798103905863
2.94536803003318,0.984229402628956,-0.501332934257217,2.78932945766475,-1.25066646712861,-1.24186646712861
2.94176597591711,0.964574501457377,-0.749525258342899,2.78932945766475,-1.37476262917145,-1.36396262917145
2.93791283117263,0.937166322257262,-0.994759548659419,2.78932945766475,-1.49737977432971,-1.48377977432971
2.93379589595802,0.902113032590307,-1.23606797749979,2.78932945766475,-1.6180339887499,-1.6008339887499
2.929402060448,0.859552971776503,-1.47249821073871,2.78932945766475,-1.73624910536936,-1.71464910536936
2.92471780996241,0.809654104932039,-1.70311716626029,2.78932945766475,-1.85155858313015,-1.82475858313015
2.91972923051017,0.752613360087727,-1.92701469640686,2.78932945766475,-1.96350734820343,-1.93070734820343
2.91442201477171,0.68865585100403,-2.14330717991599,2.78932945766475,-2.07165358995799,-2.03205358995799
2.90878146854351,0.618033988749895,-2.35114100916989,2.78932945766475,-2.17557050458495,-2.12837050458495
2.90279251766938,0.541026485551579,-2.54969595899476,2.78932945766475,-2.27484797949738,-2.21924797949738
2.89643971548301,0.457937254842823,-2.73818842371475,2.78932945766475,-2.36909421185738,-2.30429421185738
2.88970725078749,0.369094211857378,-2.91587450968565,2.78932945766475,-2.45793725484282,-2.38313725484282
2.88257895639735,0.27484797949738,-3.08205297110316,2.78932945766475,-2.54102648555158,-2.45542648555158
2.87503831826946,0.175570504584946,-3.23606797749979,2.78932945766475,-2.61803398874989,-2.52083398874989
2.86706848524944,0.0716535899579933,-3.37731170200806,2.78932945766475,-2.68865585100403,-2.57905585100403
2.85865227946036,-0.0364926517965696,-3.50522672017545,2.78932945766475,-2.75261336008773,-2.62981336008773
2.84977220736117,-0.148441416869855,-3.61930820986408,2.78932945766475,-2.80965410493204,-2.67285410493204
2.84041047150215,-0.263750894630645,-3.71910594355301,2.78932945766475,-2.8595529717765,-2.7079529717765
2.81392022004473,-1.61803398874989,-3.80422606518061,2.60589454331457,-2.90211303259031,-0.928500532590307
2.82424700829534,-1.73624910536936,-3.71910594355301,2.60589454331457,-2.8595529717765,-0.941540471776503
2.83406517091748,-1.85155858313015,-3.61930820986408,2.60589454331457,-2.80965410493204,-0.946441604932039
2.84339264616997,-1.96350734820343,-3.50522672017545,2.60589454331457,-2.75261336008773,-0.943400860087727
2.85224708911988,-2.07165358995799,-3.37731170200806,2.60589454331457,-2.68865585100403,-0.93264335100403
2.86064585885386,-2.17557050458495,-3.23606797749979,2.60589454331457,-2.61803398874989,-0.914421488749894
2.868606006418,-2.27484797949738,-3.08205297110316,2.60589454331457,-2.54102648555158,-0.889013985551578
2.87614426345871,-2.36909421185738,-2.91587450968565,2.60589454331457,-2.45793725484282,-0.856724754842823
2.88327703153762,-2.45793725484282,-2.73818842371475,2.60589454331457,-2.36909421185738,-0.817881711857377
2.89002037209359,-2.54102648555158,-2.54969595899476,2.60589454331457,-2.27484797949738,-0.772835479497379
2.89638999702514,-2.61803398874989,-2.35114100916989,2.60589454331457,-2.17557050458495,-0.721958004584946
2.90240125986704,-2.68865585100403,-2.14330717991599,2.60589454331457,-2.07165358995799,-0.665641089957993
2.90806914753506,-2.75261336008773,-1.92701469640686,2.60589454331457,-1.96350734820343,-0.60429484820343
2.91340827261339,-2.80965410493204,-1.70311716626029,2.60589454331457,-1.85155858313015,-0.538346083130145
2.91843286615948,-2.8595529717765,-1.47249821073871,2.60589454331457,-1.73624910536936,-0.468236605369356
2.92315677100182,-2.90211303259031,-1.23606797749979,2.60589454331457,-1.61803398874989,-0.394421488749894
2.92759343550638,-2.93716632225726,-0.994759548659419,2.60589454331457,-1.49737977432971,-0.31736727432971
2.93175590778814,-2.96457450145738,-0.749525258342899,2.60589454331457,-1.37476262917145,-0.237550129171449
2.93565683034466,-2.98422940262896,-0.501332934257217,2.60589454331457,-1.25066646712861,-0.155453967128609
2.93930843508921,-2.99605345685654,-0.251162078117254,2.60589454331457,-1.12558103905863,-0.0715685390586268
2.94272253876165,-3,2.44929359829471e-16,2.60589454331457,-1,0.0136125000000002
2.94591053869568,-2.99605345685654,0.251162078117254,2.60589454331457,-0.874418960941373,0.0995935390586269
2.94888340892212,-2.98422940262896,0.501332934257218,2.60589454331457,-0.749333532871391,0.185878967128609
2.95165169658807,-2.96457450145738,0.7495252583429,2.60589454331457,-0.62523737082855,0.27197512917145
2.95422551867289,-2.93716632225726,0.994759548659419,2.60589454331457,-0.502620225670291,0.35739227432971
2.95661455898241,-2.90211303259031,1.23606797749979,2.60589454331457,-0.381966011250105,0.441646488749895
2.95882806540354,-2.8595529717765,1.47249821073871,2.60589454331457,-0.263750894630644,0.524261605369356
2.96087484740227,-2.80965410493204,1.70311716626029,2.60589454331457,-0.148441416869855,0.604771083130145
2.96276327374866,-2.75261336008773,1.92701469640686,2.60589454331457,-0.0364926517965692,0.682719848203431
2.96450127045318,-2.68865585100403,2.14330717991599,2.60589454331457,0.0716535899579935,0.757666089957993
2.96609631889976,-2.61803398874989,2.35114100916989,2.60589454331457,0.175570504584947,0.829183004584947
2.96755545416115,-2.54102648555158,2.54969595899476,2.60589454331457,0.274847979497379,0.896860479497379
2.96888526348364,-2.45793725484282,2.73818842371475,2.60589454331457,0.369094211857377,0.960306711857378
2.97009188492838,-2.36909421185738,2.91587450968565,2.60589454331457,0.457937254842823,1.01914975484282
2.97118100615766,-2.27484797949738,3.08205297110316,2.60589454331457,0.541026485551579,1.07303898555158
2.97215786335518,-2.17557050458495,3.23606797749979,2.60589454331457,0.618033988749895,1.12164648874989
2.97302724027022,-2.07165358995799,3.37731170200806,2.60589454331457,0.68865585100403,1.16466835100403
2.97379346737627,-1.96350734820343,3.50522672017545,2.60589454331457,0.752613360087727,1.20182586008773
2.97446042113565,-1.85155858313015,3.61930820986408,2.60589454331457,0.809654104932039,1.23286660493204
2.97503152336236,-1.73624910536936,3.71910594355301,2.60589454331457,0.859552971776503,1.2575654717765
2.97550974067621,-1.61803398874989,3.80422606518061,2.60589454331457,0.902113032590307,1.27572553259031
2.97550974067621,-0.381966011250105,3.80422606518061,2.60589454331457,0.902113032590307,1.07572553259031
2.97503152336236,-0.263750894630643,3.71910594355301,2.60589454331457,0.859552971776503,1.0175654717765
2.97446042113565,-0.148441416869854,3.61930820986408,2.60589454331457,0.809654104932039,0.952866604932039
2.97379346737627,-0.03649265179657,3.50522672017545,2.60589454331457,0.752613360087727,0.881825860087727
2.97302724027022,0.0716535899579929,3.37731170200806,2.60589454331457,0.68865585100403,0.80466835100403
2.97215786335518,0.175570504584946,3.23606797749979,2.60589454331457,0.618033988749895,0.721646488749895
2.97118100615766,0.274847979497379,3.08205297110316,2.60589454331457,0.541026485551579,0.633038985551579
2.97009188492838,0.369094211857377,2.91587450968565,2.60589454331457,0.457937254842823,0.539149754842823
2.96888526348364,0.457937254842823,2.73818842371475,2.60589454331457,0.369094211857377,0.440306711857378
2.96755545416115,0.541026485551579,2.54969595899476,2.60589454331457,0.274847979497379,0.336860479497379
2.96609631889976,0.618033988749895,2.35114100916989,2.60589454331457,0.175570504584946,0.229183004584946
2.96450127045318,0.68865585100403,2.14330717991599,2.60589454331457,0.0716535899579933,0.117666089957993
2.96276327374866,0.752613360087727,1.92701469640686,2.60589454331457,-0.0364926517965696,0.00271984820343052
2.96087484740227,0.809654104932039,1.70311716626029,2.60589454331457,-0.148441416869855,-0.115228916869855
2.95882806540354,0.859552971776503,1.47249821073871,2.60589454331457,-0.263750894630645,-0.235738394630645
2.95661455898241,0.902113032590307,1.23606797749979,2.60589454331457,-0.381966011250106,-0.358353511250106
2.95422551867289,0.937166322257262,0.99475954865942,2.60589454331457,-0.50262022567029,-0.48260772567029
2.95165169658807,0.964574501457377,0.7495252583429,2.60589454331457,-0.62523737082855,-0.60802487082855
2.94888340892212,0.984229402628956,0.501332934257218,2.60589454331457,-0.749333532871391,-0.734121032871391
2.94591053869568,0.996053456856543,0.251162078117254,2.60589454331457,-0.874418960941373,-0.860406460941373
2.94272253876165,1,2.44929359829471e-16,2.60589454331457,-1,-0.9863875
2.93930843508921,0.996053456856543,-0.251162078117254,2.60589454331457,-1.12558103905863,-1.11156853905863
2.93565683034466,0.984229402628956,-0.501332934257217,2.60589454331457,-1.25066646712861,-1.23545396712861
2.93175590778814,0.964574501457377,-0.749525258342899,2.60589454331457,-1.37476262917145,-1.35755012917145
2.92759343550638,0.937166322257262,-0.994759548659419,2.60589454331457,-1.49737977432971,-1.47736727432971
2.92315677100182,0.902113032590307,-1.23606797749979,2.60589454331457,-1.6180339887499,-1.5944214887499
2.91843286615948,0.859552971776503,-1.47249821073871,2.60589454331457,-1.73624910536936,-1.70823660536936
2.91340827261339,0.809654104932039,-1.70311716626029,2.60589454331457,-1.85155858313015,-1.81834608313015
2.90806914753506,0.752613360087727,-1.92701469640686,2.60589454331457,-1.96350734820343,-1.92429484820343
2.90240125986704,0.68865585100403,-2.14330717991599,2.60589454331457,-2.07165358995799,-2.02564108995799
2.89638999702514,0.618033988749895,-2.35114100916989,2.60589454331457,-2.17557050458495,-2.12195800458495
2.89002037209359,0.541026485551579,-2.54969595899476,2.60589454331457,-2.27484797949738,-2.21283547949738
2.88327703153762,0.457937254842823,-2.73818842371475,2.60589454331457,-2.36909421185738,-2.29788171185738
2.87614426345871,0.369094211857378,-2.91587450968565,2.60589454331457,-2.45793725484282,-2.37672475484282
2.868606006418,0.27484797949738,-3.08205297110316,2.60589454331457,-2.54102648555158,-2.44901398555158
2.86064585885386,0.175570504584946,-3.23606797749979,2.60589454331457,-2.61803398874989,-2.51442148874989
2.85224708911988,0.0716535899579933,-3.37731170200806,2.60589454331457,-2.68865585100403,-2.57264335100403
2.84339264616997,-0.0364926517965696,-3.50522672017545,2.60589454331457,-2.75261336008773,-2.62340086008773
2.83406517091748,-0.148441416869855,-3.61930820986408,2.60589454331457,-2.80965410493204,-2.66644160493204
2.82424700829534,-0.263750894630645,-3.71910594355301,2.60589454331457,-2.8595529717765,-2.7015404717765
2.79529387483606,-1.61803398874989,-3.80422606518061,2.37046503712707,-2.90211303259031,-0.920063032590307
2.80611549155575,-1.73624910536936,-3.71910594355301,2.37046503712707,-2.8595529717765,-0.933102971776503
2.81641913883738,-1.85155858313015,-3.61930820986408,2.37046503712707,-2.80965410493204,-0.938004104932039
2.82622258846188,-1.96350734820343,-3.50522672017545,2.37046503712707,-2.75261336008773,-0.934963360087727
2.83554333791565,-2.07165358995799,-3.37731170200806,2.37046503712707,-2.68865585100403,-0.92420585100403
2.84439859727588,-2.17557050458495,-3.23606797749979,2.37046503712707,-2.61803398874989,-0.905983988749895
2.85280527682776,-2.27484797949738,-3.08205297110316,2.37046503712707,-2.54102648555158,-0.880576485551578
2.86077997538707,-2.36909421185738,-2.91587450968565,2.37046503712707,-2.45793725484282,-0.848287254842823
2.86833896930111,-2.45793725484282,-2.73818842371475,2.37046503712707,-2.36909421185738,-0.809444211857377
2.87549820210165,-2.54102648555158,-2.54969595899476,2.37046503712707,-2.27484797949738,-0.764397979497379
2.88227327478335,-2.61803398874989,-2.35114100916989,2.37046503712707,-2.17557050458495,-0.713520504584946
2.88867943668201,-2.68865585100403,-2.14330717991599,2.37046503712707,-2.07165358995799,-0.657203589957993
2.89473157692659,-2.75261336008773,-1.92701469640686,2.37046503712707,-1.96350734820343,-0.59585734820343
2.90044421644005,-2.80965410493204,-1.70311716626029,2.37046503712707,-1.85155858313015,-0.529908583130145
2.90583150046395,-2.8595529717765,-1.47249821073871,2.37046503712707,-1.73624910536936,-0.459799105369356
2.91090719158252,-2.90211303259031,-1.23606797749979,2.37046503712707,-1.61803398874989,-0.385983988749895
2.91568466322212,-2.93716632225726,-0.994759548659419,2.37046503712707,-1.49737977432971,-0.30892977432971
2.92017689360293,-2.96457450145738,-0.749525258342899,2.37046503712707,-1.37476262917145,-0.22911262917145
2.92439646011976,-2.98422940262896,-0.501332934257217,2.37046503712707,-1.25066646712861,-0.147016467128609
2.92835553412982,-2.99605345685654,-0.251162078117254,2.37046503712707,-1.12558103905863,-0.0631310390586269
2.93206587612576,-3,2.44929359829471e-16,2.37046503712707,-1,0.0220500000000001
2.93553883127283,-2.99605345685654,0.251162078117254,2.37046503712707,-0.874418960941373,0.108031039058627
2.93878532528978,-2.98422940262896,0.501332934257218,2.37046503712707,-0.749333532871391,0.194316467128609
2.94181586065376,-2.96457450145738,0.7495252583429,2.37046503712707,-0.62523737082855,0.28041262917145
2.94464051310993,-2.93716632225726,0.994759548659419,2.37046503712707,-0.502620225670291,0.365829774329709
2.94726892846763,-2.90211303259031,1.23606797749979,2.37046503712707,-0.381966011250105,0.450083988749895
2.94971031966514,-2.8595529717765,1.47249821073871,2.37046503712707,-0.263750894630644,0.532699105369356
2.95197346408627,-2.80965410493204,1.70311716626029,2.37046503712707,-0.148441416869855,0.613208583130145
2.95406670111227,-2.75261336008773,1.92701469640686,2.37046503712707,-0.0364926517965692,0.691157348203431
2.95599792989381,-2.68865585100403,2.14330717991599,2.37046503712707,0.0716535899579935,0.766103589957993
2.95777460732802,-2.61803398874989,2.35114100916989,2.37046503712707,0.175570504584947,0.837620504584947
2.9594037462267,-2.54102648555158,2.54969595899476,2.37046503712707,0.274847979497379,0.905297979497379
2.96089191366248,-2.45793725484282,2.73818842371475,2.37046503712707,0.369094211857377,0.968744211857377
2.9622452294803,-2.36909421185738,2.91587450968565,2.37046503712707,0.457937254842823,1.02758725484282
2.96346936496279,-2.27484797949738,3.08205297110316,2.37046503712707,0.541026485551579,1.08147648555158
2.9645695416383,-2.17557050458495,3.23606797749979,2.37046503712707,0.618033988749895,1.13008398874989
2.96555053022182,-2.07165358995799,3.37731170200806,2.37046503712707,0.68865585100403,1.17310585100403
2.9664166496792,-1.96350734820343,3.50522672017545,2.37046503712707,0.752613360087727,1.21026336008773
2.96717176640626,-1.85155858313015,3.61930820986408,2.37046503712707,0.809654104932039,1.24130410493204
2.96781929351513,-1.73624910536936,3.71910594355301,2.37046503712707,0.859552971776503,1.2660029717765
2.96836219022079,-1.61803398874989,3.80422606518061,2.37046503712707,0.902113032590307,1.28416303259031
2.96836219022079,-0.381966011250105,3.80422606518061,2.37046503712707,0.902113032590307,1.08416303259031
2.96781929351513,-0.263750894630643,3.71910594355301,2.37046503712707,0.859552971776503,1.0260029717765
2.96717176640626,-0.148441416869854,3.61930820986408,2.37046503712707,0.809654104932039,0.961304104932039
2.9664166496792,-0.03649265179657,3.50522672017545,2.37046503712707,0.752613360087727,0.890263360087727
2.96555053022182,0.0716535899579929,3.37731170200806,2.37046503712707,0.68865585100403,0.81310585100403
2.9645695416383,0.175570504584946,3.23606797749979,2.37046503712707,0.618033988749895,0.730083988749895
2.96346936496279,0.274847979497379,3.08205297110316,2.37046503712707,0.541026485551579,0.641476485551579
2.9622452294803,0.369094211857377,2.91587450968565,2.37046503712707,0.457937254842823,0.547587254842823
2.96089191366248,0.457937254842823,2.73818842371475,2.37046503712707,0.369094211857377,0.448744211857377
2.9594037462267,0.541026485551579,2.54969595899476,2.37046503712707,0.274847979497379,0.345297979497379
2.95777460732802,0.618033988749895,2.35114100916989,2.37046503712707,0.175570504584946,0.237620504584946
2.95599792989381,0.68865585100403,2.14330717991599,2.37046503712707,0.0716535899579933,0.126103589957993
2.95406670111227,0.752613360087727,1.92701469640686,2.37046503712707,-0.0364926517965696,0.0111573482034304
2.95197346408627,0.809654104932039,1.70311716626029,2.37046503712707,-0.148441416869855,-0.106791416869855
2.94971031966514,0.859552971776503,1.47249821073871,2.37046503712707,-0.263750894630645,-0.227300894630645
2.94726892846763,0.902113032590307,1.23606797749979,2.37046503712707,-0.381966011250106,-0.349916011250106
2.94464051310993,0.937166322257262,0.99475954865942,2.37046503712707,-0.50262022567029,-0.47417022567029
2.94181586065376,0.964574501457377,0.7495252583429,2.37046503712707,-0.62523737082855,-0.59958737082855
2.93878532528978,0.984229402628956,0.501332934257218,2.37046503712707,-0.749333532871391,-0.725683532871391
2.93553883127283,0.996053456856543,0.251162078117254,2.37046503712707,-0.874418960941373,-0.851968960941373
2.93206587612576,1,2.44929359829471e-16,2.37046503712707,-1,-0.97795
2.92835553412982,0.996053456856543,-0.251162078117254,2.37046503712707,-1.12558103905863,-1.10313103905863
2.92439646011976,0.984229402628956,-0.501332934257217,2.37046503712707,-1.25066646712861,-1.22701646712861
2.92017689360293,0.964574501457377,-0.749525258342899,2.37046503712707,-1.37476262917145,-1.34911262917145
2.91568466322212,0.937166322257262,-0.994759548659419,2.37046503712707,-1.49737977432971,-1.46892977432971
2.91090719158252,0.902113032590307,-1.23606797749979,2.37046503712707,-1.6180339887499,-1.58598398874989
2.90583150046395,0.859552971776503,-1.47249821073871,2.37046503712707,-1.73624910536936,-1.69979910536936
2.90044421644005,0.809654104932039,-1.70311716626029,2.37046503712707,-1.85155858313015,-1.80990858313015
2.89473157692659,0.752613360087727,-1.92701469640686,2.37046503712707,-1.96350734820343,-1.91585734820343
2.88867943668201,0.68865585100403,-2.14330717991599,2.37046503712707,-2.07165358995799,-2.01720358995799
2.88227327478335,0.618033988749895,-2.35114100916989,2.37046503712707,-2.17557050458495,-2.11352050458495
2.87549820210165,0.541026485551579,-2.54969595899476,2.37046503712707,-2.27484797949738,-2.20439797949738
2.86833896930111,0.457937254842823,-2.73818842371475,2.37046503712707,-2.36909421185738,-2.28944421185738
2.86077997538707,0.369094211857378,-2.91587450968565,2.37046503712707,-2.45793725484282,-2.36828725484282
2.85280527682776,0.27484797949738,-3.08205297110316,2.37046503712707,-2.54102648555158,-2.44057648555158
2.84439859727588,0.175570504584946,-3.23606797749979,2.37046503712707,-2.61803398874989,-2.50598398874989
2.83554333791565,0.0716535899579933,-3.37731170200806,2.37046503712707,-2.68865585100403,-2.56420585100403
2.82622258846188,-0.0364926517965696,-3.50522672017545,2.37046503712707,-2.75261336008773,-2.61496336008773
2.81641913883738,-0.148441416869855,-3.61930820986408,2.37046503712707,-2.80965410493204,-2.65800410493204
2.80611549155575,-0.263750894630645,-3.71910594355301,2.37046503712707,-2.8595529717765,-2.6931029717765
2.77450714011771,-1.61803398874989,-3.80422606518061,2.08773838977694,-2.90211303259031,-0.909600532590307
2.78585232613897,-1.73624910536936,-3.71910594355301,2.08773838977694,-2.8595529717765,-0.922640471776503
2.79666976181861,-1.85155858313015,-3.61930820986408,2.08773838977694,-2.80965410493204,-0.927541604932039
2.80697703557926,-1.96350734820343,-3.50522672017545,2.08773838977694,-2.75261336008773,-0.924500860087727
2.81679147112105,-2.07165358995799,-3.37731170200806,2.08773838977694,-2.68865585100403,-0.91374335100403
2.82613011396366,-2.17557050458495,-3.23606797749979,2.08773838977694,-2.61803398874989,-0.895521488749895
2.83500971872432,-2.27484797949738,-3.08205297110316,2.08773838977694,-2.54102648555158,-0.870113985551578
2.84344673710491,-2.36909421185738,-2.91587450968565,2.08773838977694,-2.45793725484282,-0.837824754842823
2.85145730656226,-2.45793725484282,-2.73818842371475,2.08773838977694,-2.36909421185738,-0.798981711857377
2.85905723963513,-2.54102648555158,-2.54969595899476,2.08773838977694,-2.27484797949738,-0.753935479497379
2.86626201390223,-2.61803398874989,-2.35114100916989,2.08773838977694,-2.17557050458495,-0.703058004584946
2.87308676254541,-2.68865585100403,-2.14330717991599,2.08773838977694,-2.07165358995799,-0.646741089957993
2.87954626549289,-2.75261336008773,-1.92701469640686,2.08773838977694,-1.96350734820343,-0.58539484820343
2.88565494111735,-2.80965410493204,-1.70311716626029,2.08773838977694,-1.85155858313015,-0.519446083130145
2.89142683846447,-2.8595529717765,-1.47249821073871,2.08773838977694,-1.73624910536936,-0.449336605369356
2.89687562998772,-2.90211303259031,-1.23606797749979,2.08773838977694,-1.61803398874989,-0.375521488749895
2.90201460476565,-2.93716632225726,-0.994759548659419,2.08773838977694,-1.49737977432971,-0.29846727432971
2.90685666217864,-2.96457450145738,-0.749525258342899,2.08773838977694,-1.37476262917145,-0.21865012917145
2.91141430602237,-2.98422940262896,-0.501332934257217,2.08773838977694,-1.25066646712861,-0.136553967128609
2.91569963903593,-2.99605345685654,-0.251162078117254,2.08773838977694,-1.12558103905863,-0.0526685390586269
2.91972435782304,-3,2.44929359829471e-16,2.08773838977694,-1,0.0325125000000002
2.92349974814561,-2.99605345685654,0.251162078117254,2.08773838977694,-0.874418960941373,0.118493539058627
2.92703668056911,-2.98422940262896,0.501332934257218,2.08773838977694,-0.749333532871391,0.204778967128609
2.93034560644032,-2.96457450145738,0.7495252583429,2.08773838977694,-0.62523737082855,0.29087512917145
2.93343655417846,-2.93716632225726,0.994759548659419,2.08773838977694,-0.502620225670291,0.376292274329709
2.93631912586125,-2.90211303259031,1.23606797749979,2.08773838977694,-0.381966011250105,0.460546488749895
2.93900249408852,-2.8595529717765,1.47249821073871,2.08773838977694,-0.263750894630644,0.543161605369356
2.94149539910628,-2.80965410493204,1.70311716626029,2.08773838977694,-0.148441416869855,0.623671083130145
2.94380614617523,-2.75261336008773,1.92701469640686,2.08773838977694,-0.0364926517965692,0.701619848203431
2.94594260316817,-2.68865585100403,2.14330717991599,2.08773838977694,0.0716535899579935,0.776566089957993
2.94791219838165,-2.61803398874989,2.35114100916989,2.08773838977694,0.175570504584947,0.848083004584947
2.94972191854798,-2.54102648555158,2.54969595899476,2.08773838977694,0.274847979497379,0.915760479497379
2.95137830703423,-2.45793725484282,2.73818842371475,2.08773838977694,0.369094211857377,0.979206711857378
2.95288746221607,-2.36909421185738,2.91587450968565,2.08773838977694,0.457937254842823,1.03804975484282
2.95425503601454,-2.27484797949738,3.08205297110316,2.08773838977694,0.541026485551579,1.09193898555158
2.95548623258512,-2.17557050458495,3.23606797749979,2.08773838977694,0.618033988749895,1.14054648874989
2.95658580714884,-2.07165358995799,3.37731170200806,2.08773838977694,0.68865585100403,1.18356835100403
2.95755806495628,-1.96350734820343,3.50522672017545,2.08773838977694,0.752613360087727,1.22072586008773
2.95840686037593,-1.85155858313015,3.61930820986408,2.08773838977694,0.809654104932039,1.25176660493204
2.95913559609911,-1.73624910536936,3.71910594355301,2.08773838977694,0.859552971776503,1.2764654717765
2.95974722245481,-1.61803398874989,3.80422606518061,2.08773838977694,0.902113032590307,1.29462553259031
2.95974722245481,-0.381966011250105,3.80422606518061,2.08773838977694,0.902113032590307,1.09462553259031
2.95913559609911,-0.263750894630643,3.71910594355301,2.08773838977694,0.859552971776503,1.0364654717765
2.95840686037593,-0.148441416869854,3.61930820986408,2.08773838977694,0.809654104932039,0.971766604932039
2.95755806495628,-0.03649265179657,3.50522672017545,2.08773838977694,0.752613360087727,0.900725860087727
2.95658580714884,0.0716535899579929,3.37731170200806,2.08773838977694,0.68865585100403,0.82356835100403
2.95548623258512,0.175570504584946,3.23606797749979,2.08773838977694,0.618033988749895,0.740546488749895
2.95425503601454,0.274847979497379,3.08205297110316,2.08773838977694,0.541026485551579,0.651938985551579
2.95288746221607,0.369094211857377,2.91587450968565,2.08773838977694,0.457937254842823,0.558049754842823
2.95137830703423,0.457937254842823,2.73818842371475,2.08773838977694,0.369094211857377,0.459206711857377
2.94972191854798,0.541026485551579,2.54969595899476,2.08773838977694,0.274847979497379,0.355760479497379
2.94791219838165,0.618033988749895,2.35114100916989,2.08773838977694,0.175570504584946,0.248083004584946
2.94594260316817,0.68865585100403,2.14330717991599,2.08773838977694,0.0716535899579933,0.136566089957993
2.94380614617523,0.752613360087727,1.92701469640686,2.08773838977694,-0.0364926517965696,0.0216198482034304
2.94149539910628,0.809654104932039,1.70311716626029,2.08773838977694,-0.148441416869855,-0.0963289168698552
2.93900249408852,0.859552971776503,1.47249821073871,2.08773838977694,-0.263750894630645,-0.216838394630645
2.93631912586125,0.902113032590307,1.23606797749979,2.08773838977694,-0.381966011250106,-0.339453511250106
2.93343655417846,0.937166322257262,0.99475954865942,2.08773838977694,-0.50262022567029,-0.46370772567029
2.93034560644032,0.964574501457377,0.7495252583429,2.08773838977694,-0.62523737082855,-0.58912487082855
2.92703668056911,0.984229402628956,0.501332934257218,2.08773838977694,-0.749333532871391,-0.715221032871391
2.92349974814561,0.996053456856543,0.251162078117254,2.08773838977694,-0.874418960941373,-0.841506460941373
2.91972435782304,1,2.44929359829471e-16,2.08773838977694,-1,-0.9674875
2.91569963903593,0.996053456856543,-0.251162078117254,2.08773838977694,-1.12558103905863,-1.09266853905863
2.91141430602237,0.984229402628956,-0.501332934257217,2.08773838977694,-1.25066646712861,-1.21655396712861
2.90685666217864,0.964574501457377,-0.749525258342899,2.08773838977694,-1.37476262917145,-1.33865012917145
2.90201460476565,0.937166322257262,-0.994759548659419,2.08773838977694,-1.49737977432971,-1.45846727432971
2.89687562998772,0.902113032590307,-1.23606797749979,2.08773838977694,-1.6180339887499,-1.5755214887499
2.89142683846447,0.859552971776503,-1.47249821073871,2.08773838977694,-1.73624910536936,-1.68933660536936
2.88565494111735,0.809654104932039,-1.70311716626029,2.08773838977694,-1.85155858313015,-1.79944608313015
2.87954626549289,0.752613360087727,-1.92701469640686,2.08773838977694,-1.96350734820343,-1.90539484820343
2.87308676254541,0.68865585100403,-2.14330717991599,2.08773838977694,-2.07165358995799,-2.00674108995799
2.86626201390223,0.618033988749895,-2.35114100916989,2.08773838977694,-2.17557050458495,-2.10305800458495
2.85905723963513,0.541026485551579,-2.54969595899476,2.08773838977694,-2.27484797949738,-2.19393547949738
2.85145730656226,0.457937254842823,-2.73818842371475,2.08773838977694,-2.36909421185738,-2.27898171185738
2.84344673710491,0.369094211857378,-2.91587450968565,2.08773838977694,-2.45793725484282,-2.35782475484282
2.83500971872432,0.27484797949738,-3.08205297110316,2.08773838977694,-2.54102648555158,-2.43011398555158
2.82613011396366,0.175570504584946,-3.23606797749979,2.08773838977694,-2.61803398874989,-2.49552148874989
2.81679147112105,0.0716535899579933,-3.37731170200806,2.08773838977694,-2.68865585100403,-2.55374335100403
2.80697703557926,-0.0364926517965696,-3.50522672017545,2.08773838977694,-2.75261336008773,-2.60450086008773
2.79666976181861,-0.148441416869855,-3.61930820986408,2.08773838977694,-2.80965410493204,-2.64754160493204
2.78585232613897,-0.263750894630645,-3.71910594355301,2.08773838977694,-2.8595529717765,-2.6826404717765
2.7513889657757,-1.61803398874989,-3.80422606518061,1.76335575687742,-2.90211303259031,-0.897113032590307
2.76328556934185,-1.73624910536936,-3.71910594355301,1.76335575687742,-2.8595529717765,-0.910152971776503
2.77464424146423,-1.85155858313015,-3.61930820986408,1.76335575687742,-2.80965410493204,-0.915054104932039
2.78548236925888,-1.96350734820343,-3.50522672017545,1.76335575687742,-2.75261336008773,-0.912013360087727
2.79581708537984,-2.07165358995799,-3.37731170200806,1.76335575687742,-2.68865585100403,-0.90125585100403
2.80566525420224,-2.17557050458495,-3.23606797749979,1.76335575687742,-2.61803398874989,-0.883033988749895
2.81504345874478,-2.27484797949738,-3.08205297110316,1.76335575687742,-2.54102648555158,-0.857626485551578
2.82396798830557,-2.36909421185738,-2.91587450968565,1.76335575687742,-2.45793725484282,-0.825337254842823
2.83245482678559,-2.45793725484282,-2.73818842371475,1.76335575687742,-2.36909421185738,-0.786494211857377
2.84051964167388,-2.54102648555158,-2.54969595899476,1.76335575687742,-2.27484797949738,-0.741447979497379
2.84817777366917,-2.61803398874989,-2.35114100916989,1.76335575687742,-2.17557050458495,-0.690570504584946
2.8554442269124,-2.68865585100403,-2.14330717991599,1.76335575687742,-2.07165358995799,-0.634253589957993
2.86233365980536,-2.75261336008773,-1.92701469640686,1.76335575687742,-1.96350734820343,-0.57290734820343
2.86886037639078,-2.80965410493204,-1.70311716626029,1.76335575687742,-1.85155858313015,-0.506958583130145
2.87503831826946,-2.8595529717765,-1.47249821073871,1.76335575687742,-1.73624910536936,-0.436849105369356
2.88088105703083,-2.90211303259031,-1.23606797749979,1.76335575687742,-1.61803398874989,-0.363033988749895
2.88640178717327,-2.93716632225726,-0.994759548659419,1.76335575687742,-1.49737977432971,-0.28597977432971
2.89161331949147,-2.96457450145738,-0.749525258342899,1.76335575687742,-1.37476262917145,-0.20616262917145
2.89652807490838,-2.98422940262896,-0.501332934257217,1.76335575687742,-1.25066646712861,-0.124066467128609
2.90115807872972,-2.99605345685654,-0.251162078117254,1.76335575687742,-1.12558103905863,-0.0401810390586269
2.9055149553,-3,2.44929359829471e-16,1.76335575687742,-1,0.0450000000000002
2.90960992303909,-2.99605345685654,0.251162078117254,1.76335575687742,-0.874418960941373,0.130981039058627
2.91345378983939,-2.98422940262896,0.501332934257218,1.76335575687742,-0.749333532871391,0.217266467128609
2.91705694880407,-2.96457450145738,0.7495252583429,1.76335575687742,-0.62523737082855,0.30336262917145
2.92042937430748,-2.93716632225726,0.994759548659419,1.76335575687742,-0.502620225670291,0.388779774329709
2.92358061835973,-2.90211303259031,1.23606797749979,1.76335575687742,-0.381966011250105,0.473033988749895
2.92651980725782,-2.8595529717765,1.47249821073871,1.76335575687742,-0.263750894630644,0.555649105369356
2.92925563850656,-2.80965410493204,1.70311716626029,1.76335575687742,-0.148441416869855,0.636158583130145
2.93179637799335,-2.75261336008773,1.92701469640686,1.76335575687742,-0.0364926517965692,0.714107348203431
2.93414985740124,-2.68865585100403,2.14330717991599,1.76335575687742,0.0716535899579935,0.789053589957993
2.9363234718459,-2.61803398874989,2.35114100916989,1.76335575687742,0.175570504584947,0.860570504584947
2.93832417772247,-2.54102648555158,2.54969595899476,1.76335575687742,0.274847979497379,0.928247979497379
2.94015849074923,-2.45793725484282,2.73818842371475,1.76335575687742,0.369094211857377,0.991694211857377
2.94183248419573,-2.36909421185738,2.91587450968565,1.76335575687742,0.457937254842823,1.05053725484282
2.94335178728386,-2.27484797949738,3.08205297110316,1.76335575687742,0.541026485551579,1.10442648555158
2.94472158375094,-2.17557050458495,3.23606797749979,1.76335575687742,0.618033988749895,1.1530339887499
2.94594661056486,-2.07165358995799,3.37731170200806,1.76335575687742,0.68865585100403,1.19605585100403
2.94703115678203,-1.96350734820343,3.50522672017545,1.76335575687742,0.752613360087727,1.23321336008773
2.9479790625397,-1.85155858313015,3.61930820986408,1.76335575687742,0.809654104932039,1.26425410493204
2.94879371817496,-1.73624910536936,3.71910594355301,1.76335575687742,0.859552971776503,1.2889529717765
2.94947806346352,-1.61803398874989,3.80422606518061,1.76335575687742,0.902113032590307,1.30711303259031
2.94947806346352,-0.381966011250105,3.80422606518061,1.76335575687742,0.902113032590307,1.10711303259031
2.94879371817496,-0.263750894630643,3.71910594355301,1.76335575687742,0.859552971776503,1.0489529717765
2.9479790625397,-0.148441416869854,3.61930820986408,1.76335575687742,0.809654104932039,0.984254104932039
2.94703115678203,-0.03649265179657,3.50522672017545,1.76335575687742,0.752613360087727,0.913213360087727
2.94594661056486,0.0716535899579929,3.37731170200806,1.76335575687742,0.68865585100403,0.83605585100403
2.94472158375094,0.175570504584946,3.23606797749979,1.76335575687742,0.618033988749895,0.753033988749895
2.94335178728386,0.274847979497379,3.08205297110316,1.76335575687742,0.541026485551579,0.664426485551579
2.94183248419573,0.369094211857377,2.91587450968565,1.76335575687742,0.457937254842823,0.570537254842823
2.94015849074923,0.457937254842823,2.73818842371475,1.76335575687742,0.369094211857377,0.471694211857377
2.93832417772247,0.541026485551579,2.54969595899476,1.76335575687742,0.274847979497379,0.368247979497379
2.9363234718459,0.618033988749895,2.35114100916989,1.76335575687742,0.175570504584946,0.260570504584946
2.93414985740124,0.68865585100403,2.14330717991599,1.76335575687742,0.0716535899579933,0.149053589957993
2.93179637799335,0.752613360087727,1.92701469640686,1.76335575687742,-0.0364926517965696,0.0341073482034304
2.92925563850656,0.809654104932039,1.70311716626029,1.76335575687742,-0.148441416869855,-0.0838414168698552
2.92651980725782,0.859552971776503,1.47249821073871,1.76335575687742,-0.263750894630645,-0.204350894630645
2.92358061835973,0.902113032590307,1.23606797749979,1.76335575687742,-0.381966011250106,-0.326966011250106
2.92042937430748,0.937166322257262,0.99475954865942,1.76335575687742,-0.50262022567029,-0.45122022567029
2.91705694880407,0.964574501457377,0.7495252583429,1.76335575687742,-0.62523737082855,-0.57663737082855
2.91345378983939,0.984229402628956,0.501332934257218,1.76335575687742,-0.749333532871391,-0.702733532871391
2.90960992303909,0.996053456856543,0.251162078117254,1.76335575687742,-0.874418960941373,-0.829018960941373
2.9055149553,1,2.44929359829471e-16,1.76335575687742,-1,-0.955
2.90115807872972,0.996053456856543,-0.251162078117254,1.76335575687742,-1.12558103905863,-1.08018103905863
2.89652807490838,0.984229402628956,-0.501332934257217,1.76335575687742,-1.25066646712861,-1.20406646712861
2.89161331949147,0.964574501457377,-0.749525258342899,1.76335575687742,-1.37476262917145,-1.32616262917145
2.88640178717327,0.937166322257262,-0.994759548659419,1.76335575687742,-1.49737977432971,-1.44597977432971
2.88088105703083,0.902113032590307,-1.23606797749979,1.76335575687742,-1.6180339887499,-1.5630339887499
2.87503831826946,0.859552971776503,-1.47249821073871,1.76335575687742,-1.73624910536936,-1.67684910536936
2.86886037639078,0.809654104932039,-1.70311716626029,1.76335575687742,-1.85155858313015,-1.78695858313015
2.86233365980536,0.752613360087727,-1.92701469640686,1.76335575687742,-1.96350734820343,-1.89290734820343
2.8554442269124,0.68865585100403,-2.14330717991599,1.76335575687742,-2.07165358995799,-1.99425358995799
2.84817777366917,0.618033988749895,-2.35114100916989,1.76335575687742,-2.17557050458495,-2.09057050458495
2.84051964167388,0.541026485551579,-2.54969595899476,1.76335575687742,-2.27484797949738,-2.18144797949738
2.83245482678559,0.457937254842823,-2.73818842371475,1.76335575687742,-2.36909421185738,-2.26649421185738
2.82396798830557,0.369094211857378,-2.91587450968565,1.76335575687742,-2.45793725484282,-2.34533725484282
2.81504345874478,0.27484797949738,-3.08205297110316,1.76335575687742,-2.54102648555158,-2.41762648555158
2.80566525420224,0.175570504584946,-3.23606797749979,1.76335575687742,-2.61803398874989,-2.48303398874989
2.79581708537984,0.0716535899579933,-3.37731170200806,1.76335575687742,-2.68865585100403,-2.54125585100403
2.78548236925888,-0.0364926517965696,-3.50522672017545,1.76335575687742,-2.75261336008773,-2.59201336008773
2.77464424146423,-0.148441416869855,-3.61930820986408,1.76335575687742,-2.80965410493204,-2.63505410493204
2.76328556934185,-0.263750894630645,-3.71910594355301,1.76335575687742,-2.8595529717765,-2.6701529717765
2.72576067306978,-1.61803398874989,-3.80422606518061,1.40378944278172,-2.90211303259031,-0.882600532590307
2.73823553572665,-1.73624910536936,-3.71910594355301,1.40378944278172,-2.8595529717765,-0.895640471776503
2.75016192585679,-1.85155858313015,-3.61930820986408,1.40378944278172,-2.80965410493204,-0.900541604932039
2.761557010212,-1.96350734820343,-3.50522672017545,1.40378944278172,-2.75261336008773,-0.897500860087727
2.77243771204482,-2.07165358995799,-3.37731170200806,1.40378944278172,-2.68865585100403,-0.88674335100403
2.78282069691769,-2.17557050458495,-3.23606797749979,1.40378944278172,-2.61803398874989,-0.868521488749894
2.79272235925495,-2.27484797949738,-3.08205297110316,1.40378944278172,-2.54102648555158,-0.843113985551578
2.80215880961233,-2.36909421185738,-2.91587450968565,1.40378944278172,-2.45793725484282,-0.810824754842822
2.81114586263852,-2.45793725484282,-2.73818842371475,1.40378944278172,-2.36909421185738,-0.771981711857377
2.81969902570348,-2.54102648555158,-2.54969595899476,1.40378944278172,-2.27484797949738,-0.726935479497379
2.82783348816857,-2.61803398874989,-2.35114100916989,1.40378944278172,-2.17557050458495,-0.676058004584946
2.83556411127348,-2.68865585100403,-2.14330717991599,1.40378944278172,-2.07165358995799,-0.619741089957993
2.84290541861543,-2.75261336008773,-1.92701469640686,1.40378944278172,-1.96350734820343,-0.55839484820343
2.84987158719646,-2.80965410493204,-1.70311716626029,1.40378944278172,-1.85155858313015,-0.492446083130145
2.85647643901464,-2.8595529717765,-1.47249821073871,1.40378944278172,-1.73624910536936,-0.422336605369356
2.86273343317597,-2.90211303259031,-1.23606797749979,1.40378944278172,-1.61803398874989,-0.348521488749894
2.86865565850359,-2.93716632225726,-0.994759548659419,1.40378944278172,-1.49737977432971,-0.27146727432971
2.87425582662182,-2.96457450145738,-0.749525258342899,1.40378944278172,-1.37476262917145,-0.191650129171449
2.87954626549289,-2.98422940262896,-0.501332934257217,1.40378944278172,-1.25066646712861,-0.109553967128609
2.88453891338454,-2.99605345685654,-0.251162078117254,1.40378944278172,-1.12558103905863,-0.0256685390586268
2.88924531324766,-3,2.44929359829471e-16,1.40378944278172,-1,0.0595125000000003
2.89367660748325,-2.99605345685654,0.251162078117254,1.40378944278172,-0.874418960941373,0.145493539058627
2.89784353307888,-2.98422940262896,0.501332934257218,1.40378944278172,-0.749333532871391,0.231778967128609
2.90175641709536,-2.96457450145738,0.7495252583429,1.40378944278172,-0.62523737082855,0.31787512917145
2.9054251724849,-2.93716632225726,0.994759548659419,1.40378944278172,-0.502620225670291,0.40329227432971
2.90885929422278,-2.90211303259031,1.23606797749979,1.40378944278172,-0.381966011250105,0.487546488749895
2.91206785573521,-2.8595529717765,1.47249821073871,1.40378944278172,-0.263750894630644,0.570161605369356
2.91505950560668,-2.80965410493204,1.70311716626029,1.40378944278172,-0.148441416869855,0.650671083130145
2.91784246455092,-2.75261336008773,1.92701469640686,1.40378944278172,-0.0364926517965692,0.728619848203431
2.92042452263013,-2.68865585100403,2.14330717991599,1.40378944278172,0.0716535899579935,0.803566089957994
2.92281303670812,-2.61803398874989,2.35114100916989,1.40378944278172,0.175570504584947,0.875083004584947
2.92501492812334,-2.54102648555158,2.54969595899476,1.40378944278172,0.274847979497379,0.942760479497379
2.92703668056911,-2.45793725484282,2.73818842371475,1.40378944278172,0.369094211857377,1.00620671185738
2.92888433816838,-2.36909421185738,2.91587450968565,1.40378944278172,0.457937254842823,1.06504975484282
2.93056350373187,-2.27484797949738,3.08205297110316,1.40378944278172,0.541026485551579,1.11893898555158
2.93207933718851,-2.17557050458495,3.23606797749979,1.40378944278172,0.618033988749895,1.16754648874989
2.93343655417846,-2.07165358995799,3.37731170200806,1.40378944278172,0.68865585100403,1.21056835100403
2.93463942479939,-1.96350734820343,3.50522672017545,1.40378944278172,0.752613360087727,1.24772586008773
2.93569177249764,-1.85155858313015,3.61930820986408,1.40378944278172,0.809654104932039,1.27876660493204
2.93659697309655,-1.73624910536936,3.71910594355301,1.40378944278172,0.859552971776503,1.3034654717765
2.93735795395534,-1.61803398874989,3.80422606518061,1.40378944278172,0.902113032590307,1.32162553259031
2.93735795395534,-0.381966011250105,3.80422606518061,1.40378944278172,0.902113032590307,1.12162553259031
2.93659697309655,-0.263750894630643,3.71910594355301,1.40378944278172,0.859552971776503,1.0634654717765
2.93569177249764,-0.148441416869854,3.61930820986408,1.40378944278172,0.809654104932039,0.998766604932039
2.93463942479939,-0.03649265179657,3.50522672017545,1.40378944278172,0.752613360087727,0.927725860087727
2.93343655417846,0.0716535899579929,3.37731170200806,1.40378944278172,0.68865585100403,0.85056835100403
2.93207933718851,0.175570504584946,3.23606797749979,1.40378944278172,0.618033988749895,0.767546488749895
2.93056350373187,0.274847979497379,3.08205297110316,1.40378944278172,0.541026485551579,0.678938985551579
2.92888433816838,0.369094211857377,2.91587450968565,1.40378944278172,0.457937254842823,0.585049754842823
2.92703668056911,0.457937254842823,2.73818842371475,1.40378944278172,0.369094211857377,0.486206711857377
2.92501492812334,0.541026485551579,2.54969595899476,1.40378944278172,0.274847979497379,0.382760479497379
2.92281303670812,0.618033988749895,2.35114100916989,1.40378944278172,0.175570504584946,0.275083004584946
2.92042452263013,0.68865585100403,2.14330717991599,1.40378944278172,0.0716535899579933,0.163566089957993
2.91784246455092,0.752613360087727,1.92701469640686,1.40378944278172,-0.0364926517965696,0.0486198482034303
2.91505950560668,0.809654104932039,1.70311716626029,1.40378944278172,-0.148441416869855,-0.0693289168698552
2.91206785573521,0.859552971776503,1.47249821073871,1.40378944278172,-0.263750894630645,-0.189838394630645
2.90885929422278,0.902113032590307,1.23606797749979,1.40378944278172,-0.381966011250106,-0.312453511250106
2.9054251724849,0.937166322257262,0.99475954865942,1.40378944278172,-0.50262022567029,-0.43670772567029
2.90175641709536,0.964574501457377,0.7495252583429,1.40378944278172,-0.62523737082855,-0.56212487082855
2.89784353307888,0.984229402628956,0.501332934257218,1.40378944278172,-0.749333532871391,-0.688221032871391
2.89367660748325,0.996053456856543,0.251162078117254,1.40378944278172,-0.874418960941373,-0.814506460941373
2.88924531324766,1,2.44929359829471e-16,1.40378944278172,-1,-0.9404875
2.88453891338454,0.996053456856543,-0.251162078117254,1.40378944278172,-1.12558103905863,-1.06566853905863
2.87954626549289,0.984229402628956,-0.501332934257217,1.40378944278172,-1.25066646712861,-1.18955396712861
2.87425582662182,0.964574501457377,-0.749525258342899,1.40378944278172,-1.37476262917145,-1.31165012917145
2.86865565850359,0.937166322257262,-0.994759548659419,1.40378944278172,-1.49737977432971,-1.43146727432971
2.86273343317597,0.902113032590307,-1.23606797749979,1.40378944278172,-1.6180339887499,-1.5485214887499
2.85647643901464,0.859552971776503,-1.47249821073871,1.40378944278172,-1.73624910536936,-1.66233660536936
2.84987158719646,0.809654104932039,-1.70311716626029,1.40378944278172,-1.85155858313015,-1.77244608313015
2.84290541861543,0.752613360087727,-1.92701469640686,1.40378944278172,-1.96350734820343,-1.87839484820343
2.83556411127348,0.68865585100403,-2.14330717991599,1.40378944278172,-2.07165358995799,-1.97974108995799
2.82783348816857,0.618033988749895,-2.35114100916989,1.40378944278172,-2.17557050458495,-2.07605800458495
2.81969902570348,0.541026485551579,-2.54969595899476,1.40378944278172,-2.27484797949738,-2.16693547949738
2.81114586263852,0.457937254842823,-2.73818842371475,1.40378944278172,-2.36909421185738,-2.25198171185738
2.80215880961233,0.369094211857378,-2.91587450968565,1.40378944278172,-2.45793725484282,-2.33082475484282
2.79272235925495,0.27484797949738,-3.08205297110316,1.40378944278172,-2.54102648555158,-2.40311398555158
2.78282069691769,0.175570504584946,-3.23606797749979,1.40378944278172,-2.61803398874989,-2.46852148874989
2.77243771204482,0.0716535899579933,-3.37731170200806,1.40378944278172,-2.68865585100403,-2.52674335100403
2.761557010212,-0.0364926517965696,-3.50522672017545,1.40378944278172,-2.75261336008773,-2.57750086008773
2.75016192585679,-0.148441416869855,-3.61930820986408,1.40378944278172,-2.80965410493204,-2.62054160493204
2.73823553572665,-0.263750894630645,-3.71910594355301,1.40378944278172,-2.8595529717765,-2.6556404717765
2.69743665221473,-1.61803398874989,-3.80422606518061,1.01621376073588,-2.90211303259031,-0.866063032590307
2.71051548498396,-1.73624910536936,-3.71910594355301,1.01621376073588,-2.8595529717765,-0.879102971776503
2.72303498785383,-1.85155858313015,-3.61930820986408,1.01621376073588,-2.80965410493204,-0.884004104932039
2.73501208700915,-1.96350734820343,-3.50522672017545,1.01621376073588,-2.75261336008773,-0.880963360087727
2.74646347681346,-2.07165358995799,-3.37731170200806,1.01621376073588,-2.68865585100403,-0.87020585100403
2.75740560523053,-2.17557050458495,-3.23606797749979,1.01621376073588,-2.61803398874989,-0.851983988749895
2.76785465999209,-2.27484797949738,-3.08205297110316,1.01621376073588,-2.54102648555158,-0.826576485551578
2.77782655548688,-2.36909421185738,-2.91587450968565,1.01621376073588,-2.45793725484282,-0.794287254842823
2.78733692034625,-2.45793725484282,-2.73818842371475,1.01621376073588,-2.36909421185738,-0.755444211857377
2.7964010857015,-2.54102648555158,-2.54969595899476,1.01621376073588,-2.27484797949738,-0.710397979497379
2.8050340740884,-2.61803398874989,-2.35114100916989,1.01621376073588,-2.17557050458495,-0.659520504584946
2.81325058897434,-2.68865585100403,-2.14330717991599,1.01621376073588,-2.07165358995799,-0.603203589957993
2.82106500488417,-2.75261336008773,-1.92701469640686,1.01621376073588,-1.96350734820343,-0.54185734820343
2.82849135810057,-2.80965410493204,-1.70311716626029,1.01621376073588,-1.85155858313015,-0.475908583130145
2.83554333791565,-2.8595529717765,-1.47249821073871,1.01621376073588,-1.73624910536936,-0.405799105369356
2.84223427841041,-2.90211303259031,-1.23606797749979,1.01621376073588,-1.61803398874989,-0.331983988749895
2.84857715073937,-2.93716632225726,-0.994759548659419,1.01621376073588,-1.49737977432971,-0.25492977432971
2.85458455589799,-2.96457450145738,-0.749525258342899,1.01621376073588,-1.37476262917145,-0.17511262917145
2.86026871795105,-2.98422940262896,-0.501332934257217,1.01621376073588,-1.25066646712861,-0.0930164671286087
2.86564147770058,-2.99605345685654,-0.251162078117254,1.01621376073588,-1.12558103905863,-0.00913103905862689
2.87071428677247,-3,2.44929359829471e-16,1.01621376073588,-1,0.0760500000000002
2.87549820210165,-2.99605345685654,0.251162078117254,1.01621376073588,-0.874418960941373,0.162031039058627
2.88000388079581,-2.98422940262896,0.501332934257218,1.01621376073588,-0.749333532871391,0.248316467128609
2.88424157535895,-2.96457450145738,0.7495252583429,1.01621376073588,-0.62523737082855,0.33441262917145
2.88822112925594,-2.93716632225726,0.994759548659419,1.01621376073588,-0.502620225670291,0.419829774329709
2.89195197280046,-2.90211303259031,1.23606797749979,1.01621376073588,-0.381966011250105,0.504083988749895
2.89544311934902,-2.8595529717765,1.47249821073871,1.01621376073588,-0.263750894630644,0.586699105369356
2.89870316178463,-2.80965410493204,1.70311716626029,1.01621376073588,-0.148441416869855,0.667208583130145
2.90174026927423,-2.75261336008773,1.92701469640686,1.01621376073588,-0.0364926517965692,0.745157348203431
2.90456218428484,-2.68865585100403,2.14330717991599,1.01621376073588,0.0716535899579935,0.820103589957993
2.9071762198439,-2.61803398874989,2.35114100916989,1.01621376073588,0.175570504584947,0.891620504584947
2.90958925703031,-2.54102648555158,2.54969595899476,1.01621376073588,0.274847979497379,0.959297979497379
2.91180774268304,-2.45793725484282,2.73818842371475,1.01621376073588,0.369094211857377,1.02274421185738
2.91383768731519,-2.36909421185738,2.91587450968565,1.01621376073588,0.457937254842823,1.08158725484282
2.91568466322212,-2.27484797949738,3.08205297110316,1.01621376073588,0.541026485551579,1.13547648555158
2.91735380277281,-2.17557050458495,3.23606797749979,1.01621376073588,0.618033988749895,1.18408398874989
2.91884979687474,-2.07165358995799,3.37731170200806,1.01621376073588,0.68865585100403,1.22710585100403
2.92017689360293,-1.96350734820343,3.50522672017545,1.01621376073588,0.752613360087727,1.26426336008773
2.9213388969849,-1.85155858313015,3.61930820986408,1.01621376073588,0.809654104932039,1.29530410493204
2.92233916593403,-1.73624910536936,3.71910594355301,1.01621376073588,0.859552971776503,1.3200029717765
2.92318061332429,-1.61803398874989,3.80422606518061,1.01621376073588,0.902113032590307,1.33816303259031
2.92318061332429,-0.381966011250105,3.80422606518061,1.01621376073588,0.902113032590307,1.13816303259031
2.92233916593403,-0.263750894630643,3.71910594355301,1.01621376073588,0.859552971776503,1.0800029717765
2.9213388969849,-0.148441416869854,3.61930820986408,1.01621376073588,0.809654104932039,1.01530410493204
2.92017689360293,-0.03649265179657,3.50522672017545,1.01621376073588,0.752613360087727,0.944263360087727
2.91884979687474,0.0716535899579929,3.37731170200806,1.01621376073588,0.68865585100403,0.86710585100403
2.91735380277281,0.175570504584946,3.23606797749979,1.01621376073588,0.618033988749895,0.784083988749895
2.91568466322212,0.274847979497379,3.08205297110316,1.01621376073588,0.541026485551579,0.695476485551579
2.91383768731519,0.369094211857377,2.91587450968565,1.01621376073588,0.457937254842823,0.601587254842823
2.91180774268304,0.457937254842823,2.73818842371475,1.01621376073588,0.369094211857377,0.502744211857377
2.90958925703031,0.541026485551579,2.54969595899476,1.01621376073588,0.274847979497379,0.399297979497379
2.9071762198439,0.618033988749895,2.35114100916989,1.01621376073588,0.175570504584946,0.291620504584946
2.90456218428484,0.68865585100403,2.14330717991599,1.01621376073588,0.0716535899579933,0.180103589957993
2.90174026927423,0.752613360087727,1.92701469640686,1.01621376073588,-0.0364926517965696,0.0651573482034304
2.89870316178463,0.809654104932039,1.70311716626029,1.01621376073588,-0.148441416869855,-0.0527914168698552
2.89544311934902,0.859552971776503,1.47249821073871,1.01621376073588,-0.263750894630645,-0.173300894630645
2.89195197280046,0.902113032590307,1.23606797749979,1.01621376073588,-0.381966011250106,-0.295916011250106
2.88822112925594,0.937166322257262,0.99475954865942,1.01621376073588,-0.50262022567029,-0.42017022567029
2.88424157535895,0.964574501457377,0.7495252583429,1.01621376073588,-0.62523737082855,-0.54558737082855
2.88000388079581,0.984229402628956,0.501332934257218,1.01621376073588,-0.749333532871391,-0.671683532871391
2.87549820210165,0.996053456856543,0.251162078117254,1.01621376073588,-0.874418960941373,-0.797968960941373
2.87071428677247,1,2.44929359829471e-16,1.01621376073588,-1,-0.92395
2.86564147770058,0.996053456856543,-0.251162078117254,1.01621376073588,-1.12558103905863,-1.04913103905863
2.86026871795105,0.984229402628956,-0.501332934257217,1.01621376073588,-1.25066646712861,-1.17301646712861
2.85458455589799,0.964574501457377,-0.749525258342899,1.01621376073588,-1.37476262917145,-1.29511262917145
2.84857715073937,0.937166322257262,-0.994759548659419,1.01621376073588,-1.49737977432971,-1.41492977432971
2.84223427841041,0.902113032590307,-1.23606797749979,1.01621376073588,-1.6180339887499,-1.5319839887499
2.83554333791565,0.859552971776503,-1.47249821073871,1.01621376073588,-1.73624910536936,-1.64579910536936
2.82849135810057,0.809654104932039,-1.70311716626029,1.01621376073588,-1.85155858313015,-1.75590858313015
2.82106500488417,0.752613360087727,-1.92701469640686,1.01621376073588,-1.96350734820343,-1.86185734820343
2.81325058897434,0.68865585100403,-2.14330717991599,1.01621376073588,-2.07165358995799,-1.96320358995799
2.8050340740884,0.618033988749895,-2.35114100916989,1.01621376073588,-2.17557050458495,-2.05952050458495
2.7964010857015,0.541026485551579,-2.54969595899476,1.01621376073588,-2.27484797949738,-2.15039797949738
2.78733692034625,0.457937254842823,-2.73818842371475,1.01621376073588,-2.36909421185738,-2.23544421185738
2.77782655548688,0.369094211857378,-2.91587450968565,1.01621376073588,-2.45793725484282,-2.31428725484282
2.76785465999209,0.27484797949738,-3.08205297110316,1.01621376073588,-2.54102648555158,-2.38657648555158
2.75740560523053,0.175570504584946,-3.23606797749979,1.01621376073588,-2.61803398874989,-2.45198398874989
2.74646347681346,0.0716535899579933,-3.37731170200806,1.01621376073588,-2.68865585100403,-2.51020585100403
2.73501208700914,-0.0364926517965696,-3.50522672017545,1.01621376073588,-2.75261336008773,-2.56096336008773
2.72303498785383,-0.148441416869855,-3.61930820986408,1.01621376073588,-2.80965410493204,-2.60400410493204
2.71051548498396,-0.263750894630645,-3.71910594355301,1.01621376073588,-2.8595529717765,-2.6391029717765
2.66622515046834,-1.61803398874989,-3.80422606518061,0.60836188606954,-2.90211303259031,-0.847500532590307
2.6799324000513,-1.73624910536936,-3.71910594355301,0.60836188606954,-2.8595529717765,-0.860540471776503
2.693069193385,-1.85155858313015,-3.61930820986408,0.60836188606954,-2.80965410493204,-0.865441604932039
2.7056521947096,-1.96350734820343,-3.50522672017545,0.60836188606954,-2.75261336008773,-0.862400860087727
2.71769784884959,-2.07165358995799,-3.37731170200806,0.60836188606954,-2.68865585100403,-0.85164335100403
2.72922236623517,-2.17557050458495,-3.23606797749979,0.60836188606954,-2.61803398874989,-0.833421488749895
2.74024170867296,-2.27484797949738,-3.08205297110316,0.60836188606954,-2.54102648555158,-0.808013985551578
2.75077157584192,-2.36909421185738,-2.91587450968565,0.60836188606954,-2.45793725484282,-0.775724754842823
2.76082739248994,-2.45793725484282,-2.73818842371475,0.60836188606954,-2.36909421185738,-0.736881711857377
2.77042429630713,-2.54102648555158,-2.54969595899476,0.60836188606954,-2.27484797949738,-0.691835479497379
2.7795771264516,-2.61803398874989,-2.35114100916989,0.60836188606954,-2.17557050458495,-0.640958004584946
2.78830041270376,-2.68865585100403,-2.14330717991599,0.60836188606954,-2.07165358995799,-0.584641089957993
2.79660836522551,-2.75261336008773,-1.92701469640686,0.60836188606954,-1.96350734820343,-0.52329484820343
2.80451486490077,-2.80965410493204,-1.70311716626029,0.60836188606954,-1.85155858313015,-0.457346083130145
2.8120334542343,-2.8595529717765,-1.47249821073871,0.60836188606954,-1.73624910536936,-0.387236605369356
2.81917732878591,-2.90211303259031,-1.23606797749979,0.60836188606954,-1.61803398874989,-0.313421488749895
2.82595932911768,-2.93716632225726,-0.994759548659419,0.60836188606954,-1.49737977432971,-0.23636727432971
2.83239193323215,-2.96457450145738,-0.749525258342899,0.60836188606954,-1.37476262917145,-0.15655012917145
2.83848724947994,-2.98422940262896,-0.501332934257217,0.60836188606954,-1.25066646712861,-0.0744539671286086
2.84425700991572,-2.99605345685654,-0.251162078117254,0.60836188606954,-1.12558103905863,0.00943146094137326
2.84971256408197,-3,2.44929359829471e-16,0.60836188606954,-1,0.0946125000000002
2.85486487320044,-2.99605345685654,0.251162078117254,0.60836188606954,-0.874418960941373,0.180593539058627
2.85972450475191,-2.98422940262896,0.501332934257218,0.60836188606954,-0.749333532871391,0.266878967128609
2.86430162742532,-2.96457450145738,0.7495252583429,0.60836188606954,-0.62523737082855,0.35297512917145
2.868606006418,-2.93716632225726,0.994759548659419,0.60836188606954,-0.502620225670291,0.43839227432971
2.87264699906936,-2.90211303259031,1.23606797749979,0.60836188606954,-0.381966011250105,0.522646488749895
2.87643355081097,-2.8595529717765,1.47249821073871,0.60836188606954,-0.263750894630644,0.605261605369356
2.87997419141676,-2.80965410493204,1.70311716626029,0.60836188606954,-0.148441416869855,0.685771083130145
2.88327703153762,-2.75261336008773,1.92701469640686,0.60836188606954,-0.0364926517965692,0.763719848203431
2.8863497595054,-2.68865585100403,2.14330717991599,0.60836188606954,0.0716535899579935,0.838666089957993
2.88919963839203,-2.61803398874989,2.35114100916989,0.60836188606954,0.175570504584947,0.910183004584947
2.89183350331031,-2.54102648555158,2.54969595899476,0.60836188606954,0.274847979497379,0.977860479497379
2.89425775894329,-2.45793725484282,2.73818842371475,0.60836188606954,0.369094211857377,1.04130671185738
2.89647837729036,-2.36909421185738,2.91587450968565,0.60836188606954,0.457937254842823,1.10014975484282
2.89850089561862,-2.27484797949738,3.08205297110316,0.60836188606954,0.541026485551579,1.15403898555158
2.90033041460884,-2.17557050458495,3.23606797749979,0.60836188606954,0.618033988749895,1.20264648874989
2.90197159668627,-2.07165358995799,3.37731170200806,0.60836188606954,0.68865585100403,1.24566835100403
2.90342866452717,-1.96350734820343,3.50522672017545,0.60836188606954,0.752613360087727,1.28282586008773
2.90470539973276,-1.85155858313015,3.61930820986408,0.60836188606954,0.809654104932039,1.31386660493204
2.90580514166306,-1.73624910536936,3.71910594355301,0.60836188606954,0.859552971776503,1.3385654717765
2.90673078642381,-1.61803398874989,3.80422606518061,0.60836188606954,0.902113032590307,1.35672553259031
2.90673078642381,-0.381966011250105,3.80422606518061,0.60836188606954,0.902113032590307,1.15672553259031
2.90580514166306,-0.263750894630643,3.71910594355301,0.60836188606954,0.859552971776503,1.0985654717765
2.90470539973276,-0.148441416869854,3.61930820986408,0.60836188606954,0.809654104932039,1.03386660493204
2.90342866452717,-0.03649265179657,3.50522672017545,0.60836188606954,0.752613360087727,0.962825860087727
2.90197159668627,0.0716535899579929,3.37731170200806,0.60836188606954,0.68865585100403,0.88566835100403
2.90033041460884,0.175570504584946,3.23606797749979,0.60836188606954,0.618033988749895,0.802646488749895
2.89850089561862,0.274847979497379,3.08205297110316,0.60836188606954,0.541026485551579,0.714038985551579
2.89647837729036,0.369094211857377,2.91587450968565,0.60836188606954,0.457937254842823,0.620149754842823
2.89425775894329,0.457937254842823,2.73818842371475,0.60836188606954,0.369094211857377,0.521306711857377
2.89183350331031,0.541026485551579,2.54969595899476,0.60836188606954,0.274847979497379,0.417860479497379
2.88919963839203,0.618033988749895,2.35114100916989,0.60836188606954,0.175570504584946,0.310183004584946
2.8863497595054,0.68865585100403,2.14330717991599,0.60836188606954,0.0716535899579933,0.198666089957993
2.88327703153762,0.752613360087727,1.92701469640686,0.60836188606954,-0.0364926517965696,0.0837198482034303
2.87997419141676,0.809654104932039,1.70311716626029,0.60836188606954,-0.148441416869855,-0.0342289168698552
2.87643355081097,0.859552971776503,1.47249821073871,0.60836188606954,-0.263750894630645,-0.154738394630645
2.87264699906936,0.902113032590307,1.23606797749979,0.60836188606954,-0.381966011250106,-0.277353511250106
2.868606006418,0.937166322257262,0.99475954865942,0.60836188606954,-0.50262022567029,-0.40160772567029
2.86430162742532,0.964574501457377,0.7495252583429,0.60836188606954,-0.62523737082855,-0.52702487082855
2.85972450475191,0.984229402628956,0.501332934257218,0.60836188606954,-0.749333532871391,-0.653121032871391
2.85486487320044,0.996053456856543,0.251162078117254,0.60836188606954,-0.874418960941373,-0.779406460941373
2.84971256408197,1,2.44929359829471e-16,0.60836188606954,-1,-0.9053875
2.84425700991572,0.996053456856543,-0.251162078117254,0.60836188606954,-1.12558103905863,-1.03056853905863
2.83848724947994,0.984229402628956,-0.501332934257217,0.60836188606954,-1.25066646712861,-1.15445396712861
2.83239193323215,0.964574501457377,-0.749525258342899,0.60836188606954,-1.37476262917145,-1.27655012917145
2.82595932911768,0.937166322257262,-0.994759548659419,0.60836188606954,-1.49737977432971,-1.39636727432971
2.81917732878591,0.902113032590307,-1.23606797749979,0.60836188606954,-1.6180339887499,-1.5134214887499
2.8120334542343,0.859552971776503,-1.47249821073871,0.60836188606954,-1.73624910536936,-1.62723660536936
2.80451486490077,0.809654104932039,-1.70311716626029,0.60836188606954,-1.85155858313015,-1.73734608313015
2.79660836522551,0.752613360087727,-1.92701469640686,0.60836188606954,-1.96350734820343,-1.84329484820343
2.78830041270376,0.68865585100403,-2.14330717991599,0.60836188606954,-2.07165358995799,-1.94464108995799
2.7795771264516,0.618033988749895,-2.35114100916989,0.60836188606954,-2.17557050458495,-2.04095800458495
2.77042429630713,0.541026485551579,-2.54969595899476,0.60836188606954,-2.27484797949738,-2.13183547949738
2.76082739248994,0.457937254842823,-2.73818842371475,0.60836188606954,-2.36909421185738,-2.21688171185738
2.75077157584192,0.369094211857378,-2.91587450968565,0.60836188606954,-2.45793725484282,-2.29572475484282
2.74024170867296,0.27484797949738,-3.08205297110316,0.60836188606954,-2.54102648555158,-2.36801398555158
2.72922236623517,0.175570504584946,-3.23606797749979,0.60836188606954,-2.61803398874989,-2.43342148874989
2.71769784884959,0.0716535899579933,-3.37731170200806,0.60836188606954,-2.68865585100403,-2.49164335100403
2.7056521947096,-0.0364926517965696,-3.50522672017545,0.60836188606954,-2.75261336008773,-2.54240086008773
2.693069193385,-0.148441416869855,-3.61930820986408,0.60836188606954,-2.80965410493204,-2.58544160493204
2.6799324000513,-0.263750894630645,-3.71910594355301,0.60836188606954,-2.8595529717765,-2.6205404717765
2.63192915793137,-1.61803398874989,-3.80422606518061,0.188371558587941,-2.90211303259031,-0.826913032590307
2.64628786276682,-1.73624910536936,-3.71910594355301,0.188371558587941,-2.8595529717765,-0.839952971776503
2.66006476710167,-1.85155858313015,-3.61930820986408,0.188371558587941,-2.80965410493204,-0.844854104932039
2.673276250656,-1.96350734820343,-3.50522672017545,0.188371558587941,-2.75261336008773,-0.841813360087727
2.68593848687864,-2.07165358995799,-3.37731170200806,0.188371558587941,-2.68865585100403,-0.83105585100403
2.6980674275574,-2.17557050458495,-3.23606797749979,0.188371558587941,-2.61803398874989,-0.812833988749895
2.70967878818155,-2.27484797949738,-3.08205297110316,0.188371558587941,-2.54102648555158,-0.787426485551578
2.72078803403285,-2.36909421185738,-2.91587450968565,0.188371558587941,-2.45793725484282,-0.755137254842823
2.73141036698156,-2.45793725484282,-2.73818842371475,0.188371558587941,-2.36909421185738,-0.716294211857377
2.74156071296366,-2.54102648555158,-2.54969595899476,0.188371558587941,-2.27484797949738,-0.671247979497379
2.75125371011593,-2.61803398874989,-2.35114100916989,0.188371558587941,-2.17557050458495,-0.620370504584946
2.76050369754526,-2.68865585100403,-2.14330717991599,0.188371558587941,-2.07165358995799,-0.564053589957993
2.76932470470905,-2.75261336008773,-1.92701469640686,0.188371558587941,-1.96350734820343,-0.50270734820343
2.77773044138382,-2.80965410493204,-1.70311716626029,0.188371558587941,-1.85155858313015,-0.436758583130145
2.78573428819905,-2.8595529717765,-1.47249821073871,0.188371558587941,-1.73624910536936,-0.366649105369356
2.79334928771415,-2.90211303259031,-1.23606797749979,0.188371558587941,-1.61803398874989,-0.292833988749895
2.80058813601623,-2.93716632225726,-0.994759548659419,0.188371558587941,-1.49737977432971,-0.21577977432971
2.80746317481726,-2.96457450145738,-0.749525258342899,0.188371558587941,-1.37476262917145,-0.13596262917145
2.81398638402925,-2.98422940262896,-0.501332934257217,0.188371558587941,-1.25066646712861,-0.0538664671286087
2.82016937479669,-2.99605345685654,-0.251162078117254,0.188371558587941,-1.12558103905863,0.0300189609413732
2.8260233829661,-3,2.44929359829471e-16,0.188371558587941,-1,0.1152
2.83155926297275,-2.99605345685654,0.251162078117254,0.188371558587941,-0.874418960941373,0.201181039058627
2.83678748212549,-2.98422940262896,0.501332934257218,0.188371558587941,-0.749333532871391,0.287466467128609
2.84171811527096,-2.96457450145738,0.7495252583429,0.188371558587941,-0.62523737082855,0.37356262917145
2.8463608398191,-2.93716632225726,0.994759548659419,0.188371558587941,-0.502620225670291,0.458979774329709
2.85072493111264,-2.90211303259031,1.23606797749979,0.188371558587941,-0.381966011250105,0.543233988749895
2.85481925812353,-2.8595529717765,1.47249821073871,0.188371558587941,-0.263750894630644,0.625849105369356
2.85865227946036,-2.80965410493204,1.70311716626029,0.188371558587941,-0.148441416869855,0.706358583130145
2.86223203967111,-2.75261336008773,1.92701469640686,0.188371558587941,-0.0364926517965692,0.784307348203431
2.86556616582641,-2.68865585100403,2.14330717991599,0.188371558587941,0.0716535899579935,0.859253589957993
2.8686618643693,-2.61803398874989,2.35114100916989,0.188371558587941,0.175570504584947,0.930770504584947
2.87152591821777,-2.54102648555158,2.54969595899476,0.188371558587941,0.274847979497379,0.998447979497379
2.87416468410772,-2.45793725484282,2.73818842371475,0.188371558587941,0.369094211857377,1.06189421185738
2.87658409016396,-2.36909421185738,2.91587450968565,0.188371558587941,0.457937254842823,1.12073725484282
2.87878963368834,-2.27484797949738,3.08205297110316,0.188371558587941,0.541026485551579,1.17462648555158
2.88078637915416,-2.17557050458495,3.23606797749979,0.188371558587941,0.618033988749895,1.22323398874989
2.88257895639735,-2.07165358995799,3.37731170200806,0.188371558587941,0.68865585100403,1.26625585100403
2.88417155899527,-1.96350734820343,3.50522672017545,0.188371558587941,0.752613360087727,1.30341336008773
2.88556794282493,-1.85155858313015,3.61930820986408,0.188371558587941,0.809654104932039,1.33445410493204
2.88677142479309,-1.73624910536936,3.71910594355301,0.188371558587941,0.859552971776503,1.3591529717765
2.88778488173162,-1.61803398874989,3.80422606518061,0.188371558587941,0.902113032590307,1.37731303259031
2.88778488173162,-0.381966011250105,3.80422606518061,0.188371558587941,0.902113032590307,1.17731303259031
2.88677142479309,-0.263750894630643,3.71910594355301,0.188371558587941,0.859552971776503,1.1191529717765
2.88556794282493,-0.148441416869854,3.61930820986408,0.188371558587941,0.809654104932039,1.05445410493204
2.88417155899527,-0.03649265179657,3.50522672017545,0.188371558587941,0.752613360087727,0.983413360087728
2.88257895639735,0.0716535899579929,3.37731170200806,0.188371558587941,0.68865585100403,0.90625585100403
2.88078637915416,0.175570504584946,3.23606797749979,0.188371558587941,0.618033988749895,0.823233988749895
2.87878963368834,0.274847979497379,3.08205297110316,0.188371558587941,0.541026485551579,0.734626485551579
2.87658409016396,0.369094211857377,2.91587450968565,0.188371558587941,0.457937254842823,0.640737254842823
2.87416468410772,0.457937254842823,2.73818842371475,0.188371558587941,0.369094211857377,0.541894211857378
2.87152591821777,0.541026485551579,2.54969595899476,0.188371558587941,0.274847979497379,0.438447979497379
2.8686618643693,0.618033988749895,2.35114100916989,0.188371558587941,0.175570504584946,0.330770504584946
2.86556616582641,0.68865585100403,2.14330717991599,0.188371558587941,0.0716535899579933,0.219253589957993
2.86223203967111,0.752613360087727,1.92701469640686,0.188371558587941,-0.0364926517965696,0.10430734820343
2.85865227946036,0.809654104932039,1.70311716626029,0.188371558587941,-0.148441416869855,-0.0136414168698551
2.85481925812353,0.859552971776503,1.47249821073871,0.188371558587941,-0.263750894630645,-0.134150894630645
2.85072493111264,0.902113032590307,1.23606797749979,0.188371558587941,-0.381966011250106,-0.256766011250106
2.8463608398191,0.937166322257262,0.99475954865942,0.188371558587941,-0.50262022567029,-0.38102022567029
2.84171811527096,0.964574501457377,0.7495252583429,0.188371558587941,-0.62523737082855,-0.50643737082855
2.83678748212549,0.984229402628956,0.501332934257218,0.188371558587941,-0.749333532871391,-0.632533532871391
2.83155926297275,0.996053456856543,0.251162078117254,0.188371558587941,-0.874418960941373,-0.758818960941373
2.8260233829661,1,2.44929359829471e-16,0.188371558587941,-1,-0.8848
2.82016937479669,0.996053456856543,-0.251162078117254,0.188371558587941,-1.12558103905863,-1.00998103905863
2.81398638402925,0.984229402628956,-0.501332934257217,0.188371558587941,-1.25066646712861,-1.13386646712861
2.80746317481726,0.964574501457377,-0.749525258342899,0.188371558587941,-1.37476262917145,-1.25596262917145
2.80058813601623,0.937166322257262,-0.994759548659419,0.188371558587941,-1.49737977432971,-1.37577977432971
2.79334928771415,0.902113032590307,-1.23606797749979,0.188371558587941,-1.6180339887499,-1.4928339887499
2.78573428819905,0.859552971776503,-1.47249821073871,0.188371558587941,-1.73624910536936,-1.60664910536936
2.77773044138382,0.809654104932039,-1.70311716626029,0.188371558587941,-1.85155858313015,-1.71675858313015
2.76932470470905,0.752613360087727,-1.92701469640686,0.188371558587941,-1.96350734820343,-1.82270734820343
2.76050369754526,0.68865585100403,-2.14330717991599,0.188371558587941,-2.07165358995799,-1.92405358995799
2.75125371011593,0.618033988749895,-2.35114100916989,0.188371558587941,-2.17557050458495,-2.02037050458495
2.74156071296366,0.541026485551579,-2.54969595899476,0.188371558587941,-2.27484797949738,-2.11124797949738
2.73141036698156,0.457937254842823,-2.73818842371475,0.188371558587941,-2.36909421185738,-2.19629421185738
2.72078803403285,0.369094211857378,-2.91587450968565,0.188371558587941,-2.45793725484282,-2.27513725484282
2.70967878818155,0.27484797949738,-3.08205297110316,0.188371558587941,-2.54102648555158,-2.34742648555158
2.6980674275574,0.175570504584946,-3.23606797749979,0.188371558587941,-2.61803398874989,-2.41283398874989
2.68593848687864,0.0716535899579933,-3.37731170200806,0.188371558587941,-2.68865585100403,-2.47105585100403
2.673276250656,-0.0364926517965696,-3.50522672017545,0.188371558587941,-2.75261336008773,-2.52181336008773
2.66006476710167,-0.148441416869855,-3.61930820986408,0.188371558587941,-2.80965410493204,-2.56485410493204
2.64628786276682,-0.263750894630645,-3.71910594355301,0.188371558587941,-2.8595529717765,-2.5999529717765
2.59434739823113,-1.61803398874989,-3.80422606518061,-0.235377287183533,-2.90211303259031,-0.804300532590307
2.60937903431316,-1.73624910536936,-3.71910594355301,-0.235377287183533,-2.8595529717765,-0.817340471776503
2.62381736271524,-1.85155858313015,-3.61930820986408,-0.235377287183533,-2.80965410493204,-0.822241604932039
2.63767845484862,-1.96350734820343,-3.50522672017545,-0.235377287183533,-2.75261336008773,-0.819200860087727
2.65097818974658,-2.07165358995799,-3.37731170200806,-0.235377287183533,-2.68865585100403,-0.80844335100403
2.66373223825397,-2.17557050458495,-3.23606797749979,-0.235377287183533,-2.61803398874989,-0.790221488749895
2.67595604797155,-2.27484797949738,-3.08205297110316,-0.235377287183533,-2.54102648555158,-0.764813985551578
2.68766482893204,-2.36909421185738,-2.91587450968565,-0.235377287183533,-2.45793725484282,-0.732524754842823
2.698873539985,-2.45793725484282,-2.73818842371475,-0.235377287183533,-2.36909421185738,-0.693681711857377
2.7095968758675,-2.54102648555158,-2.54969595899476,-0.235377287183533,-2.27484797949738,-0.648635479497379
2.71984925493752,-2.61803398874989,-2.35114100916989,-0.235377287183533,-2.17557050458495,-0.597758004584946
2.72964480754741,-2.68865585100403,-2.14330717991599,-0.235377287183533,-2.07165358995799,-0.541441089957993
2.73899736503452,-2.75261336008773,-1.92701469640686,-0.235377287183533,-1.96350734820343,-0.48009484820343
2.74792044930663,-2.80965410493204,-1.70311716626029,-0.235377287183533,-1.85155858313015,-0.414146083130145
2.75642726299987,-2.8595529717765,-1.47249821073871,-0.235377287183533,-1.73624910536936,-0.344036605369356
2.76453068018716,-2.90211303259031,-1.23606797749979,-0.235377287183533,-1.61803398874989,-0.270221488749895
2.77224323761562,-2.93716632225726,-0.994759548659419,-0.235377287183533,-1.49737977432971,-0.19316727432971
2.7795771264516,-2.96457450145738,-0.749525258342899,-0.235377287183533,-1.37476262917145,-0.11335012917145
2.78654418451252,-2.98422940262896,-0.501332934257217,-0.235377287183533,-1.25066646712861,-0.0312539671286087
2.7931558889651,-2.99605345685654,-0.251162078117254,-0.235377287183533,-1.12558103905863,0.0526314609413732
2.79942334946997,-3,2.44929359829471e-16,-0.235377287183533,-1,0.1378125
2.80535730175333,-2.99605345685654,0.251162078117254,-0.235377287183533,-0.874418960941373,0.223793539058627
2.81096810158655,-2.98422940262896,0.501332934257218,-0.235377287183533,-0.749333532871391,0.310078967128609
2.8162657191555,-2.96457450145738,0.7495252583429,-0.235377287183533,-0.62523737082855,0.39617512917145
2.82125973380163,-2.93716632225726,0.994759548659419,-0.235377287183533,-0.502620225670291,0.481592274329709
2.82595932911768,-2.90211303259031,1.23606797749979,-0.235377287183533,-0.381966011250105,0.565846488749895
2.83037328838142,-2.8595529717765,1.47249821073871,-0.235377287183533,-0.263750894630644,0.648461605369356
2.83450999031132,-2.80965410493204,1.70311716626029,-0.235377287183533,-0.148441416869855,0.728971083130145
2.83837740512893,-2.75261336008773,1.92701469640686,-0.235377287183533,-0.0364926517965692,0.806919848203431
2.84198309091329,-2.68865585100403,2.14330717991599,-0.235377287183533,0.0716535899579935,0.881866089957993
2.84533419023329,-2.61803398874989,2.35114100916989,-0.235377287183533,0.175570504584947,0.953383004584947
2.84843742704477,-2.54102648555158,2.54969595899476,-0.235377287183533,0.274847979497379,1.02106047949738
2.85129910383971,-2.45793725484282,2.73818842371475,-0.235377287183533,0.369094211857377,1.08450671185738
2.85392509903569,-2.36909421185738,2.91587450968565,-0.235377287183533,0.457937254842823,1.14334975484282
2.85632086459432,-2.27484797949738,3.08205297110316,-0.235377287183533,0.541026485551579,1.19723898555158
2.85849142385842,-2.17557050458495,3.23606797749979,-0.235377287183533,0.618033988749895,1.2458464887499
2.86044136959808,-2.07165358995799,3.37731170200806,-0.235377287183533,0.68865585100403,1.28886835100403
2.86217486225676,-1.96350734820343,3.50522672017545,-0.235377287183533,0.752613360087727,1.32602586008773
2.86369562838923,-1.85155858313015,3.61930820986408,-0.235377287183533,0.809654104932039,1.35706660493204
2.86500695928397,-1.73624910536936,3.71910594355301,-0.235377287183533,0.859552971776503,1.3817654717765
2.86611170976327,-1.61803398874989,3.80422606518061,-0.235377287183533,0.902113032590307,1.39992553259031
2.86611170976327,-0.381966011250105,3.80422606518061,-0.235377287183533,0.902113032590307,1.19992553259031
2.86500695928397,-0.263750894630643,3.71910594355301,-0.235377287183533,0.859552971776503,1.1417654717765
2.86369562838923,-0.148441416869854,3.61930820986408,-0.235377287183533,0.809654104932039,1.07706660493204
2.86217486225676,-0.03649265179657,3.50522672017545,-0.235377287183533,0.752613360087727,1.00602586008773
2.86044136959808,0.0716535899579929,3.37731170200806,-0.235377287183533,0.68865585100403,0.92886835100403
2.85849142385842,0.175570504584946,3.23606797749979,-0.235377287183533,0.618033988749895,0.845846488749895
2.85632086459432,0.274847979497379,3.08205297110316,-0.235377287183533,0.541026485551579,0.757238985551579
2.85392509903569,0.369094211857377,2.91587450968565,-0.235377287183533,0.457937254842823,0.663349754842823
2.85129910383971,0.457937254842823,2.73818842371475,-0.235377287183533,0.369094211857377,0.564506711857377
2.84843742704477,0.541026485551579,2.54969595899476,-0.235377287183533,0.274847979497379,0.461060479497379
2.84533419023329,0.618033988749895,2.35114100916989,-0.235377287183533,0.175570504584946,0.353383004584946
2.84198309091329,0.68865585100403,2.14330717991599,-0.235377287183533,0.0716535899579933,0.241866089957993
2.83837740512893,0.752613360087727,1.92701469640686,-0.235377287183533,-0.0364926517965696,0.12691984820343
2.83450999031132,0.809654104932039,1.70311716626029,-0.235377287183533,-0.148441416869855,0.00897108313014483
2.83037328838142,0.859552971776503,1.47249821073871,-0.235377287183533,-0.263750894630645,-0.111538394630645
2.82595932911768,0.902113032590307,1.23606797749979,-0.235377287183533,-0.381966011250106,-0.234153511250106
2.82125973380163,0.937166322257262,0.99475954865942,-0.235377287183533,-0.50262022567029,-0.35840772567029
2.8162657191555,0.964574501457377,0.7495252583429,-0.235377287183533,-0.62523737082855,-0.48382487082855
2.81096810158655,0.984229402628956,0.501332934257218,-0.235377287183533,-0.749333532871391,-0.609921032871391
2.80535730175333,0.996053456856543,0.251162078117254,-0.235377287183533,-0.874418960941373,-0.736206460941373
2.79942334946997,1,2.44929359829471e-16,-0.235377287183533,-1,-0.8621875
2.7931558889651,0.996053456856543,-0.251162078117254,-0.235377287183533,-1.12558103905863,-0.987368539058627
2.78654418451252,0.984229402628956,-0.501332934257217,-0.235377287183533,-1.25066646712861,-1.11125396712861
2.7795771264516,0.964574501457377,-0.749525258342899,-0.235377287183533,-1.37476262917145,-1.23335012917145
2.77224323761562,0.937166322257262,-0.994759548659419,-0.235377287183533,-1.49737977432971,-1.35316727432971
2.76453068018716,0.902113032590307,-1.23606797749979,-0.235377287183533,-1.6180339887499,-1.4702214887499
2.75642726299987,0.859552971776503,-1.47249821073871,-0.235377287183533,-1.73624910536936,-1.58403660536936
2.74792044930663,0.809654104932039,-1.70311716626029,-0.235377287183533,-1.85155858313015,-1.69414608313015
2.73899736503452,0.752613360087727,-1.92701469640686,-0.235377287183533,-1.96350734820343,-1.80009484820343
2.72964480754741,0.68865585100403,-2.14330717991599,-0.235377287183533,-2.07165358995799,-1.90144108995799
2.71984925493752,0.618033988749895,-2.35114100916989,-0.235377287183533,-2.17557050458495,-1.99775800458495
2.7095968758675,0.541026485551579,-2.54969595899476,-0.235377287183533,-2.27484797949738,-2.08863547949738
2.698873539985,0.457937254842823,-2.73818842371475,-0.235377287183533,-2.36909421185738,-2.17368171185738
2.68766482893204,0.369094211857378,-2.91587450968565,-0.235377287183533,-2.45793725484282,-2.25252475484282
2.67595604797155,0.27484797949738,-3.08205297110316,-0.235377287183533,-2.54102648555158,-2.32481398555158
2.66373223825397,0.175570504584946,-3.23606797749979,-0.235377287183533,-2.61803398874989,-2.39022148874989
2.65097818974658,0.0716535899579933,-3.37731170200806,-0.235377287183533,-2.68865585100403,-2.44844335100403
2.63767845484862,-0.0364926517965696,-3.50522672017545,-0.235377287183533,-2.75261336008773,-2.49920086008773
2.62381736271524,-0.148441416869855,-3.61930820986408,-0.235377287183533,-2.80965410493204,-2.54224160493204
2.60937903431316,-0.263750894630645,-3.71910594355301,-0.235377287183533,-2.8595529717765,-2.5773404717765
2.55327543112954,-1.61803398874989,-3.80422606518061,-0.654429724189626,-2.90211303259031,-0.779663032590307
2.56899974758599,-1.73624910536936,-3.71910594355301,-0.654429724189626,-2.8595529717765,-0.792702971776503
2.58411914524919,-1.85155858313015,-3.61930820986408,-0.654429724189626,-2.80965410493204,-0.797604104932039
2.59864936221234,-1.96350734820343,-3.50522672017545,-0.654429724189626,-2.75261336008773,-0.794563360087727
2.61260595884117,-2.07165358995799,-3.37731170200806,-0.654429724189626,-2.68865585100403,-0.78380585100403
2.62600430153497,-2.17557050458495,-3.23606797749979,-0.654429724189626,-2.61803398874989,-0.765583988749895
2.63885954724439,-2.27484797949738,-3.08205297110316,-0.654429724189626,-2.54102648555158,-0.740176485551578
2.65118662872391,-2.36909421185738,-2.91587450968565,-0.654429724189626,-2.45793725484282,-0.707887254842823
2.66300024049664,-2.45793725484282,-2.73818842371475,-0.654429724189626,-2.36909421185738,-0.669044211857377
2.67431482550902,-2.54102648555158,-2.54969595899476,-0.654429724189626,-2.27484797949738,-0.623997979497379
2.68514456245329,-2.61803398874989,-2.35114100916989,-0.654429724189626,-2.17557050458495,-0.573120504584946
2.69550335373522,-2.68865585100403,-2.14330717991599,-0.654429724189626,-2.07165358995799,-0.516803589957993
2.70540481406521,-2.75261336008773,-1.92701469640686,-0.654429724189626,-1.96350734820343,-0.45545734820343
2.71486225965058,-2.80965410493204,-1.70311716626029,-0.654429724189626,-1.85155858313015,-0.389508583130145
2.72388869796749,-2.8595529717765,-1.47249821073871,-0.654429724189626,-1.73624910536936,-0.319399105369356
2.7324968180909,-2.90211303259031,-1.23606797749979,-0.654429724189626,-1.61803398874989,-0.245583988749895
2.74069898156138,-2.93716632225726,-0.994759548659419,-0.654429724189626,-1.49737977432971,-0.16852977432971
2.74850721376806,-2.96457450145738,-0.749525258342899,-0.654429724189626,-1.37476262917145,-0.0887126291714495
2.75593319582709,-2.98422940262896,-0.501332934257217,-0.654429724189626,-1.25066646712861,-0.00661646712860864
2.76298825693568,-2.99605345685654,-0.251162078117254,-0.654429724189626,-1.12558103905863,0.0772689609413733
2.76968336718208,-3,2.44929359829471e-16,-0.654429724189626,-1,0.16245
2.77602913079238,-2.99605345685654,0.251162078117254,-0.654429724189626,-0.874418960941373,0.248431039058627
2.78203577979547,-2.98422940262896,0.501332934257218,-0.654429724189626,-0.749333532871391,0.334716467128609
2.78771316808807,-2.96457450145738,0.7495252583429,-0.654429724189626,-0.62523737082855,0.42081262917145
2.79307076588234,-2.93716632225726,0.994759548659419,-0.654429724189626,-0.502620225670291,0.50622977432971
2.79811765451899,-2.90211303259031,1.23606797749979,-0.654429724189626,-0.381966011250105,0.590483988749895
2.80286252162953,-2.8595529717765,1.47249821073871,-0.654429724189626,-0.263750894630644,0.673099105369356
2.80731365663204,-2.80965410493204,1.70311716626029,-0.654429724189626,-0.148441416869855,0.753608583130145
2.81147894654505,-2.75261336008773,1.92701469640686,-0.654429724189626,-0.0364926517965692,0.831557348203431
2.81536587210529,-2.68865585100403,2.14330717991599,-0.654429724189626,0.0716535899579935,0.906503589957993
2.81898150417539,-2.61803398874989,2.35114100916989,-0.654429724189626,0.175570504584947,0.978020504584947
2.82233250042834,-2.54102648555158,2.54969595899476,-0.654429724189626,0.274847979497379,1.04569797949738
2.82542510229629,-2.45793725484282,2.73818842371475,-0.654429724189626,0.369094211857377,1.10914421185738
2.82826513217204,-2.36909421185738,2.91587450968565,-0.654429724189626,0.457937254842823,1.16798725484282
2.83085799085196,-2.27484797949738,3.08205297110316,-0.654429724189626,0.541026485551579,1.22187648555158
2.83320865521022,-2.17557050458495,3.23606797749979,-0.654429724189626,0.618033988749895,1.27048398874989
2.83532167609467,-2.07165358995799,3.37731170200806,-0.654429724189626,0.68865585100403,1.31350585100403
2.83720117643548,-1.96350734820343,3.50522672017545,-0.654429724189626,0.752613360087727,1.35066336008773
2.83885084955854,-1.85155858313015,3.61930820986408,-0.654429724189626,0.809654104932039,1.38170410493204
2.84027395769618,-1.73624910536936,3.71910594355301,-0.654429724189626,0.859552971776503,1.4064029717765
2.84147333068868,-1.61803398874989,3.80422606518061,-0.654429724189626,0.902113032590307,1.42456303259031
2.84147333068868,-0.381966011250105,3.80422606518061,-0.654429724189626,0.902113032590307,1.22456303259031
2.84027395769618,-0.263750894630643,3.71910594355301,-0.654429724189626,0.859552971776503,1.1664029717765
2.83885084955854,-0.148441416869854,3.61930820986408,-0.654429724189626,0.809654104932039,1.10170410493204
2.83720117643548,-0.03649265179657,3.50522672017545,-0.654429724189626,0.752613360087727,1.03066336008773
2.83532167609467,0.0716535899579929,3.37731170200806,-0.654429724189626,0.68865585100403,0.95350585100403
2.83320865521022,0.175570504584946,3.23606797749979,-0.654429724189626,0.618033988749895,0.870483988749895
2.83085799085196,0.274847979497379,3.08205297110316,-0.654429724189626,0.541026485551579,0.781876485551579
2.82826513217204,0.369094211857377,2.91587450968565,-0.654429724189626,0.457937254842823,0.687987254842823
2.82542510229629,0.457937254842823,2.73818842371475,-0.654429724189626,0.369094211857377,0.589144211857377
2.82233250042834,0.541026485551579,2.54969595899476,-0.654429724189626,0.274847979497379,0.485697979497379
2.81898150417539,0.618033988749895,2.35114100916989,-0.654429724189626,0.175570504584946,0.378020504584946
2.81536587210529,0.68865585100403,2.14330717991599,-0.654429724189626,0.0716535899579933,0.266503589957993
2.81147894654505,0.752613360087727,1.92701469640686,-0.654429724189626,-0.0364926517965696,0.15155734820343
2.80731365663204,0.809654104932039,1.70311716626029,-0.654429724189626,-0.148441416869855,0.0336085831301447
2.80286252162953,0.859552971776503,1.47249821073871,-0.654429724189626,-0.263750894630645,-0.0869008946306449
2.79811765451899,0.902113032590307,1.23606797749979,-0.654429724189626,-0.381966011250106,-0.209516011250106
2.79307076588234,0.937166322257262,0.99475954865942,-0.654429724189626,-0.50262022567029,-0.33377022567029
2.78771316808807,0.964574501457377,0.7495252583429,-0.654429724189626,-0.62523737082855,-0.45918737082855
2.78203577979547,0.984229402628956,0.501332934257218,-0.654429724189626,-0.749333532871391,-0.585283532871391
2.77602913079238,0.996053456856543,0.251162078117254,-0.654429724189626,-0.874418960941373,-0.711568960941373
2.76968336718208,1,2.44929359829471e-16,-0.654429724189626,-1,-0.83755
2.76298825693568,0.996053456856543,-0.251162078117254,-0.654429724189626,-1.12558103905863,-0.962731039058627
2.75593319582709,0.984229402628956,-0.501332934257217,-0.654429724189626,-1.25066646712861,-1.08661646712861
2.74850721376806,0.964574501457377,-0.749525258342899,-0.654429724189626,-1.37476262917145,-1.20871262917145
2.74069898156138,0.937166322257262,-0.994759548659419,-0.654429724189626,-1.49737977432971,-1.32852977432971
2.7324968180909,0.902113032590307,-1.23606797749979,-0.654429724189626,-1.6180339887499,-1.4455839887499
2.72388869796749,0.859552971776503,-1.47249821073871,-0.654429724189626,-1.73624910536936,-1.55939910536936
2.71486225965058,0.809654104932039,-1.70311716626029,-0.654429724189626,-1.85155858313015,-1.66950858313015
2.70540481406521,0.752613360087727,-1.92701469640686,-0.654429724189626,-1.96350734820343,-1.77545734820343
2.69550335373522,0.68865585100403,-2.14330717991599,-0.654429724189626,-2.07165358995799,-1.87680358995799
2.68514456245329,0.618033988749895,-2.35114100916989,-0.654429724189626,-2.17557050458495,-1.97312050458495
2.67431482550902,0.541026485551579,-2.54969595899476,-0.654429724189626,-2.27484797949738,-2.06399797949738
2.66300024049664,0.457937254842823,-2.73818842371475,-0.654429724189626,-2.36909421185738,-2.14904421185738
2.65118662872391,0.369094211857378,-2.91587450968565,-0.654429724189626,-2.45793725484282,-2.22788725484282
2.63885954724439,0.27484797949738,-3.08205297110316,-0.654429724189626,-2.54102648555158,-2.30017648555158
2.62600430153497,0.175570504584946,-3.23606797749979,-0.654429724189626,-2.61803398874989,-2.36558398874989
2.61260595884117,0.0716535899579933,-3.37731170200806,-0.654429724189626,-2.68865585100403,-2.42380585100403
2.59864936221234,-0.0364926517965696,-3.50522672017545,-0.654429724189626,-2.75261336008773,-2.47456336008773
2.58411914524919,-0.148441416869855,-3.61930820986408,-0.654429724189626,-2.80965410493204,-2.51760410493204
2.56899974758599,-0.263750894630645,-3.71910594355301,-0.654429724189626,-2.8595529717765,-2.5527029717765
2.50850687385559,-1.61803398874989,-3.80422606518061,-1.06042453133777,-2.90211303259031,-0.753000532590307
2.52494171839128,-1.73624910536936,-3.71910594355301,-1.06042453133777,-2.8595529717765,-0.766040471776503
2.54075999221038,-1.85155858313015,-3.61930820986408,-1.06042453133777,-2.80965410493204,-0.770941604932039
2.55597707386013,-1.96350734820343,-3.50522672017545,-1.06042453133777,-2.75261336008773,-0.767900860087728
2.57060817957454,-2.07165358995799,-3.37731170200806,-1.06042453133777,-2.68865585100403,-0.75714335100403
2.5846683466008,-2.17557050458495,-3.23606797749979,-1.06042453133777,-2.61803398874989,-0.738921488749895
2.59817241728396,-2.27484797949738,-3.08205297110316,-1.06042453133777,-2.54102648555158,-0.713513985551578
2.61113502388876,-2.36909421185738,-2.91587450968565,-1.06042453133777,-2.45793725484282,-0.681224754842823
2.6235705741369,-2.45793725484282,-2.73818842371475,-1.06042453133777,-2.36909421185738,-0.642381711857378
2.63549323743815,-2.54102648555158,-2.54969595899476,-1.06042453133777,-2.27484797949738,-0.59733547949738
2.64691693179361,-2.61803398874989,-2.35114100916989,-1.06042453133777,-2.17557050458495,-0.546458004584946
2.65785531134962,-2.68865585100403,-2.14330717991599,-1.06042453133777,-2.07165358995799,-0.490141089957993
2.66832175458062,-2.75261336008773,-1.92701469640686,-1.06042453133777,-1.96350734820343,-0.42879484820343
2.67832935307974,-2.80965410493204,-1.70311716626029,-1.06042453133777,-1.85155858313015,-0.362846083130145
2.6878909009358,-2.8595529717765,-1.47249821073871,-1.06042453133777,-1.73624910536936,-0.292736605369356
2.69701888467585,-2.90211303259031,-1.23606797749979,-1.06042453133777,-1.61803398874989,-0.218921488749895
2.70572547375245,-2.93716632225726,-0.994759548659419,-1.06042453133777,-1.49737977432971,-0.14186727432971
2.71402251155543,-2.96457450145738,-0.749525258342899,-1.06042453133777,-1.37476262917145,-0.0620501291714497
2.72192150692798,-2.98422940262896,-0.501332934257217,-1.06042453133777,-1.25066646712861,0.0200460328713912
2.72943362616752,-2.99605345685654,-0.251162078117254,-1.06042453133777,-1.12558103905863,0.103931460941373
2.73656968549206,-3,2.44929359829471e-16,-1.06042453133777,-1,0.1891125
2.74334014395338,-2.99605345685654,0.251162078117254,-1.06042453133777,-0.874418960941373,0.275093539058627
2.74975509677854,-2.98422940262896,0.501332934257218,-1.06042453133777,-0.749333532871391,0.361378967128609
2.75582426912215,-2.96457450145738,0.7495252583429,-1.06042453133777,-0.62523737082855,0.44747512917145
2.761557010212,-2.93716632225726,0.994759548659419,-1.06042453133777,-0.502620225670291,0.532892274329709
2.76696228787136,-2.90211303259031,1.23606797749979,-1.06042453133777,-0.381966011250105,0.617146488749895
2.7720486834019,-2.8595529717765,1.47249821073871,-1.06042453133777,-0.263750894630644,0.699761605369356
2.77682438681156,-2.80965410493204,1.70311716626029,-1.06042453133777,-0.148441416869855,0.780271083130145
2.78129719237262,-2.75261336008773,1.92701469640686,-1.06042453133777,-0.0364926517965692,0.858219848203431
2.78547449449552,-2.68865585100403,2.14330717991599,-1.06042453133777,0.0716535899579935,0.933166089957993
2.7893632839049,-2.61803398874989,2.35114100916989,-1.06042453133777,0.175570504584947,1.00468300458495
2.79297014410485,-2.54102648555158,2.54969595899476,-1.06042453133777,0.274847979497379,1.07236047949738
2.79630124812106,-2.45793725484282,2.73818842371475,-1.06042453133777,0.369094211857377,1.13580671185738
2.79936235550832,-2.36909421185738,2.91587450968565,-1.06042453133777,0.457937254842823,1.19464975484282
2.80215880961233,-2.27484797949738,3.08205297110316,-1.06042453133777,0.541026485551579,1.24853898555158
2.80469553507581,-2.17557050458495,3.23606797749979,-1.06042453133777,0.618033988749895,1.29714648874989
2.80697703557926,-2.07165358995799,3.37731170200806,-1.06042453133777,0.68865585100403,1.34016835100403
2.80900739180774,-1.96350734820343,3.50522672017545,-1.06042453133777,0.752613360087727,1.37732586008773
2.81079025963558,-1.85155858313015,3.61930820986408,-1.06042453133777,0.809654104932039,1.40836660493204
2.81232886852183,-1.73624910536936,3.71910594355301,-1.06042453133777,0.859552971776503,1.4330654717765
2.81362602010983,-1.61803398874989,3.80422606518061,-1.06042453133777,0.902113032590307,1.45122553259031
2.81362602010983,-0.381966011250105,3.80422606518061,-1.06042453133777,0.902113032590307,1.25122553259031
2.81232886852183,-0.263750894630643,3.71910594355301,-1.06042453133777,0.859552971776503,1.1930654717765
2.81079025963558,-0.148441416869854,3.61930820986408,-1.06042453133777,0.809654104932039,1.12836660493204
2.80900739180774,-0.03649265179657,3.50522672017545,-1.06042453133777,0.752613360087727,1.05732586008773
2.80697703557926,0.0716535899579929,3.37731170200806,-1.06042453133777,0.68865585100403,0.98016835100403
2.80469553507581,0.175570504584946,3.23606797749979,-1.06042453133777,0.618033988749895,0.897146488749895
2.80215880961233,0.274847979497379,3.08205297110316,-1.06042453133777,0.541026485551579,0.808538985551579
2.79936235550832,0.369094211857377,2.91587450968565,-1.06042453133777,0.457937254842823,0.714649754842823
2.79630124812106,0.457937254842823,2.73818842371475,-1.06042453133777,0.369094211857377,0.615806711857377
2.79297014410485,0.541026485551579,2.54969595899476,-1.06042453133777,0.274847979497379,0.512360479497379
2.7893632839049,0.618033988749895,2.35114100916989,-1.06042453133777,0.175570504584946,0.404683004584946
2.78547449449552,0.68865585100403,2.14330717991599,-1.06042453133777,0.0716535899579933,0.293166089957993
2.78129719237262,0.752613360087727,1.92701469640686,-1.06042453133777,-0.0364926517965696,0.17821984820343
2.77682438681156,0.809654104932039,1.70311716626029,-1.06042453133777,-0.148441416869855,0.0602710831301447
2.7720486834019,0.859552971776503,1.47249821073871,-1.06042453133777,-0.263750894630645,-0.0602383946306448
2.76696228787136,0.902113032590307,1.23606797749979,-1.06042453133777,-0.381966011250106,-0.182853511250106
2.761557010212,0.937166322257262,0.99475954865942,-1.06042453133777,-0.50262022567029,-0.30710772567029
2.75582426912215,0.964574501457377,0.7495252583429,-1.06042453133777,-0.62523737082855,-0.43252487082855
2.74975509677854,0.984229402628956,0.501332934257218,-1.06042453133777,-0.749333532871391,-0.558621032871391
2.74334014395338,0.996053456856543,0.251162078117254,-1.06042453133777,-0.874418960941373,-0.684906460941373
2.73656968549206,1,2.44929359829471e-16,-1.06042453133777,-1,-0.8108875
2.72943362616752,0.996053456856543,-0.251162078117254,-1.06042453133777,-1.12558103905863,-0.936068539058627
2.72192150692798,0.984229402628956,-0.501332934257217,-1.06042453133777,-1.25066646712861,-1.05995396712861
2.71402251155543,0.964574501457377,-0.749525258342899,-1.06042453133777,-1.37476262917145,-1.18205012917145
2.70572547375245,0.937166322257262,-0.994759548659419,-1.06042453133777,-1.49737977432971,-1.30186727432971
2.69701888467585,0.902113032590307,-1.23606797749979,-1.06042453133777,-1.6180339887499,-1.4189214887499
2.6878909009358,0.859552971776503,-1.47249821073871,-1.06042453133777,-1.73624910536936,-1.53273660536936
2.67832935307974,0.809654104932039,-1.70311716626029,-1.06042453133777,-1.85155858313015,-1.64284608313015
2.66832175458062,0.752613360087727,-1.92701469640686,-1.06042453133777,-1.96350734820343,-1.74879484820343
2.65785531134962,0.68865585100403,-2.14330717991599,-1.06042453133777,-2.07165358995799,-1.85014108995799
2.64691693179361,0.618033988749895,-2.35114100916989,-1.06042453133777,-2.17557050458495,-1.94645800458495
2.63549323743815,0.541026485551579,-2.54969595899476,-1.06042453133777,-2.27484797949738,-2.03733547949738
2.6235705741369,0.457937254842823,-2.73818842371475,-1.06042453133777,-2.36909421185738,-2.12238171185738
2.61113502388876,0.369094211857378,-2.91587450968565,-1.06042453133777,-2.45793725484282,-2.20122475484282
2.59817241728396,0.27484797949738,-3.08205297110316,-1.06042453133777,-2.54102648555158,-2.27351398555158
2.5846683466008,0.175570504584946,-3.23606797749979,-1.06042453133777,-2.61803398874989,-2.33892148874989
2.57060817957454,0.0716535899579933,-3.37731170200806,-1.06042453133777,-2.68865585100403,-2.39714335100403
2.55597707386013,-0.0364926517965696,-3.50522672017545,-1.06042453133777,-2.75261336008773,-2.44790086008773
2.54075999221038,-0.148441416869855,-3.61930820986408,-1.06042453133777,-2.80965410493204,-2.49094160493204
2.52494171839128,-0.263750894630645,-3.71910594355301,-1.06042453133777,-2.8595529717765,-2.5260404717765
2.45983474759941,-1.61803398874989,-3.80422606518061,-1.44526102230515,-2.90211303259031,-0.724313032590307
2.4769958820243,-1.73624910536936,-3.71910594355301,-1.44526102230515,-2.8595529717765,-0.737352971776503
2.49352882034482,-1.85155858313015,-3.61930820986408,-1.44526102230515,-2.80965410493204,-0.742254104932039
2.50944855412733,-1.96350734820343,-3.50522672017545,-1.44526102230515,-2.75261336008773,-0.739213360087727
2.52476992880724,-2.07165358995799,-3.37731170200806,-1.44526102230515,-2.68865585100403,-0.72845585100403
2.53950762657654,-2.17557050458495,-3.23606797749979,-1.44526102230515,-2.61803398874989,-0.710233988749894
2.55367615003068,-2.27484797949738,-3.08205297110316,-1.44526102230515,-2.54102648555158,-0.684826485551578
2.56728980655445,-2.36909421185738,-2.91587450968565,-1.44526102230515,-2.45793725484282,-0.652537254842823
2.580362693426,-2.45793725484282,-2.73818842371475,-1.44526102230515,-2.36909421185738,-0.613694211857377
2.5929086836182,-2.54102648555158,-2.54969595899476,-1.44526102230515,-2.27484797949738,-0.568647979497379
2.60494141227627,-2.61803398874989,-2.35114100916989,-1.44526102230515,-2.17557050458495,-0.517770504584946
2.61647426385089,-2.68865585100403,-2.14330717991599,-1.44526102230515,-2.07165358995799,-0.461453589957993
2.62752035986589,-2.75261336008773,-1.92701469640686,-1.44526102230515,-1.96350734820343,-0.40010734820343
2.63809254729968,-2.80965410493204,-1.70311716626029,-1.44526102230515,-1.85155858313015,-0.334158583130145
2.64820338755987,-2.8595529717765,-1.47249821073871,-1.44526102230515,-1.73624910536936,-0.264049105369356
2.65786514603064,-2.90211303259031,-1.23606797749979,-1.44526102230515,-1.61803398874989,-0.190233988749894
2.66708978217271,-2.93716632225726,-0.994759548659419,-1.44526102230515,-1.49737977432971,-0.113179774329709
2.67588894015596,-2.96457450145738,-0.749525258342899,-1.44526102230515,-1.37476262917145,-0.0333626291714495
2.68427394000526,-2.98422940262896,-0.501332934257217,-1.44526102230515,-1.25066646712861,0.0487335328713916
2.69225576924013,-2.99605345685654,-0.251162078117254,-1.44526102230515,-1.12558103905863,0.132618960941373
2.69984507498962,-3,2.44929359829471e-16,-1.44526102230515,-1,0.2178
2.70705215656379,-2.99605345685654,0.251162078117254,-1.44526102230515,-0.874418960941373,0.303781039058627
2.71388695846409,-2.98422940262896,0.501332934257218,-1.44526102230515,-0.749333532871391,0.390066467128609
2.72035906381498,-2.96457450145738,0.7495252583429,-1.44526102230515,-0.62523737082855,0.47616262917145
2.72647768820006,-2.93716632225726,0.994759548659419,-1.44526102230515,-0.502620225670291,0.56157977432971
2.73225167388603,-2.90211303259031,1.23606797749979,-1.44526102230515,-0.381966011250105,0.645833988749895
2.73768948441894,-2.8595529717765,1.47249821073871,-1.44526102230515,-0.263750894630644,0.728449105369356
2.7427991995772,-2.80965410493204,1.70311716626029,-1.44526102230515,-0.148441416869855,0.808958583130145
2.74758851066675,-2.75261336008773,1.92701469640686,-1.44526102230515,-0.0364926517965692,0.886907348203431
2.75206471614442,-2.68865585100403,2.14330717991599,-1.44526102230515,0.0716535899579935,0.961853589957994
2.75623471755591,-2.61803398874989,2.35114100916989,-1.44526102230515,0.175570504584947,1.03337050458495
2.76010501577568,-2.54102648555158,2.54969595899476,-1.44526102230515,0.274847979497379,1.10104797949738
2.76368170753659,-2.45793725484282,2.73818842371475,-1.44526102230515,0.369094211857377,1.16449421185738
2.76697048223791,-2.36909421185738,2.91587450968565,-1.44526102230515,0.457937254842823,1.22333725484282
2.76997661902084,-2.27484797949738,3.08205297110316,-1.44526102230515,0.541026485551579,1.27722648555158
2.77270498410155,-2.17557050458495,3.23606797749979,-1.44526102230515,0.618033988749895,1.32583398874989
2.77516002835234,-2.07165358995799,3.37731170200806,-1.44526102230515,0.68865585100403,1.36885585100403
2.77734578512239,-1.96350734820343,3.50522672017545,-1.44526102230515,0.752613360087727,1.40601336008773
2.77926586828995,-1.85155858313015,3.61930820986408,-1.44526102230515,0.809654104932039,1.43705410493204
2.78092347053911,-1.73624910536936,3.71910594355301,-1.44526102230515,0.859552971776503,1.4617529717765
2.78232136185438,-1.61803398874989,3.80422606518061,-1.44526102230515,0.902113032590307,1.47991303259031
2.78232136185438,-0.381966011250105,3.80422606518061,-1.44526102230515,0.902113032590307,1.27991303259031
2.78092347053911,-0.263750894630643,3.71910594355301,-1.44526102230515,0.859552971776503,1.2217529717765
2.77926586828995,-0.148441416869854,3.61930820986408,-1.44526102230515,0.809654104932039,1.15705410493204
2.77734578512239,-0.03649265179657,3.50522672017545,-1.44526102230515,0.752613360087727,1.08601336008773
2.77516002835234,0.0716535899579929,3.37731170200806,-1.44526102230515,0.68865585100403,1.00885585100403
2.77270498410155,0.175570504584946,3.23606797749979,-1.44526102230515,0.618033988749895,0.925833988749895
2.76997661902084,0.274847979497379,3.08205297110316,-1.44526102230515,0.541026485551579,0.837226485551579
2.76697048223791,0.369094211857377,2.91587450968565,-1.44526102230515,0.457937254842823,0.743337254842823
2.76368170753659,0.457937254842823,2.73818842371475,-1.44526102230515,0.369094211857377,0.644494211857378
2.76010501577568,0.541026485551579,2.54969595899476,-1.44526102230515,0.274847979497379,0.541047979497379
2.75623471755591,0.618033988749895,2.35114100916989,-1.44526102230515,0.175570504584946,0.433370504584946
2.75206471614442,0.68865585100403,2.14330717991599,-1.44526102230515,0.0716535899579933,0.321853589957994
2.74758851066675,0.752613360087727,1.92701469640686,-1.44526102230515,-0.0364926517965696,0.20690734820343
2.7427991995772,0.809654104932039,1.70311716626029,-1.44526102230515,-0.148441416869855,0.0889585831301449
2.73768948441894,0.859552971776503,1.47249821073871,-1.44526102230515,-0.263750894630645,-0.0315508946306446
2.73225167388603,0.902113032590307,1.23606797749979,-1.44526102230515,-0.381966011250106,-0.154166011250106
2.72647768820006,0.937166322257262,0.99475954865942,-1.44526102230515,-0.50262022567029,-0.27842022567029
2.72035906381498,0.964574501457377,0.7495252583429,-1.44526102230515,-0.62523737082855,-0.40383737082855
2.71388695846409,0.984229402628956,0.501332934257218,-1.44526102230515,-0.749333532871391,-0.529933532871391
2.70705215656379,0.996053456856543,0.251162078117254,-1.44526102230515,-0.874418960941373,-0.656218960941373
2.69984507498962,1,2.44929359829471e-16,-1.44526102230515,-1,-0.7822
2.69225576924013,0.996053456856543,-0.251162078117254,-1.44526102230515,-1.12558103905863,-0.907381039058627
2.68427394000526,0.984229402628956,-0.501332934257217,-1.44526102230515,-1.25066646712861,-1.03126646712861
2.67588894015596,0.964574501457377,-0.749525258342899,-1.44526102230515,-1.37476262917145,-1.15336262917145
2.66708978217271,0.937166322257262,-0.994759548659419,-1.44526102230515,-1.49737977432971,-1.27317977432971
2.65786514603064,0.902113032590307,-1.23606797749979,-1.44526102230515,-1.6180339887499,-1.3902339887499
2.64820338755987,0.859552971776503,-1.47249821073871,-1.44526102230515,-1.73624910536936,-1.50404910536936
2.63809254729968,0.809654104932039,-1.70311716626029,-1.44526102230515,-1.85155858313015,-1.61415858313015
2.62752035986589,0.752613360087727,-1.92701469640686,-1.44526102230515,-1.96350734820343,-1.72010734820343
2.61647426385089,0.68865585100403,-2.14330717991599,-1.44526102230515,-2.07165358995799,-1.82145358995799
2.60494141227627,0.618033988749895,-2.35114100916989,-1.44526102230515,-2.17557050458495,-1.91777050458495
2.5929086836182,0.541026485551579,-2.54969595899476,-1.44526102230515,-2.27484797949738,-2.00864797949738
2.580362693426,0.457937254842823,-2.73818842371475,-1.44526102230515,-2.36909421185738,-2.09369421185738
2.56728980655445,0.369094211857378,-2.91587450968565,-1.44526102230515,-2.45793725484282,-2.17253725484282
2.55367615003068,0.27484797949738,-3.08205297110316,-1.44526102230515,-2.54102648555158,-2.24482648555158
2.53950762657654,0.175570504584946,-3.23606797749979,-1.44526102230515,-2.61803398874989,-2.31023398874989
2.52476992880724,0.0716535899579933,-3.37731170200806,-1.44526102230515,-2.68865585100403,-2.36845585100403
2.50944855412733,-0.0364926517965696,-3.50522672017545,-1.44526102230515,-2.75261336008773,-2.41921336008773
2.49352882034482,-0.148441416869855,-3.61930820986408,-1.44526102230515,-2.80965410493204,-2.46225410493204
2.4769958820243,-0.263750894630645,-3.71910594355301,-1.44526102230515,-2.8595529717765,-2.4973529717765
2.40705295510823,-1.61803398874989,-3.80422606518061,-1.80126067597765,-2.90211303259031,-0.693600532590307
2.42495386129761,-1.73624910536936,-3.71910594355301,-1.80126067597765,-2.8595529717765,-0.706640471776503
2.44221504416904,-1.85155858313015,-3.61930820986408,-1.80126067597765,-2.80965410493204,-0.711541604932039
2.45885107968834,-1.96350734820343,-3.50522672017545,-1.80126067597765,-2.75261336008773,-0.708500860087727
2.47487641464251,-2.07165358995799,-3.37731170200806,-1.80126067597765,-2.68865585100403,-0.69774335100403
2.49030534908608,-2.17557050458495,-3.23606797749979,-1.80126067597765,-2.61803398874989,-0.679521488749894
2.50515201954752,-2.27484797949738,-3.08205297110316,-1.80126067597765,-2.54102648555158,-0.654113985551578
2.5194303829757,-2.36909421185738,-2.91587450968565,-1.80126067597765,-2.45793725484282,-0.621824754842822
2.53315420140688,-2.45793725484282,-2.73818842371475,-1.80126067597765,-2.36909421185738,-0.582981711857377
2.54633702733175,-2.54102648555158,-2.54969595899476,-1.80126067597765,-2.27484797949738,-0.537935479497379
2.55899218974276,-2.61803398874989,-2.35114100916989,-1.80126067597765,-2.17557050458495,-0.487058004584946
2.57113278084121,-2.68865585100403,-2.14330717991599,-1.80126067597765,-2.07165358995799,-0.430741089957993
2.58277164338413,-2.75261336008773,-1.92701469640686,-1.80126067597765,-1.96350734820343,-0.36939484820343
2.59392135865074,-2.80965410493204,-1.70311716626029,-1.80126067597765,-1.85155858313015,-0.303446083130145
2.60459423500855,-2.8595529717765,-1.47249821073871,-1.80126067597765,-1.73624910536936,-0.233336605369356
2.61480229705924,-2.90211303259031,-1.23606797749979,-1.80126067597765,-1.61803398874989,-0.159521488749894
2.62455727534475,-2.93716632225726,-0.994759548659419,-1.80126067597765,-1.49737977432971,-0.0824672743297095
2.63387059659418,-2.96457450145738,-0.749525258342899,-1.80126067597765,-1.37476262917145,-0.00265012917144936
2.64275337449244,-2.98422940262896,-0.501332934257217,-1.80126067597765,-1.25066646712861,0.0794460328713915
2.651216400952,-2.99605345685654,-0.251162078117254,-1.80126067597765,-1.12558103905863,0.163331460941373
2.6592701378692,-3,2.44929359829471e-16,-1.80126067597765,-1,0.2485125
2.66692470934733,-2.99605345685654,0.251162078117254,-1.80126067597765,-0.874418960941373,0.334493539058627
2.6741898943688,-2.98422940262896,0.501332934257218,-1.80126067597765,-0.749333532871391,0.420778967128609
2.68107511989944,-2.96457450145738,0.7495252583429,-1.80126067597765,-0.62523737082855,0.50687512917145
2.68758945440816,-2.93716632225726,0.994759548659419,-1.80126067597765,-0.502620225670291,0.59229227432971
2.69374160178612,-2.90211303259031,1.23606797749979,-1.80126067597765,-0.381966011250105,0.676546488749895
2.69953989564962,-2.8595529717765,1.47249821073871,-1.80126067597765,-0.263750894630644,0.759161605369356
2.70499229401185,-2.80965410493204,1.70311716626029,-1.80126067597765,-0.148441416869855,0.839671083130145
2.71010637430909,-2.75261336008773,1.92701469640686,-1.80126067597765,-0.0364926517965692,0.917619848203431
2.71488932876748,-2.68865585100403,2.14330717991599,-1.80126067597765,0.0716535899579935,0.992566089957994
2.71934796009712,-2.61803398874989,2.35114100916989,-1.80126067597765,0.175570504584947,1.06408300458495
2.72348867750107,-2.54102648555158,2.54969595899476,-1.80126067597765,0.274847979497379,1.13176047949738
2.72731749298717,-2.45793725484282,2.73818842371475,-1.80126067597765,0.369094211857377,1.19520671185738
2.73084001797146,-2.36909421185738,2.91587450968565,-1.80126067597765,0.457937254842823,1.25404975484282
2.73406146016266,-2.27484797949738,3.08205297110316,-1.80126067597765,0.541026485551579,1.30793898555158
2.73698662071767,-2.17557050458495,3.23606797749979,-1.80126067597765,0.618033988749895,1.3565464887499
2.73961989165903,-2.07165358995799,3.37731170200806,-1.80126067597765,0.68865585100403,1.39956835100403
2.74196525354561,-1.96350734820343,3.50522672017545,-1.80126067597765,0.752613360087727,1.43672586008773
2.744026273389,-1.85155858313015,3.61930820986408,-1.80126067597765,0.809654104932039,1.46776660493204
2.74580610280826,-1.73624910536936,3.71910594355301,-1.80126067597765,0.859552971776503,1.4924654717765
2.74730747641682,-1.61803398874989,3.80422606518061,-1.80126067597765,0.902113032590307,1.51062553259031
2.74730747641682,-0.381966011250105,3.80422606518061,-1.80126067597765,0.902113032590307,1.31062553259031
2.74580610280826,-0.263750894630643,3.71910594355301,-1.80126067597765,0.859552971776503,1.2524654717765
2.744026273389,-0.148441416869854,3.61930820986408,-1.80126067597765,0.809654104932039,1.18776660493204
2.74196525354561,-0.03649265179657,3.50522672017545,-1.80126067597765,0.752613360087727,1.11672586008773
2.73961989165903,0.0716535899579929,3.37731170200806,-1.80126067597765,0.68865585100403,1.03956835100403
2.73698662071767,0.175570504584946,3.23606797749979,-1.80126067597765,0.618033988749895,0.956546488749895
2.73406146016266,0.274847979497379,3.08205297110316,-1.80126067597765,0.541026485551579,0.867938985551579
2.73084001797146,0.369094211857377,2.91587450968565,-1.80126067597765,0.457937254842823,0.774049754842823
2.72731749298717,0.457937254842823,2.73818842371475,-1.80126067597765,0.369094211857377,0.675206711857377
2.72348867750107,0.541026485551579,2.54969595899476,-1.80126067597765,0.274847979497379,0.571760479497379
2.71934796009712,0.618033988749895,2.35114100916989,-1.80126067597765,0.175570504584946,0.464083004584946
2.71488932876748,0.68865585100403,2.14330717991599,-1.80126067597765,0.0716535899579933,0.352566089957993
2.71010637430909,0.752613360087727,1.92701469640686,-1.80126067597765,-0.0364926517965696,0.23761984820343
2.70499229401185,0.809654104932039,1.70311716626029,-1.80126067597765,-0.148441416869855,0.119671083130145
2.69953989564962,0.859552971776503,1.47249821073871,-1.80126067597765,-0.263750894630645,-0.000838394630644723
2.69374160178612,0.902113032590307,1.23606797749979,-1.80126067597765,-0.381966011250106,-0.123453511250106
2.68758945440816,0.937166322257262,0.99475954865942,-1.80126067597765,-0.50262022567029,-0.24770772567029
2.68107511989944,0.964574501457377,0.7495252583429,-1.80126067597765,-0.62523737082855,-0.37312487082855
2.6741898943688,0.984229402628956,0.501332934257218,-1.80126067597765,-0.749333532871391,-0.499221032871391
2.66692470934733,0.996053456856543,0.251162078117254,-1.80126067597765,-0.874418960941373,-0.625506460941373
2.6592701378692,1,2.44929359829471e-16,-1.80126067597765,-1,-0.7514875
2.651216400952,0.996053456856543,-0.251162078117254,-1.80126067597765,-1.12558103905863,-0.876668539058627
2.64275337449244,0.984229402628956,-0.501332934257217,-1.80126067597765,-1.25066646712861,-1.00055396712861
2.63387059659418,0.964574501457377,-0.749525258342899,-1.80126067597765,-1.37476262917145,-1.12265012917145
2.62455727534475,0.937166322257262,-0.994759548659419,-1.80126067597765,-1.49737977432971,-1.24246727432971
2.61480229705924,0.902113032590307,-1.23606797749979,-1.80126067597765,-1.6180339887499,-1.35952148874989
2.60459423500855,0.859552971776503,-1.47249821073871,-1.80126067597765,-1.73624910536936,-1.47333660536936
2.59392135865074,0.809654104932039,-1.70311716626029,-1.80126067597765,-1.85155858313015,-1.58344608313015
2.58277164338413,0.752613360087727,-1.92701469640686,-1.80126067597765,-1.96350734820343,-1.68939484820343
2.57113278084121,0.68865585100403,-2.14330717991599,-1.80126067597765,-2.07165358995799,-1.79074108995799
2.55899218974276,0.618033988749895,-2.35114100916989,-1.80126067597765,-2.17557050458495,-1.88705800458495
2.54633702733175,0.541026485551579,-2.54969595899476,-1.80126067597765,-2.27484797949738,-1.97793547949738
2.53315420140688,0.457937254842823,-2.73818842371475,-1.80126067597765,-2.36909421185738,-2.06298171185738
2.5194303829757,0.369094211857378,-2.91587450968565,-1.80126067597765,-2.45793725484282,-2.14182475484282
2.50515201954752,0.27484797949738,-3.08205297110316,-1.80126067597765,-2.54102648555158,-2.21411398555158
2.49030534908608,0.175570504584946,-3.23606797749979,-1.80126067597765,-2.61803398874989,-2.27952148874989
2.47487641464251,0.0716535899579933,-3.37731170200806,-1.80126067597765,-2.68865585100403,-2.33774335100403
2.45885107968834,-0.0364926517965696,-3.50522672017545,-1.80126067597765,-2.75261336008773,-2.38850086008773
2.44221504416904,-0.148441416869855,-3.61930820986408,-1.80126067597765,-2.80965410493204,-2.43154160493204
2.42495386129761,-0.263750894630645,-3.71910594355301,-1.80126067597765,-2.8595529717765,-2.4666404717765
2.34995789467929,-1.61803398874989,-3.80422606518061,-2.12132034355964,-2.90211303259031,-0.660863032590307
2.36860957145282,-1.73624910536936,-3.71910594355301,-2.12132034355964,-2.8595529717765,-0.673902971776503
2.38661017184749,-1.85155858313015,-3.61930820986408,-2.12132034355964,-2.80965410493204,-0.678804104932039
2.40397382645819,-1.96350734820343,-3.50522672017545,-2.12132034355964,-2.75261336008773,-0.675763360087728
2.42071455442165,-2.07165358995799,-3.37731170200806,-2.12132034355964,-2.68865585100403,-0.66500585100403
2.43684624542189,-2.17557050458495,-3.23606797749979,-2.12132034355964,-2.61803398874989,-0.646783988749895
2.45238264245517,-2.27484797949738,-3.08205297110316,-2.12132034355964,-2.54102648555158,-0.621376485551578
2.46733732533599,-2.36909421185738,-2.91587450968565,-2.12132034355964,-2.45793725484282,-0.589087254842823
2.48172369492482,-2.45793725484282,-2.73818842371475,-2.12132034355964,-2.36909421185738,-0.550244211857377
2.49555495805861,-2.54102648555158,-2.54969595899476,-2.12132034355964,-2.27484797949738,-0.505197979497379
2.50884411316457,-2.61803398874989,-2.35114100916989,-2.12132034355964,-2.17557050458495,-0.454320504584946
2.52160393653786,-2.68865585100403,-2.14330717991599,-2.12132034355964,-2.07165358995799,-0.398003589957993
2.53384696926378,-2.75261336008773,-1.92701469640686,-2.12132034355964,-1.96350734820343,-0.33665734820343
2.54558550476498,-2.80965410493204,-1.70311716626029,-2.12132034355964,-1.85155858313015,-0.270708583130145
2.55683157695446,-2.8595529717765,-1.47249821073871,-2.12132034355964,-1.73624910536936,-0.200599105369356
2.56759694897507,-2.90211303259031,-1.23606797749979,-2.12132034355964,-1.61803398874989,-0.126783988749894
2.5778931025066,-2.93716632225726,-0.994759548659419,-2.12132034355964,-1.49737977432971,-0.0497297743297096
2.5877312276216,-2.96457450145738,-0.749525258342899,-2.12132034355964,-1.37476262917145,0.0300873708285505
2.59712221317143,-2.98422940262896,-0.501332934257217,-2.12132034355964,-1.25066646712861,0.112183532871391
2.60607663768432,-2.99605345685654,-0.251162078117254,-2.12132034355964,-1.12558103905863,0.196068960941373
2.61460476075751,-3,2.44929359829471e-16,-2.12132034355964,-1,0.28125
2.62271651492602,-2.99605345685654,0.251162078117254,-2.12132034355964,-0.874418960941373,0.367231039058627
2.63042149799083,-2.98422940262896,0.501332934257218,-2.12132034355964,-0.749333532871391,0.453516467128609
2.63772896578993,-2.96457450145738,0.7495252583429,-2.12132034355964,-0.62523737082855,0.53961262917145
2.64464782539581,-2.93716632225726,0.994759548659419,-2.12132034355964,-0.502620225670291,0.62502977432971
2.65118662872391,-2.90211303259031,1.23606797749979,-2.12132034355964,-0.381966011250105,0.709283988749895
2.65735356653655,-2.8595529717765,1.47249821073871,-2.12132034355964,-0.263750894630644,0.791899105369356
2.66315646282784,-2.80965410493204,1.70311716626029,-2.12132034355964,-0.148441416869855,0.872408583130145
2.66860276957534,-2.75261336008773,1.92701469640686,-2.12132034355964,-0.0364926517965692,0.950357348203431
2.67369956184498,-2.68865585100403,2.14330717991599,-2.12132034355964,0.0716535899579935,1.02530358995799
2.67845353323616,-2.61803398874989,2.35114100916989,-2.12132034355964,0.175570504584947,1.09682050458495
2.68287099165482,-2.54102648555158,2.54969595899476,-2.12132034355964,0.274847979497379,1.16449797949738
2.68695785540272,-2.45793725484282,2.73818842371475,-2.12132034355964,0.369094211857377,1.22794421185738
2.69071964957181,-2.36909421185738,2.91587450968565,-2.12132034355964,0.457937254842823,1.28678725484282
2.69416150273324,-2.27484797949738,3.08205297110316,-2.12132034355964,0.541026485551579,1.34067648555158
2.69728814391144,-2.17557050458495,3.23606797749979,-2.12132034355964,0.618033988749895,1.3892839887499
2.70010389983396,-2.07165358995799,3.37731170200806,-2.12132034355964,0.68865585100403,1.43230585100403
2.70261269244883,-1.96350734820343,3.50522672017545,-2.12132034355964,0.752613360087727,1.46946336008773
2.7048180367018,-1.85155858313015,3.61930820986408,-2.12132034355964,0.809654104932039,1.50050410493204
2.70672303856627,-1.73624910536936,3.71910594355301,-2.12132034355964,0.859552971776503,1.5252029717765
2.70833039331997,-1.61803398874989,3.80422606518061,-2.12132034355964,0.902113032590307,1.54336303259031
2.70833039331997,-0.381966011250105,3.80422606518061,-2.12132034355964,0.902113032590307,1.34336303259031
2.70672303856627,-0.263750894630643,3.71910594355301,-2.12132034355964,0.859552971776503,1.2852029717765
2.7048180367018,-0.148441416869854,3.61930820986408,-2.12132034355964,0.809654104932039,1.22050410493204
2.70261269244883,-0.03649265179657,3.50522672017545,-2.12132034355964,0.752613360087727,1.14946336008773
2.70010389983396,0.0716535899579929,3.37731170200806,-2.12132034355964,0.68865585100403,1.07230585100403
2.69728814391144,0.175570504584946,3.23606797749979,-2.12132034355964,0.618033988749895,0.989283988749895
2.69416150273324,0.274847979497379,3.08205297110316,-2.12132034355964,0.541026485551579,0.900676485551579
2.69071964957181,0.369094211857377,2.91587450968565,-2.12132034355964,0.457937254842823,0.806787254842823
2.68695785540272,0.457937254842823,2.73818842371475,-2.12132034355964,0.369094211857377,0.707944211857377
2.68287099165482,0.541026485551579,2.54969595899476,-2.12132034355964,0.274847979497379,0.604497979497379
2.67845353323616,0.618033988749895,2.35114100916989,-2.12132034355964,0.175570504584946,0.496820504584946
2.67369956184498,0.68865585100403,2.14330717991599,-2.12132034355964,0.0716535899579933,0.385303589957993
2.66860276957534,0.752613360087727,1.92701469640686,-2.12132034355964,-0.0364926517965696,0.27035734820343
2.66315646282784,0.809654104932039,1.70311716626029,-2.12132034355964,-0.148441416869855,0.152408583130145
2.65735356653655,0.859552971776503,1.47249821073871,-2.12132034355964,-0.263750894630645,0.0318991053693551
2.65118662872391,0.902113032590307,1.23606797749979,-2.12132034355964,-0.381966011250106,-0.090716011250106
2.64464782539581,0.937166322257262,0.99475954865942,-2.12132034355964,-0.50262022567029,-0.21497022567029
2.63772896578993,0.964574501457377,0.7495252583429,-2.12132034355964,-0.62523737082855,-0.34038737082855
2.63042149799083,0.984229402628956,0.501332934257218,-2.12132034355964,-0.749333532871391,-0.466483532871391
2.62271651492602,0.996053456856543,0.251162078117254,-2.12132034355964,-0.874418960941373,-0.592768960941373
2.61460476075751,1,2.44929359829471e-16,-2.12132034355964,-1,-0.71875
2.60607663768432,0.996053456856543,-0.251162078117254,-2.12132034355964,-1.12558103905863,-0.843931039058627
2.59712221317143,0.984229402628956,-0.501332934257217,-2.12132034355964,-1.25066646712861,-0.967816467128609
2.5877312276216,0.964574501457377,-0.749525258342899,-2.12132034355964,-1.37476262917145,-1.08991262917145
2.5778931025066,0.937166322257262,-0.994759548659419,-2.12132034355964,-1.49737977432971,-1.20972977432971
2.56759694897507,0.902113032590307,-1.23606797749979,-2.12132034355964,-1.6180339887499,-1.3267839887499
2.55683157695446,0.859552971776503,-1.47249821073871,-2.12132034355964,-1.73624910536936,-1.44059910536936
2.54558550476498,0.809654104932039,-1.70311716626029,-2.12132034355964,-1.85155858313015,-1.55070858313015
2.53384696926377,0.752613360087727,-1.92701469640686,-2.12132034355964,-1.96350734820343,-1.65665734820343
2.52160393653786,0.68865585100403,-2.14330717991599,-2.12132034355964,-2.07165358995799,-1.75800358995799
2.50884411316457,0.618033988749895,-2.35114100916989,-2.12132034355964,-2.17557050458495,-1.85432050458495
2.49555495805861,0.541026485551579,-2.54969595899476,-2.12132034355964,-2.27484797949738,-1.94519797949738
2.48172369492482,0.457937254842823,-2.73818842371475,-2.12132034355964,-2.36909421185738,-2.03024421185738
2.46733732533599,0.369094211857378,-2.91587450968565,-2.12132034355964,-2.45793725484282,-2.10908725484282
2.45238264245517,0.27484797949738,-3.08205297110316,-2.12132034355964,-2.54102648555158,-2.18137648555158
2.43684624542189,0.175570504584946,-3.23606797749979,-2.12132034355964,-2.61803398874989,-2.24678398874989
2.42071455442165,0.0716535899579933,-3.37731170200806,-2.12132034355964,-2.68865585100403,-2.30500585100403
2.40397382645819,-0.0364926517965696,-3.50522672017545,-2.12132034355964,-2.75261336008773,-2.35576336008773
2.38661017184749,-0.148441416869855,-3.61930820986408,-2.12132034355964,-2.80965410493204,-2.39880410493204
2.36860957145282,-0.263750894630645,-3.71910594355301,-2.12132034355964,-2.8595529717765,-2.4339029717765
2.28835021503878,-1.61803398874989,-3.80422606518061,-2.39905397546127,-2.90211303259031,-0.626100532590307
2.30776096659689,-1.73624910536936,-3.71910594355301,-2.39905397546127,-2.8595529717765,-0.639140471776503
2.32650954320492,-1.85155858313015,-3.61930820986408,-2.39905397546127,-2.80965410493204,-0.644041604932039
2.344609599212,-1.96350734820343,-3.50522672017545,-2.39905397546127,-2.75261336008773,-0.641000860087727
2.36207469599399,-2.07165358995799,-3.37731170200806,-2.39905397546127,-2.68865585100403,-0.63024335100403
2.37891828352027,-2.17557050458495,-3.23606797749979,-2.39905397546127,-2.61803398874989,-0.612021488749894
2.39515368267904,-2.27484797949738,-3.08205297110316,-2.39905397546127,-2.54102648555158,-0.586613985551578
2.41079406834348,-2.36909421185738,-2.91587450968565,-2.39905397546127,-2.45793725484282,-0.554324754842823
2.42585245316054,-2.45793725484282,-2.73818842371475,-2.39905397546127,-2.36909421185738,-0.515481711857377
2.4403416720443,-2.54102648555158,-2.54969595899476,-2.39905397546127,-2.27484797949738,-0.47043547949738
2.45427436735524,-2.61803398874989,-2.35114100916989,-2.39905397546127,-2.17557050458495,-0.419558004584946
2.46766297474688,-2.68865585100403,-2.14330717991599,-2.39905397546127,-2.07165358995799,-0.363241089957993
2.48051970966117,-2.75261336008773,-1.92701469640686,-2.39905397546127,-1.96350734820343,-0.30189484820343
2.49285655445394,-2.80965410493204,-1.70311716626029,-2.39905397546127,-1.85155858313015,-0.235946083130145
2.50468524613184,-2.8595529717765,-1.47249821073871,-2.39905397546127,-1.73624910536936,-0.165836605369356
2.51601726468217,-2.90211303259031,-1.23606797749979,-2.39905397546127,-1.61803398874989,-0.0920214887498945
2.5268638219774,-2.93716632225726,-0.994759548659419,-2.39905397546127,-1.49737977432971,-0.0149672743297096
2.53723585123594,-2.96457450145738,-0.749525258342899,-2.39905397546127,-1.37476262917145,0.0648498708285503
2.54714399702157,-2.98422940262896,-0.501332934257217,-2.39905397546127,-1.25066646712861,0.146946032871391
2.55659860576339,-2.99605345685654,-0.251162078117254,-2.39905397546127,-1.12558103905863,0.230831460941373
2.56560971677941,-3,2.44929359829471e-16,-2.39905397546127,-1,0.3160125
2.57418705378632,-2.99605345685654,0.251162078117254,-2.39905397546127,-0.874418960941373,0.401993539058627
2.58234001687902,-2.98422940262896,0.501332934257218,-2.39905397546127,-0.749333532871391,0.488278967128609
2.5900776749636,-2.96457450145738,0.7495252583429,-2.39905397546127,-0.62523737082855,0.57437512917145
2.59740875862795,-2.93716632225726,0.994759548659419,-2.39905397546127,-0.502620225670291,0.659792274329709
2.6043416534346,-2.90211303259031,1.23606797749979,-2.39905397546127,-0.381966011250105,0.744046488749895
2.61088439362094,-2.8595529717765,1.47249821073871,-2.39905397546127,-0.263750894630644,0.826661605369356
2.61704465619259,-2.80965410493204,1.70311716626029,-2.39905397546127,-0.148441416869855,0.907171083130145
2.62282975539582,-2.75261336008773,1.92701469640686,-2.39905397546127,-0.0364926517965692,0.985119848203431
2.62824663755606,-2.68865585100403,2.14330717991599,-2.39905397546127,0.0716535899579935,1.06006608995799
2.6333018762696,-2.61803398874989,2.35114100916989,-2.39905397546127,0.175570504584947,1.13158300458495
2.63800166793647,-2.54102648555158,2.54969595899476,-2.39905397546127,0.274847979497379,1.19926047949738
2.64235182762297,-2.45793725484282,2.73818842371475,-2.39905397546127,0.369094211857377,1.26270671185738
2.64635778524303,-2.36909421185738,2.91587450968565,-2.39905397546127,0.457937254842823,1.32154975484282
2.65002458204815,-2.27484797949738,3.08205297110316,-2.39905397546127,0.541026485551579,1.37543898555158
2.65335686741634,-2.17557050458495,3.23606797749979,-2.39905397546127,0.618033988749895,1.42404648874989
2.65635889593116,-2.07165358995799,3.37731170200806,-2.39905397546127,0.68865585100403,1.46706835100403
2.65903452474263,-1.96350734820343,3.50522672017545,-2.39905397546127,0.752613360087727,1.50422586008773
2.6613872112025,-1.85155858313015,3.61930820986408,-2.39905397546127,0.809654104932039,1.53526660493204
2.66342001076689,-1.73624910536936,3.71910594355301,-2.39905397546127,0.859552971776503,1.5599654717765
2.66513557516035,-1.61803398874989,3.80422606518061,-2.39905397546127,0.902113032590307,1.57812553259031
2.66513557516035,-0.381966011250105,3.80422606518061,-2.39905397546127,0.902113032590307,1.37812553259031
2.66342001076689,-0.263750894630643,3.71910594355301,-2.39905397546127,0.859552971776503,1.3199654717765
2.6613872112025,-0.148441416869854,3.61930820986408,-2.39905397546127,0.809654104932039,1.25526660493204
2.65903452474263,-0.03649265179657,3.50522672017545,-2.39905397546127,0.752613360087727,1.18422586008773
2.65635889593116,0.0716535899579929,3.37731170200806,-2.39905397546127,0.68865585100403,1.10706835100403
2.65335686741634,0.175570504584946,3.23606797749979,-2.39905397546127,0.618033988749895,1.0240464887499
2.65002458204815,0.274847979497379,3.08205297110316,-2.39905397546127,0.541026485551579,0.935438985551579
2.64635778524303,0.369094211857377,2.91587450968565,-2.39905397546127,0.457937254842823,0.841549754842823
2.64235182762297,0.457937254842823,2.73818842371475,-2.39905397546127,0.369094211857377,0.742706711857377
2.63800166793647,0.541026485551579,2.54969595899476,-2.39905397546127,0.274847979497379,0.639260479497379
2.6333018762696,0.618033988749895,2.35114100916989,-2.39905397546127,0.175570504584946,0.531583004584946
2.62824663755606,0.68865585100403,2.14330717991599,-2.39905397546127,0.0716535899579933,0.420066089957993
2.62282975539582,0.752613360087727,1.92701469640686,-2.39905397546127,-0.0364926517965696,0.30511984820343
2.61704465619259,0.809654104932039,1.70311716626029,-2.39905397546127,-0.148441416869855,0.187171083130145
2.61088439362094,0.859552971776503,1.47249821073871,-2.39905397546127,-0.263750894630645,0.0666616053693552
2.6043416534346,0.902113032590307,1.23606797749979,-2.39905397546127,-0.381966011250106,-0.0559535112501059
2.59740875862795,0.937166322257262,0.99475954865942,-2.39905397546127,-0.50262022567029,-0.18020772567029
2.5900776749636,0.964574501457377,0.7495252583429,-2.39905397546127,-0.62523737082855,-0.30562487082855
2.58234001687902,0.984229402628956,0.501332934257218,-2.39905397546127,-0.749333532871391,-0.431721032871391
2.57418705378632,0.996053456856543,0.251162078117254,-2.39905397546127,-0.874418960941373,-0.558006460941373
2.56560971677941,1,2.44929359829471e-16,-2.39905397546127,-1,-0.6839875
2.55659860576339,0.996053456856543,-0.251162078117254,-2.39905397546127,-1.12558103905863,-0.809168539058627
2.54714399702157,0.984229402628956,-0.501332934257217,-2.39905397546127,-1.25066646712861,-0.933053967128609
2.53723585123594,0.964574501457377,-0.749525258342899,-2.39905397546127,-1.37476262917145,-1.05515012917145
2.5268638219774,0.937166322257262,-0.994759548659419,-2.39905397546127,-1.49737977432971,-1.17496727432971
2.51601726468217,0.902113032590307,-1.23606797749979,-2.39905397546127,-1.6180339887499,-1.2920214887499
2.50468524613184,0.859552971776503,-1.47249821073871,-2.39905397546127,-1.73624910536936,-1.40583660536936
2.49285655445394,0.809654104932039,-1.70311716626029,-2.39905397546127,-1.85155858313015,-1.51594608313015
2.48051970966117,0.752613360087727,-1.92701469640686,-2.39905397546127,-1.96350734820343,-1.62189484820343
2.46766297474688,0.68865585100403,-2.14330717991599,-2.39905397546127,-2.07165358995799,-1.72324108995799
2.45427436735524,0.618033988749895,-2.35114100916989,-2.39905397546127,-2.17557050458495,-1.81955800458495
2.4403416720443,0.541026485551579,-2.54969595899476,-2.39905397546127,-2.27484797949738,-1.91043547949738
2.42585245316054,0.457937254842823,-2.73818842371475,-2.39905397546127,-2.36909421185738,-1.99548171185738
2.41079406834348,0.369094211857378,-2.91587450968565,-2.39905397546127,-2.45793725484282,-2.07432475484282
2.39515368267904,0.27484797949738,-3.08205297110316,-2.39905397546127,-2.54102648555158,-2.14661398555158
2.37891828352027,0.175570504584946,-3.23606797749979,-2.39905397546127,-2.61803398874989,-2.21202148874989
2.36207469599399,0.0716535899579933,-3.37731170200806,-2.39905397546127,-2.68865585100403,-2.27024335100403
2.344609599212,-0.0364926517965696,-3.50522672017545,-2.39905397546127,-2.75261336008773,-2.32100086008773
2.32650954320492,-0.148441416869855,-3.61930820986408,-2.39905397546127,-2.80965410493204,-2.36404160493204
2.30776096659689,-0.263750894630645,-3.71910594355301,-2.39905397546127,-2.8595529717765,-2.3991404717765
2.22203671461564,-1.61803398874989,-3.80422606518061,-2.62892004013159,-2.90211303259031,-0.589313032590307
2.24221193133617,-1.73624910536936,-3.71910594355301,-2.62892004013159,-2.8595529717765,-0.602352971776503
2.2617142137072,-1.85155858313015,-3.61930820986408,-2.62892004013159,-2.80965410493204,-0.607254104932039
2.28055670791246,-1.96350734820343,-3.50522672017545,-2.62892004013159,-2.75261336008773,-0.604213360087727
2.29875248640352,-2.07165358995799,-3.37731170200806,-2.62892004013159,-2.68865585100403,-0.59345585100403
2.31631452903273,-2.17557050458495,-3.23606797749979,-2.62892004013159,-2.61803398874989,-0.575233988749895
2.3332557049428,-2.27484797949738,-3.08205297110316,-2.62892004013159,-2.54102648555158,-0.549826485551578
2.34958875519631,-2.36909421185738,-2.91587450968565,-2.62892004013159,-2.45793725484282,-0.517537254842823
2.36532627612801,-2.45793725484282,-2.73818842371475,-2.62892004013159,-2.36909421185738,-0.478694211857377
2.38048070340261,-2.54102648555158,-2.54969595899476,-2.62892004013159,-2.27484797949738,-0.43364797949738
2.3950642967606,-2.61803398874989,-2.35114100916989,-2.62892004013159,-2.17557050458495,-0.382770504584946
2.40908912543424,-2.68865585100403,-2.14330717991599,-2.62892004013159,-2.07165358995799,-0.326453589957993
2.42256705421599,-2.75261336008773,-1.92701469640686,-2.62892004013159,-1.96350734820343,-0.26510734820343
2.43550973016149,-2.80965410493204,-1.70311716626029,-2.62892004013159,-1.85155858313015,-0.199158583130145
2.44792856990928,-2.8595529717765,-1.47249821073871,-2.62892004013159,-1.73624910536936,-0.129049105369356
2.45983474759941,-2.90211303259031,-1.23606797749979,-2.62892004013159,-1.61803398874989,-0.0552339887498945
2.47123918337331,-2.93716632225726,-0.994759548659419,-2.62892004013159,-1.49737977432971,0.0218202256702904
2.48215253243738,-2.96457450145738,-0.749525258342899,-2.62892004013159,-1.37476262917145,0.10163737082855
2.49258517467291,-2.98422940262896,-0.501332934257217,-2.62892004013159,-1.25066646712861,0.183733532871391
2.50254720477535,-2.99605345685654,-0.251162078117254,-2.62892004013159,-1.12558103905863,0.267618960941373
2.51204842290594,-3,2.44929359829471e-16,-2.62892004013159,-1,0.3528
2.52109832583933,-2.99605345685654,0.251162078117254,-2.62892004013159,-0.874418960941373,0.438781039058627
2.52970609859097,-2.98422940262896,0.501332934257218,-2.62892004013159,-0.749333532871391,0.525066467128609
2.53788060650846,-2.96457450145738,0.7495252583429,-2.62892004013159,-0.62523737082855,0.61116262917145
2.54563038781148,-2.93716632225726,0.994759548659419,-2.62892004013159,-0.502620225670291,0.696579774329709
2.55296364656539,-2.90211303259031,1.23606797749979,-2.62892004013159,-0.381966011250105,0.780833988749895
2.55988824607396,-2.8595529717765,1.47249821073871,-2.62892004013159,-0.263750894630644,0.863449105369356
2.5664117026773,-2.80965410493204,1.70311716626029,-2.62892004013159,-0.148441416869855,0.943958583130145
2.57254117994143,-2.75261336008773,1.92701469640686,-2.62892004013159,-0.0364926517965692,1.02190734820343
2.57828348322659,-2.68865585100403,2.14330717991599,-2.62892004013159,0.0716535899579935,1.09685358995799
2.58364505462189,-2.61803398874989,2.35114100916989,-2.62892004013159,0.175570504584947,1.16837050458495
2.58863196823442,-2.54102648555158,2.54969595899476,-2.62892004013159,0.274847979497379,1.23604797949738
2.59324992582163,-2.45793725484282,2.73818842371475,-2.62892004013159,0.369094211857377,1.29949421185738
2.59750425275641,-2.36909421185738,2.91587450968565,-2.62892004013159,0.457937254842823,1.35833725484282
2.60139989431468,-2.27484797949738,3.08205297110316,-2.62892004013159,0.541026485551579,1.41222648555158
2.60494141227627,-2.17557050458495,3.23606797749979,-2.62892004013159,0.618033988749895,1.46083398874989
2.60813298183036,-2.07165358995799,3.37731170200806,-2.62892004013159,0.68865585100403,1.50385585100403
2.61097838877731,-1.96350734820343,3.50522672017545,-2.62892004013159,0.752613360087727,1.54101336008773
2.61348102701949,-1.85155858313015,3.61930820986408,-2.62892004013159,0.809654104932039,1.57205410493204
2.61564389633456,-1.73624910536936,3.71910594355301,-2.62892004013159,0.859552971776503,1.5967529717765
2.61746960042489,-1.61803398874989,3.80422606518061,-2.62892004013159,0.902113032590307,1.61491303259031
2.61746960042489,-0.381966011250105,3.80422606518061,-2.62892004013159,0.902113032590307,1.41491303259031
2.61564389633456,-0.263750894630643,3.71910594355301,-2.62892004013159,0.859552971776503,1.3567529717765
2.61348102701949,-0.148441416869854,3.61930820986408,-2.62892004013159,0.809654104932039,1.29205410493204
2.61097838877731,-0.03649265179657,3.50522672017545,-2.62892004013159,0.752613360087727,1.22101336008773
2.60813298183036,0.0716535899579929,3.37731170200806,-2.62892004013159,0.68865585100403,1.14385585100403
2.60494141227627,0.175570504584946,3.23606797749979,-2.62892004013159,0.618033988749895,1.06083398874989
2.60139989431468,0.274847979497379,3.08205297110316,-2.62892004013159,0.541026485551579,0.972226485551579
2.59750425275641,0.369094211857377,2.91587450968565,-2.62892004013159,0.457937254842823,0.878337254842823
2.59324992582163,0.457937254842823,2.73818842371475,-2.62892004013159,0.369094211857377,0.779494211857377
2.58863196823442,0.541026485551579,2.54969595899476,-2.62892004013159,0.274847979497379,0.676047979497379
2.58364505462189,0.618033988749895,2.35114100916989,-2.62892004013159,0.175570504584946,0.568370504584946
2.57828348322659,0.68865585100403,2.14330717991599,-2.62892004013159,0.0716535899579933,0.456853589957993
2.57254117994143,0.752613360087727,1.92701469640686,-2.62892004013159,-0.0364926517965696,0.34190734820343
2.5664117026773,0.809654104932039,1.70311716626029,-2.62892004013159,-0.148441416869855,0.223958583130145
2.55988824607396,0.859552971776503,1.47249821073871,-2.62892004013159,-0.263750894630645,0.103449105369355
2.55296364656539,0.902113032590307,1.23606797749979,-2.62892004013159,-0.381966011250106,-0.019166011250106
2.54563038781148,0.937166322257262,0.99475954865942,-2.62892004013159,-0.50262022567029,-0.14342022567029
2.53788060650846,0.964574501457377,0.7495252583429,-2.62892004013159,-0.62523737082855,-0.26883737082855
2.52970609859097,0.984229402628956,0.501332934257218,-2.62892004013159,-0.749333532871391,-0.394933532871391
2.52109832583933,0.996053456856543,0.251162078117254,-2.62892004013159,-0.874418960941373,-0.521218960941373
2.51204842290594,1,2.44929359829471e-16,-2.62892004013159,-1,-0.6472
2.50254720477535,0.996053456856543,-0.251162078117254,-2.62892004013159,-1.12558103905863,-0.772381039058627
2.49258517467291,0.984229402628956,-0.501332934257217,-2.62892004013159,-1.25066646712861,-0.896266467128609
2.48215253243738,0.964574501457377,-0.749525258342899,-2.62892004013159,-1.37476262917145,-1.01836262917145
2.47123918337331,0.937166322257262,-0.994759548659419,-2.62892004013159,-1.49737977432971,-1.13817977432971
2.45983474759941,0.902113032590307,-1.23606797749979,-2.62892004013159,-1.6180339887499,-1.2552339887499
2.44792856990928,0.859552971776503,-1.47249821073871,-2.62892004013159,-1.73624910536936,-1.36904910536936
2.43550973016149,0.809654104932039,-1.70311716626029,-2.62892004013159,-1.85155858313015,-1.47915858313015
2.42256705421599,0.752613360087727,-1.92701469640686,-2.62892004013159,-1.96350734820343,-1.58510734820343
2.40908912543424,0.68865585100403,-2.14330717991599,-2.62892004013159,-2.07165358995799,-1.68645358995799
2.3950642967606,0.618033988749895,-2.35114100916989,-2.62892004013159,-2.17557050458495,-1.78277050458495
2.38048070340261,0.541026485551579,-2.54969595899476,-2.62892004013159,-2.27484797949738,-1.87364797949738
2.36532627612801,0.457937254842823,-2.73818842371475,-2.62892004013159,-2.36909421185738,-1.95869421185738
2.34958875519631,0.369094211857378,-2.91587450968565,-2.62892004013159,-2.45793725484282,-2.03753725484282
2.3332557049428,0.27484797949738,-3.08205297110316,-2.62892004013159,-2.54102648555158,-2.10982648555158
2.31631452903273,0.175570504584946,-3.23606797749979,-2.62892004013159,-2.61803398874989,-2.17523398874989
2.29875248640352,0.0716535899579933,-3.37731170200806,-2.62892004013159,-2.68865585100403,-2.23345585100403
2.28055670791246,-0.0364926517965696,-3.50522672017545,-2.62892004013159,-2.75261336008773,-2.28421336008773
2.2617142137072,-0.148441416869855,-3.61930820986408,-2.62892004013159,-2.80965410493204,-2.32725410493204
2.24221193133617,-0.263750894630645,-3.71910594355301,-2.62892004013159,-2.8595529717765,-2.3623529717765
2.15083238755092,-1.61803398874989,-3.80422606518061,-2.8063320924896,-2.90211303259031,-0.550500532590308
2.17177432012632,-1.73624910536936,-3.71910594355301,-2.8063320924896,-2.8595529717765,-0.563540471776503
2.19203298710152,-1.85155858313015,-3.61930820986408,-2.8063320924896,-2.80965410493204,-0.568441604932039
2.21162099360452,-1.96350734820343,-3.50522672017545,-2.8063320924896,-2.75261336008773,-0.565400860087728
2.23055089101627,-2.07165358995799,-3.37731170200806,-2.8063320924896,-2.68865585100403,-0.55464335100403
2.2488351576774,-2.17557050458495,-3.23606797749979,-2.8063320924896,-2.61803398874989,-0.536421488749895
2.26648618034855,-2.27484797949738,-3.08205297110316,-2.8063320924896,-2.54102648555158,-0.511013985551579
2.28351623640886,-2.36909421185738,-2.91587450968565,-2.8063320924896,-2.45793725484282,-0.478724754842823
2.29993747677651,-2.45793725484282,-2.73818842371475,-2.8063320924896,-2.36909421185738,-0.439881711857378
2.31576190953504,-2.54102648555158,-2.54969595899476,-2.8063320924896,-2.27484797949738,-0.394835479497379
2.33100138424886,-2.61803398874989,-2.35114100916989,-2.8063320924896,-2.17557050458495,-0.343958004584946
2.34566757695112,-2.68865585100403,-2.14330717991599,-2.8063320924896,-2.07165358995799,-0.287641089957993
2.35977197578709,-2.75261336008773,-1.92701469640686,-2.8063320924896,-1.96350734820343,-0.22629484820343
2.37332586729602,-2.80965410493204,-1.70311716626029,-2.8063320924896,-1.85155858313015,-0.160346083130145
2.38634032331429,-2.8595529717765,-1.47249821073871,-2.8063320924896,-1.73624910536936,-0.0902366053693561
2.39882618848309,-2.90211303259031,-1.23606797749979,-2.8063320924896,-1.61803398874989,-0.0164214887498948
2.41079406834348,-2.93716632225726,-0.994759548659419,-2.8063320924896,-1.49737977432971,0.0606327256702901
2.422254318002,-2.96457450145738,-0.749525258342899,-2.8063320924896,-1.37476262917145,0.14044987082855
2.43321703135031,-2.98422940262896,-0.501332934257217,-2.8063320924896,-1.25066646712861,0.222546032871391
2.44369203082214,-2.99605345685654,-0.251162078117254,-2.8063320924896,-1.12558103905863,0.306431460941373
2.45368885767156,-3,2.44929359829471e-16,-2.8063320924896,-1,0.3916125
2.46321676275649,-2.99605345685654,0.251162078117254,-2.8063320924896,-0.874418960941373,0.477593539058627
2.47228469781172,-2.98422940262896,0.501332934257218,-2.8063320924896,-0.749333532871391,0.563878967128609
2.48090130719641,-2.96457450145738,0.7495252583429,-2.8063320924896,-0.62523737082855,0.64997512917145
2.48907492010088,-2.93716632225726,0.994759548659419,-2.8063320924896,-0.502620225670291,0.735392274329709
2.49681354319832,-2.90211303259031,1.23606797749979,-2.8063320924896,-0.381966011250105,0.819646488749895
2.50412485372736,-2.8595529717765,1.47249821073871,-2.8063320924896,-0.263750894630644,0.902261605369356
2.51101619299186,-2.80965410493204,1.70311716626029,-2.8063320924896,-0.148441416869855,0.982771083130145
2.51749456026474,-2.75261336008773,1.92701469640686,-2.8063320924896,-0.0364926517965692,1.06071984820343
2.52356660708337,-2.68865585100403,2.14330717991599,-2.8063320924896,0.0716535899579935,1.13566608995799
2.5292386319243,-2.61803398874989,2.35114100916989,-2.8063320924896,0.175570504584947,1.20718300458495
2.53451657524597,-2.54102648555158,2.54969595899476,-2.8063320924896,0.274847979497379,1.27486047949738
2.53940601488816,-2.45793725484282,2.73818842371475,-2.8063320924896,0.369094211857377,1.33830671185738
2.54391216181813,-2.36909421185738,2.91587450968565,-2.8063320924896,0.457937254842823,1.39714975484282
2.54803985621343,-2.27484797949738,3.08205297110316,-2.8063320924896,0.541026485551579,1.45103898555158
2.55179356387234,-2.17557050458495,3.23606797749979,-2.8063320924896,0.618033988749895,1.49964648874989
2.55517737294333,-2.07165358995799,3.37731170200806,-2.8063320924896,0.68865585100403,1.54266835100403
2.55819499096569,-1.96350734820343,3.50522672017545,-2.8063320924896,0.752613360087727,1.57982586008773
2.56084974221415,-1.85155858313015,3.61930820986408,-2.8063320924896,0.809654104932039,1.61086660493204
2.56314456534075,-1.73624910536936,3.71910594355301,-2.8063320924896,0.859552971776503,1.6355654717765
2.56508201130819,-1.61803398874989,3.80422606518061,-2.8063320924896,0.902113032590307,1.65372553259031
2.56508201130819,-0.381966011250105,3.80422606518061,-2.8063320924896,0.902113032590307,1.45372553259031
2.56314456534075,-0.263750894630643,3.71910594355301,-2.8063320924896,0.859552971776503,1.3955654717765
2.56084974221415,-0.148441416869854,3.61930820986408,-2.8063320924896,0.809654104932039,1.33086660493204
2.55819499096569,-0.03649265179657,3.50522672017545,-2.8063320924896,0.752613360087727,1.25982586008773
2.55517737294333,0.0716535899579929,3.37731170200806,-2.8063320924896,0.68865585100403,1.18266835100403
2.55179356387234,0.175570504584946,3.23606797749979,-2.8063320924896,0.618033988749895,1.09964648874989
2.54803985621343,0.274847979497379,3.08205297110316,-2.8063320924896,0.541026485551579,1.01103898555158
2.54391216181813,0.369094211857377,2.91587450968565,-2.8063320924896,0.457937254842823,0.917149754842823
2.53940601488816,0.457937254842823,2.73818842371475,-2.8063320924896,0.369094211857377,0.818306711857377
2.53451657524597,0.541026485551579,2.54969595899476,-2.8063320924896,0.274847979497379,0.714860479497379
2.5292386319243,0.618033988749895,2.35114100916989,-2.8063320924896,0.175570504584946,0.607183004584946
2.52356660708337,0.68865585100403,2.14330717991599,-2.8063320924896,0.0716535899579933,0.495666089957993
2.51749456026474,0.752613360087727,1.92701469640686,-2.8063320924896,-0.0364926517965696,0.38071984820343
2.51101619299186,0.809654104932039,1.70311716626029,-2.8063320924896,-0.148441416869855,0.262771083130145
2.50412485372736,0.859552971776503,1.47249821073871,-2.8063320924896,-0.263750894630645,0.142261605369355
2.49681354319832,0.902113032590307,1.23606797749979,-2.8063320924896,-0.381966011250106,0.0196464887498939
2.48907492010088,0.937166322257262,0.99475954865942,-2.8063320924896,-0.50262022567029,-0.10460772567029
2.48090130719641,0.964574501457377,0.7495252583429,-2.8063320924896,-0.62523737082855,-0.23002487082855
2.47228469781172,0.984229402628956,0.501332934257218,-2.8063320924896,-0.749333532871391,-0.356121032871391
2.46321676275649,0.996053456856543,0.251162078117254,-2.8063320924896,-0.874418960941373,-0.482406460941373
2.45368885767156,1,2.44929359829471e-16,-2.8063320924896,-1,-0.6083875
2.44369203082214,0.996053456856543,-0.251162078117254,-2.8063320924896,-1.12558103905863,-0.733568539058627
2.43321703135031,0.984229402628956,-0.501332934257217,-2.8063320924896,-1.25066646712861,-0.857453967128609
2.422254318002,0.964574501457377,-0.749525258342899,-2.8063320924896,-1.37476262917145,-0.97955012917145
2.41079406834348,0.937166322257262,-0.994759548659419,-2.8063320924896,-1.49737977432971,-1.09936727432971
2.39882618848309,0.902113032590307,-1.23606797749979,-2.8063320924896,-1.6180339887499,-1.2164214887499
2.38634032331429,0.859552971776503,-1.47249821073871,-2.8063320924896,-1.73624910536936,-1.33023660536936
2.37332586729602,0.809654104932039,-1.70311716626029,-2.8063320924896,-1.85155858313015,-1.44034608313015
2.35977197578709,0.752613360087727,-1.92701469640686,-2.8063320924896,-1.96350734820343,-1.54629484820343
2.34566757695112,0.68865585100403,-2.14330717991599,-2.8063320924896,-2.07165358995799,-1.64764108995799
2.33100138424886,0.618033988749895,-2.35114100916989,-2.8063320924896,-2.17557050458495,-1.74395800458495
2.31576190953504,0.541026485551579,-2.54969595899476,-2.8063320924896,-2.27484797949738,-1.83483547949738
2.29993747677651,0.457937254842823,-2.73818842371475,-2.8063320924896,-2.36909421185738,-1.91988171185738
2.28351623640886,0.369094211857378,-2.91587450968565,-2.8063320924896,-2.45793725484282,-1.99872475484282
2.26648618034855,0.27484797949738,-3.08205297110316,-2.8063320924896,-2.54102648555158,-2.07101398555158
2.2488351576774,0.175570504584946,-3.23606797749979,-2.8063320924896,-2.61803398874989,-2.1364214887499
2.23055089101627,0.0716535899579933,-3.37731170200806,-2.8063320924896,-2.68865585100403,-2.19464335100403
2.21162099360452,-0.0364926517965696,-3.50522672017545,-2.8063320924896,-2.75261336008773,-2.24540086008773
2.19203298710152,-0.148441416869855,-3.61930820986408,-2.8063320924896,-2.80965410493204,-2.28844160493204
2.17177432012632,-0.263750894630645,-3.71910594355301,-2.8063320924896,-2.8595529717765,-2.3235404717765
2.07456261741629,-1.61803398874989,-3.80422606518061,-2.92775028581624,-2.90211303259031,-0.509663032590308
2.09627014550062,-1.73624910536936,-3.71910594355301,-2.92775028581624,-2.8595529717765,-0.522702971776503
2.11728459806383,-1.85155858313015,-3.61930820986408,-2.92775028581624,-2.80965410493204,-0.527604104932039
2.13761800540605,-1.96350734820343,-3.50522672017545,-2.92775028581624,-2.75261336008773,-0.524563360087728
2.15728236479317,-2.07165358995799,-3.37731170200806,-2.92775028581624,-2.68865585100403,-0.51380585100403
2.17628962074745,-2.17557050458495,-3.23606797749979,-2.92775028581624,-2.61803398874989,-0.495583988749895
2.19465164608803,-2.27484797949738,-3.08205297110316,-2.92775028581624,-2.54102648555158,-0.470176485551579
2.2123802237065,-2.36909421185738,-2.91587450968565,-2.92775028581624,-2.45793725484282,-0.437887254842823
2.22948702906309,-2.45793725484282,-2.73818842371475,-2.92775028581624,-2.36909421185738,-0.399044211857378
2.24598361338782,-2.54102648555158,-2.54969595899476,-2.92775028581624,-2.27484797949738,-0.35399797949738
2.26188138757137,-2.61803398874989,-2.35114100916989,-2.92775028581624,-2.17557050458495,-0.303120504584946
2.27719160672964,-2.68865585100403,-2.14330717991599,-2.92775028581624,-2.07165358995799,-0.246803589957993
2.29192535542619,-2.75261336008773,-1.92701469640686,-2.92775028581624,-1.96350734820343,-0.18545734820343
2.30609353353627,-2.80965410493204,-1.70311716626029,-2.92775028581624,-1.85155858313015,-0.119508583130145
2.31970684273635,-2.8595529717765,-1.47249821073871,-2.92775028581624,-1.73624910536936,-0.049399105369356
2.33277577360296,-2.90211303259031,-1.23606797749979,-2.92775028581624,-1.61803398874989,0.0244160112501053
2.34531059330461,-2.93716632225726,-0.994759548659419,-2.92775028581624,-1.49737977432971,0.10147022567029
2.35732133387065,-2.96457450145738,-0.749525258342899,-2.92775028581624,-1.37476262917145,0.18128737082855
2.36881778102122,-2.98422940262896,-0.501332934257217,-2.92775028581624,-1.25066646712861,0.263383532871391
2.3798094635424,-2.99605345685654,-0.251162078117254,-2.92775028581624,-1.12558103905863,0.347268960941373
2.39030564319089,-3,2.44929359829471e-16,-2.92775028581624,-1,0.43245
2.40031530511299,-2.99605345685654,0.251162078117254,-2.92775028581624,-0.874418960941373,0.518431039058627
2.40984714876278,-2.98422940262896,0.501332934257218,-2.92775028581624,-0.749333532871391,0.604716467128609
2.41890957930463,-2.96457450145738,0.7495252583429,-2.92775028581624,-0.62523737082855,0.69081262917145
2.42751069948576,-2.93716632225726,0.994759548659419,-2.92775028581624,-0.502620225670291,0.776229774329709
2.43565830196474,-2.90211303259031,1.23606797749979,-2.92775028581624,-0.381966011250105,0.860483988749895
2.44335986208236,-2.8595529717765,1.47249821073871,-2.92775028581624,-0.263750894630644,0.943099105369356
2.45062253106159,-2.80965410493204,1.70311716626029,-2.92775028581624,-0.148441416869855,1.02360858313014
2.45745312962404,-2.75261336008773,1.92701469640686,-2.92775028581624,-0.0364926517965692,1.10155734820343
2.46385814201052,-2.68865585100403,2.14330717991599,-2.92775028581624,0.0716535899579935,1.17650358995799
2.46984371039412,-2.61803398874989,2.35114100916989,-2.92775028581624,0.175570504584947,1.24802050458495
2.47541562967444,-2.54102648555158,2.54969595899476,-2.92775028581624,0.274847979497379,1.31569797949738
2.48057934264242,-2.45793725484282,2.73818842371475,-2.92775028581624,0.369094211857377,1.37914421185738
2.48533993550559,-2.36909421185738,2.91587450968565,-2.92775028581624,0.457937254842823,1.43798725484282
2.4897021337643,-2.27484797949738,3.08205297110316,-2.92775028581624,0.541026485551579,1.49187648555158
2.49367029842994,-2.17557050458495,3.23606797749979,-2.92775028581624,0.618033988749895,1.54048398874989
2.49724842257675,-2.07165358995799,3.37731170200806,-2.92775028581624,0.68865585100403,1.58350585100403
2.50044012821977,-1.96350734820343,3.50522672017545,-2.92775028581624,0.752613360087727,1.62066336008773
2.50324866351155,-1.85155858313015,3.61930820986408,-2.92775028581624,0.809654104932039,1.65170410493204
2.50567690025144,-1.73624910536936,3.71910594355301,-2.92775028581624,0.859552971776503,1.6764029717765
2.5077273317016,-1.61803398874989,3.80422606518061,-2.92775028581624,0.902113032590307,1.69456303259031
2.5077273317016,-0.381966011250105,3.80422606518061,-2.92775028581624,0.902113032590307,1.49456303259031
2.50567690025144,-0.263750894630643,3.71910594355301,-2.92775028581624,0.859552971776503,1.4364029717765
2.50324866351155,-0.148441416869854,3.61930820986408,-2.92775028581624,0.809654104932039,1.37170410493204
2.50044012821977,-0.03649265179657,3.50522672017545,-2.92775028581624,0.752613360087727,1.30066336008773
2.49724842257675,0.0716535899579929,3.37731170200806,-2.92775028581624,0.68865585100403,1.22350585100403
2.49367029842994,0.175570504584946,3.23606797749979,-2.92775028581624,0.618033988749895,1.14048398874989
2.4897021337643,0.274847979497379,3.08205297110316,-2.92775028581624,0.541026485551579,1.05187648555158
2.48533993550559,0.369094211857377,2.91587450968565,-2.92775028581624,0.457937254842823,0.957987254842823
2.48057934264242,0.457937254842823,2.73818842371475,-2.92775028581624,0.369094211857377,0.859144211857377
2.47541562967444,0.541026485551579,2.54969595899476,-2.92775028581624,0.274847979497379,0.755697979497379
2.46984371039412,0.618033988749895,2.35114100916989,-2.92775028581624,0.175570504584946,0.648020504584946
2.46385814201052,0.68865585100403,2.14330717991599,-2.92775028581624,0.0716535899579933,0.536503589957993
2.45745312962404,0.752613360087727,1.92701469640686,-2.92775028581624,-0.0364926517965696,0.42155734820343
2.45062253106159,0.809654104932039,1.70311716626029,-2.92775028581624,-0.148441416869855,0.303608583130144
2.44335986208236,0.859552971776503,1.47249821073871,-2.92775028581624,-0.263750894630645,0.183099105369355
2.43565830196474,0.902113032590307,1.23606797749979,-2.92775028581624,-0.381966011250106,0.0604839887498938
2.42751069948576,0.937166322257262,0.99475954865942,-2.92775028581624,-0.50262022567029,-0.0637702256702903
2.41890957930463,0.964574501457377,0.7495252583429,-2.92775028581624,-0.62523737082855,-0.18918737082855
2.40984714876278,0.984229402628956,0.501332934257218,-2.92775028581624,-0.749333532871391,-0.315283532871391
2.40031530511299,0.996053456856543,0.251162078117254,-2.92775028581624,-0.874418960941373,-0.441568960941373
2.39030564319089,1,2.44929359829471e-16,-2.92775028581624,-1,-0.56755
2.3798094635424,0.996053456856543,-0.251162078117254,-2.92775028581624,-1.12558103905863,-0.692731039058627
2.36881778102122,0.984229402628956,-0.501332934257217,-2.92775028581624,-1.25066646712861,-0.816616467128609
2.35732133387065,0.964574501457377,-0.749525258342899,-2.92775028581624,-1.37476262917145,-0.93871262917145
2.34531059330461,0.937166322257262,-0.994759548659419,-2.92775028581624,-1.49737977432971,-1.05852977432971
2.33277577360296,0.902113032590307,-1.23606797749979,-2.92775028581624,-1.6180339887499,-1.1755839887499
2.31970684273635,0.859552971776503,-1.47249821073871,-2.92775028581624,-1.73624910536936,-1.28939910536936
2.30609353353627,0.809654104932039,-1.70311716626029,-2.92775028581624,-1.85155858313015,-1.39950858313015
2.29192535542619,0.752613360087727,-1.92701469640686,-2.92775028581624,-1.96350734820343,-1.50545734820343
2.27719160672964,0.68865585100403,-2.14330717991599,-2.92775028581624,-2.07165358995799,-1.60680358995799
2.26188138757137,0.618033988749895,-2.35114100916989,-2.92775028581624,-2.17557050458495,-1.70312050458495
2.24598361338782,0.541026485551579,-2.54969595899476,-2.92775028581624,-2.27484797949738,-1.79399797949738
2.22948702906309,0.457937254842823,-2.73818842371475,-2.92775028581624,-2.36909421185738,-1.87904421185738
2.2123802237065,0.369094211857378,-2.91587450968565,-2.92775028581624,-2.45793725484282,-1.95788725484282
2.19465164608803,0.27484797949738,-3.08205297110316,-2.92775028581624,-2.54102648555158,-2.03017648555158
2.17628962074745,0.175570504584946,-3.23606797749979,-2.92775028581624,-2.61803398874989,-2.09558398874989
2.15728236479317,0.0716535899579933,-3.37731170200806,-2.92775028581624,-2.68865585100403,-2.15380585100403
2.13761800540605,-0.0364926517965696,-3.50522672017545,-2.92775028581624,-2.75261336008773,-2.20456336008773
2.11728459806383,-0.148441416869855,-3.61930820986408,-2.92775028581624,-2.80965410493204,-2.24760410493204
2.09627014550062,-0.263750894630645,-3.71910594355301,-2.92775028581624,-2.8595529717765,-2.2827029717765
1.99306551803544,-1.61803398874989,-3.80422606518061,-2.99075200119938,-2.90211303259031,-0.466800532590307
2.01553391477253,-1.73624910536936,-3.71910594355301,-2.99075200119938,-2.8595529717765,-0.479840471776503
2.03730004464608,-1.85155858313015,-3.61930820986408,-2.99075200119938,-2.80965410493204,-0.484741604932039
2.05837532857963,-1.96350734820343,-3.50522672017545,-2.99075200119938,-2.75261336008773,-0.481700860087727
2.07877117588155,-2.07165358995799,-3.37731170200806,-2.99075200119938,-2.68865585100403,-0.47094335100403
2.09849896413294,-2.17557050458495,-3.23606797749979,-2.99075200119938,-2.61803398874989,-0.452721488749894
2.11757001982018,-2.27484797949738,-3.08205297110316,-2.99075200119938,-2.54102648555158,-0.427313985551578
2.13599559969877,-2.36909421185738,-2.91587450968565,-2.99075200119938,-2.45793725484282,-0.395024754842822
2.15378687287499,-2.45793725484282,-2.73818842371475,-2.99075200119938,-2.36909421185738,-0.356181711857377
2.17095490359101,-2.54102648555158,-2.54969595899476,-2.99075200119938,-2.27484797949738,-0.311135479497379
2.18751063469911,-2.61803398874989,-2.35114100916989,-2.99075200119938,-2.17557050458495,-0.260258004584946
2.20346487181028,-2.68865585100403,-2.14330717991599,-2.99075200119938,-2.07165358995799,-0.203941089957993
2.218828268102,-2.75261336008773,-1.92701469640686,-2.99075200119938,-1.96350734820343,-0.14259484820343
2.23361130977022,-2.80965410493204,-1.70311716626029,-2.99075200119938,-1.85155858313015,-0.0766460831301452
2.24782430211014,-2.8595529717765,-1.47249821073871,-2.99075200119938,-1.73624910536936,-0.00653660536935574
2.26147735621054,-2.90211303259031,-1.23606797749979,-2.99075200119938,-1.61803398874989,0.0672785112501055
2.27458037624622,-2.93716632225726,-0.994759548659419,-2.99075200119938,-1.49737977432971,0.14433272567029
2.28714304735317,-2.96457450145738,-0.749525258342899,-2.99075200119938,-1.37476262917145,0.224149870828551
2.29917482407152,-2.98422940262896,-0.501332934257217,-2.99075200119938,-1.25066646712861,0.306246032871391
2.31068491934077,-2.99605345685654,-0.251162078117254,-2.99075200119938,-1.12558103905863,0.390131460941373
2.32168229403267,-3,2.44929359829471e-16,-2.99075200119938,-1,0.4753125
2.33217564700696,-2.99605345685654,0.251162078117254,-2.99075200119938,-0.874418960941373,0.561293539058627
2.34217340567539,-2.98422940262896,0.501332934257218,-2.99075200119938,-0.749333532871391,0.647578967128609
2.35168371705992,-2.96457450145738,0.7495252583429,-2.99075200119938,-0.62523737082855,0.73367512917145
2.36071443933128,-2.93716632225726,0.994759548659419,-2.99075200119938,-0.502620225670291,0.81909227432971
2.3692731338142,-2.90211303259031,1.23606797749979,-2.99075200119938,-0.381966011250105,0.903346488749895
2.37736705744637,-2.8595529717765,1.47249821073871,-2.99075200119938,-0.263750894630644,0.985961605369356
2.38500315567818,-2.80965410493204,1.70311716626029,-2.99075200119938,-0.148441416869855,1.06647108313015
2.39218805580111,-2.75261336008773,1.92701469640686,-2.99075200119938,-0.0364926517965692,1.14441984820343
2.39892806069282,-2.68865585100403,2.14330717991599,-2.99075200119938,0.0716535899579935,1.21936608995799
2.40522914296764,-2.61803398874989,2.35114100916989,-2.99075200119938,0.175570504584947,1.29088300458495
2.41109693952148,-2.54102648555158,2.54969595899476,-2.99075200119938,0.274847979497379,1.35856047949738
2.41653674646092,-2.45793725484282,2.73818842371475,-2.99075200119938,0.369094211857377,1.42200671185738
2.42155351440667,-2.36909421185738,2.91587450968565,-2.99075200119938,0.457937254842823,1.48084975484282
2.42615184416207,-2.27484797949738,3.08205297110316,-2.99075200119938,0.541026485551579,1.53473898555158
2.43033598273802,-2.17557050458495,3.23606797749979,-2.99075200119938,0.618033988749895,1.58334648874989
2.43410981972621,-2.07165358995799,3.37731170200806,-2.99075200119938,0.68865585100403,1.62636835100403
2.43747688401323,-1.96350734820343,3.50522672017545,-2.99075200119938,0.752613360087727,1.66352586008773
2.44044034082857,-1.85155858313015,3.61930820986408,-2.99075200119938,0.809654104932039,1.69456660493204
2.44300298912037,-1.73624910536936,3.71910594355301,-2.99075200119938,0.859552971776503,1.7192654717765
2.4451672592532,-1.61803398874989,3.80422606518061,-2.99075200119938,0.902113032590307,1.73742553259031
2.4451672592532,-0.381966011250105,3.80422606518061,-2.99075200119938,0.902113032590307,1.53742553259031
2.44300298912037,-0.263750894630643,3.71910594355301,-2.99075200119938,0.859552971776503,1.4792654717765
2.44044034082857,-0.148441416869854,3.61930820986408,-2.99075200119938,0.809654104932039,1.41456660493204
2.43747688401323,-0.03649265179657,3.50522672017545,-2.99075200119938,0.752613360087727,1.34352586008773
2.43410981972621,0.0716535899579929,3.37731170200806,-2.99075200119938,0.68865585100403,1.26636835100403
2.43033598273802,0.175570504584946,3.23606797749979,-2.99075200119938,0.618033988749895,1.1833464887499
2.42615184416207,0.274847979497379,3.08205297110316,-2.99075200119938,0.541026485551579,1.09473898555158
2.42155351440667,0.369094211857377,2.91587450968565,-2.99075200119938,0.457937254842823,1.00084975484282
2.41653674646092,0.457937254842823,2.73818842371475,-2.99075200119938,0.369094211857377,0.902006711857378
2.41109693952148,0.541026485551579,2.54969595899476,-2.99075200119938,0.274847979497379,0.798560479497379
2.40522914296764,0.618033988749895,2.35114100916989,-2.99075200119938,0.175570504584946,0.690883004584946
2.39892806069282,0.68865585100403,2.14330717991599,-2.99075200119938,0.0716535899579933,0.579366089957993
2.39218805580111,0.752613360087727,1.92701469640686,-2.99075200119938,-0.0364926517965696,0.464419848203431
2.38500315567818,0.809654104932039,1.70311716626029,-2.99075200119938,-0.148441416869855,0.346471083130145
2.37736705744637,0.859552971776503,1.47249821073871,-2.99075200119938,-0.263750894630645,0.225961605369355
2.3692731338142,0.902113032590307,1.23606797749979,-2.99075200119938,-0.381966011250106,0.103346488749894
2.36071443933128,0.937166322257262,0.99475954865942,-2.99075200119938,-0.50262022567029,-0.02090772567029
2.35168371705992,0.964574501457377,0.7495252583429,-2.99075200119938,-0.62523737082855,-0.14632487082855
2.34217340567539,0.984229402628956,0.501332934257218,-2.99075200119938,-0.749333532871391,-0.272421032871391
2.33217564700696,0.996053456856543,0.251162078117254,-2.99075200119938,-0.874418960941373,-0.398706460941373
2.32168229403267,1,2.44929359829471e-16,-2.99075200119938,-1,-0.5246875
2.31068491934077,0.996053456856543,-0.251162078117254,-2.99075200119938,-1.12558103905863,-0.649868539058627
2.29917482407152,0.984229402628956,-0.501332934257217,-2.99075200119938,-1.25066646712861,-0.773753967128609
2.28714304735317,0.964574501457377,-0.749525258342899,-2.99075200119938,-1.37476262917145,-0.89585012917145
2.27458037624622,0.937166322257262,-0.994759548659419,-2.99075200119938,-1.49737977432971,-1.01566727432971
2.26147735621054,0.902113032590307,-1.23606797749979,-2.99075200119938,-1.6180339887499,-1.1327214887499
2.24782430211014,0.859552971776503,-1.47249821073871,-2.99075200119938,-1.73624910536936,-1.24653660536936
2.23361130977022,0.809654104932039,-1.70311716626029,-2.99075200119938,-1.85155858313015,-1.35664608313015
2.218828268102,0.752613360087727,-1.92701469640686,-2.99075200119938,-1.96350734820343,-1.46259484820343
2.20346487181028,0.68865585100403,-2.14330717991599,-2.99075200119938,-2.07165358995799,-1.56394108995799
2.18751063469911,0.618033988749895,-2.35114100916989,-2.99075200119938,-2.17557050458495,-1.66025800458495
2.17095490359101,0.541026485551579,-2.54969595899476,-2.99075200119938,-2.27484797949738,-1.75113547949738
2.15378687287499,0.457937254842823,-2.73818842371475,-2.99075200119938,-2.36909421185738,-1.83618171185738
2.13599559969877,0.369094211857378,-2.91587450968565,-2.99075200119938,-2.45793725484282,-1.91502475484282
2.11757001982018,0.27484797949738,-3.08205297110316,-2.99075200119938,-2.54102648555158,-1.98731398555158
2.09849896413294,0.175570504584946,-3.23606797749979,-2.99075200119938,-2.61803398874989,-2.05272148874989
2.07877117588155,0.0716535899579933,-3.37731170200806,-2.99075200119938,-2.68865585100403,-2.11094335100403
2.05837532857963,-0.0364926517965696,-3.50522672017545,-2.99075200119938,-2.75261336008773,-2.16170086008773
2.03730004464608,-0.148441416869855,-3.61930820986408,-2.99075200119938,-2.80965410493204,-2.20474160493204
2.01553391477253,-0.263750894630645,-3.71910594355301,-2.99075200119938,-2.8595529717765,-2.2398404717765
1.90619441900118,-1.61803398874989,-3.80422606518061,-2.99408018528481,-2.90211303259031,-0.421913032590307
1.9294151130177,-1.73624910536936,-3.71910594355301,-2.99408018528481,-2.8595529717765,-0.434952971776503
1.95192506853713,-1.85155858313015,-3.61930820986408,-2.99408018528481,-2.80965410493204,-0.439854104932039
1.97373506190288,-1.96350734820343,-3.50522672017545,-2.99408018528481,-2.75261336008773,-0.436813360087728
1.99485587994219,-2.07165358995799,-3.37731170200806,-2.99408018528481,-2.68865585100403,-0.42605585100403
2.01529829946755,-2.17557050458495,-3.23606797749979,-2.99408018528481,-2.61803398874989,-0.407833988749894
2.03507306751637,-2.27484797949738,-3.08205297110316,-2.99408018528481,-2.54102648555158,-0.382426485551578
2.05419088231698,-2.36909421185738,-2.91587450968565,-2.99408018528481,-2.45793725484282,-0.350137254842823
2.07266237496856,-2.45793725484282,-2.73818842371475,-2.99408018528481,-2.36909421185738,-0.311294211857377
2.09049809182195,-2.54102648555158,-2.54969595899476,-2.99408018528481,-2.27484797949738,-0.266247979497379
2.10770847754798,-2.61803398874989,-2.35114100916989,-2.99408018528481,-2.17557050458495,-0.215370504584946
2.12430385887981,-2.68865585100403,-2.14330717991599,-2.99408018528481,-2.07165358995799,-0.159053589957993
2.140294429015,-2.75261336008773,-1.92701469640686,-2.99408018528481,-1.96350734820343,-0.0977073482034301
2.15569023266351,-2.80965410493204,-1.70311716626029,-2.99408018528481,-1.85155858313015,-0.0317585831301452
2.17050115172695,-2.8595529717765,-1.47249821073871,-2.99408018528481,-1.73624910536936,0.0383508946306441
2.18473689159487,-2.90211303259031,-1.23606797749979,-2.99408018528481,-1.61803398874989,0.112166011250106
2.19840696804353,-2.93716632225726,-0.994759548659419,-2.99408018528481,-1.49737977432971,0.18922022567029
2.21152069472266,-2.96457450145738,-0.749525258342899,-2.99408018528481,-1.37476262917145,0.269037370828551
2.22408717121569,-2.98422940262896,-0.501332934257217,-2.99408018528481,-1.25066646712861,0.351133532871391
2.2361152716593,-2.99605345685654,-0.251162078117254,-2.99408018528481,-1.12558103905863,0.435018960941373
2.24761363390785,-3,2.44929359829471e-16,-2.99408018528481,-1,0.5202
2.25859064922877,-2.99605345685654,0.251162078117254,-2.99408018528481,-0.874418960941373,0.606181039058627
2.26905445251507,-2.98422940262896,0.501332934257218,-2.99408018528481,-0.749333532871391,0.692466467128609
2.27901291300134,-2.96457450145738,0.7495252583429,-2.99408018528481,-0.62523737082855,0.77856262917145
2.28847362546999,-2.93716632225726,0.994759548659419,-2.99408018528481,-0.502620225670291,0.86397977432971
2.29744390193472,-2.90211303259031,1.23606797749979,-2.99408018528481,-0.381966011250105,0.948233988749895
2.30593076378863,-2.8595529717765,1.47249821073871,-2.99408018528481,-0.263750894630644,1.03084910536936
2.31394093440464,-2.80965410493204,1.70311716626029,-2.99408018528481,-0.148441416869855,1.11135858313015
2.32148083217643,-2.75261336008773,1.92701469640686,-2.99408018528481,-0.0364926517965692,1.18930734820343
2.32855656398845,-2.68865585100403,2.14330717991599,-2.99408018528481,0.0716535899579935,1.26425358995799
2.33517391910406,-2.61803398874989,2.35114100916989,-2.99408018528481,0.175570504584947,1.33577050458495
2.3413383634612,-2.54102648555158,2.54969595899476,-2.99408018528481,0.274847979497379,1.40344797949738
2.34705503436575,-2.45793725484282,2.73818842371475,-2.99408018528481,0.369094211857377,1.46689421185738
2.35232873557295,-2.36909421185738,2.91587450968565,-2.99408018528481,0.457937254842823,1.52573725484282
2.35716393274797,-2.27484797949738,3.08205297110316,-2.99408018528481,0.541026485551579,1.57962648555158
2.36156474929731,-2.17557050458495,3.23606797749979,-2.99408018528481,0.618033988749895,1.6282339887499
2.36553496256302,-2.07165358995799,3.37731170200806,-2.99408018528481,0.68865585100403,1.67125585100403
2.36907800037265,-1.96350734820343,3.50522672017545,-2.99408018528481,0.752613360087727,1.70841336008773
2.37219693793813,-1.85155858313015,3.61930820986408,-2.99408018528481,0.809654104932039,1.73945410493204
2.37489449509758,-1.73624910536936,3.71910594355301,-2.99408018528481,0.859552971776503,1.7641529717765
2.37717303389459,-1.61803398874989,3.80422606518061,-2.99408018528481,0.902113032590307,1.78231303259031
2.37717303389459,-0.381966011250105,3.80422606518061,-2.99408018528481,0.902113032590307,1.58231303259031
2.37489449509758,-0.263750894630643,3.71910594355301,-2.99408018528481,0.859552971776503,1.5241529717765
2.37219693793813,-0.148441416869854,3.61930820986408,-2.99408018528481,0.809654104932039,1.45945410493204
2.36907800037265,-0.03649265179657,3.50522672017545,-2.99408018528481,0.752613360087727,1.38841336008773
2.36553496256302,0.0716535899579929,3.37731170200806,-2.99408018528481,0.68865585100403,1.31125585100403
2.36156474929731,0.175570504584946,3.23606797749979,-2.99408018528481,0.618033988749895,1.22823398874989
2.35716393274797,0.274847979497379,3.08205297110316,-2.99408018528481,0.541026485551579,1.13962648555158
2.35232873557295,0.369094211857377,2.91587450968565,-2.99408018528481,0.457937254842823,1.04573725484282
2.34705503436575,0.457937254842823,2.73818842371475,-2.99408018528481,0.369094211857377,0.946894211857377
2.3413383634612,0.541026485551579,2.54969595899476,-2.99408018528481,0.274847979497379,0.843447979497379
2.33517391910406,0.618033988749895,2.35114100916989,-2.99408018528481,0.175570504584946,0.735770504584946
2.32855656398845,0.68865585100403,2.14330717991599,-2.99408018528481,0.0716535899579933,0.624253589957993
2.32148083217643,0.752613360087727,1.92701469640686,-2.99408018528481,-0.0364926517965696,0.50930734820343
2.31394093440464,0.809654104932039,1.70311716626029,-2.99408018528481,-0.148441416869855,0.391358583130145
2.30593076378863,0.859552971776503,1.47249821073871,-2.99408018528481,-0.263750894630645,0.270849105369355
2.29744390193472,0.902113032590307,1.23606797749979,-2.99408018528481,-0.381966011250106,0.148233988749894
2.28847362546999,0.937166322257262,0.99475954865942,-2.99408018528481,-0.50262022567029,0.0239797743297099
2.27901291300134,0.964574501457377,0.7495252583429,-2.99408018528481,-0.62523737082855,-0.10143737082855
2.26905445251507,0.984229402628956,0.501332934257218,-2.99408018528481,-0.749333532871391,-0.227533532871391
2.25859064922877,0.996053456856543,0.251162078117254,-2.99408018528481,-0.874418960941373,-0.353818960941373
2.24761363390785,1,2.44929359829471e-16,-2.99408018528481,-1,-0.4798
2.2361152716593,0.996053456856543,-0.251162078117254,-2.99408018528481,-1.12558103905863,-0.604981039058627
2.22408717121569,0.984229402628956,-0.501332934257217,-2.99408018528481,-1.25066646712861,-0.728866467128609
2.21152069472266,0.964574501457377,-0.749525258342899,-2.99408018528481,-1.37476262917145,-0.85096262917145
2.19840696804353,0.937166322257262,-0.994759548659419,-2.99408018528481,-1.49737977432971,-0.97077977432971
2.18473689159487,0.902113032590307,-1.23606797749979,-2.99408018528481,-1.6180339887499,-1.0878339887499
2.17050115172695,0.859552971776503,-1.47249821073871,-2.99408018528481,-1.73624910536936,-1.20164910536936
2.15569023266351,0.809654104932039,-1.70311716626029,-2.99408018528481,-1.85155858313015,-1.31175858313015
2.140294429015,0.752613360087727,-1.92701469640686,-2.99408018528481,-1.96350734820343,-1.41770734820343
2.12430385887981,0.68865585100403,-2.14330717991599,-2.99408018528481,-2.07165358995799,-1.51905358995799
2.10770847754798,0.618033988749895,-2.35114100916989,-2.99408018528481,-2.17557050458495,-1.61537050458495
2.09049809182195,0.541026485551579,-2.54969595899476,-2.99408018528481,-2.27484797949738,-1.70624797949738
2.07266237496856,0.457937254842823,-2.73818842371475,-2.99408018528481,-2.36909421185738,-1.79129421185738
2.05419088231698,0.369094211857378,-2.91587450968565,-2.99408018528481,-2.45793725484282,-1.87013725484282
2.03507306751637,0.27484797949738,-3.08205297110316,-2.99408018528481,-2.54102648555158,-1.94242648555158
2.01529829946755,0.175570504584946,-3.23606797749979,-2.99408018528481,-2.61803398874989,-2.00783398874989
1.99485587994219,0.0716535899579933,-3.37731170200806,-2.99408018528481,-2.68865585100403,-2.06605585100403
1.97373506190288,-0.0364926517965696,-3.50522672017545,-2.99408018528481,-2.75261336008773,-2.11681336008773
1.95192506853713,-0.148441416869855,-3.61930820986408,-2.99408018528481,-2.80965410493204,-2.15985410493204
1.9294151130177,-0.263750894630645,-3.71910594355301,-2.99408018528481,-2.8595529717765,-2.1949529717765
1.81382049144801,-1.61803398874989,-3.80422606518061,-2.9376684318653,-2.90211303259031,-0.375000532590308
1.8377808281192,-1.73624910536936,-3.71910594355301,-2.9376684318653,-2.8595529717765,-0.388040471776503
1.86102277913976,-1.85155858313015,-3.61930820986408,-2.9376684318653,-2.80965410493204,-0.392941604932039
1.88355644055425,-1.96350734820343,-3.50522672017545,-2.9376684318653,-2.75261336008773,-0.389900860087727
1.90539194163789,-2.07165358995799,-3.37731170200806,-2.9376684318653,-2.68865585100403,-0.37914335100403
1.92653942403098,-2.17557050458495,-3.23606797749979,-2.9376684318653,-2.61803398874989,-0.360921488749895
1.94700902160393,-2.27484797949738,-3.08205297110316,-2.9376684318653,-2.54102648555158,-0.335513985551578
1.96681084104234,-2.36909421185738,-2.91587450968565,-2.9376684318653,-2.45793725484282,-0.303224754842823
1.98595494314097,-2.45793725484282,-2.73818842371475,-2.9376684318653,-2.36909421185738,-0.264381711857378
2.00445132479481,-2.54102648555158,-2.54969595899476,-2.9376684318653,-2.27484797949738,-0.219335479497379
2.02230990167506,-2.61803398874989,-2.35114100916989,-2.9376684318653,-2.17557050458495,-0.168458004584946
2.03954049157769,-2.68865585100403,-2.14330717991599,-2.9376684318653,-2.07165358995799,-0.112141089957993
2.05615279843132,-2.75261336008773,-1.92701469640686,-2.9376684318653,-1.96350734820343,-0.0507948482034302
2.07215639695173,-2.80965410493204,-1.70311716626029,-2.9376684318653,-1.85155858313015,0.0151539168698547
2.08756071792929,-2.8595529717765,-1.47249821073871,-2.9376684318653,-1.73624910536936,0.085263394630644
2.10237503413612,-2.90211303259031,-1.23606797749979,-2.9376684318653,-1.61803398874989,0.159078511250105
2.11660844683919,-2.93716632225726,-0.994759548659419,-2.9376684318653,-1.49737977432971,0.23613272567029
2.13026987290594,-2.96457450145738,-0.749525258342899,-2.9376684318653,-1.37476262917145,0.31594987082855
2.1433680324886,-2.98422940262896,-0.501332934257217,-2.9376684318653,-1.25066646712861,0.398046032871391
2.15591143727391,-2.99605345685654,-0.251162078117254,-2.9376684318653,-1.12558103905863,0.481931460941373
2.16790837928447,-3,2.44929359829471e-16,-2.9376684318653,-1,0.5671125
2.1793669202187,-2.99605345685654,0.251162078117254,-2.9376684318653,-0.874418960941373,0.653093539058627
2.19029488131607,-2.98422940262896,0.501332934257218,-2.9376684318653,-0.749333532871391,0.739378967128609
2.20069983373473,-2.96457450145738,0.7495252583429,-2.9376684318653,-0.62523737082855,0.82547512917145
2.2105890894288,-2.93716632225726,0.994759548659419,-2.9376684318653,-0.502620225670291,0.910892274329709
2.21996969251306,-2.90211303259031,1.23606797749979,-2.9376684318653,-0.381966011250105,0.995146488749895
2.22884841110275,-2.8595529717765,1.47249821073871,-2.9376684318653,-0.263750894630644,1.07776160536936
2.23723172961696,-2.80965410493204,1.70311716626029,-2.9376684318653,-0.148441416869855,1.15827108313015
2.24512584153401,-2.75261336008773,1.92701469640686,-2.9376684318653,-0.0364926517965692,1.23621984820343
2.25253664258805,-2.68865585100403,2.14330717991599,-2.9376684318653,0.0716535899579935,1.31116608995799
2.25946972439626,-2.61803398874989,2.35114100916989,-2.9376684318653,0.175570504584947,1.38268300458495
2.26593036850646,-2.54102648555158,2.54969595899476,-2.9376684318653,0.274847979497379,1.45036047949738
2.27192354085564,-2.45793725484282,2.73818842371475,-2.9376684318653,0.369094211857377,1.51380671185738
2.27745388663021,-2.36909421185738,2.91587450968565,-2.9376684318653,0.457937254842823,1.57264975484282
2.28252572551934,-2.27484797949738,3.08205297110316,-2.9376684318653,0.541026485551579,1.62653898555158
2.28714304735317,-2.17557050458495,3.23606797749979,-2.9376684318653,0.618033988749895,1.67514648874989
2.29130950811861,-2.07165358995799,3.37731170200806,-2.9376684318653,0.68865585100403,1.71816835100403
2.29502842634529,-1.96350734820343,3.50522672017545,-2.9376684318653,0.752613360087727,1.75532586008773
2.29830277985566,-1.85155858313015,3.61930820986408,-2.9376684318653,0.809654104932039,1.78636660493204
2.30113520287295,-1.73624910536936,3.71910594355301,-2.9376684318653,0.859552971776503,1.8110654717765
2.3035279834821,-1.61803398874989,3.80422606518061,-2.9376684318653,0.902113032590307,1.82922553259031
2.3035279834821,-0.381966011250105,3.80422606518061,-2.9376684318653,0.902113032590307,1.62922553259031
2.30113520287295,-0.263750894630643,3.71910594355301,-2.9376684318653,0.859552971776503,1.5710654717765
2.29830277985566,-0.148441416869854,3.61930820986408,-2.9376684318653,0.809654104932039,1.50636660493204
2.29502842634529,-0.03649265179657,3.50522672017545,-2.9376684318653,0.752613360087727,1.43532586008773
2.29130950811861,0.0716535899579929,3.37731170200806,-2.9376684318653,0.68865585100403,1.35816835100403
2.28714304735317,0.175570504584946,3.23606797749979,-2.9376684318653,0.618033988749895,1.2751464887499
2.28252572551934,0.274847979497379,3.08205297110316,-2.9376684318653,0.541026485551579,1.18653898555158
2.27745388663021,0.369094211857377,2.91587450968565,-2.9376684318653,0.457937254842823,1.09264975484282
2.27192354085564,0.457937254842823,2.73818842371475,-2.9376684318653,0.369094211857377,0.993806711857377
2.26593036850646,0.541026485551579,2.54969595899476,-2.9376684318653,0.274847979497379,0.890360479497379
2.25946972439626,0.618033988749895,2.35114100916989,-2.9376684318653,0.175570504584946,0.782683004584946
2.25253664258805,0.68865585100403,2.14330717991599,-2.9376684318653,0.0716535899579933,0.671166089957993
2.24512584153401,0.752613360087727,1.92701469640686,-2.9376684318653,-0.0364926517965696,0.55621984820343
2.23723172961696,0.809654104932039,1.70311716626029,-2.9376684318653,-0.148441416869855,0.438271083130145
2.22884841110275,0.859552971776503,1.47249821073871,-2.9376684318653,-0.263750894630645,0.317761605369355
2.21996969251306,0.902113032590307,1.23606797749979,-2.9376684318653,-0.381966011250106,0.195146488749894
2.2105890894288,0.937166322257262,0.99475954865942,-2.9376684318653,-0.50262022567029,0.0708922743297098
2.20069983373473,0.964574501457377,0.7495252583429,-2.9376684318653,-0.62523737082855,-0.0545248708285502
2.19029488131607,0.984229402628956,0.501332934257218,-2.9376684318653,-0.749333532871391,-0.180621032871391
2.1793669202187,0.996053456856543,0.251162078117254,-2.9376684318653,-0.874418960941373,-0.306906460941373
2.16790837928447,1,2.44929359829471e-16,-2.9376684318653,-1,-0.4328875
2.15591143727391,0.996053456856543,-0.251162078117254,-2.9376684318653,-1.12558103905863,-0.558068539058627
2.1433680324886,0.984229402628956,-0.501332934257217,-2.9376684318653,-1.25066646712861,-0.681953967128609
2.13026987290594,0.964574501457377,-0.749525258342899,-2.9376684318653,-1.37476262917145,-0.80405012917145
2.11660844683919,0.937166322257262,-0.994759548659419,-2.9376684318653,-1.49737977432971,-0.92386727432971
2.10237503413612,0.902113032590307,-1.23606797749979,-2.9376684318653,-1.6180339887499,-1.0409214887499
2.08756071792929,0.859552971776503,-1.47249821073871,-2.9376684318653,-1.73624910536936,-1.15473660536936
2.07215639695173,0.809654104932039,-1.70311716626029,-2.9376684318653,-1.85155858313015,-1.26484608313015
2.05615279843132,0.752613360087727,-1.92701469640686,-2.9376684318653,-1.96350734820343,-1.37079484820343
2.03954049157769,0.68865585100403,-2.14330717991599,-2.9376684318653,-2.07165358995799,-1.47214108995799
2.02230990167506,0.618033988749895,-2.35114100916989,-2.9376684318653,-2.17557050458495,-1.56845800458495
2.00445132479481,0.541026485551579,-2.54969595899476,-2.9376684318653,-2.27484797949738,-1.65933547949738
1.98595494314097,0.457937254842823,-2.73818842371475,-2.9376684318653,-2.36909421185738,-1.74438171185738
1.96681084104234,0.369094211857378,-2.91587450968565,-2.9376684318653,-2.45793725484282,-1.82322475484282
1.94700902160393,0.27484797949738,-3.08205297110316,-2.9376684318653,-2.54102648555158,-1.89551398555158
1.92653942403098,0.175570504584946,-3.23606797749979,-2.9376684318653,-2.61803398874989,-1.96092148874989
1.90539194163789,0.0716535899579933,-3.37731170200806,-2.9376684318653,-2.68865585100403,-2.01914335100403
1.88355644055425,-0.0364926517965696,-3.50522672017545,-2.9376684318653,-2.75261336008773,-2.06990086008773
1.86102277913976,-0.148441416869855,-3.61930820986408,-2.9376684318653,-2.80965410493204,-2.11294160493204
1.8377808281192,-0.263750894630645,-3.71910594355301,-2.9376684318653,-2.8595529717765,-2.1480404717765
1.71583550736983,-1.61803398874989,-3.80422606518061,-2.82264230686268,-2.90211303259031,-0.326063032590308
1.74051851139804,-1.73624910536936,-3.71910594355301,-2.82264230686268,-2.8595529717765,-0.339102971776503
1.76447641521429,-1.85155858313015,-3.61930820986408,-2.82264230686268,-2.80965410493204,-0.344004104932039
1.78771859848818,-1.96350734820343,-3.50522672017545,-2.82264230686268,-2.75261336008773,-0.340963360087728
1.81025449747663,-2.07165358995799,-3.37731170200806,-2.82264230686268,-2.68865585100403,-0.33020585100403
1.8320935838141,-2.17557050458495,-3.23606797749979,-2.82264230686268,-2.61803398874989,-0.311983988749895
1.85324534402448,-2.27484797949738,-3.08205297110316,-2.82264230686268,-2.54102648555158,-0.286576485551578
1.87371925974537,-2.36909421185738,-2.91587450968565,-2.82264230686268,-2.45793725484282,-0.254287254842823
1.8935247886549,-2.45793725484282,-2.73818842371475,-2.82264230686268,-2.36909421185738,-0.215444211857378
1.91267134609071,-2.54102648555158,-2.54969595899476,-2.82264230686268,-2.27484797949738,-0.170397979497379
1.93116828734999,-2.61803398874989,-2.35114100916989,-2.82264230686268,-2.17557050458495,-0.119520504584946
1.94902489065949,-2.68865585100403,-2.14330717991599,-2.82264230686268,-2.07165358995799,-0.063203589957993
1.96625034080359,-2.75261336008773,-1.92701469640686,-2.82264230686268,-1.96350734820343,-0.00185734820343031
1.98285371339837,-2.80965410493204,-1.70311716626029,-2.82264230686268,-1.85155858313015,0.0640914168698548
1.99884395979961,-2.8595529717765,-1.47249821073871,-2.82264230686268,-1.73624910536936,0.134200894630644
2.01422989263199,-2.90211303259031,-1.23606797749979,-2.82264230686268,-1.61803398874989,0.208016011250105
2.02902017192712,-2.93716632225726,-0.994759548659419,-2.82264230686268,-1.49737977432971,0.28507022567029
2.04322329185754,-2.96457450145738,-0.749525258342899,-2.82264230686268,-1.37476262917145,0.36488737082855
2.05684756805405,-2.98422940262896,-0.501332934257217,-2.82264230686268,-1.25066646712861,0.446983532871391
2.0699011254936,-2.99605345685654,-0.251162078117254,-2.82264230686268,-1.12558103905863,0.530868960941373
2.08239188694518,-3,2.44929359829471e-16,-2.82264230686268,-1,0.61605
2.09432756196098,-2.99605345685654,0.251162078117254,-2.82264230686268,-0.874418960941373,0.702031039058627
2.10571563640055,-2.98422940262896,0.501332934257218,-2.82264230686268,-0.749333532871391,0.788316467128609
2.11656336247569,-2.96457450145738,0.7495252583429,-2.82264230686268,-0.62523737082855,0.87441262917145
2.12687774930388,-2.93716632225726,0.994759548659419,-2.82264230686268,-0.502620225670291,0.95982977432971
2.13666555395875,-2.90211303259031,1.23606797749979,-2.82264230686268,-0.381966011250105,1.04408398874989
2.14593327300577,-2.8595529717765,1.47249821073871,-2.82264230686268,-0.263750894630644,1.12669910536936
2.15468713451224,-2.80965410493204,1.70311716626029,-2.82264230686268,-0.148441416869855,1.20720858313015
2.16293309052052,-2.75261336008773,1.92701469640686,-2.82264230686268,-0.0364926517965692,1.28515734820343
2.17067680997417,-2.68865585100403,2.14330717991599,-2.82264230686268,0.0716535899579935,1.36010358995799
2.17792367208678,-2.61803398874989,2.35114100916989,-2.82264230686268,0.175570504584947,1.43162050458495
2.18467876014396,-2.54102648555158,2.54969595899476,-2.82264230686268,0.274847979497379,1.49929797949738
2.19094685572909,-2.45793725484282,2.73818842371475,-2.82264230686268,0.369094211857377,1.56274421185738
2.19673243336419,-2.36909421185738,2.91587450968565,-2.82264230686268,0.457937254842823,1.62158725484282
2.20203965555757,-2.27484797949738,3.08205297110316,-2.82264230686268,0.541026485551579,1.67547648555158
2.2068723682504,-2.17557050458495,3.23606797749979,-2.82264230686268,0.618033988749895,1.72408398874989
2.21123409665506,-2.07165358995799,3.37731170200806,-2.82264230686268,0.68865585100403,1.76710585100403
2.21512804147839,-1.96350734820343,3.50522672017545,-2.82264230686268,0.752613360087727,1.80426336008773
2.21855707552365,-1.85155858313015,3.61930820986408,-2.82264230686268,0.809654104932039,1.83530410493204
2.22152374066557,-1.73624910536936,3.71910594355301,-2.82264230686268,0.859552971776503,1.8600029717765
2.22403024519343,-1.61803398874989,3.80422606518061,-2.82264230686268,0.902113032590307,1.87816303259031
2.22403024519343,-0.381966011250105,3.80422606518061,-2.82264230686268,0.902113032590307,1.67816303259031
2.22152374066557,-0.263750894630643,3.71910594355301,-2.82264230686268,0.859552971776503,1.6200029717765
2.21855707552365,-0.148441416869854,3.61930820986408,-2.82264230686268,0.809654104932039,1.55530410493204
2.21512804147839,-0.03649265179657,3.50522672017545,-2.82264230686268,0.752613360087727,1.48426336008773
2.21123409665506,0.0716535899579929,3.37731170200806,-2.82264230686268,0.68865585100403,1.40710585100403
2.2068723682504,0.175570504584946,3.23606797749979,-2.82264230686268,0.618033988749895,1.32408398874989
2.20203965555757,0.274847979497379,3.08205297110316,-2.82264230686268,0.541026485551579,1.23547648555158
2.19673243336419,0.369094211857377,2.91587450968565,-2.82264230686268,0.457937254842823,1.14158725484282
2.19094685572909,0.457937254842823,2.73818842371475,-2.82264230686268,0.369094211857377,1.04274421185738
2.18467876014396,0.541026485551579,2.54969595899476,-2.82264230686268,0.274847979497379,0.939297979497379
2.17792367208678,0.618033988749895,2.35114100916989,-2.82264230686268,0.175570504584946,0.831620504584946
2.17067680997417,0.68865585100403,2.14330717991599,-2.82264230686268,0.0716535899579933,0.720103589957993
2.16293309052052,0.752613360087727,1.92701469640686,-2.82264230686268,-0.0364926517965696,0.60515734820343
2.15468713451224,0.809654104932039,1.70311716626029,-2.82264230686268,-0.148441416869855,0.487208583130145
2.14593327300577,0.859552971776503,1.47249821073871,-2.82264230686268,-0.263750894630645,0.366699105369355
2.13666555395875,0.902113032590307,1.23606797749979,-2.82264230686268,-0.381966011250106,0.244083988749894
2.12687774930388,0.937166322257262,0.99475954865942,-2.82264230686268,-0.50262022567029,0.11982977432971
2.11656336247569,0.964574501457377,0.7495252583429,-2.82264230686268,-0.62523737082855,-0.00558737082855021
2.10571563640055,0.984229402628956,0.501332934257218,-2.82264230686268,-0.749333532871391,-0.131683532871391
2.09432756196098,0.996053456856543,0.251162078117254,-2.82264230686268,-0.874418960941373,-0.257968960941373
2.08239188694518,1,2.44929359829471e-16,-2.82264230686268,-1,-0.38395
2.0699011254936,0.996053456856543,-0.251162078117254,-2.82264230686268,-1.12558103905863,-0.509131039058627
2.05684756805405,0.984229402628956,-0.501332934257217,-2.82264230686268,-1.25066646712861,-0.633016467128609
2.04322329185754,0.964574501457377,-0.749525258342899,-2.82264230686268,-1.37476262917145,-0.75511262917145
2.02902017192712,0.937166322257262,-0.994759548659419,-2.82264230686268,-1.49737977432971,-0.87492977432971
2.01422989263198,0.902113032590307,-1.23606797749979,-2.82264230686268,-1.6180339887499,-0.991983988749895
1.99884395979961,0.859552971776503,-1.47249821073871,-2.82264230686268,-1.73624910536936,-1.10579910536936
1.98285371339837,0.809654104932039,-1.70311716626029,-2.82264230686268,-1.85155858313015,-1.21590858313015
1.96625034080359,0.752613360087727,-1.92701469640686,-2.82264230686268,-1.96350734820343,-1.32185734820343
1.94902489065949,0.68865585100403,-2.14330717991599,-2.82264230686268,-2.07165358995799,-1.42320358995799
1.93116828734999,0.618033988749895,-2.35114100916989,-2.82264230686268,-2.17557050458495,-1.51952050458495
1.91267134609071,0.541026485551579,-2.54969595899476,-2.82264230686268,-2.27484797949738,-1.61039797949738
1.8935247886549,0.457937254842823,-2.73818842371475,-2.82264230686268,-2.36909421185738,-1.69544421185738
1.87371925974537,0.369094211857378,-2.91587450968565,-2.82264230686268,-2.45793725484282,-1.77428725484282
1.85324534402448,0.27484797949738,-3.08205297110316,-2.82264230686268,-2.54102648555158,-1.84657648555158
1.8320935838141,0.175570504584946,-3.23606797749979,-2.82264230686268,-2.61803398874989,-1.91198398874989
1.81025449747663,0.0716535899579933,-3.37731170200806,-2.82264230686268,-2.68865585100403,-1.97020585100403
1.78771859848818,-0.0364926517965696,-3.50522672017545,-2.82264230686268,-2.75261336008773,-2.02096336008773
1.76447641521429,-0.148441416869855,-3.61930820986408,-2.82264230686268,-2.80965410493204,-2.06400410493204
1.74051851139804,-0.263750894630645,-3.71910594355301,-2.82264230686268,-2.8595529717765,-2.0991029717765
1.61215472325853,-1.61803398874989,-3.80422606518061,-2.65129689026608,-2.90211303259031,-0.275100532590308
1.6375388648458,-1.73624910536936,-3.71910594355301,-2.65129689026608,-2.8595529717765,-0.288140471776503
1.66219223534164,-1.85155858313015,-3.61930820986408,-2.65129689026608,-2.80965410493204,-0.293041604932039
1.68612346178412,-1.96350734820343,-3.50522672017545,-2.65129689026608,-2.75261336008773,-0.290000860087727
1.70934125172061,-2.07165358995799,-3.37731170200806,-2.65129689026608,-2.68865585100403,-0.27924335100403
1.73185437168029,-2.17557050458495,-3.23606797749979,-2.65129689026608,-2.61803398874989,-0.261021488749895
1.75367162635767,-2.27484797949738,-3.08205297110316,-2.65129689026608,-2.54102648555158,-0.235613985551578
1.77480183849954,-2.36909421185738,-2.91587450968565,-2.65129689026608,-2.45793725484282,-0.203324754842823
1.79525382948672,-2.45793725484282,-2.73818842371475,-2.65129689026608,-2.36909421185738,-0.164481711857378
1.81503640060157,-2.54102648555158,-2.54969595899476,-2.65129689026608,-2.27484797949738,-0.11943547949738
1.8341583149717,-2.61803398874989,-2.35114100916989,-2.65129689026608,-2.17557050458495,-0.0685580045849463
1.85262828017967,-2.68865585100403,-2.14330717991599,-2.65129689026608,-2.07165358995799,-0.0122410899579932
1.8704549315282,-2.75261336008773,-1.92701469640686,-2.65129689026608,-1.96350734820343,0.0491051517965695
1.88764681594999,-2.80965410493204,-1.70311716626029,-2.65129689026608,-1.85155858313015,0.115053916869855
1.90421237655106,-2.8595529717765,-1.47249821073871,-2.65129689026608,-1.73624910536936,0.185163394630644
1.92015993777602,-2.90211303259031,-1.23606797749979,-2.65129689026608,-1.61803398874989,0.258978511250105
1.93549769118392,-2.93716632225726,-0.994759548659419,-2.65129689026608,-1.49737977432971,0.33603272567029
1.95023368182271,-2.96457450145738,-0.749525258342899,-2.65129689026608,-1.37476262917145,0.41584987082855
1.96437579519071,-2.98422940262896,-0.501332934257217,-2.65129689026608,-1.25066646712861,0.497946032871391
1.9779317447732,-2.99605345685654,-0.251162078117254,-2.65129689026608,-1.12558103905863,0.581831460941373
1.99090906014217,-3,2.44929359829471e-16,-2.65129689026608,-1,0.6670125
2.00331507560775,-2.99605345685654,0.251162078117254,-2.65129689026608,-0.874418960941373,0.752993539058627
2.01515691940943,-2.98422940262896,0.501332934257218,-2.65129689026608,-0.749333532871391,0.839278967128609
2.02644150343562,-2.96457450145738,0.7495252583429,-2.65129689026608,-0.62523737082855,0.92537512917145
2.03717551346026,-2.93716632225726,0.994759548659419,-2.65129689026608,-0.502620225670291,1.01079227432971
2.04736539988526,-2.90211303259031,1.23606797749979,-2.65129689026608,-0.381966011250105,1.09504648874989
2.05701736897798,-2.8595529717765,1.47249821073871,-2.65129689026608,-0.263750894630644,1.17766160536936
2.06613737459303,-2.80965410493204,1.70311716626029,-2.65129689026608,-0.148441416869855,1.25817108313014
2.07473111036822,-2.75261336008773,1.92701469640686,-2.65129689026608,-0.0364926517965692,1.33611984820343
2.08280400238455,-2.68865585100403,2.14330717991599,-2.65129689026608,0.0716535899579935,1.41106608995799
2.09036120228075,-2.61803398874989,2.35114100916989,-2.65129689026608,0.175570504584947,1.48258300458495
2.09740758081309,-2.54102648555158,2.54969595899476,-2.65129689026608,0.274847979497379,1.55026047949738
2.10394772185168,-2.45793725484282,2.73818842371475,-2.65129689026608,0.369094211857377,1.61370671185738
2.10998591680485,-2.36909421185738,2.91587450968565,-2.65129689026608,0.457937254842823,1.67254975484282
2.11552615946367,-2.27484797949738,3.08205297110316,-2.65129689026608,0.541026485551579,1.72643898555158
2.12057214125925,-2.17557050458495,3.23606797749979,-2.65129689026608,0.618033988749895,1.77504648874989
2.12512724692571,-2.07165358995799,3.37731170200806,-2.65129689026608,0.68865585100403,1.81806835100403
2.12919455056243,-1.96350734820343,3.50522672017545,-2.65129689026608,0.752613360087727,1.85522586008773
2.13277681208959,-1.85155858313015,3.61930820986408,-2.65129689026608,0.809654104932039,1.88626660493204
2.13587647409163,-1.73624910536936,3.71910594355301,-2.65129689026608,0.859552971776503,1.9109654717765
2.13849565904366,-1.61803398874989,3.80422606518061,-2.65129689026608,0.902113032590307,1.92912553259031
2.13849565904366,-0.381966011250105,3.80422606518061,-2.65129689026608,0.902113032590307,1.72912553259031
2.13587647409163,-0.263750894630643,3.71910594355301,-2.65129689026608,0.859552971776503,1.6709654717765
2.13277681208959,-0.148441416869854,3.61930820986408,-2.65129689026608,0.809654104932039,1.60626660493204
2.12919455056243,-0.03649265179657,3.50522672017545,-2.65129689026608,0.752613360087727,1.53522586008773
2.12512724692571,0.0716535899579929,3.37731170200806,-2.65129689026608,0.68865585100403,1.45806835100403
2.12057214125925,0.175570504584946,3.23606797749979,-2.65129689026608,0.618033988749895,1.37504648874989
2.11552615946367,0.274847979497379,3.08205297110316,-2.65129689026608,0.541026485551579,1.28643898555158
2.10998591680485,0.369094211857377,2.91587450968565,-2.65129689026608,0.457937254842823,1.19254975484282
2.10394772185168,0.457937254842823,2.73818842371475,-2.65129689026608,0.369094211857377,1.09370671185738
2.09740758081309,0.541026485551579,2.54969595899476,-2.65129689026608,0.274847979497379,0.990260479497379
2.09036120228075,0.618033988749895,2.35114100916989,-2.65129689026608,0.175570504584946,0.882583004584946
2.08280400238455,0.68865585100403,2.14330717991599,-2.65129689026608,0.0716535899579933,0.771066089957993
2.07473111036822,0.752613360087727,1.92701469640686,-2.65129689026608,-0.0364926517965696,0.65611984820343
2.06613737459303,0.809654104932039,1.70311716626029,-2.65129689026608,-0.148441416869855,0.538171083130145
2.05701736897798,0.859552971776503,1.47249821073871,-2.65129689026608,-0.263750894630645,0.417661605369355
2.04736539988526,0.902113032590307,1.23606797749979,-2.65129689026608,-0.381966011250106,0.295046488749894
2.03717551346026,0.937166322257262,0.99475954865942,-2.65129689026608,-0.50262022567029,0.17079227432971
2.02644150343562,0.964574501457377,0.7495252583429,-2.65129689026608,-0.62523737082855,0.0453751291714497
2.01515691940943,0.984229402628956,0.501332934257218,-2.65129689026608,-0.749333532871391,-0.0807210328713912
2.00331507560775,0.996053456856543,0.251162078117254,-2.65129689026608,-0.874418960941373,-0.207006460941373
1.99090906014217,1,2.44929359829471e-16,-2.65129689026608,-1,-0.3329875
1.9779317447732,0.996053456856543,-0.251162078117254,-2.65129689026608,-1.12558103905863,-0.458168539058627
1.96437579519071,0.984229402628956,-0.501332934257217,-2.65129689026608,-1.25066646712861,-0.582053967128609
1.95023368182271,0.964574501457377,-0.749525258342899,-2.65129689026608,-1.37476262917145,-0.70415012917145
1.93549769118392,0.937166322257262,-0.994759548659419,-2.65129689026608,-1.49737977432971,-0.82396727432971
1.92015993777602,0.902113032590307,-1.23606797749979,-2.65129689026608,-1.6180339887499,-0.941021488749895
1.90421237655106,0.859552971776503,-1.47249821073871,-2.65129689026608,-1.73624910536936,-1.05483660536936
1.88764681594999,0.809654104932039,-1.70311716626029,-2.65129689026608,-1.85155858313015,-1.16494608313015
1.8704549315282,0.752613360087727,-1.92701469640686,-2.65129689026608,-1.96350734820343,-1.27089484820343
1.85262828017967,0.68865585100403,-2.14330717991599,-2.65129689026608,-2.07165358995799,-1.37224108995799
1.8341583149717,0.618033988749895,-2.35114100916989,-2.65129689026608,-2.17557050458495,-1.46855800458495
1.81503640060157,0.541026485551579,-2.54969595899476,-2.65129689026608,-2.27484797949738,-1.55943547949738
1.79525382948672,0.457937254842823,-2.73818842371475,-2.65129689026608,-2.36909421185738,-1.64448171185738
1.77480183849954,0.369094211857378,-2.91587450968565,-2.65129689026608,-2.45793725484282,-1.72332475484282
1.75367162635767,0.27484797949738,-3.08205297110316,-2.65129689026608,-2.54102648555158,-1.79561398555158
1.73185437168029,0.175570504584946,-3.23606797749979,-2.65129689026608,-2.61803398874989,-1.86102148874989
1.70934125172061,0.0716535899579933,-3.37731170200806,-2.65129689026608,-2.68865585100403,-1.91924335100403
1.68612346178412,-0.0364926517965696,-3.50522672017545,-2.65129689026608,-2.75261336008773,-1.97000086008773
1.66219223534164,-0.148441416869855,-3.61930820986408,-2.65129689026608,-2.80965410493204,-2.01304160493204
1.6375388648458,-0.263750894630645,-3.71910594355301,-2.65129689026608,-2.8595529717765,-2.0481404717765
1.50271987608213,-1.61803398874989,-3.80422606518061,-2.42705098312484,-2.90211303259031,-0.222113032590308
1.52877884322447,-1.73624910536936,-3.71910594355301,-2.42705098312484,-2.8595529717765,-0.235152971776504
1.55410252571346,-1.85155858313015,-3.61930820986408,-2.42705098312484,-2.80965410493204,-0.240054104932039
1.5786987617148,-1.96350734820343,-3.50522672017545,-2.42705098312484,-2.75261336008773,-0.237013360087728
1.60257549433984,-2.07165358995799,-3.37731170200806,-2.42705098312484,-2.68865585100403,-0.22625585100403
1.6257407498302,-2.17557050458495,-3.23606797749979,-2.42705098312484,-2.61803398874989,-0.208033988749895
1.64820261644143,-2.27484797949738,-3.08205297110316,-2.42705098312484,-2.54102648555158,-0.182626485551579
1.66996922401933,-2.36909421185738,-2.91587450968565,-2.42705098312484,-2.45793725484282,-0.150337254842823
1.6910487242621,-2.45793725484282,-2.73818842371475,-2.42705098312484,-2.36909421185738,-0.111494211857378
1.71144927166045,-2.54102648555158,-2.54969595899476,-2.42705098312484,-2.27484797949738,-0.0664479794973796
1.73117900510748,-2.61803398874989,-2.35114100916989,-2.42705098312484,-2.17557050458495,-0.0155705045849464
1.75024603016946,-2.68865585100403,-2.14330717991599,-2.42705098312484,-2.07165358995799,0.0407464100420067
1.7686584020083,-2.75261336008773,-1.92701469640686,-2.42705098312484,-1.96350734820343,0.102092651796569
1.78642410894597,-2.80965410493204,-1.70311716626029,-2.42705098312484,-1.85155858313015,0.168041416869855
1.80355105666089,-2.8595529717765,-1.47249821073871,-2.42705098312484,-1.73624910536936,0.238150894630644
1.820047053006,-2.90211303259031,-1.23606797749979,-2.42705098312484,-1.61803398874989,0.311966011250105
1.83591979343789,-2.93716632225726,-0.994759548659419,-2.42705098312484,-1.49737977432971,0.38902022567029
1.85117684704644,-2.96457450145738,-0.749525258342899,-2.42705098312484,-1.37476262917145,0.46883737082855
1.865825643174,-2.98422940262896,-0.501332934257217,-2.42705098312484,-1.25066646712861,0.550933532871391
1.87987345861332,-2.99605345685654,-0.251162078117254,-2.42705098312484,-1.12558103905863,0.634818960941373
1.89332740537323,-3,2.44929359829471e-16,-2.42705098312484,-1,0.72
1.90619441900118,-2.99605345685654,0.251162078117254,-2.42705098312484,-0.874418960941373,0.805981039058627
1.91848124745183,-2.98422940262896,0.501332934257218,-2.42705098312484,-0.749333532871391,0.892266467128608
1.93019444049086,-2.96457450145738,0.7495252583429,-2.42705098312484,-0.62523737082855,0.97836262917145
1.94134033962348,-2.93716632225726,0.994759548659419,-2.42705098312484,-0.502620225670291,1.06377977432971
1.95192506853713,-2.90211303259031,1.23606797749979,-2.42705098312484,-0.381966011250105,1.14803398874989
1.96195452404812,-2.8595529717765,1.47249821073871,-2.42705098312484,-0.263750894630644,1.23064910536936
1.97143436754234,-2.80965410493204,1.70311716626029,-2.42705098312484,-0.148441416869855,1.31115858313014
1.98037001690018,-2.75261336008773,1.92701469640686,-2.42705098312484,-0.0364926517965692,1.38910734820343
1.98876663889634,-2.68865585100403,2.14330717991599,-2.42705098312484,0.0716535899579935,1.46405358995799
1.99662914206538,-2.61803398874989,2.35114100916989,-2.42705098312484,0.175570504584947,1.53557050458495
2.00396217002431,-2.54102648555158,2.54969595899476,-2.42705098312484,0.274847979497379,1.60324797949738
2.01077009524387,-2.45793725484282,2.73818842371475,-2.42705098312484,0.369094211857377,1.66669421185738
2.01705701326044,-2.36909421185738,2.91587450968565,-2.42705098312484,0.457937254842823,1.72553725484282
2.02282673732126,-2.27484797949738,3.08205297110316,-2.42705098312484,0.541026485551579,1.77942648555158
2.02808279345557,-2.17557050458495,3.23606797749979,-2.42705098312484,0.618033988749895,1.82803398874989
2.03282841596528,-2.07165358995799,3.37731170200806,-2.42705098312484,0.68865585100403,1.87105585100403
2.03706654332883,-1.96350734820343,3.50522672017545,-2.42705098312484,0.752613360087727,1.90821336008773
2.0407998145127,-1.85155858313015,3.61930820986408,-2.42705098312484,0.809654104932039,1.93925410493204
2.04403056568522,-1.73624910536936,3.71910594355301,-2.42705098312484,0.859552971776503,1.9639529717765
2.04676082732819,-1.61803398874989,3.80422606518061,-2.42705098312484,0.902113032590307,1.98211303259031
2.04676082732819,-0.381966011250105,3.80422606518061,-2.42705098312484,0.902113032590307,1.78211303259031
2.04403056568522,-0.263750894630643,3.71910594355301,-2.42705098312484,0.859552971776503,1.7239529717765
2.0407998145127,-0.148441416869854,3.61930820986408,-2.42705098312484,0.809654104932039,1.65925410493204
2.03706654332883,-0.03649265179657,3.50522672017545,-2.42705098312484,0.752613360087727,1.58821336008773
2.03282841596528,0.0716535899579929,3.37731170200806,-2.42705098312484,0.68865585100403,1.51105585100403
2.02808279345557,0.175570504584946,3.23606797749979,-2.42705098312484,0.618033988749895,1.42803398874989
2.02282673732126,0.274847979497379,3.08205297110316,-2.42705098312484,0.541026485551579,1.33942648555158
2.01705701326044,0.369094211857377,2.91587450968565,-2.42705098312484,0.457937254842823,1.24553725484282
2.01077009524387,0.457937254842823,2.73818842371475,-2.42705098312484,0.369094211857377,1.14669421185738
2.00396217002431,0.541026485551579,2.54969595899476,-2.42705098312484,0.274847979497379,1.04324797949738
1.99662914206538,0.618033988749895,2.35114100916989,-2.42705098312484,0.175570504584946,0.935570504584946
1.98876663889634,0.68865585100403,2.14330717991599,-2.42705098312484,0.0716535899579933,0.824053589957993
1.98037001690018,0.752613360087727,1.92701469640686,-2.42705098312484,-0.0364926517965696,0.70910734820343
1.97143436754234,0.809654104932039,1.70311716626029,-2.42705098312484,-0.148441416869855,0.591158583130144
1.96195452404812,0.859552971776503,1.47249821073871,-2.42705098312484,-0.263750894630645,0.470649105369355
1.95192506853713,0.902113032590307,1.23606797749979,-2.42705098312484,-0.381966011250106,0.348033988749894
1.94134033962348,0.937166322257262,0.99475954865942,-2.42705098312484,-0.50262022567029,0.22377977432971
1.93019444049086,0.964574501457377,0.7495252583429,-2.42705098312484,-0.62523737082855,0.0983626291714494
1.91848124745183,0.984229402628956,0.501332934257218,-2.42705098312484,-0.749333532871391,-0.0277335328713914
1.90619441900118,0.996053456856543,0.251162078117254,-2.42705098312484,-0.874418960941373,-0.154018960941373
1.89332740537323,1,2.44929359829471e-16,-2.42705098312484,-1,-0.28
1.87987345861332,0.996053456856543,-0.251162078117254,-2.42705098312484,-1.12558103905863,-0.405181039058627
1.865825643174,0.984229402628956,-0.501332934257217,-2.42705098312484,-1.25066646712861,-0.529066467128609
1.85117684704644,0.964574501457377,-0.749525258342899,-2.42705098312484,-1.37476262917145,-0.65116262917145
1.83591979343789,0.937166322257262,-0.994759548659419,-2.42705098312484,-1.49737977432971,-0.77097977432971
1.820047053006,0.902113032590307,-1.23606797749979,-2.42705098312484,-1.6180339887499,-0.888033988749895
1.80355105666089,0.859552971776503,-1.47249821073871,-2.42705098312484,-1.73624910536936,-1.00184910536936
1.78642410894597,0.809654104932039,-1.70311716626029,-2.42705098312484,-1.85155858313015,-1.11195858313015
1.7686584020083,0.752613360087727,-1.92701469640686,-2.42705098312484,-1.96350734820343,-1.21790734820343
1.75024603016946,0.68865585100403,-2.14330717991599,-2.42705098312484,-2.07165358995799,-1.31925358995799
1.73117900510748,0.618033988749895,-2.35114100916989,-2.42705098312484,-2.17557050458495,-1.41557050458495
1.71144927166045,0.541026485551579,-2.54969595899476,-2.42705098312484,-2.27484797949738,-1.50644797949738
1.6910487242621,0.457937254842823,-2.73818842371475,-2.42705098312484,-2.36909421185738,-1.59149421185738
1.66996922401933,0.369094211857378,-2.91587450968565,-2.42705098312484,-2.45793725484282,-1.67033725484282
1.64820261644143,0.27484797949738,-3.08205297110316,-2.42705098312484,-2.54102648555158,-1.74262648555158
1.6257407498302,0.175570504584946,-3.23606797749979,-2.42705098312484,-2.61803398874989,-1.8080339887499
1.60257549433984,0.0716535899579933,-3.37731170200806,-2.42705098312484,-2.68865585100403,-1.86625585100403
1.5786987617148,-0.0364926517965696,-3.50522672017545,-2.42705098312484,-2.75261336008773,-1.91701336008773
1.55410252571346,-0.148441416869855,-3.61930820986408,-2.42705098312484,-2.80965410493204,-1.96005410493204
1.52877884322447,-0.263750894630645,-3.71910594355301,-2.42705098312484,-2.8595529717765,-1.9951529717765
1.38750227662095,-1.61803398874989,-3.80422606518061,-2.15437889328957,-2.90211303259031,-0.167100532590307
1.41420475630279,-1.73624910536936,-3.71910594355301,-2.15437889328957,-2.8595529717765,-0.180140471776503
1.44016871076466,-1.85155858313015,-3.61930820986408,-2.15437889328957,-2.80965410493204,-0.185041604932039
1.46540115329121,-1.96350734820343,-3.50522672017545,-2.15437889328957,-2.75261336008773,-0.182000860087727
1.48990922700522,-2.07165358995799,-3.37731170200806,-2.15437889328957,-2.68865585100403,-0.17124335100403
1.513700182798,-2.17557050458495,-3.23606797749979,-2.15437889328957,-2.61803398874989,-0.153021488749894
1.53678135794509,-2.27484797949738,-3.08205297110316,-2.15437889328957,-2.54102648555158,-0.127613985551578
1.55916015540252,-2.36909421185738,-2.91587450968565,-2.15437889328957,-2.45793725484282,-0.0953247548428227
1.58084402377806,-2.45793725484282,-2.73818842371475,-2.15437889328957,-2.36909421185738,-0.0564817118573773
1.60184043797137,-2.54102648555158,-2.54969595899476,-2.15437889328957,-2.27484797949738,-0.011435479497379
1.6221568804759,-2.61803398874989,-2.35114100916989,-2.15437889328957,-2.17557050458495,0.0394419954150542
1.64180082333536,-2.68865585100403,-2.14330717991599,-2.15437889328957,-2.07165358995799,0.0957589100420073
1.66077971074655,-2.75261336008773,-1.92701469640686,-2.15437889328957,-1.96350734820343,0.15710515179657
1.67910094230036,-2.80965410493204,-1.70311716626029,-2.15437889328957,-1.85155858313015,0.223053916869855
1.69677185685183,-2.8595529717765,-1.47249821073871,-2.15437889328957,-1.73624910536936,0.293163394630644
1.71379971701044,-2.90211303259031,-1.23606797749979,-2.15437889328957,-1.61803398874989,0.366978511250106
1.73019169424099,-2.93716632225726,-0.994759548659419,-2.15437889328957,-1.49737977432971,0.444032725670291
1.74595485456551,-2.96457450145738,-0.749525258342899,-2.15437889328957,-1.37476262917145,0.523849870828551
1.76109614485644,-2.98422940262896,-0.501332934257217,-2.15437889328957,-1.25066646712861,0.605946032871391
1.77562237971109,-2.99605345685654,-0.251162078117254,-2.15437889328957,-1.12558103905863,0.689831460941373
1.78954022889739,-3,2.44929359829471e-16,-2.15437889328957,-1,0.7750125
1.80285620536099,-2.99605345685654,0.251162078117254,-2.15437889328957,-0.874418960941373,0.860993539058627
1.8155766537836,-2.98422940262896,0.501332934257218,-2.15437889328957,-0.749333532871391,0.947278967128609
1.82770773968269,-2.96457450145738,0.7495252583429,-2.15437889328957,-0.62523737082855,1.03337512917145
1.83925543904274,-2.93716632225726,0.994759548659419,-2.15437889328957,-0.502620225670291,1.11879227432971
1.85022552846825,-2.90211303259031,1.23606797749979,-2.15437889328957,-0.381966011250105,1.2030464887499
1.86062357584899,-2.8595529717765,1.47249821073871,-2.15437889328957,-0.263750894630644,1.28566160536936
1.8704549315282,-2.80965410493204,1.70311716626029,-2.15437889328957,-0.148441416869855,1.36617108313015
1.87972471996463,-2.75261336008773,1.92701469640686,-2.15437889328957,-0.0364926517965692,1.44411984820343
1.88843783187953,-2.68865585100403,2.14330717991599,-2.15437889328957,0.0716535899579935,1.51906608995799
1.89659891688007,-2.61803398874989,2.35114100916989,-2.15437889328957,0.175570504584947,1.59058300458495
1.90421237655106,-2.54102648555158,2.54969595899476,-2.15437889328957,0.274847979497379,1.65826047949738
1.9112823580069,-2.45793725484282,2.73818842371475,-2.15437889328957,0.369094211857377,1.72170671185738
1.91781274789643,-2.36909421185738,2.91587450968565,-2.15437889328957,0.457937254842823,1.78054975484282
1.9238071668535,-2.27484797949738,3.08205297110316,-2.15437889328957,0.541026485551579,1.83443898555158
1.92926896438641,-2.17557050458495,3.23606797749979,-2.15437889328957,0.618033988749895,1.88304648874989
1.93420121420018,-2.07165358995799,3.37731170200806,-2.15437889328957,0.68865585100403,1.92606835100403
1.93860670994557,-1.96350734820343,3.50522672017545,-2.15437889328957,0.752613360087727,1.96322586008773
1.94248796138961,-1.85155858313015,3.61930820986408,-2.15437889328957,0.809654104932039,1.99426660493204
1.94584719100261,-1.73624910536936,3.71910594355301,-2.15437889328957,0.859552971776503,2.0189654717765
1.94868633095734,-1.61803398874989,3.80422606518061,-2.15437889328957,0.902113032590307,2.03712553259031
1.94868633095734,-0.381966011250105,3.80422606518061,-2.15437889328957,0.902113032590307,1.83712553259031
1.94584719100261,-0.263750894630643,3.71910594355301,-2.15437889328957,0.859552971776503,1.7789654717765
1.94248796138961,-0.148441416869854,3.61930820986408,-2.15437889328957,0.809654104932039,1.71426660493204
1.93860670994557,-0.03649265179657,3.50522672017545,-2.15437889328957,0.752613360087727,1.64322586008773
1.93420121420018,0.0716535899579929,3.37731170200806,-2.15437889328957,0.68865585100403,1.56606835100403
1.92926896438641,0.175570504584946,3.23606797749979,-2.15437889328957,0.618033988749895,1.4830464887499
1.9238071668535,0.274847979497379,3.08205297110316,-2.15437889328957,0.541026485551579,1.39443898555158
1.91781274789643,0.369094211857377,2.91587450968565,-2.15437889328957,0.457937254842823,1.30054975484282
1.9112823580069,0.457937254842823,2.73818842371475,-2.15437889328957,0.369094211857377,1.20170671185738
1.90421237655106,0.541026485551579,2.54969595899476,-2.15437889328957,0.274847979497379,1.09826047949738
1.89659891688007,0.618033988749895,2.35114100916989,-2.15437889328957,0.175570504584946,0.990583004584946
1.88843783187953,0.68865585100403,2.14330717991599,-2.15437889328957,0.0716535899579933,0.879066089957993
1.87972471996463,0.752613360087727,1.92701469640686,-2.15437889328957,-0.0364926517965696,0.764119848203431
1.8704549315282,0.809654104932039,1.70311716626029,-2.15437889328957,-0.148441416869855,0.646171083130145
1.86062357584899,0.859552971776503,1.47249821073871,-2.15437889328957,-0.263750894630645,0.525661605369355
1.85022552846825,0.902113032590307,1.23606797749979,-2.15437889328957,-0.381966011250106,0.403046488749894
1.83925543904274,0.937166322257262,0.99475954865942,-2.15437889328957,-0.50262022567029,0.27879227432971
1.82770773968269,0.964574501457377,0.7495252583429,-2.15437889328957,-0.62523737082855,0.15337512917145
1.8155766537836,0.984229402628956,0.501332934257218,-2.15437889328957,-0.749333532871391,0.0272789671286091
1.80285620536099,0.996053456856543,0.251162078117254,-2.15437889328957,-0.874418960941373,-0.0990064609413729
1.78954022889739,1,2.44929359829471e-16,-2.15437889328957,-1,-0.2249875
1.77562237971109,0.996053456856543,-0.251162078117254,-2.15437889328957,-1.12558103905863,-0.350168539058627
1.76109614485644,0.984229402628956,-0.501332934257217,-2.15437889328957,-1.25066646712861,-0.474053967128609
1.74595485456551,0.964574501457377,-0.749525258342899,-2.15437889328957,-1.37476262917145,-0.596150129171449
1.73019169424099,0.937166322257262,-0.994759548659419,-2.15437889328957,-1.49737977432971,-0.71596727432971
1.71379971701044,0.902113032590307,-1.23606797749979,-2.15437889328957,-1.6180339887499,-0.833021488749895
1.69677185685183,0.859552971776503,-1.47249821073871,-2.15437889328957,-1.73624910536936,-0.946836605369356
1.67910094230036,0.809654104932039,-1.70311716626029,-2.15437889328957,-1.85155858313015,-1.05694608313015
1.66077971074655,0.752613360087727,-1.92701469640686,-2.15437889328957,-1.96350734820343,-1.16289484820343
1.64180082333536,0.68865585100403,-2.14330717991599,-2.15437889328957,-2.07165358995799,-1.26424108995799
1.6221568804759,0.618033988749895,-2.35114100916989,-2.15437889328957,-2.17557050458495,-1.36055800458495
1.60184043797137,0.541026485551579,-2.54969595899476,-2.15437889328957,-2.27484797949738,-1.45143547949738
1.58084402377806,0.457937254842823,-2.73818842371475,-2.15437889328957,-2.36909421185738,-1.53648171185738
1.55916015540252,0.369094211857378,-2.91587450968565,-2.15437889328957,-2.45793725484282,-1.61532475484282
1.53678135794509,0.27484797949738,-3.08205297110316,-2.15437889328957,-2.54102648555158,-1.68761398555158
1.513700182798,0.175570504584946,-3.23606797749979,-2.15437889328957,-2.61803398874989,-1.75302148874989
1.48990922700522,0.0716535899579933,-3.37731170200806,-2.15437889328957,-2.68865585100403,-1.81124335100403
1.46540115329121,-0.0364926517965696,-3.50522672017545,-2.15437889328957,-2.75261336008773,-1.86200086008773
1.44016871076466,-0.148441416869855,-3.61930820986408,-2.15437889328957,-2.80965410493204,-1.90504160493204
1.41420475630279,-0.263750894630645,-3.71910594355301,-2.15437889328957,-2.8595529717765,-1.9401404717765
1.26650598194443,-1.61803398874989,-3.80422606518061,-1.83872116095893,-2.90211303259031,-0.110063032590307
1.29381545326297,-1.73624910536936,-3.71910594355301,-1.83872116095893,-2.8595529717765,-0.123102971776503
1.32038454893031,-1.85155858313015,-3.61930820986408,-1.83872116095893,-2.80965410493204,-0.128004104932039
1.3462194218099,-1.96350734820343,-3.50522672017545,-1.83872116095893,-2.75261336008773,-0.124963360087727
1.37132637988642,-2.07165358995799,-3.37731170200806,-1.83872116095893,-2.68865585100403,-0.11420585100403
1.3957118639794,-2.17557050458495,-3.23606797749979,-1.83872116095893,-2.61803398874989,-0.0959839887498946
1.41938242612663,-2.27484797949738,-3.08205297110316,-1.83872116095893,-2.54102648555158,-0.0705764855515782
1.44234470863442,-2.36909421185738,-2.91587450968565,-1.83872116095893,-2.45793725484282,-0.0382872548428224
1.46460542379036,-2.45793725484282,-2.73818842371475,-1.83872116095893,-2.36909421185738,0.000555788142622582
1.48617133423424,-2.54102648555158,-2.54969595899476,-1.83872116095893,-2.27484797949738,0.0456020205026209
1.50704923398144,-2.61803398874989,-2.35114100916989,-1.83872116095893,-2.17557050458495,0.0964794954150541
1.52724593009275,-2.68865585100403,-2.14330717991599,-1.83872116095893,-2.07165358995799,0.152796410042007
1.54676822498408,-2.75261336008773,-1.92701469640686,-1.83872116095893,-1.96350734820343,0.21414265179657
1.56562289936892,-2.80965410493204,-1.70311716626029,-1.83872116095893,-1.85155858313015,0.280091416869855
1.58381669582594,-2.8595529717765,-1.47249821073871,-1.83872116095893,-1.73624910536936,0.350200894630644
1.60135630298377,-2.90211303259031,-1.23606797749979,-1.83872116095893,-1.61803398874989,0.424016011250105
1.61824834031486,-2.93716632225726,-0.994759548659419,-1.83872116095893,-1.49737977432971,0.50107022567029
1.63449934352967,-2.96457450145738,-0.749525258342899,-1.83872116095893,-1.37476262917145,0.580887370828551
1.65011575056268,-2.98422940262896,-0.501332934257217,-1.83872116095893,-1.25066646712861,0.662983532871391
1.66510388814117,-2.99605345685654,-0.251162078117254,-1.83872116095893,-1.12558103905863,0.746868960941373
1.67946995892776,-3,2.44929359829471e-16,-1.83872116095893,-1,0.83205
1.69322002922773,-2.99605345685654,0.251162078117254,-1.83872116095893,-0.874418960941373,0.918031039058627
1.70636001725193,-2.98422940262896,0.501332934257218,-1.83872116095893,-0.749333532871391,1.00431646712861
1.71889568192617,-2.96457450145738,0.7495252583429,-1.83872116095893,-0.62523737082855,1.09041262917145
1.73083261223814,-2.93716632225726,0.994759548659419,-1.83872116095893,-0.502620225670291,1.17582977432971
1.74217621711282,-2.90211303259031,1.23606797749979,-1.83872116095893,-0.381966011250105,1.2600839887499
1.75293171580767,-2.8595529717765,1.47249821073871,-1.83872116095893,-0.263750894630644,1.34269910536936
1.76310412881883,-2.80965410493204,1.70311716626029,-1.83872116095893,-0.148441416869855,1.42320858313015
1.77269826929005,-2.75261336008773,1.92701469640686,-1.83872116095893,-0.0364926517965692,1.50115734820343
1.78171873491594,-2.68865585100403,2.14330717991599,-1.83872116095893,0.0716535899579935,1.57610358995799
1.79016990033173,-2.61803398874989,2.35114100916989,-1.83872116095893,0.175570504584947,1.64762050458495
1.79805590998176,-2.54102648555158,2.54969595899476,-1.83872116095893,0.274847979497379,1.71529797949738
1.80538067145942,-2.45793725484282,2.73818842371475,-1.83872116095893,0.369094211857377,1.77874421185738
1.81214784931134,-2.36909421185738,2.91587450968565,-1.83872116095893,0.457937254842823,1.83758725484282
1.81836085929939,-2.27484797949738,3.08205297110316,-1.83872116095893,0.541026485551579,1.89147648555158
1.82402286311392,-2.17557050458495,3.23606797749979,-1.83872116095893,0.618033988749895,1.94008398874989
1.8291367635325,-2.07165358995799,3.37731170200806,-1.83872116095893,0.68865585100403,1.98310585100403
1.83370520001858,-1.96350734820343,3.50522672017545,-1.83872116095893,0.752613360087727,2.02026336008773
1.83773054475498,-1.85155858313015,3.61930820986408,-1.83872116095893,0.809654104932039,2.05130410493204
1.84121489910766,-1.73624910536936,3.71910594355301,-1.83872116095893,0.859552971776503,2.0760029717765
1.84416009051544,-1.61803398874989,3.80422606518061,-1.83872116095893,0.902113032590307,2.09416303259031
1.84416009051544,-0.381966011250105,3.80422606518061,-1.83872116095893,0.902113032590307,1.89416303259031
1.84121489910766,-0.263750894630643,3.71910594355301,-1.83872116095893,0.859552971776503,1.8360029717765
1.83773054475498,-0.148441416869854,3.61930820986408,-1.83872116095893,0.809654104932039,1.77130410493204
1.83370520001858,-0.03649265179657,3.50522672017545,-1.83872116095893,0.752613360087727,1.70026336008773
1.8291367635325,0.0716535899579929,3.37731170200806,-1.83872116095893,0.68865585100403,1.62310585100403
1.82402286311392,0.175570504584946,3.23606797749979,-1.83872116095893,0.618033988749895,1.54008398874989
1.81836085929939,0.274847979497379,3.08205297110316,-1.83872116095893,0.541026485551579,1.45147648555158
1.81214784931134,0.369094211857377,2.91587450968565,-1.83872116095893,0.457937254842823,1.35758725484282
1.80538067145942,0.457937254842823,2.73818842371475,-1.83872116095893,0.369094211857377,1.25874421185738
1.79805590998176,0.541026485551579,2.54969595899476,-1.83872116095893,0.274847979497379,1.15529797949738
1.79016990033173,0.618033988749895,2.35114100916989,-1.83872116095893,0.175570504584946,1.04762050458495
1.78171873491594,0.68865585100403,2.14330717991599,-1.83872116095893,0.0716535899579933,0.936103589957993
1.77269826929005,0.752613360087727,1.92701469640686,-1.83872116095893,-0.0364926517965696,0.82115734820343
1.76310412881883,0.809654104932039,1.70311716626029,-1.83872116095893,-0.148441416869855,0.703208583130145
1.75293171580766,0.859552971776503,1.47249821073871,-1.83872116095893,-0.263750894630645,0.582699105369355
1.74217621711282,0.902113032590307,1.23606797749979,-1.83872116095893,-0.381966011250106,0.460083988749894
1.73083261223814,0.937166322257262,0.99475954865942,-1.83872116095893,-0.50262022567029,0.33582977432971
1.71889568192617,0.964574501457377,0.7495252583429,-1.83872116095893,-0.62523737082855,0.21041262917145
1.70636001725193,0.984229402628956,0.501332934257218,-1.83872116095893,-0.749333532871391,0.084316467128609
1.69322002922773,0.996053456856543,0.251162078117254,-1.83872116095893,-0.874418960941373,-0.0419689609413729
1.67946995892776,1,2.44929359829471e-16,-1.83872116095893,-1,-0.16795
1.66510388814117,0.996053456856543,-0.251162078117254,-1.83872116095893,-1.12558103905863,-0.293131039058627
1.65011575056268,0.984229402628956,-0.501332934257217,-1.83872116095893,-1.25066646712861,-0.417016467128609
1.63449934352967,0.964574501457377,-0.749525258342899,-1.83872116095893,-1.37476262917145,-0.53911262917145
1.61824834031486,0.937166322257262,-0.994759548659419,-1.83872116095893,-1.49737977432971,-0.65892977432971
1.60135630298377,0.902113032590307,-1.23606797749979,-1.83872116095893,-1.6180339887499,-0.775983988749895
1.58381669582594,0.859552971776503,-1.47249821073871,-1.83872116095893,-1.73624910536936,-0.889799105369356
1.56562289936892,0.809654104932039,-1.70311716626029,-1.83872116095893,-1.85155858313015,-0.999908583130145
1.54676822498408,0.752613360087727,-1.92701469640686,-1.83872116095893,-1.96350734820343,-1.10585734820343
1.52724593009275,0.68865585100403,-2.14330717991599,-1.83872116095893,-2.07165358995799,-1.20720358995799
1.50704923398144,0.618033988749895,-2.35114100916989,-1.83872116095893,-2.17557050458495,-1.30352050458495
1.48617133423424,0.541026485551579,-2.54969595899476,-1.83872116095893,-2.27484797949738,-1.39439797949738
1.46460542379036,0.457937254842823,-2.73818842371475,-1.83872116095893,-2.36909421185738,-1.47944421185738
1.44234470863442,0.369094211857378,-2.91587450968565,-1.83872116095893,-2.45793725484282,-1.55828725484282
1.41938242612663,0.27484797949738,-3.08205297110316,-1.83872116095893,-2.54102648555158,-1.63057648555158
1.3957118639794,0.175570504584946,-3.23606797749979,-1.83872116095893,-2.61803398874989,-1.69598398874989
1.37132637988642,0.0716535899579933,-3.37731170200806,-1.83872116095893,-2.68865585100403,-1.75420585100403
1.3462194218099,-0.0364926517965696,-3.50522672017545,-1.83872116095893,-2.75261336008773,-1.80496336008773
1.32038454893031,-0.148441416869855,-3.61930820986408,-1.83872116095893,-2.80965410493204,-1.84800410493204
1.29381545326297,-0.263750894630645,-3.71910594355301,-1.83872116095893,-2.8595529717765,-1.8831029717765
1.13977102534957,-1.61803398874989,-3.80422606518061,-1.48637600529722,-2.90211303259031,-0.0510005325903073
1.16764556784886,-1.73624910536936,-3.71910594355301,-1.48637600529722,-2.8595529717765,-0.0640404717765031
1.19477939234381,-1.85155858313015,-3.61930820986408,-1.48637600529722,-2.80965410493204,-0.0689416049320388
1.2211777564619,-1.96350734820343,-3.50522672017545,-1.48637600529722,-2.75261336008773,-0.0659008600877273
1.24684609855236,-2.07165358995799,-3.37731170200806,-1.48637600529722,-2.68865585100403,-0.05514335100403
1.27179001522424,-2.17557050458495,-3.23606797749979,-1.48637600529722,-2.61803398874989,-0.0369214887498945
1.29601523953722,-2.27484797949738,-3.08205297110316,-1.48637600529722,-2.54102648555158,-0.0115139855515782
1.31952761984333,-2.36909421185738,-2.91587450968565,-1.48637600529722,-2.45793725484282,0.0207752451571777
1.34233309927753,-2.45793725484282,-2.73818842371475,-1.48637600529722,-2.36909421185738,0.0596182881426226
1.36443769589363,-2.54102648555158,-2.54969595899476,-1.48637600529722,-2.27484797949738,0.10466452050262
1.38584748344195,-2.61803398874989,-2.35114100916989,-1.48637600529722,-2.17557050458495,0.155541995415054
1.40656857278375,-2.68865585100403,-2.14330717991599,-1.48637600529722,-2.07165358995799,0.211858910042007
1.42660709393752,-2.75261336008773,-1.92701469640686,-1.48637600529722,-1.96350734820343,0.27320515179657
1.44596917875111,-2.80965410493204,-1.70311716626029,-1.48637600529722,-1.85155858313015,0.339153916869855
1.46466094419362,-2.8595529717765,-1.47249821073871,-1.48637600529722,-1.73624910536936,0.409263394630644
1.4826884762603,-2.90211303259031,-1.23606797749979,-1.48637600529722,-1.61803398874989,0.483078511250105
1.50005781448334,-2.93716632225726,-0.994759548659419,-1.48637600529722,-1.49737977432971,0.56013272567029
1.51677493704128,-2.96457450145738,-0.749525258342899,-1.48637600529722,-1.37476262917145,0.63994987082855
1.53284574645948,-2.98422940262896,-0.501332934257217,-1.48637600529722,-1.25066646712861,0.722046032871391
1.54827605589356,-2.99605345685654,-0.251162078117254,-1.48637600529722,-1.12558103905863,0.805931460941373
1.56307157598816,-3,2.44929359829471e-16,-1.48637600529722,-1,0.8911125
1.57723790230258,-2.99605345685654,0.251162078117254,-1.48637600529722,-0.874418960941373,0.977093539058627
1.5907805032954,-2.98422940262896,0.501332934257218,-1.48637600529722,-0.749333532871391,1.06337896712861
1.60370470885973,-2.96457450145738,0.7495252583429,-1.48637600529722,-0.62523737082855,1.14947512917145
1.61601569940089,-2.93716632225726,0.994759548659419,-1.48637600529722,-0.502620225670291,1.23489227432971
1.62771849544849,-2.90211303259031,1.23606797749979,-1.48637600529722,-0.381966011250105,1.31914648874989
1.63881794779476,-2.8595529717765,1.47249821073871,-1.48637600529722,-0.263750894630644,1.40176160536936
1.6493187281513,-2.80965410493204,1.70311716626029,-1.48637600529722,-0.148441416869855,1.48227108313015
1.65922532031644,-2.75261336008773,1.92701469640686,-1.48637600529722,-0.0364926517965692,1.56021984820343
1.66854201184556,-2.68865585100403,2.14330717991599,-1.48637600529722,0.0716535899579935,1.63516608995799
1.67727288621724,-2.61803398874989,2.35114100916989,-1.48637600529722,0.175570504584947,1.70668300458495
1.68542181548785,-2.54102648555158,2.54969595899476,-1.48637600529722,0.274847979497379,1.77436047949738
1.69299245342799,-2.45793725484282,2.73818842371475,-1.48637600529722,0.369094211857377,1.83780671185738
1.69998822913405,-2.36909421185738,2.91587450968565,-1.48637600529722,0.457937254842823,1.89664975484282
1.70641234110879,-2.27484797949738,3.08205297110316,-1.48637600529722,0.541026485551579,1.95053898555158
1.71226775180506,-2.17557050458495,3.23606797749979,-1.48637600529722,0.618033988749895,1.99914648874989
1.71755718262698,-2.07165358995799,3.37731170200806,-1.48637600529722,0.68865585100403,2.04216835100403
1.72228310938368,-1.96350734820343,3.50522672017545,-1.48637600529722,0.752613360087727,2.07932586008773
1.72644775819065,-1.85155858313015,3.61930820986408,-1.48637600529722,0.809654104932039,2.11036660493204
1.73005310181445,-1.73624910536936,3.71910594355301,-1.48637600529722,0.859552971776503,2.1350654717765
1.73310085645681,-1.61803398874989,3.80422606518061,-1.48637600529722,0.902113032590307,2.15322553259031
1.73310085645681,-0.381966011250105,3.80422606518061,-1.48637600529722,0.902113032590307,1.95322553259031
1.73005310181445,-0.263750894630643,3.71910594355301,-1.48637600529722,0.859552971776503,1.8950654717765
1.72644775819065,-0.148441416869854,3.61930820986408,-1.48637600529722,0.809654104932039,1.83036660493204
1.72228310938368,-0.03649265179657,3.50522672017545,-1.48637600529722,0.752613360087727,1.75932586008773
1.71755718262698,0.0716535899579929,3.37731170200806,-1.48637600529722,0.68865585100403,1.68216835100403
1.71226775180506,0.175570504584946,3.23606797749979,-1.48637600529722,0.618033988749895,1.59914648874989
1.70641234110879,0.274847979497379,3.08205297110316,-1.48637600529722,0.541026485551579,1.51053898555158
1.69998822913405,0.369094211857377,2.91587450968565,-1.48637600529722,0.457937254842823,1.41664975484282
1.69299245342799,0.457937254842823,2.73818842371475,-1.48637600529722,0.369094211857377,1.31780671185738
1.68542181548785,0.541026485551579,2.54969595899476,-1.48637600529722,0.274847979497379,1.21436047949738
1.67727288621724,0.618033988749895,2.35114100916989,-1.48637600529722,0.175570504584946,1.10668300458495
1.66854201184556,0.68865585100403,2.14330717991599,-1.48637600529722,0.0716535899579933,0.995166089957993
1.65922532031644,0.752613360087727,1.92701469640686,-1.48637600529722,-0.0364926517965696,0.88021984820343
1.6493187281513,0.809654104932039,1.70311716626029,-1.48637600529722,-0.148441416869855,0.762271083130145
1.63881794779476,0.859552971776503,1.47249821073871,-1.48637600529722,-0.263750894630645,0.641761605369355
1.62771849544849,0.902113032590307,1.23606797749979,-1.48637600529722,-0.381966011250106,0.519146488749894
1.61601569940089,0.937166322257262,0.99475954865942,-1.48637600529722,-0.50262022567029,0.39489227432971
1.60370470885973,0.964574501457377,0.7495252583429,-1.48637600529722,-0.62523737082855,0.26947512917145
1.5907805032954,0.984229402628956,0.501332934257218,-1.48637600529722,-0.749333532871391,0.143378967128609
1.57723790230258,0.996053456856543,0.251162078117254,-1.48637600529722,-0.874418960941373,0.0170935390586269
1.56307157598816,1,2.44929359829471e-16,-1.48637600529722,-1,-0.1088875
1.54827605589356,0.996053456856543,-0.251162078117254,-1.48637600529722,-1.12558103905863,-0.234068539058627
1.53284574645948,0.984229402628956,-0.501332934257217,-1.48637600529722,-1.25066646712861,-0.357953967128609
1.51677493704128,0.964574501457377,-0.749525258342899,-1.48637600529722,-1.37476262917145,-0.48005012917145
1.50005781448334,0.937166322257262,-0.994759548659419,-1.48637600529722,-1.49737977432971,-0.59986727432971
1.4826884762603,0.902113032590307,-1.23606797749979,-1.48637600529722,-1.6180339887499,-0.716921488749895
1.46466094419362,0.859552971776503,-1.47249821073871,-1.48637600529722,-1.73624910536936,-0.830736605369356
1.44596917875111,0.809654104932039,-1.70311716626029,-1.48637600529722,-1.85155858313015,-0.940846083130146
1.42660709393752,0.752613360087727,-1.92701469640686,-1.48637600529722,-1.96350734820343,-1.04679484820343
1.40656857278375,0.68865585100403,-2.14330717991599,-1.48637600529722,-2.07165358995799,-1.14814108995799
1.38584748344195,0.618033988749895,-2.35114100916989,-1.48637600529722,-2.17557050458495,-1.24445800458495
1.36443769589363,0.541026485551579,-2.54969595899476,-1.48637600529722,-2.27484797949738,-1.33533547949738
1.34233309927753,0.457937254842823,-2.73818842371475,-1.48637600529722,-2.36909421185738,-1.42038171185738
1.31952761984333,0.369094211857378,-2.91587450968565,-1.48637600529722,-2.45793725484282,-1.49922475484282
1.29601523953722,0.27484797949738,-3.08205297110316,-1.48637600529722,-2.54102648555158,-1.57151398555158
1.27179001522424,0.175570504584946,-3.23606797749979,-1.48637600529722,-2.61803398874989,-1.63692148874989
1.24684609855236,0.0716535899579933,-3.37731170200806,-1.48637600529722,-2.68865585100403,-1.69514335100403
1.2211777564619,-0.0364926517965696,-3.50522672017545,-1.48637600529722,-2.75261336008773,-1.74590086008773
1.19477939234381,-0.148441416869855,-3.61930820986408,-1.48637600529722,-2.80965410493204,-1.78894160493204
1.16764556784886,-0.263750894630645,-3.71910594355301,-1.48637600529722,-2.8595529717765,-1.8240404717765
1.00737667841095,-1.61803398874989,-3.80422606518061,-1.10437365805404,-2.90211303259031,0.0100869674096924
1.03576879914946,-1.73624910536936,-3.71910594355301,-1.10437365805404,-2.8595529717765,-0.00295297177650333
1.06342148561173,-1.85155858313015,-3.61930820986408,-1.10437365805404,-2.80965410493204,-0.00785410493203909
1.09033906637688,-1.96350734820343,-3.50522672017545,-1.10437365805404,-2.75261336008773,-0.00481336008772759
1.11652607658255,-2.07165358995799,-3.37731170200806,-1.10437365805404,-2.68865585100403,0.00594414899596973
1.1419872353328,-2.17557050458495,-3.23606797749979,-1.10437365805404,-2.61803398874989,0.0241660112501052
1.16672742373944,-2.27484797949738,-3.08205297110316,-1.10437365805404,-2.54102648555158,0.0495735144484215
1.19075166359702,-2.36909421185738,-2.91587450968565,-1.10437365805404,-2.45793725484282,0.0818627451571774
1.21406509669066,-2.45793725484282,-2.73818842371475,-1.10437365805404,-2.36909421185738,0.120705788142622
1.23667296473529,-2.54102648555158,-2.54969595899476,-1.10437365805404,-2.27484797949738,0.165752020502621
1.25858058994363,-2.61803398874989,-2.35114100916989,-1.10437365805404,-2.17557050458495,0.216629495415054
1.27979335622011,-2.68865585100403,-2.14330717991599,-1.10437365805404,-2.07165358995799,0.272946410042007
1.30031669097666,-2.75261336008773,-1.92701469640686,-1.10437365805404,-1.96350734820343,0.33429265179657
1.32015604756616,-2.80965410493204,-1.70311716626029,-1.10437365805404,-1.85155858313015,0.400241416869855
1.33931688832866,-2.8595529717765,-1.47249821073871,-1.10437365805404,-1.73624910536936,0.470350894630644
1.35780466824483,-2.90211303259031,-1.23606797749979,-1.10437365805404,-1.61803398874989,0.544166011250105
1.37562481919097,-2.93716632225726,-0.994759548659419,-1.10437365805404,-1.49737977432971,0.62122022567029
1.39278273478945,-2.96457450145738,-0.749525258342899,-1.10437365805404,-1.37476262917145,0.70103737082855
1.40928375584796,-2.98422940262896,-0.501332934257217,-1.10437365805404,-1.25066646712861,0.783133532871391
1.42513315638102,-2.99605345685654,-0.251162078117254,-1.10437365805404,-1.12558103905863,0.867018960941373
1.44033613020666,-3,2.44929359829471e-16,-1.10437365805404,-1,0.9522
1.45489777811139,-2.99605345685654,0.251162078117254,-1.10437365805404,-0.874418960941373,1.03818103905863
1.46882309557599,-2.98422940262896,0.501332934257218,-1.10437365805404,-0.749333532871391,1.12446646712861
1.48211696105513,-2.96457450145738,0.7495252583429,-1.10437365805404,-0.62523737082855,1.21056262917145
1.49478412480329,-2.93716632225726,0.994759548659419,-1.10437365805404,-0.502620225670291,1.29597977432971
1.50682919823985,-2.90211303259031,1.23606797749979,-1.10437365805404,-0.381966011250105,1.38023398874989
1.51825664384602,-2.8595529717765,1.47249821073871,-1.10437365805404,-0.263750894630644,1.46284910536936
1.52907076558648,-2.80965410493204,1.70311716626029,-1.10437365805404,-0.148441416869855,1.54335858313015
1.53927569984866,-2.75261336008773,1.92701469640686,-1.10437365805404,-0.0364926517965692,1.62130734820343
1.5488754068929,-2.68865585100403,2.14330717991599,-1.10437365805404,0.0716535899579935,1.69625358995799
1.55787366280649,-2.61803398874989,2.35114100916989,-1.10437365805404,0.175570504584947,1.76777050458495
1.56627405195546,-2.54102648555158,2.54969595899476,-1.10437365805404,0.274847979497379,1.83544797949738
1.5740799599275,-2.45793725484282,2.73818842371475,-1.10437365805404,0.369094211857377,1.89889421185738
1.58129456696026,-2.36909421185738,2.91587450968565,-1.10437365805404,0.457937254842823,1.95773725484282
1.5879208418491,-2.27484797949738,3.08205297110316,-1.10437365805404,0.541026485551579,2.01162648555158
1.593961536329,-2.17557050458495,3.23606797749979,-1.10437365805404,0.618033988749895,2.06023398874989
1.59941917992547,-2.07165358995799,3.37731170200806,-1.10437365805404,0.68865585100403,2.10325585100403
1.60429607526969,-1.96350734820343,3.50522672017545,-1.10437365805404,0.752613360087727,2.14041336008773
1.60859429387351,-1.85155858313015,3.61930820986408,-1.10437365805404,0.809654104932039,2.17145410493204
1.61231567236023,-1.73624910536936,3.71910594355301,-1.10437365805404,0.859552971776503,2.1961529717765
1.61546180914757,-1.61803398874989,3.80422606518061,-1.10437365805404,0.902113032590307,2.21431303259031
1.61546180914757,-0.381966011250105,3.80422606518061,-1.10437365805404,0.902113032590307,2.01431303259031
1.61231567236023,-0.263750894630643,3.71910594355301,-1.10437365805404,0.859552971776503,1.9561529717765
1.60859429387351,-0.148441416869854,3.61930820986408,-1.10437365805404,0.809654104932039,1.89145410493204
1.60429607526969,-0.03649265179657,3.50522672017545,-1.10437365805404,0.752613360087727,1.82041336008773
1.59941917992547,0.0716535899579929,3.37731170200806,-1.10437365805404,0.68865585100403,1.74325585100403
1.593961536329,0.175570504584946,3.23606797749979,-1.10437365805404,0.618033988749895,1.66023398874989
1.5879208418491,0.274847979497379,3.08205297110316,-1.10437365805404,0.541026485551579,1.57162648555158
1.58129456696026,0.369094211857377,2.91587450968565,-1.10437365805404,0.457937254842823,1.47773725484282
1.5740799599275,0.457937254842823,2.73818842371475,-1.10437365805404,0.369094211857377,1.37889421185738
1.56627405195546,0.541026485551579,2.54969595899476,-1.10437365805404,0.274847979497379,1.27544797949738
1.55787366280649,0.618033988749895,2.35114100916989,-1.10437365805404,0.175570504584946,1.16777050458495
1.5488754068929,0.68865585100403,2.14330717991599,-1.10437365805404,0.0716535899579933,1.05625358995799
1.53927569984866,0.752613360087727,1.92701469640686,-1.10437365805404,-0.0364926517965696,0.94130734820343
1.52907076558648,0.809654104932039,1.70311716626029,-1.10437365805404,-0.148441416869855,0.823358583130145
1.51825664384602,0.859552971776503,1.47249821073871,-1.10437365805404,-0.263750894630645,0.702849105369355
1.50682919823985,0.902113032590307,1.23606797749979,-1.10437365805404,-0.381966011250106,0.580233988749894
1.49478412480329,0.937166322257262,0.99475954865942,-1.10437365805404,-0.50262022567029,0.45597977432971
1.48211696105513,0.964574501457377,0.7495252583429,-1.10437365805404,-0.62523737082855,0.33056262917145
1.46882309557599,0.984229402628956,0.501332934257218,-1.10437365805404,-0.749333532871391,0.204466467128609
1.45489777811139,0.996053456856543,0.251162078117254,-1.10437365805404,-0.874418960941373,0.0781810390586268
1.44033613020666,1,2.44929359829471e-16,-1.10437365805404,-1,-0.0478000000000001
1.42513315638102,0.996053456856543,-0.251162078117254,-1.10437365805404,-1.12558103905863,-0.172981039058627
1.40928375584796,0.984229402628956,-0.501332934257217,-1.10437365805404,-1.25066646712861,-0.296866467128609
1.39278273478945,0.964574501457377,-0.749525258342899,-1.10437365805404,-1.37476262917145,-0.41896262917145
1.37562481919097,0.937166322257262,-0.994759548659419,-1.10437365805404,-1.49737977432971,-0.53877977432971
1.35780466824483,0.902113032590307,-1.23606797749979,-1.10437365805404,-1.6180339887499,-0.655833988749895
1.33931688832866,0.859552971776503,-1.47249821073871,-1.10437365805404,-1.73624910536936,-0.769649105369356
1.32015604756616,0.809654104932039,-1.70311716626029,-1.10437365805404,-1.85155858313015,-0.879758583130146
1.30031669097666,0.752613360087727,-1.92701469640686,-1.10437365805404,-1.96350734820343,-0.985707348203431
1.27979335622011,0.68865585100403,-2.14330717991599,-1.10437365805404,-2.07165358995799,-1.08705358995799
1.25858058994363,0.618033988749895,-2.35114100916989,-1.10437365805404,-2.17557050458495,-1.18337050458495
1.23667296473529,0.541026485551579,-2.54969595899476,-1.10437365805404,-2.27484797949738,-1.27424797949738
1.21406509669066,0.457937254842823,-2.73818842371475,-1.10437365805404,-2.36909421185738,-1.35929421185738
1.19075166359702,0.369094211857378,-2.91587450968565,-1.10437365805404,-2.45793725484282,-1.43813725484282
1.16672742373944,0.27484797949738,-3.08205297110316,-1.10437365805404,-2.54102648555158,-1.51042648555158
1.1419872353328,0.175570504584946,-3.23606797749979,-1.10437365805404,-2.61803398874989,-1.57583398874989
1.11652607658255,0.0716535899579933,-3.37731170200806,-1.10437365805404,-2.68865585100403,-1.63405585100403
1.09033906637688,-0.0364926517965696,-3.50522672017545,-1.10437365805404,-2.75261336008773,-1.68481336008773
1.06342148561173,-0.148441416869855,-3.61930820986408,-1.10437365805404,-2.80965410493204,-1.72785410493204
1.03576879914945,-0.263750894630645,-3.71910594355301,-1.10437365805404,-2.8595529717765,-1.7629529717765
0.869444715934176,-1.61803398874989,-3.80422606518061,-0.700336091567718,-2.90211303259031,0.0731994674096923
0.89830119904451,-1.73624910536936,-3.71910594355301,-0.700336091567718,-2.8595529717765,0.0601595282234966
0.926421274924246,-1.85155858313015,-3.61930820986408,-0.700336091567718,-2.80965410493204,0.0552583950679608
0.953808310590942,-1.96350734820343,-3.50522672017545,-0.700336091567718,-2.75261336008773,0.0582991399122728
0.980465905604647,-2.07165358995799,-3.37731170200806,-0.700336091567718,-2.68865585100403,0.0690566489959701
1.00639786939468,-2.17557050458495,-3.23606797749979,-0.700336091567718,-2.61803398874989,0.0872785112501051
1.03160819919882,-2.27484797949738,-3.08205297110316,-0.700336091567718,-2.54102648555158,0.112686014448422
1.05610105861677,-2.36909421185738,-2.91587450968565,-0.700336091567718,-2.45793725484282,0.144975245157177
1.07988075677889,-2.45793725484282,-2.73818842371475,-0.700336091567718,-2.36909421185738,0.183818288142622
1.10295172813023,-2.54102648555158,-2.54969595899476,-0.700336091567718,-2.27484797949738,0.228864520502621
1.12531851282905,-2.61803398874989,-2.35114100916989,-0.700336091567718,-2.17557050458495,0.279741995415054
1.14698573775812,-2.68865585100403,-2.14330717991599,-0.700336091567718,-2.07165358995799,0.336058910042007
1.16795809814678,-2.75261336008773,-1.92701469640686,-0.700336091567718,-1.96350734820343,0.39740515179657
1.18824033980052,-2.80965410493204,-1.70311716626029,-0.700336091567718,-1.85155858313015,0.463353916869855
1.20783724193477,-2.8595529717765,-1.47249821073871,-0.700336091567718,-1.73624910536936,0.533463394630644
1.22675360060881,-2.90211303259031,-1.23606797749979,-0.700336091567718,-1.61803398874989,0.607278511250106
1.2449942127552,-2.93716632225726,-0.994759548659419,-0.700336091567718,-1.49737977432971,0.68433272567029
1.26256386079997,-2.96457450145738,-0.749525258342899,-0.700336091567718,-1.37476262917145,0.76414987082855
1.27946729786822,-2.98422940262896,-0.501332934257217,-0.700336091567718,-1.25066646712861,0.846246032871391
1.29570923356955,-2.99605345685654,-0.251162078117254,-0.700336091567718,-1.12558103905863,0.930131460941373
1.31129432035757,-3,2.44929359829471e-16,-0.700336091567718,-1,1.0153125
1.32622714045732,-2.99605345685654,0.251162078117254,-0.700336091567718,-0.874418960941373,1.10129353905863
1.34051219335467,-2.98422940262896,0.501332934257218,-0.700336091567718,-0.749333532871391,1.18757896712861
1.35415388384109,-2.96457450145738,0.7495252583429,-0.700336091567718,-0.62523737082855,1.27367512917145
1.36715651060764,-2.93716632225726,0.994759548659419,-0.700336091567718,-0.502620225670291,1.35909227432971
1.37952425538175,-2.90211303259031,1.23606797749979,-0.700336091567718,-0.381966011250105,1.44334648874989
1.3912611726002,-2.8595529717765,1.47249821073871,-0.700336091567718,-0.263750894630644,1.52596160536936
1.40237117961223,-2.80965410493204,1.70311716626029,-0.700336091567718,-0.148441416869855,1.60647108313014
1.41285804740627,-2.75261336008773,1.92701469640686,-0.700336091567718,-0.0364926517965692,1.68441984820343
1.42272539185415,-2.68865585100403,2.14330717991599,-0.700336091567718,0.0716535899579935,1.75936608995799
1.43197666546683,-2.61803398874989,2.35114100916989,-0.700336091567718,0.175570504584947,1.83088300458495
1.44061514965575,-2.54102648555158,2.54969595899476,-0.700336091567718,0.274847979497379,1.89856047949738
1.448643947494,-2.45793725484282,2.73818842371475,-0.700336091567718,0.369094211857377,1.96200671185738
1.45606597697204,-2.36909421185738,2.91587450968565,-0.700336091567718,0.457937254842823,2.02084975484282
1.46288396474264,-2.27484797949738,3.08205297110316,-0.700336091567718,0.541026485551579,2.07473898555158
1.46910044035004,-2.17557050458495,3.23606797749979,-0.700336091567718,0.618033988749895,2.12334648874989
1.47471773093887,-2.07165358995799,3.37731170200806,-0.700336091567718,0.68865585100403,2.16636835100403
1.47973795643816,-1.96350734820343,3.50522672017545,-0.700336091567718,0.752613360087727,2.20352586008773
1.48416302521677,-1.85155858313015,3.61930820986408,-0.700336091567718,0.809654104932039,2.23456660493204
1.48799463020614,-1.73624910536936,3.71910594355301,-0.700336091567718,0.859552971776503,2.2592654717765
1.49123424548743,-1.61803398874989,3.80422606518061,-0.700336091567718,0.902113032590307,2.27742553259031
1.49123424548743,-0.381966011250105,3.80422606518061,-0.700336091567718,0.902113032590307,2.07742553259031
1.48799463020614,-0.263750894630643,3.71910594355301,-0.700336091567718,0.859552971776503,2.0192654717765
1.48416302521677,-0.148441416869854,3.61930820986408,-0.700336091567718,0.809654104932039,1.95456660493204
1.47973795643816,-0.03649265179657,3.50522672017545,-0.700336091567718,0.752613360087727,1.88352586008773
1.47471773093887,0.0716535899579929,3.37731170200806,-0.700336091567718,0.68865585100403,1.80636835100403
1.46910044035004,0.175570504584946,3.23606797749979,-0.700336091567718,0.618033988749895,1.7233464887499
1.46288396474264,0.274847979497379,3.08205297110316,-0.700336091567718,0.541026485551579,1.63473898555158
1.45606597697204,0.369094211857377,2.91587450968565,-0.700336091567718,0.457937254842823,1.54084975484282
1.448643947494,0.457937254842823,2.73818842371475,-0.700336091567718,0.369094211857377,1.44200671185738
1.44061514965575,0.541026485551579,2.54969595899476,-0.700336091567718,0.274847979497379,1.33856047949738
1.43197666546683,0.618033988749895,2.35114100916989,-0.700336091567718,0.175570504584946,1.23088300458495
1.42272539185415,0.68865585100403,2.14330717991599,-0.700336091567718,0.0716535899579933,1.11936608995799
1.41285804740627,0.752613360087727,1.92701469640686,-0.700336091567718,-0.0364926517965696,1.00441984820343
1.40237117961223,0.809654104932039,1.70311716626029,-0.700336091567718,-0.148441416869855,0.886471083130145
1.3912611726002,0.859552971776503,1.47249821073871,-0.700336091567718,-0.263750894630645,0.765961605369355
1.37952425538175,0.902113032590307,1.23606797749979,-0.700336091567718,-0.381966011250106,0.643346488749894
1.36715651060764,0.937166322257262,0.99475954865942,-0.700336091567718,-0.50262022567029,0.51909227432971
1.35415388384109,0.964574501457377,0.7495252583429,-0.700336091567718,-0.62523737082855,0.39367512917145
1.34051219335467,0.984229402628956,0.501332934257218,-0.700336091567718,-0.749333532871391,0.267578967128609
1.32622714045732,0.996053456856543,0.251162078117254,-0.700336091567718,-0.874418960941373,0.141293539058627
1.31129432035757,1,2.44929359829471e-16,-0.700336091567718,-1,0.0153125000000001
1.29570923356955,0.996053456856543,-0.251162078117254,-0.700336091567718,-1.12558103905863,-0.109868539058627
1.27946729786822,0.984229402628956,-0.501332934257217,-0.700336091567718,-1.25066646712861,-0.233753967128609
1.26256386079997,0.964574501457377,-0.749525258342899,-0.700336091567718,-1.37476262917145,-0.35585012917145
1.2449942127552,0.937166322257262,-0.994759548659419,-0.700336091567718,-1.49737977432971,-0.47566727432971
1.22675360060881,0.902113032590307,-1.23606797749979,-0.700336091567718,-1.6180339887499,-0.592721488749895
1.20783724193477,0.859552971776503,-1.47249821073871,-0.700336091567718,-1.73624910536936,-0.706536605369357
1.18824033980052,0.809654104932039,-1.70311716626029,-0.700336091567718,-1.85155858313015,-0.816646083130146
1.16795809814678,0.752613360087727,-1.92701469640686,-0.700336091567718,-1.96350734820343,-0.922594848203431
1.14698573775812,0.68865585100403,-2.14330717991599,-0.700336091567718,-2.07165358995799,-1.02394108995799
1.12531851282905,0.618033988749895,-2.35114100916989,-0.700336091567718,-2.17557050458495,-1.12025800458495
1.10295172813023,0.541026485551579,-2.54969595899476,-0.700336091567718,-2.27484797949738,-1.21113547949738
1.07988075677889,0.457937254842823,-2.73818842371475,-0.700336091567718,-2.36909421185738,-1.29618171185738
1.05610105861677,0.369094211857378,-2.91587450968565,-0.700336091567718,-2.45793725484282,-1.37502475484282
1.03160819919882,0.27484797949738,-3.08205297110316,-0.700336091567718,-2.54102648555158,-1.44731398555158
1.00639786939468,0.175570504584946,-3.23606797749979,-0.700336091567718,-2.61803398874989,-1.51272148874989
0.980465905604647,0.0716535899579933,-3.37731170200806,-0.700336091567718,-2.68865585100403,-1.57094335100403
0.953808310590942,-0.0364926517965696,-3.50522672017545,-0.700336091567718,-2.75261336008773,-1.62170086008773
0.926421274924246,-0.148441416869855,-3.61930820986408,-0.700336091567718,-2.80965410493204,-1.66474160493204
0.89830119904451,-0.263750894630645,-3.71910594355301,-0.700336091567718,-2.8595529717765,-1.6998404717765
0.726142650587443,-1.61803398874989,-3.80422606518061,-0.282324939955545,-2.90211303259031,0.138336967409692
0.755404433307845,-1.73624910536936,-3.71910594355301,-0.282324939955545,-2.8595529717765,0.125297028223497
0.783934694715909,-1.85155858313015,-3.61930820986408,-0.282324939955545,-2.80965410493204,0.120395895067961
0.811735809370076,-1.96350734820343,-3.50522672017545,-0.282324939955545,-2.75261336008773,0.123436639912272
0.838810410404933,-2.07165358995799,-3.37731170200806,-0.282324939955545,-2.68865585100403,0.13419414899597
0.865161366830011,-2.17557050458495,-3.23606797749979,-0.282324939955545,-2.61803398874989,0.152416011250105
0.890791761417921,-2.27484797949738,-3.08205297110316,-0.282324939955545,-2.54102648555158,0.177823514448421
0.91570486918554,-2.36909421185738,-2.91587450968565,-0.282324939955545,-2.45793725484282,0.210112745157177
0.939904136470871,-2.45793725484282,-2.73818842371475,-0.282324939955545,-2.36909421185738,0.248955788142622
0.963393160607323,-2.54102648555158,-2.54969595899476,-0.282324939955545,-2.27484797949738,0.29400202050262
0.986175670196189,-2.61803398874989,-2.35114100916989,-0.282324939955545,-2.17557050458495,0.344879495415053
1.00825550597734,-2.68865585100403,-2.14330717991599,-0.282324939955545,-2.07165358995799,0.401196410042006
1.02963660229737,-2.75261336008773,-1.92701469640686,-0.282324939955545,-1.96350734820343,0.46254265179657
1.05032296917369,-2.80965410493204,-1.70311716626029,-0.282324939955545,-1.85155858313015,0.528491416869854
1.07031867495261,-2.8595529717765,-1.47249821073871,-0.282324939955545,-1.73624910536936,0.598600894630644
1.08962782955857,-2.90211303259031,-1.23606797749979,-0.282324939955545,-1.61803398874989,0.672416011250105
1.10825456833153,-2.93716632225726,-0.994759548659419,-0.282324939955545,-1.49737977432971,0.74947022567029
1.12620303644883,-2.96457450145738,-0.749525258342899,-0.282324939955545,-1.37476262917145,0.82928737082855
1.1434773739274,-2.98422940262896,-0.501332934257217,-0.282324939955545,-1.25066646712861,0.911383532871391
1.16008170120217,-2.99605345685654,-0.251162078117254,-0.282324939955545,-1.12558103905863,0.995268960941373
1.17602010527572,-3,2.44929359829471e-16,-0.282324939955545,-1,1.08045
1.19129662643454,-2.99605345685654,0.251162078117254,-0.282324939955545,-0.874418960941373,1.16643103905863
1.20591524552655,-2.98422940262896,0.501332934257218,-0.282324939955545,-0.749333532871391,1.25271646712861
1.21987987179463,-2.96457450145738,0.7495252583429,-0.282324939955545,-0.62523737082855,1.33881262917145
1.23319433126088,-2.93716632225726,0.994759548659419,-0.282324939955545,-0.502620225670291,1.42422977432971
1.24586235565596,-2.90211303259031,1.23606797749979,-0.282324939955545,-0.381966011250105,1.50848398874989
1.25788757188806,-2.8595529717765,1.47249821073871,-0.282324939955545,-0.263750894630644,1.59109910536936
1.26927349204596,-2.80965410493204,1.70311716626029,-0.282324939955545,-0.148441416869855,1.67160858313015
1.28002350393064,-2.75261336008773,1.92701469640686,-0.282324939955545,-0.0364926517965692,1.74955734820343
1.29014086211016,-2.68865585100403,2.14330717991599,-0.282324939955545,0.0716535899579935,1.82450358995799
1.29962867949216,-2.61803398874989,2.35114100916989,-0.282324939955545,0.175570504584947,1.89602050458495
1.30848991940916,-2.54102648555158,2.54969595899476,-0.282324939955545,0.274847979497379,1.96369797949738
1.31672738821128,-2.45793725484282,2.73818842371475,-0.282324939955545,0.369094211857377,2.02714421185738
1.32434372836161,-2.36909421185738,2.91587450968565,-0.282324939955545,0.457937254842823,2.08598725484282
1.33134141202967,-2.27484797949738,3.08205297110316,-0.282324939955545,0.541026485551579,2.13987648555158
1.33772273517832,-2.17557050458495,3.23606797749979,-0.282324939955545,0.618033988749895,2.18848398874989
1.34348981213998,-2.07165358995799,3.37731170200806,-0.282324939955545,0.68865585100403,2.23150585100403
1.34864457067833,-1.96350734820343,3.50522672017545,-0.282324939955545,0.752613360087727,2.26866336008773
1.3531887475317,-1.85155858313015,3.61930820986408,-0.282324939955545,0.809654104932039,2.29970410493204
1.35712388443479,-1.73624910536936,3.71910594355301,-0.282324939955545,0.859552971776503,2.3244029717765
1.36045132461589,-1.61803398874989,3.80422606518061,-0.282324939955545,0.902113032590307,2.34256303259031
1.36045132461589,-0.381966011250105,3.80422606518061,-0.282324939955545,0.902113032590307,2.14256303259031
1.35712388443479,-0.263750894630643,3.71910594355301,-0.282324939955545,0.859552971776503,2.0844029717765
1.3531887475317,-0.148441416869854,3.61930820986408,-0.282324939955545,0.809654104932039,2.01970410493204
1.34864457067833,-0.03649265179657,3.50522672017545,-0.282324939955545,0.752613360087727,1.94866336008773
1.34348981213998,0.0716535899579929,3.37731170200806,-0.282324939955545,0.68865585100403,1.87150585100403
1.33772273517832,0.175570504584946,3.23606797749979,-0.282324939955545,0.618033988749895,1.78848398874989
1.33134141202967,0.274847979497379,3.08205297110316,-0.282324939955545,0.541026485551579,1.69987648555158
1.32434372836161,0.369094211857377,2.91587450968565,-0.282324939955545,0.457937254842823,1.60598725484282
1.31672738821128,0.457937254842823,2.73818842371475,-0.282324939955545,0.369094211857377,1.50714421185738
1.30848991940916,0.541026485551579,2.54969595899476,-0.282324939955545,0.274847979497379,1.40369797949738
1.29962867949216,0.618033988749895,2.35114100916989,-0.282324939955545,0.175570504584946,1.29602050458495
1.29014086211016,0.68865585100403,2.14330717991599,-0.282324939955545,0.0716535899579933,1.18450358995799
1.28002350393064,0.752613360087727,1.92701469640686,-0.282324939955545,-0.0364926517965696,1.06955734820343
1.26927349204596,0.809654104932039,1.70311716626029,-0.282324939955545,-0.148441416869855,0.951608583130145
1.25788757188806,0.859552971776503,1.47249821073871,-0.282324939955545,-0.263750894630645,0.831099105369355
1.24586235565596,0.902113032590307,1.23606797749979,-0.282324939955545,-0.381966011250106,0.708483988749894
1.23319433126088,0.937166322257262,0.99475954865942,-0.282324939955545,-0.50262022567029,0.58422977432971
1.21987987179463,0.964574501457377,0.7495252583429,-0.282324939955545,-0.62523737082855,0.45881262917145
1.20591524552655,0.984229402628956,0.501332934257218,-0.282324939955545,-0.749333532871391,0.332716467128609
1.19129662643454,0.996053456856543,0.251162078117254,-0.282324939955545,-0.874418960941373,0.206431039058627
1.17602010527572,1,2.44929359829471e-16,-0.282324939955545,-1,0.0804499999999999
1.16008170120217,0.996053456856543,-0.251162078117254,-0.282324939955545,-1.12558103905863,-0.0447310390586272
1.1434773739274,0.984229402628956,-0.501332934257217,-0.282324939955545,-1.25066646712861,-0.168616467128609
1.12620303644883,0.964574501457377,-0.749525258342899,-0.282324939955545,-1.37476262917145,-0.29071262917145
1.10825456833153,0.937166322257262,-0.994759548659419,-0.282324939955545,-1.49737977432971,-0.41052977432971
1.08962782955857,0.902113032590307,-1.23606797749979,-0.282324939955545,-1.6180339887499,-0.527583988749895
1.07031867495261,0.859552971776503,-1.47249821073871,-0.282324939955545,-1.73624910536936,-0.641399105369357
1.05032296917369,0.809654104932039,-1.70311716626029,-0.282324939955545,-1.85155858313015,-0.751508583130146
1.02963660229737,0.752613360087727,-1.92701469640686,-0.282324939955545,-1.96350734820343,-0.857457348203431
1.00825550597734,0.68865585100403,-2.14330717991599,-0.282324939955545,-2.07165358995799,-0.958803589957993
0.986175670196189,0.618033988749895,-2.35114100916989,-0.282324939955545,-2.17557050458495,-1.05512050458495
0.963393160607323,0.541026485551579,-2.54969595899476,-0.282324939955545,-2.27484797949738,-1.14599797949738
0.939904136470871,0.457937254842823,-2.73818842371475,-0.282324939955545,-2.36909421185738,-1.23104421185738
0.91570486918554,0.369094211857378,-2.91587450968565,-0.282324939955545,-2.45793725484282,-1.30988725484282
0.890791761417921,0.27484797949738,-3.08205297110316,-0.282324939955545,-2.54102648555158,-1.38217648555158
0.865161366830011,0.175570504584946,-3.23606797749979,-0.282324939955545,-2.61803398874989,-1.44758398874989
0.838810410404933,0.0716535899579933,-3.37731170200806,-0.282324939955545,-2.68865585100403,-1.50580585100403
0.811735809370076,-0.0364926517965696,-3.50522672017545,-0.282324939955545,-2.75261336008773,-1.55656336008773
0.783934694715909,-0.148441416869855,-3.61930820986408,-0.282324939955545,-2.80965410493204,-1.59960410493204
0.755404433307845,-0.263750894630645,-3.71910594355301,-0.282324939955545,-2.8595529717765,-1.6347029717765
0.577686899846416,-1.61803398874989,-3.80422606518061,0.141319352128924,-2.90211303259031,0.205499467409692
0.607288979205364,-1.73624910536936,-3.71910594355301,0.141319352128924,-2.8595529717765,0.192459528223496
0.636166394914923,-1.85155858313015,-3.61930820986408,0.141319352128924,-2.80965410493204,0.18755839506796
0.664320500127311,-1.96350734820343,-3.50522672017545,0.141319352128924,-2.75261336008773,0.190599139912272
0.691752932548494,-2.07165358995799,-3.37731170200806,0.141319352128924,-2.68865585100403,0.20135664899597
0.718465591766033,-2.17557050458495,-3.23606797749979,0.141319352128924,-2.61803398874989,0.219578511250105
0.744460617141212,-2.27484797949738,-3.08205297110316,0.141319352128924,-2.54102648555158,0.244986014448421
0.769740366270911,-2.36909421185738,-2.91587450968565,0.141319352128924,-2.45793725484282,0.277275245157177
0.794307394023674,-2.45793725484282,-2.73818842371475,0.141319352128924,-2.36909421185738,0.316118288142622
0.818164432153337,-2.54102648555158,-2.54969595899476,0.141319352128924,-2.27484797949738,0.36116452050262
0.841314369492734,-2.61803398874989,-2.35114100916989,0.141319352128924,-2.17557050458495,0.412041995415054
0.863760232729067,-2.68865585100403,-2.14330717991599,0.141319352128924,-2.07165358995799,0.468358910042007
0.885505167761733,-2.75261336008773,-1.92701469640686,0.141319352128924,-1.96350734820343,0.529705151796569
0.906552421642708,-2.80965410493204,-1.70311716626029,0.141319352128924,-1.85155858313015,0.595653916869854
0.926905325098839,-2.8595529717765,-1.47249821073871,0.141319352128924,-1.73624910536936,0.665763394630644
0.946567275634837,-2.90211303259031,-1.23606797749979,0.141319352128924,-1.61803398874989,0.739578511250105
0.965541721215173,-2.93716632225726,-0.994759548659419,0.141319352128924,-1.49737977432971,0.81663272567029
0.983832144522582,-2.96457450145738,-0.749525258342899,0.141319352128924,-1.37476262917145,0.89644987082855
1.00144204779043,-2.98422940262896,-0.501332934257217,0.141319352128924,-1.25066646712861,0.978546032871391
1.01837493820582,-2.99605345685654,-0.251162078117254,0.141319352128924,-1.12558103905863,1.06243146094137
1.03463431387991,-3,2.44929359829471e-16,0.141319352128924,-1,1.1476125
1.05022365038171,-2.99605345685654,0.251162078117254,0.141319352128924,-0.874418960941373,1.23359353905863
1.06514638783124,-2.98422940262896,0.501332934257218,0.141319352128924,-0.749333532871391,1.31987896712861
1.07940591854795,-2.96457450145738,0.7495252583429,0.141319352128924,-0.62523737082855,1.40597512917145
1.09300557524977,-2.93716632225726,0.994759548659419,0.141319352128924,-0.502620225670291,1.49139227432971
1.10594861979847,-2.90211303259031,1.23606797749979,0.141319352128924,-0.381966011250105,1.57564648874989
1.11823823248657,-2.8595529717765,1.47249821073871,0.141319352128924,-0.263750894630644,1.65826160536936
1.12987750186121,-2.80965410493204,1.70311716626029,0.141319352128924,-0.148441416869855,1.73877108313014
1.14086941508026,-2.75261336008773,1.92701469640686,0.141319352128924,-0.0364926517965692,1.81671984820343
1.15121684879603,-2.68865585100403,2.14330717991599,0.141319352128924,0.0716535899579935,1.89166608995799
1.16092256056193,-2.61803398874989,2.35114100916989,0.141319352128924,0.175570504584947,1.96318300458495
1.16998918075767,-2.54102648555158,2.54969595899476,0.141319352128924,0.274847979497379,2.03086047949738
1.17841920502841,-2.45793725484282,2.73818842371475,0.141319352128924,0.369094211857377,2.09430671185738
1.18621498723379,-2.36909421185738,2.91587450968565,0.141319352128924,0.457937254842823,2.15314975484282
1.19337873290256,-2.27484797949738,3.08205297110316,0.141319352128924,0.541026485551579,2.20703898555158
1.19991249318895,-2.17557050458495,3.23606797749979,0.141319352128924,0.618033988749895,2.25564648874989
1.20581815932709,-2.07165358995799,3.37731170200806,0.141319352128924,0.68865585100403,2.29866835100403
1.21109745757994,-1.96350734820343,3.50522672017545,0.141319352128924,0.752613360087727,2.33582586008773
1.21575194467946,-1.85155858313015,3.61930820986408,0.141319352128924,0.809654104932039,2.36686660493204
1.2197830037551,-1.73624910536936,3.71910594355301,0.141319352128924,0.859552971776503,2.3915654717765
1.22319184074782,-1.61803398874989,3.80422606518061,0.141319352128924,0.902113032590307,2.40972553259031
1.22319184074782,-0.381966011250105,3.80422606518061,0.141319352128924,0.902113032590307,2.20972553259031
1.2197830037551,-0.263750894630643,3.71910594355301,0.141319352128924,0.859552971776503,2.1515654717765
1.21575194467946,-0.148441416869854,3.61930820986408,0.141319352128924,0.809654104932039,2.08686660493204
1.21109745757994,-0.03649265179657,3.50522672017545,0.141319352128924,0.752613360087727,2.01582586008773
1.20581815932709,0.0716535899579929,3.37731170200806,0.141319352128924,0.68865585100403,1.93866835100403
1.19991249318895,0.175570504584946,3.23606797749979,0.141319352128924,0.618033988749895,1.85564648874989
1.19337873290256,0.274847979497379,3.08205297110316,0.141319352128924,0.541026485551579,1.76703898555158
1.18621498723379,0.369094211857377,2.91587450968565,0.141319352128924,0.457937254842823,1.67314975484282
1.17841920502841,0.457937254842823,2.73818842371475,0.141319352128924,0.369094211857377,1.57430671185738
1.16998918075767,0.541026485551579,2.54969595899476,0.141319352128924,0.274847979497379,1.47086047949738
1.16092256056193,0.618033988749895,2.35114100916989,0.141319352128924,0.175570504584946,1.36318300458495
1.15121684879603,0.68865585100403,2.14330717991599,0.141319352128924,0.0716535899579933,1.25166608995799
1.14086941508026,0.752613360087727,1.92701469640686,0.141319352128924,-0.0364926517965696,1.13671984820343
1.12987750186121,0.809654104932039,1.70311716626029,0.141319352128924,-0.148441416869855,1.01877108313014
1.11823823248657,0.859552971776503,1.47249821073871,0.141319352128924,-0.263750894630645,0.898261605369355
1.10594861979847,0.902113032590307,1.23606797749979,0.141319352128924,-0.381966011250106,0.775646488749894
1.09300557524977,0.937166322257262,0.99475954865942,0.141319352128924,-0.50262022567029,0.651392274329709
1.07940591854795,0.964574501457377,0.7495252583429,0.141319352128924,-0.62523737082855,0.525975129171449
1.06514638783124,0.984229402628956,0.501332934257218,0.141319352128924,-0.749333532871391,0.399878967128608
1.05022365038171,0.996053456856543,0.251162078117254,0.141319352128924,-0.874418960941373,0.273593539058626
1.03463431387991,1,2.44929359829471e-16,0.141319352128924,-1,0.1476125
1.01837493820582,0.996053456856543,-0.251162078117254,0.141319352128924,-1.12558103905863,0.0224314609413727
1.00144204779043,0.984229402628956,-0.501332934257217,0.141319352128924,-1.25066646712861,-0.101453967128609
0.983832144522582,0.964574501457377,-0.749525258342899,0.141319352128924,-1.37476262917145,-0.22355012917145
0.965541721215173,0.937166322257262,-0.994759548659419,0.141319352128924,-1.49737977432971,-0.34336727432971
0.946567275634837,0.902113032590307,-1.23606797749979,0.141319352128924,-1.6180339887499,-0.460421488749896
0.926905325098839,0.859552971776503,-1.47249821073871,0.141319352128924,-1.73624910536936,-0.574236605369357
0.906552421642708,0.809654104932039,-1.70311716626029,0.141319352128924,-1.85155858313015,-0.684346083130146
0.885505167761733,0.752613360087727,-1.92701469640686,0.141319352128924,-1.96350734820343,-0.790294848203431
0.863760232729067,0.68865585100403,-2.14330717991599,0.141319352128924,-2.07165358995799,-0.891641089957993
0.841314369492734,0.618033988749895,-2.35114100916989,0.141319352128924,-2.17557050458495,-0.987958004584947
0.818164432153337,0.541026485551579,-2.54969595899476,0.141319352128924,-2.27484797949738,-1.07883547949738
0.794307394023674,0.457937254842823,-2.73818842371475,0.141319352128924,-2.36909421185738,-1.16388171185738
0.769740366270911,0.369094211857378,-2.91587450968565,0.141319352128924,-2.45793725484282,-1.24272475484282
0.744460617141212,0.27484797949738,-3.08205297110316,0.141319352128924,-2.54102648555158,-1.31501398555158
0.718465591766033,0.175570504584946,-3.23606797749979,0.141319352128924,-2.61803398874989,-1.3804214887499
0.691752932548494,0.0716535899579933,-3.37731170200806,0.141319352128924,-2.68865585100403,-1.43864335100403
0.664320500127311,-0.0364926517965696,-3.50522672017545,0.141319352128924,-2.75261336008773,-1.48940086008773
0.636166394914923,-0.148441416869855,-3.61930820986408,0.141319352128924,-2.80965410493204,-1.53244160493204
0.607288979205364,-0.263750894630645,-3.71910594355301,0.141319352128924,-2.8595529717765,-1.5675404717765
0.424345843668784,-1.61803398874989,-3.80422606518061,0.562143943757173,-2.90211303259031,0.274686967409693
0.454217218181953,-1.73624910536936,-3.71910594355301,0.562143943757173,-2.8595529717765,0.261647028223497
0.483372867552735,-1.85155858313015,-3.61930820986408,0.562143943757173,-2.80965410493204,0.256745895067961
0.511813096882845,-1.96350734820343,-3.50522672017545,0.562143943757173,-2.75261336008773,0.259786639912273
0.5395385216352,-2.07165358995799,-3.37731170200806,0.562143943757173,-2.68865585100403,0.27054414899597
0.566550045051738,-2.17557050458495,-3.23606797749979,0.562143943757173,-2.61803398874989,0.288766011250106
0.592848836108373,-2.27484797949738,-3.08205297110316,0.562143943757173,-2.54102648555158,0.314173514448422
0.618436308014393,-2.36909421185738,-2.91587450968565,0.562143943757173,-2.45793725484282,0.346462745157178
0.6433140972625,-2.45793725484282,-2.73818842371475,0.562143943757173,-2.36909421185738,0.385305788142623
0.667484043234638,-2.54102648555158,-2.54969595899476,0.562143943757173,-2.27484797949738,0.430352020502621
0.690948168367774,-2.61803398874989,-2.35114100916989,0.562143943757173,-2.17557050458495,0.481229495415054
0.713708658882884,-2.68865585100403,-2.14330717991599,0.562143943757173,-2.07165358995799,0.537546410042007
0.735767846079558,-2.75261336008773,-1.92701469640686,0.562143943757173,-1.96350734820343,0.59889265179657
0.757128188197822,-2.80965410493204,-1.70311716626029,0.562143943757173,-1.85155858313015,0.664841416869855
0.777792252848108,-2.8595529717765,-1.47249821073871,0.562143943757173,-1.73624910536936,0.734950894630645
0.79776270000955,-2.90211303259031,-1.23606797749979,0.562143943757173,-1.61803398874989,0.808766011250105
0.817042265596277,-2.93716632225726,-0.994759548659419,0.562143943757173,-1.49737977432971,0.885820225670291
0.835633745590745,-2.96457450145738,-0.749525258342899,0.562143943757173,-1.37476262917145,0.965637370828551
0.853539980742682,-2.98422940262896,-0.501332934257217,0.562143943757173,-1.25066646712861,1.04773353287139
0.870763841831794,-2.99605345685654,-0.251162078117254,0.562143943757173,-1.12558103905863,1.13161896094137
0.88730821549193,-3,2.44929359829471e-16,0.562143943757173,-1,1.2168
0.903175990594137,-2.99605345685654,0.251162078117254,0.562143943757173,-0.874418960941373,1.30278103905863
0.918370045185651,-2.98422940262896,0.501332934257218,0.562143943757173,-0.749333532871391,1.38906646712861
0.932893233981692,-2.96457450145738,0.7495252583429,0.562143943757173,-0.62523737082855,1.47516262917145
0.94674837640666,-2.93716632225726,0.994759548659419,0.562143943757173,-0.502620225670291,1.56057977432971
0.959938245181201,-2.90211303259031,1.23606797749979,0.562143943757173,-0.381966011250105,1.6448339887499
0.972465555451457,-2.8595529717765,1.47249821073871,0.562143943757173,-0.263750894630644,1.72744910536936
0.984332954456728,-2.80965410493204,1.70311716626029,0.562143943757173,-0.148441416869855,1.80795858313015
0.995543011731721,-2.75261336008773,1.92701469640686,0.562143943757173,-0.0364926517965692,1.88590734820343
1.00609820983953,-2.68865585100403,2.14330717991599,0.562143943757173,0.0716535899579935,1.96085358995799
1.01600093563151,-2.61803398874989,2.35114100916989,0.562143943757173,0.175570504584947,2.03237050458495
1.02525347203019,-2.54102648555158,2.54969595899476,0.562143943757173,0.274847979497379,2.10004797949738
1.03385799033164,-2.45793725484282,2.73818842371475,0.562143943757173,0.369094211857377,2.16349421185738
1.04181654302336,-2.36909421185738,2.91587450968565,0.562143943757173,0.457937254842823,2.22233725484282
1.04913105711455,-2.27484797949738,3.08205297110316,0.562143943757173,0.541026485551579,2.27622648555158
1.05580332797499,-2.17557050458495,3.23606797749979,0.562143943757173,0.618033988749895,2.3248339887499
1.0618350136796,-2.07165358995799,3.37731170200806,0.562143943757173,0.68865585100403,2.36785585100403
1.06722762985552,-1.96350734820343,3.50522672017545,0.562143943757173,0.752613360087727,2.40501336008773
1.07198254502891,-1.85155858313015,3.61930820986408,0.562143943757173,0.809654104932039,2.43605410493204
1.0761009764688,-1.73624910536936,3.71910594355301,0.562143943757173,0.859552971776503,2.4607529717765
1.07958398652572,-1.61803398874989,3.80422606518061,0.562143943757173,0.902113032590307,2.47891303259031
1.07958398652572,-0.381966011250105,3.80422606518061,0.562143943757173,0.902113032590307,2.27891303259031
1.0761009764688,-0.263750894630643,3.71910594355301,0.562143943757173,0.859552971776503,2.2207529717765
1.07198254502891,-0.148441416869854,3.61930820986408,0.562143943757173,0.809654104932039,2.15605410493204
1.06722762985552,-0.03649265179657,3.50522672017545,0.562143943757173,0.752613360087727,2.08501336008773
1.0618350136796,0.0716535899579929,3.37731170200806,0.562143943757173,0.68865585100403,2.00785585100403
1.05580332797499,0.175570504584946,3.23606797749979,0.562143943757173,0.618033988749895,1.92483398874989
1.04913105711455,0.274847979497379,3.08205297110316,0.562143943757173,0.541026485551579,1.83622648555158
1.04181654302336,0.369094211857377,2.91587450968565,0.562143943757173,0.457937254842823,1.74233725484282
1.03385799033164,0.457937254842823,2.73818842371475,0.562143943757173,0.369094211857377,1.64349421185738
1.02525347203019,0.541026485551579,2.54969595899476,0.562143943757173,0.274847979497379,1.54004797949738
1.01600093563151,0.618033988749895,2.35114100916989,0.562143943757173,0.175570504584946,1.43237050458495
1.00609820983953,0.68865585100403,2.14330717991599,0.562143943757173,0.0716535899579933,1.32085358995799
0.995543011731721,0.752613360087727,1.92701469640686,0.562143943757173,-0.0364926517965696,1.20590734820343
0.984332954456728,0.809654104932039,1.70311716626029,0.562143943757173,-0.148441416869855,1.08795858313015
0.972465555451457,0.859552971776503,1.47249821073871,0.562143943757173,-0.263750894630645,0.967449105369355
0.959938245181201,0.902113032590307,1.23606797749979,0.562143943757173,-0.381966011250106,0.844833988749894
0.94674837640666,0.937166322257262,0.99475954865942,0.562143943757173,-0.50262022567029,0.72057977432971
0.932893233981692,0.964574501457377,0.7495252583429,0.562143943757173,-0.62523737082855,0.59516262917145
0.918370045185651,0.984229402628956,0.501332934257218,0.562143943757173,-0.749333532871391,0.469066467128609
0.903175990594137,0.996053456856543,0.251162078117254,0.562143943757173,-0.874418960941373,0.342781039058627
0.88730821549193,1,2.44929359829471e-16,0.562143943757173,-1,0.2168
0.870763841831794,0.996053456856543,-0.251162078117254,0.562143943757173,-1.12558103905863,0.0916189609413733
0.853539980742682,0.984229402628956,-0.501332934257217,0.562143943757173,-1.25066646712861,-0.0322664671286086
0.835633745590745,0.964574501457377,-0.749525258342899,0.562143943757173,-1.37476262917145,-0.154362629171449
0.817042265596277,0.937166322257262,-0.994759548659419,0.562143943757173,-1.49737977432971,-0.27417977432971
0.79776270000955,0.902113032590307,-1.23606797749979,0.562143943757173,-1.6180339887499,-0.391233988749895
0.777792252848108,0.859552971776503,-1.47249821073871,0.562143943757173,-1.73624910536936,-0.505049105369356
0.757128188197822,0.809654104932039,-1.70311716626029,0.562143943757173,-1.85155858313015,-0.615158583130145
0.735767846079557,0.752613360087727,-1.92701469640686,0.562143943757173,-1.96350734820343,-0.721107348203431
0.713708658882884,0.68865585100403,-2.14330717991599,0.562143943757173,-2.07165358995799,-0.822453589957993
0.690948168367774,0.618033988749895,-2.35114100916989,0.562143943757173,-2.17557050458495,-0.918770504584946
0.667484043234638,0.541026485551579,-2.54969595899476,0.562143943757173,-2.27484797949738,-1.00964797949738
0.6433140972625,0.457937254842823,-2.73818842371475,0.562143943757173,-2.36909421185738,-1.09469421185738
0.618436308014393,0.369094211857378,-2.91587450968565,0.562143943757173,-2.45793725484282,-1.17353725484282
0.592848836108373,0.27484797949738,-3.08205297110316,0.562143943757173,-2.54102648555158,-1.24582648555158
0.566550045051738,0.175570504584946,-3.23606797749979,0.562143943757173,-2.61803398874989,-1.31123398874989
0.5395385216352,0.0716535899579933,-3.37731170200806,0.562143943757173,-2.68865585100403,-1.36945585100403
0.511813096882844,-0.0364926517965696,-3.50522672017545,0.562143943757173,-2.75261336008773,-1.42021336008773
0.483372867552735,-0.148441416869855,-3.61930820986408,0.562143943757173,-2.80965410493204,-1.46325410493204
0.454217218181953,-0.263750894630645,-3.71910594355301,0.562143943757173,-2.8595529717765,-1.4983529717765
0.266442727069438,-1.61803398874989,-3.80422606518061,0.971752254594447,-2.90211303259031,0.345899467409693
0.296506377955571,-1.73624910536936,-3.71910594355301,0.971752254594447,-2.8595529717765,0.332859528223497
0.325865427200896,-1.85155858313015,-3.61930820986408,0.971752254594447,-2.80965410493204,0.327958395067961
0.354519107883587,-1.96350734820343,-3.50522672017545,0.971752254594447,-2.75261336008773,0.330999139912273
0.382466988957967,-2.07165358995799,-3.37731170200806,0.971752254594447,-2.68865585100403,0.34175664899597
0.409708952827005,-2.17557050458495,-3.23606797749979,0.971752254594447,-2.61803398874989,0.359978511250105
0.436245173422705,-2.27484797949738,-3.08205297110316,0.971752254594447,-2.54102648555158,0.385386014448422
0.462076094803574,-2.36909421185738,-2.91587450968565,0.971752254594447,-2.45793725484282,0.417675245157177
0.487202410277129,-2.45793725484282,-2.73818842371475,0.971752254594447,-2.36909421185738,0.456518288142623
0.511625042054385,-2.54102648555158,-2.54969595899476,0.971752254594447,-2.27484797949738,0.501564520502621
0.535345121442183,-2.61803398874989,-2.35114100916989,0.971752254594447,-2.17557050458495,0.552441995415054
0.5583639695783,-2.68865585100403,-2.14330717991599,0.971752254594447,-2.07165358995799,0.608758910042007
0.58068307871336,-2.75261336008773,-1.92701469640686,0.971752254594447,-1.96350734820343,0.67010515179657
0.602304094042771,-2.80965410493204,-1.70311716626029,0.971752254594447,-1.85155858313015,0.736053916869855
0.623228796091097,-2.8595529717765,-1.47249821073871,0.971752254594447,-1.73624910536936,0.806163394630644
0.643459083650593,-2.90211303259031,-1.23606797749979,0.971752254594447,-1.61803398874989,0.879978511250106
0.662996957274973,-2.93716632225726,-0.994759548659419,0.971752254594447,-1.49737977432971,0.95703272567029
0.681844503328871,-2.96457450145738,-0.749525258342899,0.971752254594447,-1.37476262917145,1.03684987082855
0.700003878592922,-2.98422940262896,-0.501332934257217,0.971752254594447,-1.25066646712861,1.11894603287139
0.717477295423896,-2.99605345685654,-0.251162078117254,0.971752254594447,-1.12558103905863,1.20283146094137
0.734267007468859,-3,2.44929359829471e-16,0.971752254594447,-1,1.2880125
0.750375295931974,-2.99605345685654,0.251162078117254,0.971752254594447,-0.874418960941373,1.37399353905863
0.765804456392181,-2.98422940262896,0.501332934257218,0.971752254594447,-0.749333532871391,1.46027896712861
0.780556786169698,-2.96457450145738,0.7495252583429,0.971752254594447,-0.62523737082855,1.54637512917145
0.79463457223904,-2.93716632225726,0.994759548659419,0.971752254594447,-0.502620225670291,1.63179227432971
0.808040079686026,-2.90211303259031,1.23606797749979,0.971752254594447,-0.381966011250105,1.7160464887499
0.820775540706061,-2.8595529717765,1.47249821073871,0.971752254594447,-0.263750894630644,1.79866160536936
0.832843144140852,-2.80965410493204,1.70311716626029,0.971752254594447,-0.148441416869855,1.87917108313015
0.844245025550612,-2.75261336008773,1.92701469640686,0.971752254594447,-0.0364926517965692,1.95711984820343
0.85498325781873,-2.68865585100403,2.14330717991599,0.971752254594447,0.0716535899579935,2.03206608995799
0.865059842285844,-2.61803398874989,2.35114100916989,0.971752254594447,0.175570504584947,2.10358300458495
0.87447670041027,-2.54102648555158,2.54969595899476,0.971752254594447,0.274847979497379,2.17126047949738
0.88323566595174,-2.45793725484282,2.73818842371475,0.971752254594447,0.369094211857377,2.23470671185738
0.891338477675453,-2.36909421185738,2.91587450968565,0.971752254594447,0.457937254842823,2.29354975484282
0.898786772573539,-2.27484797949738,3.08205297110316,0.971752254594447,0.541026485551579,2.34743898555158
0.905582079601106,-2.17557050458495,3.23606797749979,0.971752254594447,0.618033988749895,2.39604648874989
0.911725813924193,-2.07165358995799,3.37731170200806,0.971752254594447,0.68865585100403,2.43906835100403
0.917219271677057,-1.96350734820343,3.50522672017545,0.971752254594447,0.752613360087727,2.47622586008773
0.922063625226418,-1.85155858313015,3.61930820986408,0.971752254594447,0.809654104932039,2.50726660493204
0.92625991894043,-1.73624910536936,3.71910594355301,0.971752254594447,0.859552971776503,2.5319654717765
0.929809065460373,-1.61803398874989,3.80422606518061,0.971752254594447,0.902113032590307,2.55012553259031
0.929809065460373,-0.381966011250105,3.80422606518061,0.971752254594447,0.902113032590307,2.35012553259031
0.92625991894043,-0.263750894630643,3.71910594355301,0.971752254594447,0.859552971776503,2.2919654717765
0.922063625226418,-0.148441416869854,3.61930820986408,0.971752254594447,0.809654104932039,2.22726660493204
0.917219271677057,-0.03649265179657,3.50522672017545,0.971752254594447,0.752613360087727,2.15622586008773
0.911725813924193,0.0716535899579929,3.37731170200806,0.971752254594447,0.68865585100403,2.07906835100403
0.905582079601106,0.175570504584946,3.23606797749979,0.971752254594447,0.618033988749895,1.99604648874989
0.898786772573539,0.274847979497379,3.08205297110316,0.971752254594447,0.541026485551579,1.90743898555158
0.891338477675453,0.369094211857377,2.91587450968565,0.971752254594447,0.457937254842823,1.81354975484282
0.88323566595174,0.457937254842823,2.73818842371475,0.971752254594447,0.369094211857377,1.71470671185738
0.87447670041027,0.541026485551579,2.54969595899476,0.971752254594447,0.274847979497379,1.61126047949738
0.865059842285844,0.618033988749895,2.35114100916989,0.971752254594447,0.175570504584946,1.50358300458495
0.85498325781873,0.68865585100403,2.14330717991599,0.971752254594447,0.0716535899579933,1.39206608995799
0.844245025550612,0.752613360087727,1.92701469640686,0.971752254594447,-0.0364926517965696,1.27711984820343
0.832843144140852,0.809654104932039,1.70311716626029,0.971752254594447,-0.148441416869855,1.15917108313015
0.82077554070606,0.859552971776503,1.47249821073871,0.971752254594447,-0.263750894630645,1.03866160536936
0.808040079686026,0.902113032590307,1.23606797749979,0.971752254594447,-0.381966011250106,0.916046488749894
0.79463457223904,0.937166322257262,0.99475954865942,0.971752254594447,-0.50262022567029,0.79179227432971
0.780556786169698,0.964574501457377,0.7495252583429,0.971752254594447,-0.62523737082855,0.66637512917145
0.765804456392181,0.984229402628956,0.501332934257218,0.971752254594447,-0.749333532871391,0.540278967128609
0.750375295931974,0.996053456856543,0.251162078117254,0.971752254594447,-0.874418960941373,0.413993539058627
0.734267007468859,1,2.44929359829471e-16,0.971752254594447,-1,0.2880125
0.717477295423896,0.996053456856543,-0.251162078117254,0.971752254594447,-1.12558103905863,0.162831460941373
0.700003878592922,0.984229402628956,-0.501332934257217,0.971752254594447,-1.25066646712861,0.0389460328713913
0.681844503328871,0.964574501457377,-0.749525258342899,0.971752254594447,-1.37476262917145,-0.0831501291714496
0.662996957274973,0.937166322257262,-0.994759548659419,0.971752254594447,-1.49737977432971,-0.20296727432971
0.643459083650593,0.902113032590307,-1.23606797749979,0.971752254594447,-1.6180339887499,-0.320021488749895
0.623228796091097,0.859552971776503,-1.47249821073871,0.971752254594447,-1.73624910536936,-0.433836605369356
0.602304094042771,0.809654104932039,-1.70311716626029,0.971752254594447,-1.85155858313015,-0.543946083130145
0.58068307871336,0.752613360087727,-1.92701469640686,0.971752254594447,-1.96350734820343,-0.649894848203431
0.5583639695783,0.68865585100403,-2.14330717991599,0.971752254594447,-2.07165358995799,-0.751241089957993
0.535345121442183,0.618033988749895,-2.35114100916989,0.971752254594447,-2.17557050458495,-0.847558004584946
0.511625042054385,0.541026485551579,-2.54969595899476,0.971752254594447,-2.27484797949738,-0.938435479497379
0.487202410277129,0.457937254842823,-2.73818842371475,0.971752254594447,-2.36909421185738,-1.02348171185738
0.462076094803574,0.369094211857378,-2.91587450968565,0.971752254594447,-2.45793725484282,-1.10232475484282
0.436245173422705,0.27484797949738,-3.08205297110316,0.971752254594447,-2.54102648555158,-1.17461398555158
0.409708952827005,0.175570504584946,-3.23606797749979,0.971752254594447,-2.61803398874989,-1.24002148874989
0.382466988957967,0.0716535899579933,-3.37731170200806,0.971752254594447,-2.68865585100403,-1.29824335100403
0.354519107883587,-0.0364926517965696,-3.50522672017545,0.971752254594447,-2.75261336008773,-1.34900086008773
0.325865427200896,-0.148441416869855,-3.61930820986408,0.971752254594447,-2.80965410493204,-1.39204160493204
0.29650637795557,-0.263750894630645,-3.71910594355301,0.971752254594447,-2.8595529717765,-1.4271404717765
0.104358357555803,-1.61803398874989,-3.80422606518061,1.36197149921864,-2.90211303259031,0.419136967409693
0.134531274088991,-1.73624910536936,-3.71910594355301,1.36197149921864,-2.8595529717765,0.406097028223497
0.164012995418943,-1.85155858313015,-3.61930820986408,1.36197149921864,-2.80965410493204,0.401195895067961
0.192801661681201,-1.96350734820343,-3.50522672017545,1.36197149921864,-2.75261336008773,0.404236639912273
0.220895773979429,-2.07165358995799,-3.37731170200806,1.36197149921864,-2.68865585100403,0.41499414899597
0.248294172180945,-2.17557050458495,-3.23606797749979,1.36197149921864,-2.61803398874989,0.433216011250105
0.274996013188818,-2.27484797949738,-3.08205297110316,1.36197149921864,-2.54102648555158,0.458623514448422
0.301000749701555,-2.36909421185738,-2.91587450968565,1.36197149921864,-2.45793725484282,0.490912745157178
0.326308109470184,-2.45793725484282,-2.73818842371475,1.36197149921864,-2.36909421185738,0.529755788142622
0.350918075061425,-2.54102648555158,-2.54969595899476,1.36197149921864,-2.27484797949738,0.57480202050262
0.374830864134577,-2.61803398874989,-2.35114100916989,1.36197149921864,-2.17557050458495,0.625679495415054
0.398046910238723,-2.68865585100403,-2.14330717991599,1.36197149921864,-2.07165358995799,0.681996410042007
0.420566844135966,-2.75261336008773,-1.92701469640686,1.36197149921864,-1.96350734820343,0.74334265179657
0.442391475655481,-2.80965410493204,-1.70311716626029,1.36197149921864,-1.85155858313015,0.809291416869854
0.463521776082395,-2.8595529717765,-1.47249821073871,1.36197149921864,-1.73624910536936,0.879400894630644
0.483958861084729,-2.90211303259031,-1.23606797749979,1.36197149921864,-1.61803398874989,0.953216011250105
0.50370397418093,-2.93716632225726,-0.994759548659419,1.36197149921864,-1.49737977432971,1.03027022567029
0.522758470749899,-2.96457450145738,-0.749525258342899,1.36197149921864,-1.37476262917145,1.11008737082855
0.541123802584815,-2.98422940262896,-0.501332934257217,1.36197149921864,-1.25066646712861,1.19218353287139
0.5588015029915,-2.99605345685654,-0.251162078117254,1.36197149921864,-1.12558103905863,1.27606896094137
0.575793172431627,-3,2.44929359829471e-16,1.36197149921864,-1,1.36125
0.592100464710573,-2.99605345685654,0.251162078117254,1.36197149921864,-0.874418960941373,1.44723103905863
0.607725073709378,-2.98422940262896,0.501332934257218,1.36197149921864,-0.749333532871391,1.53351646712861
0.622668720659887,-2.96457450145738,0.7495252583429,1.36197149921864,-0.62523737082855,1.61961262917145
0.636933141961863,-2.93716632225726,0.994759548659419,1.36197149921864,-0.502620225670291,1.70502977432971
0.650520077540589,-2.90211303259031,1.23606797749979,1.36197149921864,-0.381966011250105,1.78928398874989
0.663431259743256,-2.8595529717765,1.47249821073871,1.36197149921864,-0.263750894630644,1.87189910536936
0.675668402772245,-2.80965410493204,1.70311716626029,1.36197149921864,-0.148441416869855,1.95240858313015
0.687233192653252,-2.75261336008773,1.92701469640686,1.36197149921864,-0.0364926517965692,2.03035734820343
0.698127277736123,-2.68865585100403,2.14330717991599,1.36197149921864,0.0716535899579935,2.10530358995799
0.708352259726124,-2.61803398874989,2.35114100916989,1.36197149921864,0.175570504584947,2.17682050458495
0.717909685243384,-2.54102648555158,2.54969595899476,1.36197149921864,0.274847979497379,2.24449797949738
0.726801037908174,-2.45793725484282,2.73818842371475,1.36197149921864,0.369094211857377,2.30794421185738
0.735027730949719,-2.36909421185738,2.91587450968565,1.36197149921864,0.457937254842823,2.36678725484282
0.742591100336261,-2.27484797949738,3.08205297110316,1.36197149921864,0.541026485551579,2.42067648555158
0.749492398424143,-2.17557050458495,3.23606797749979,1.36197149921864,0.618033988749895,2.46928398874989
0.755732788123761,-2.07165358995799,3.37731170200806,1.36197149921864,0.68865585100403,2.51230585100403
0.761313337580333,-1.96350734820343,3.50522672017545,1.36197149921864,0.752613360087727,2.54946336008773
0.766235015367546,-1.85155858313015,3.61930820986408,1.36197149921864,0.809654104932039,2.58050410493204
0.770498686192265,-1.73624910536936,3.71910594355301,1.36197149921864,0.859552971776503,2.6052029717765
0.774105107108669,-1.61803398874989,3.80422606518061,1.36197149921864,0.902113032590307,2.62336303259031
0.774105107108669,-0.381966011250105,3.80422606518061,1.36197149921864,0.902113032590307,2.42336303259031
0.770498686192265,-0.263750894630643,3.71910594355301,1.36197149921864,0.859552971776503,2.3652029717765
0.766235015367546,-0.148441416869854,3.61930820986408,1.36197149921864,0.809654104932039,2.30050410493204
0.761313337580333,-0.03649265179657,3.50522672017545,1.36197149921864,0.752613360087727,2.22946336008773
0.755732788123761,0.0716535899579929,3.37731170200806,1.36197149921864,0.68865585100403,2.15230585100403
0.749492398424143,0.175570504584946,3.23606797749979,1.36197149921864,0.618033988749895,2.06928398874989
0.742591100336261,0.274847979497379,3.08205297110316,1.36197149921864,0.541026485551579,1.98067648555158
0.735027730949719,0.369094211857377,2.91587450968565,1.36197149921864,0.457937254842823,1.88678725484282
0.726801037908174,0.457937254842823,2.73818842371475,1.36197149921864,0.369094211857377,1.78794421185738
0.717909685243384,0.541026485551579,2.54969595899476,1.36197149921864,0.274847979497379,1.68449797949738
0.708352259726124,0.618033988749895,2.35114100916989,1.36197149921864,0.175570504584946,1.57682050458495
0.698127277736123,0.68865585100403,2.14330717991599,1.36197149921864,0.0716535899579933,1.46530358995799
0.687233192653252,0.752613360087727,1.92701469640686,1.36197149921864,-0.0364926517965696,1.35035734820343
0.675668402772245,0.809654104932039,1.70311716626029,1.36197149921864,-0.148441416869855,1.23240858313014
0.663431259743256,0.859552971776503,1.47249821073871,1.36197149921864,-0.263750894630645,1.11189910536936
0.650520077540589,0.902113032590307,1.23606797749979,1.36197149921864,-0.381966011250106,0.989283988749894
0.636933141961863,0.937166322257262,0.99475954865942,1.36197149921864,-0.50262022567029,0.86502977432971
0.622668720659887,0.964574501457377,0.7495252583429,1.36197149921864,-0.62523737082855,0.73961262917145
0.607725073709378,0.984229402628956,0.501332934257218,1.36197149921864,-0.749333532871391,0.613516467128609
0.592100464710573,0.996053456856543,0.251162078117254,1.36197149921864,-0.874418960941373,0.487231039058627
0.575793172431627,1,2.44929359829471e-16,1.36197149921864,-1,0.36125
0.5588015029915,0.996053456856543,-0.251162078117254,1.36197149921864,-1.12558103905863,0.236068960941373
0.541123802584815,0.984229402628956,-0.501332934257217,1.36197149921864,-1.25066646712861,0.112183532871391
0.522758470749899,0.964574501457377,-0.749525258342899,1.36197149921864,-1.37476262917145,-0.00991262917144975
0.50370397418093,0.937166322257262,-0.994759548659419,1.36197149921864,-1.49737977432971,-0.12972977432971
0.483958861084729,0.902113032590307,-1.23606797749979,1.36197149921864,-1.6180339887499,-0.246783988749895
0.463521776082395,0.859552971776503,-1.47249821073871,1.36197149921864,-1.73624910536936,-0.360599105369357
0.442391475655481,0.809654104932039,-1.70311716626029,1.36197149921864,-1.85155858313015,-0.470708583130146
0.420566844135966,0.752613360087727,-1.92701469640686,1.36197149921864,-1.96350734820343,-0.576657348203431
0.398046910238723,0.68865585100403,-2.14330717991599,1.36197149921864,-2.07165358995799,-0.678003589957993
0.374830864134577,0.618033988749895,-2.35114100916989,1.36197149921864,-2.17557050458495,-0.774320504584946
0.350918075061425,0.541026485551579,-2.54969595899476,1.36197149921864,-2.27484797949738,-0.865197979497379
0.326308109470184,0.457937254842823,-2.73818842371475,1.36197149921864,-2.36909421185738,-0.950244211857378
0.301000749701555,0.369094211857378,-2.91587450968565,1.36197149921864,-2.45793725484282,-1.02908725484282
0.274996013188818,0.27484797949738,-3.08205297110316,1.36197149921864,-2.54102648555158,-1.10137648555158
0.248294172180945,0.175570504584946,-3.23606797749979,1.36197149921864,-2.61803398874989,-1.16678398874989
0.220895773979429,0.0716535899579933,-3.37731170200806,1.36197149921864,-2.68865585100403,-1.22500585100403
0.192801661681201,-0.0364926517965696,-3.50522672017545,1.36197149921864,-2.75261336008773,-1.27576336008773
0.164012995418943,-0.148441416869855,-3.61930820986408,1.36197149921864,-2.80965410493204,-1.31880410493204
0.134531274088991,-0.263750894630645,-3.71910594355301,1.36197149921864,-2.8595529717765,-1.3539029717765
-0.0614664567239667,-1.61803398874989,-3.80422606518061,1.72501575612983,-2.90211303259031,0.494399467409692
-0.0312732030405071,-1.73624910536936,-3.71910594355301,1.72501575612983,-2.8595529717765,0.481359528223496
-0.00175536479502879,-1.85155858313015,-3.61930820986408,1.72501575612983,-2.80965410493204,0.476458395067961
0.0270840877350956,-1.96350734820343,-3.50522672017545,1.72501575612983,-2.75261336008773,0.479499139912273
0.0552425697713033,-2.07165358995799,-3.37731170200806,1.72501575612983,-2.68865585100403,0.49025664899597
0.0827178601242404,-2.17557050458495,-3.23606797749979,1.72501575612983,-2.61803398874989,0.508478511250105
0.109508079727328,-2.27484797949738,-3.08205297110316,1.72501575612983,-2.54102648555158,0.533886014448422
0.135611670626317,-2.36909421185738,-2.91587450968565,1.72501575612983,-2.45793725484282,0.566175245157177
0.161027375436519,-2.45793725484282,-2.73818842371475,1.72501575612983,-2.36909421185738,0.605018288142622
0.185754217278152,-2.54102648555158,-2.54969595899476,1.72501575612983,-2.27484797949738,0.65006452050262
0.209791480199199,-2.61803398874989,-2.35114100916989,1.72501575612983,-2.17557050458495,0.700941995415054
0.233138690094106,-2.68865585100403,-2.14330717991599,1.72501575612983,-2.07165358995799,0.757258910042007
0.255795596125668,-2.75261336008773,-1.92701469640686,1.72501575612983,-1.96350734820343,0.818605151796569
0.277762152656549,-2.80965410493204,-1.70311716626029,1.72501575612983,-1.85155858313015,0.884553916869854
0.299038501696021,-2.8595529717765,-1.47249821073871,1.72501575612983,-1.73624910536936,0.954663394630644
0.319624955866676,-2.90211303259031,-1.23606797749979,1.72501575612983,-1.61803398874989,1.02847851125011
0.339521981895176,-2.93716632225726,-0.994759548659419,1.72501575612983,-1.49737977432971,1.10553272567029
0.358730184630362,-2.96457450145738,-0.749525258342899,1.72501575612983,-1.37476262917145,1.18534987082855
0.377250291591429,-2.98422940262896,-0.501332934257217,1.72501575612983,-1.25066646712861,1.26744603287139
0.395083138048305,-2.99605345685654,-0.251162078117254,1.72501575612983,-1.12558103905863,1.35133146094137
0.412229652635791,-3,2.44929359829471e-16,1.72501575612983,-1,1.4365125
0.428690843502579,-2.99605345685654,0.251162078117254,1.72501575612983,-0.874418960941373,1.52249353905863
0.444467784995796,-2.98422940262896,0.501332934257218,1.72501575612983,-0.749333532871391,1.60877896712861
0.459561604881333,-2.96457450145738,0.7495252583429,1.72501575612983,-0.62523737082855,1.69487512917145
0.473973472099862,-2.93716632225726,0.994759548659419,1.72501575612983,-0.502620225670291,1.78029227432971
0.487704585058144,-2.90211303259031,1.23606797749979,1.72501575612983,-0.381966011250105,1.86454648874989
0.500756160454937,-2.8595529717765,1.47249821073871,1.72501575612983,-0.263750894630644,1.94716160536936
0.51312942264061,-2.80965410493204,1.70311716626029,1.72501575612983,-0.148441416869855,2.02767108313014
0.524825593509339,-2.75261336008773,1.92701469640686,1.72501575612983,-0.0364926517965692,2.10561984820343
0.535845882922617,-2.68865585100403,2.14330717991599,1.72501575612983,0.0716535899579935,2.18056608995799
0.54619147966268,-2.61803398874989,2.35114100916989,1.72501575612983,0.175570504584947,2.25208300458495
0.555863542914348,-2.54102648555158,2.54969595899476,1.72501575612983,0.274847979497379,2.31976047949738
0.564863194273704,-2.45793725484282,2.73818842371475,1.72501575612983,0.369094211857377,2.38320671185738
0.573191510281996,-2.36909421185738,2.91587450968565,1.72501575612983,0.457937254842823,2.44204975484282
0.580849515483147,-2.27484797949738,3.08205297110316,1.72501575612983,0.541026485551579,2.49593898555158
0.587838176003235,-2.17557050458495,3.23606797749979,1.72501575612983,0.618033988749895,2.54454648874989
0.594158393650362,-2.07165358995799,3.37731170200806,1.72501575612983,0.68865585100403,2.58756835100403
0.599811000533369,-1.96350734820343,3.50522672017545,1.72501575612983,0.752613360087727,2.62472586008773
0.604796754197921,-1.85155858313015,3.61930820986408,1.72501575612983,0.809654104932039,2.65576660493204
0.609116333278593,-1.73624910536936,3.71910594355301,1.72501575612983,0.859552971776503,2.6804654717765
0.612770333665673,-1.61803398874989,3.80422606518061,1.72501575612983,0.902113032590307,2.69862553259031
0.612770333665673,-0.381966011250105,3.80422606518061,1.72501575612983,0.902113032590307,2.49862553259031
0.609116333278593,-0.263750894630643,3.71910594355301,1.72501575612983,0.859552971776503,2.4404654717765
0.604796754197921,-0.148441416869854,3.61930820986408,1.72501575612983,0.809654104932039,2.37576660493204
0.599811000533369,-0.03649265179657,3.50522672017545,1.72501575612983,0.752613360087727,2.30472586008773
0.594158393650362,0.0716535899579929,3.37731170200806,1.72501575612983,0.68865585100403,2.22756835100403
0.587838176003235,0.175570504584946,3.23606797749979,1.72501575612983,0.618033988749895,2.14454648874989
0.580849515483147,0.274847979497379,3.08205297110316,1.72501575612983,0.541026485551579,2.05593898555158
0.573191510281996,0.369094211857377,2.91587450968565,1.72501575612983,0.457937254842823,1.96204975484282
0.564863194273704,0.457937254842823,2.73818842371475,1.72501575612983,0.369094211857377,1.86320671185738
0.555863542914348,0.541026485551579,2.54969595899476,1.72501575612983,0.274847979497379,1.75976047949738
0.54619147966268,0.618033988749895,2.35114100916989,1.72501575612983,0.175570504584946,1.65208300458495
0.535845882922617,0.68865585100403,2.14330717991599,1.72501575612983,0.0716535899579933,1.54056608995799
0.524825593509339,0.752613360087727,1.92701469640686,1.72501575612983,-0.0364926517965696,1.42561984820343
0.51312942264061,0.809654104932039,1.70311716626029,1.72501575612983,-0.148441416869855,1.30767108313014
0.500756160454937,0.859552971776503,1.47249821073871,1.72501575612983,-0.263750894630645,1.18716160536935
0.487704585058144,0.902113032590307,1.23606797749979,1.72501575612983,-0.381966011250106,1.06454648874989
0.473973472099862,0.937166322257262,0.99475954865942,1.72501575612983,-0.50262022567029,0.94029227432971
0.459561604881333,0.964574501457377,0.7495252583429,1.72501575612983,-0.62523737082855,0.81487512917145
0.444467784995796,0.984229402628956,0.501332934257218,1.72501575612983,-0.749333532871391,0.688778967128609
0.428690843502579,0.996053456856543,0.251162078117254,1.72501575612983,-0.874418960941373,0.562493539058627
0.412229652635791,1,2.44929359829471e-16,1.72501575612983,-1,0.4365125
0.395083138048305,0.996053456856543,-0.251162078117254,1.72501575612983,-1.12558103905863,0.311331460941373
0.377250291591429,0.984229402628956,-0.501332934257217,1.72501575612983,-1.25066646712861,0.187446032871391
0.358730184630362,0.964574501457377,-0.749525258342899,1.72501575612983,-1.37476262917145,0.06534987082855
0.339521981895176,0.937166322257262,-0.994759548659419,1.72501575612983,-1.49737977432971,-0.0544672743297101
0.319624955866676,0.902113032590307,-1.23606797749979,1.72501575612983,-1.6180339887499,-0.171521488749895
0.299038501696021,0.859552971776503,-1.47249821073871,1.72501575612983,-1.73624910536936,-0.285336605369357
0.277762152656549,0.809654104932039,-1.70311716626029,1.72501575612983,-1.85155858313015,-0.395446083130146
0.255795596125667,0.752613360087727,-1.92701469640686,1.72501575612983,-1.96350734820343,-0.501394848203431
0.233138690094106,0.68865585100403,-2.14330717991599,1.72501575612983,-2.07165358995799,-0.602741089957993
0.209791480199199,0.618033988749895,-2.35114100916989,1.72501575612983,-2.17557050458495,-0.699058004584946
0.185754217278152,0.541026485551579,-2.54969595899476,1.72501575612983,-2.27484797949738,-0.78993547949738
0.161027375436519,0.457937254842823,-2.73818842371475,1.72501575612983,-2.36909421185738,-0.874981711857378
0.135611670626317,0.369094211857378,-2.91587450968565,1.72501575612983,-2.45793725484282,-0.953824754842823
0.109508079727328,0.27484797949738,-3.08205297110316,1.72501575612983,-2.54102648555158,-1.02611398555158
0.0827178601242404,0.175570504584946,-3.23606797749979,1.72501575612983,-2.61803398874989,-1.09152148874989
0.0552425697713033,0.0716535899579933,-3.37731170200806,1.72501575612983,-2.68865585100403,-1.14974335100403
0.0270840877350956,-0.0364926517965696,-3.50522672017545,1.72501575612983,-2.75261336008773,-1.20050086008773
-0.00175536479503012,-0.148441416869855,-3.61930820986408,1.72501575612983,-2.80965410493204,-1.24354160493204
-0.0312732030405071,-0.263750894630645,-3.71910594355301,1.72501575612983,-2.8595529717765,-1.2786404717765
-0.230528786189804,-1.61803398874989,-3.80422606518061,2.05364131778606,-2.90211303259031,0.571686967409692
-0.200409913926159,-1.73624910536936,-3.71910594355301,2.05364131778606,-2.8595529717765,0.558647028223497
-0.170948222581276,-1.85155858313015,-3.61930820986408,2.05364131778606,-2.80965410493204,0.553745895067961
-0.142147806462371,-1.96350734820343,-3.50522672017545,2.05364131778606,-2.75261336008773,0.556786639912272
-0.114012350554319,-2.07165358995799,-3.37731170200806,2.05364131778606,-2.68865585100403,0.56754414899597
-0.086545152059203,-2.17557050458495,-3.23606797749979,2.05364131778606,-2.61803398874989,0.585766011250105
-0.0597491415282564,-2.27484797949738,-3.08205297110316,2.05364131778606,-2.54102648555158,0.611173514448421
-0.0336269035714662,-2.36909421185738,-2.91587450968565,2.05364131778606,-2.45793725484282,0.643462745157177
-0.00818069713133161,-2.45793725484282,-2.73818842371475,2.05364131778606,-2.36909421185738,0.682305788142622
0.0165875246914472,-2.54102648555158,-2.54969595899476,2.05364131778606,-2.27484797949738,0.72735202050262
0.040676095271513,-2.61803398874989,-2.35114100916989,2.05364131778606,-2.17557050458495,0.778229495415053
0.0640836155616701,-2.68865585100403,-2.14330717991599,2.05364131778606,-2.07165358995799,0.834546410042006
0.0868089356740128,-2.75261336008773,-1.92701469640686,2.05364131778606,-1.96350734820343,0.89589265179657
0.108851136947446,-2.80965410493204,-1.70311716626029,2.05364131778606,-1.85155858313015,0.961841416869854
0.130209514508783,-2.8595529717765,-1.47249821073871,2.05364131778606,-1.73624910536936,1.03195089463064
0.15088356033374,-2.90211303259031,-1.23606797749979,2.05364131778606,-1.61803398874989,1.1057660112501
0.170872946813389,-2.93716632225726,-0.994759548659419,2.05364131778606,-1.49737977432971,1.18282022567029
0.190177510830881,-2.96457450145738,-0.749525258342899,2.05364131778606,-1.37476262917145,1.26263737082855
0.208797238352549,-2.98422940262896,-0.501332934257217,2.05364131778606,-1.25066646712861,1.34473353287139
0.22673224953693,-2.99605345685654,-0.251162078117254,2.05364131778606,-1.12558103905863,1.42861896094137
0.243982784364571,-3,2.44929359829471e-16,2.05364131778606,-1,1.5138
0.260549188791059,-2.99605345685654,0.251162078117254,2.05364131778606,-0.874418960941373,1.59978103905863
0.276431901425114,-2.98422940262896,0.501332934257218,2.05364131778606,-0.749333532871391,1.68606646712861
0.291631440733248,-2.96457450145738,0.7495252583429,2.05364131778606,-0.62523737082855,1.77216262917145
0.306148392772003,-2.93716632225726,0.994759548659419,2.05364131778606,-0.502620225670291,1.85757977432971
0.31998339944848,-2.90211303259031,1.23606797749979,2.05364131778606,-0.381966011250105,1.94183398874989
0.333137147309531,-2.8595529717765,1.47249821073871,2.05364131778606,-0.263750894630644,2.02444910536936
0.345610356859699,-2.80965410493204,1.70311716626029,2.05364131778606,-0.148441416869855,2.10495858313014
0.357403772407758,-2.75261336008773,1.92701469640686,2.05364131778606,-0.0364926517965692,2.18290734820343
0.368518152441493,-2.68865585100403,2.14330717991599,2.05364131778606,0.0716535899579935,2.25785358995799
0.378954260530163,-2.61803398874989,2.35114100916989,2.05364131778606,0.175570504584947,2.32937050458495
0.388712856753975,-2.54102648555158,2.54969595899476,2.05364131778606,0.274847979497379,2.39704797949738
0.397794689659761,-2.45793725484282,2.73818842371475,2.05364131778606,0.369094211857377,2.46049421185738
0.406200488741952,-2.36909421185738,2.91587450968565,2.05364131778606,0.457937254842823,2.51933725484282
0.4139309574479,-2.27484797949738,3.08205297110316,2.05364131778606,0.541026485551579,2.57322648555158
0.420986766706553,-2.17557050458495,3.23606797749979,2.05364131778606,0.618033988749895,2.62183398874989
0.427368548979459,-2.07165358995799,3.37731170200806,2.05364131778606,0.68865585100403,2.66485585100403
0.433076892833097,-1.96350734820343,3.50522672017545,2.05364131778606,0.752613360087727,2.70201336008773
0.438112338031549,-1.85155858313015,3.61930820986408,2.05364131778606,0.809654104932039,2.73305410493204
0.442475371148561,-1.73624910536936,3.71910594355301,2.05364131778606,0.859552971776503,2.7577529717765
0.446166421698114,-1.61803398874989,3.80422606518061,2.05364131778606,0.902113032590307,2.77591303259031
0.446166421698114,-0.381966011250105,3.80422606518061,2.05364131778606,0.902113032590307,2.57591303259031
0.442475371148561,-0.263750894630643,3.71910594355301,2.05364131778606,0.859552971776503,2.5177529717765
0.438112338031549,-0.148441416869854,3.61930820986408,2.05364131778606,0.809654104932039,2.45305410493204
0.433076892833097,-0.03649265179657,3.50522672017545,2.05364131778606,0.752613360087727,2.38201336008773
0.427368548979459,0.0716535899579929,3.37731170200806,2.05364131778606,0.68865585100403,2.30485585100403
0.420986766706553,0.175570504584946,3.23606797749979,2.05364131778606,0.618033988749895,2.22183398874989
0.4139309574479,0.274847979497379,3.08205297110316,2.05364131778606,0.541026485551579,2.13322648555158
0.406200488741952,0.369094211857377,2.91587450968565,2.05364131778606,0.457937254842823,2.03933725484282
0.397794689659761,0.457937254842823,2.73818842371475,2.05364131778606,0.369094211857377,1.94049421185738
0.388712856753975,0.541026485551579,2.54969595899476,2.05364131778606,0.274847979497379,1.83704797949738
0.378954260530163,0.618033988749895,2.35114100916989,2.05364131778606,0.175570504584946,1.72937050458495
0.368518152441493,0.68865585100403,2.14330717991599,2.05364131778606,0.0716535899579933,1.61785358995799
0.357403772407758,0.752613360087727,1.92701469640686,2.05364131778606,-0.0364926517965696,1.50290734820343
0.345610356859699,0.809654104932039,1.70311716626029,2.05364131778606,-0.148441416869855,1.38495858313014
0.333137147309531,0.859552971776503,1.47249821073871,2.05364131778606,-0.263750894630645,1.26444910536935
0.31998339944848,0.902113032590307,1.23606797749979,2.05364131778606,-0.381966011250106,1.14183398874989
0.306148392772003,0.937166322257262,0.99475954865942,2.05364131778606,-0.50262022567029,1.01757977432971
0.291631440733248,0.964574501457377,0.7495252583429,2.05364131778606,-0.62523737082855,0.89216262917145
0.276431901425114,0.984229402628956,0.501332934257218,2.05364131778606,-0.749333532871391,0.766066467128609
0.260549188791059,0.996053456856543,0.251162078117254,2.05364131778606,-0.874418960941373,0.639781039058626
0.243982784364571,1,2.44929359829471e-16,2.05364131778606,-1,0.5138
0.22673224953693,0.996053456856543,-0.251162078117254,2.05364131778606,-1.12558103905863,0.388618960941373
0.208797238352549,0.984229402628956,-0.501332934257217,2.05364131778606,-1.25066646712861,0.264733532871391
0.190177510830881,0.964574501457377,-0.749525258342899,2.05364131778606,-1.37476262917145,0.14263737082855
0.170872946813389,0.937166322257262,-0.994759548659419,2.05364131778606,-1.49737977432971,0.0228202256702899
0.150883560333739,0.902113032590307,-1.23606797749979,2.05364131778606,-1.6180339887499,-0.0942339887498955
0.130209514508783,0.859552971776503,-1.47249821073871,2.05364131778606,-1.73624910536936,-0.208049105369357
0.108851136947446,0.809654104932039,-1.70311716626029,2.05364131778606,-1.85155858313015,-0.318158583130146
0.0868089356740128,0.752613360087727,-1.92701469640686,2.05364131778606,-1.96350734820343,-0.424107348203431
0.0640836155616701,0.68865585100403,-2.14330717991599,2.05364131778606,-2.07165358995799,-0.525453589957993
0.040676095271513,0.618033988749895,-2.35114100916989,2.05364131778606,-2.17557050458495,-0.621770504584946
0.0165875246914472,0.541026485551579,-2.54969595899476,2.05364131778606,-2.27484797949738,-0.71264797949738
-0.00818069713133161,0.457937254842823,-2.73818842371475,2.05364131778606,-2.36909421185738,-0.797694211857378
-0.0336269035714662,0.369094211857378,-2.91587450968565,2.05364131778606,-2.45793725484282,-0.876537254842823
-0.0597491415282564,0.27484797949738,-3.08205297110316,2.05364131778606,-2.54102648555158,-0.948826485551579
-0.086545152059203,0.175570504584946,-3.23606797749979,2.05364131778606,-2.61803398874989,-1.0142339887499
-0.114012350554319,0.0716535899579933,-3.37731170200806,2.05364131778606,-2.68865585100403,-1.07245585100403
-0.142147806462372,-0.0364926517965696,-3.50522672017545,2.05364131778606,-2.75261336008773,-1.12321336008773
-0.170948222581276,-0.148441416869855,-3.61930820986408,2.05364131778606,-2.80965410493204,-1.16625410493204
-0.200409913926159,-0.263750894630645,-3.71910594355301,2.05364131778606,-2.8595529717765,-1.2013529717765
-0.402261838114127,-1.61803398874989,-3.80422606518061,2.34129122201499,-2.90211303259031,0.650999467409692
-0.372317670030597,-1.73624910536936,-3.71910594355301,2.34129122201499,-2.8595529717765,0.637959528223496
-0.343009922615501,-1.85155858313015,-3.61930820986408,2.34129122201499,-2.80965410493204,0.63305839506796
-0.31434382355829,-1.96350734820343,-3.50522672017545,2.34129122201499,-2.75261336008773,0.636099139912272
-0.286324168262515,-2.07165358995799,-3.37731170200806,2.34129122201499,-2.68865585100403,0.64685664899597
-0.258955340937189,-2.17557050458495,-3.23606797749979,2.34129122201499,-2.61803398874989,0.665078511250105
-0.232241335318116,-2.27484797949738,-3.08205297110316,2.34129122201499,-2.54102648555158,0.690486014448421
-0.206185775002601,-2.36909421185738,-2.91587450968565,2.34129122201499,-2.45793725484282,0.722775245157177
-0.180791933382241,-2.45793725484282,-2.73818842371475,2.34129122201499,-2.36909421185738,0.761618288142622
-0.156062753159752,-2.54102648555158,-2.54969595899476,2.34129122201499,-2.27484797949738,0.80666452050262
-0.132000865436934,-2.61803398874989,-2.35114100916989,2.34129122201499,-2.17557050458495,0.857541995415054
-0.108608608362002,-2.68865585100403,-2.14330717991599,2.34129122201499,-2.07165358995799,0.913858910042007
-0.0858880453255602,-2.75261336008773,-1.92701469640686,2.34129122201499,-1.96350734820343,0.975205151796569
-0.0638409826954802,-2.80965410493204,-1.70311716626029,2.34129122201499,-1.85155858313015,1.04115391686985
-0.0424689870819225,-2.8595529717765,-1.47249821073871,2.34129122201499,-1.73624910536936,1.11126339463064
-0.0217734021245728,-2.90211303259031,-1.23606797749979,2.34129122201499,-1.61803398874989,1.18507851125011
-0.00175536479502879,-2.93716632225726,-0.994759548659419,2.34129122201499,-1.49737977432971,1.26213272567029
0.0175841787919562,-2.96457450145738,-0.749525258342899,2.34129122201499,-1.37476262917145,1.34194987082855
0.0362444580639408,-2.98422940262896,-0.501332934257217,2.34129122201499,-1.25066646712861,1.42404603287139
0.0542248631778792,-2.99605345685654,-0.251162078117254,2.34129122201499,-1.12558103905863,1.50793146094137
0.0715249307130816,-3,2.44929359829471e-16,2.34129122201499,-1,1.5931125
0.0881443298737379,-2.99605345685654,0.251162078117254,2.34129122201499,-0.874418960941373,1.67909353905863
0.104082849204162,-2.98422940262896,0.501332934257218,2.34129122201499,-0.749333532871391,1.76537896712861
0.119340383819426,-2.96457450145738,0.7495252583429,2.34129122201499,-0.62523737082855,1.85147512917145
0.133916923153587,-2.93716632225726,0.994759548659419,2.34129122201499,-0.502620225670291,1.93689227432971
0.147812539227342,-2.90211303259031,1.23606797749979,2.34129122201499,-0.381966011250105,2.02114648874989
0.16102737543652,-2.8595529717765,1.47249821073871,2.34129122201499,-0.263750894630644,2.10376160536936
0.173561635862567,-2.80965410493204,1.70311716626029,2.34129122201499,-0.148441416869855,2.18427108313014
0.185415575105812,-2.75261336008773,1.92701469640686,2.34129122201499,-0.0364926517965692,2.26221984820343
0.196589488642095,-2.68865585100403,2.14330717991599,2.34129122201499,0.0716535899579935,2.33716608995799
0.207083703703096,-2.61803398874989,2.35114100916989,2.34129122201499,0.175570504584947,2.40868300458495
0.2168985706805,-2.54102648555158,2.54969595899476,2.34129122201499,0.274847979497379,2.47636047949738
0.22603445505398,-2.45793725484282,2.73818842371475,2.34129122201499,0.369094211857377,2.53980671185738
0.234491729842838,-2.36909421185738,2.91587450968565,2.34129122201499,0.457937254842823,2.59864975484282
0.242270768581044,-2.27484797949738,3.08205297110316,2.34129122201499,0.541026485551579,2.65253898555158
0.24937193881529,-2.17557050458495,3.23606797749979,2.34129122201499,0.618033988749895,2.70114648874989
0.255795596125668,-2.07165358995799,3.37731170200806,2.34129122201499,0.68865585100403,2.74416835100403
0.261542078668481,-1.96350734820343,3.50522672017545,2.34129122201499,0.752613360087727,2.78132586008773
0.266611702240719,-1.85155858313015,3.61930820986408,2.34129122201499,0.809654104932039,2.81236660493204
0.271004755865679,-1.73624910536936,3.71910594355301,2.34129122201499,0.859552971776503,2.8370654717765
0.274721497899277,-1.61803398874989,3.80422606518061,2.34129122201499,0.902113032590307,2.85522553259031
0.274721497899277,-0.381966011250105,3.80422606518061,2.34129122201499,0.902113032590307,2.65522553259031
0.271004755865679,-0.263750894630643,3.71910594355301,2.34129122201499,0.859552971776503,2.5970654717765
0.266611702240719,-0.148441416869854,3.61930820986408,2.34129122201499,0.809654104932039,2.53236660493204
0.261542078668481,-0.03649265179657,3.50522672017545,2.34129122201499,0.752613360087727,2.46132586008773
0.255795596125668,0.0716535899579929,3.37731170200806,2.34129122201499,0.68865585100403,2.38416835100403
0.24937193881529,0.175570504584946,3.23606797749979,2.34129122201499,0.618033988749895,2.30114648874989
0.242270768581044,0.274847979497379,3.08205297110316,2.34129122201499,0.541026485551579,2.21253898555158
0.234491729842838,0.369094211857377,2.91587450968565,2.34129122201499,0.457937254842823,2.11864975484282
0.22603445505398,0.457937254842823,2.73818842371475,2.34129122201499,0.369094211857377,2.01980671185738
0.2168985706805,0.541026485551579,2.54969595899476,2.34129122201499,0.274847979497379,1.91636047949738
0.207083703703096,0.618033988749895,2.35114100916989,2.34129122201499,0.175570504584946,1.80868300458495
0.196589488642095,0.68865585100403,2.14330717991599,2.34129122201499,0.0716535899579933,1.69716608995799
0.185415575105812,0.752613360087727,1.92701469640686,2.34129122201499,-0.0364926517965696,1.58221984820343
0.173561635862567,0.809654104932039,1.70311716626029,2.34129122201499,-0.148441416869855,1.46427108313014
0.16102737543652,0.859552971776503,1.47249821073871,2.34129122201499,-0.263750894630645,1.34376160536935
0.147812539227342,0.902113032590307,1.23606797749979,2.34129122201499,-0.381966011250106,1.22114648874989
0.133916923153587,0.937166322257262,0.99475954865942,2.34129122201499,-0.50262022567029,1.09689227432971
0.119340383819426,0.964574501457377,0.7495252583429,2.34129122201499,-0.62523737082855,0.971475129171449
0.104082849204162,0.984229402628956,0.501332934257218,2.34129122201499,-0.749333532871391,0.845378967128608
0.0881443298737379,0.996053456856543,0.251162078117254,2.34129122201499,-0.874418960941373,0.719093539058626
0.0715249307130816,1,2.44929359829471e-16,2.34129122201499,-1,0.5931125
0.0542248631778792,0.996053456856543,-0.251162078117254,2.34129122201499,-1.12558103905863,0.467931460941373
0.0362444580639408,0.984229402628956,-0.501332934257217,2.34129122201499,-1.25066646712861,0.344046032871391
0.0175841787919562,0.964574501457377,-0.749525258342899,2.34129122201499,-1.37476262917145,0.22194987082855
-0.00175536479502879,0.937166322257262,-0.994759548659419,2.34129122201499,-1.49737977432971,0.10213272567029
-0.0217734021245728,0.902113032590307,-1.23606797749979,2.34129122201499,-1.6180339887499,-0.0149214887498956
-0.0424689870819225,0.859552971776503,-1.47249821073871,2.34129122201499,-1.73624910536936,-0.128736605369357
-0.0638409826954802,0.809654104932039,-1.70311716626029,2.34129122201499,-1.85155858313015,-0.238846083130146
-0.0858880453255602,0.752613360087727,-1.92701469640686,2.34129122201499,-1.96350734820343,-0.344794848203431
-0.108608608362002,0.68865585100403,-2.14330717991599,2.34129122201499,-2.07165358995799,-0.446141089957993
-0.132000865436934,0.618033988749895,-2.35114100916989,2.34129122201499,-2.17557050458495,-0.542458004584947
-0.156062753159752,0.541026485551579,-2.54969595899476,2.34129122201499,-2.27484797949738,-0.63333547949738
-0.180791933382241,0.457937254842823,-2.73818842371475,2.34129122201499,-2.36909421185738,-0.718381711857378
-0.206185775002601,0.369094211857378,-2.91587450968565,2.34129122201499,-2.45793725484282,-0.797224754842823
-0.232241335318116,0.27484797949738,-3.08205297110316,2.34129122201499,-2.54102648555158,-0.869513985551579
-0.258955340937189,0.175570504584946,-3.23606797749979,2.34129122201499,-2.61803398874989,-0.934921488749895
-0.286324168262515,0.0716535899579933,-3.37731170200806,2.34129122201499,-2.68865585100403,-0.993143351004031
-0.31434382355829,-0.0364926517965696,-3.50522672017545,2.34129122201499,-2.75261336008773,-1.04390086008773
-0.343009922615501,-0.148441416869855,-3.61930820986408,2.34129122201499,-2.80965410493204,-1.08694160493204
-0.372317670030597,-0.263750894630645,-3.71910594355301,2.34129122201499,-2.8595529717765,-1.1220404717765
-0.57603365897598,-1.61803398874989,-3.80422606518061,2.58222608101183,-2.90211303259031,0.732336967409693
-0.546369873398692,-1.73624910536936,-3.71910594355301,2.58222608101183,-2.8595529717765,0.719297028223497
-0.517319163523512,-1.85155858313015,-3.61930820986408,2.58222608101183,-2.80965410493204,0.714395895067961
-0.488887895095359,-1.96350734820343,-3.50522672017545,2.58222608101183,-2.75261336008773,0.717436639912273
-0.461081979628994,-2.07165358995799,-3.37731170200806,2.58222608101183,-2.68865585100403,0.72819414899597
-0.433906894971296,-2.17557050458495,-3.23606797749979,2.58222608101183,-2.61803398874989,0.746416011250106
-0.407367705533081,-2.27484797949738,-3.08205297110316,2.58222608101183,-2.54102648555158,0.771823514448422
-0.38146908217208,-2.36909421185738,-2.91587450968565,2.58222608101183,-2.45793725484282,0.804112745157178
-0.356215321709937,-2.45793725484282,-2.73818842371475,2.58222608101183,-2.36909421185738,0.842955788142623
-0.331610366067437,-2.54102648555158,-2.54969595899476,2.58222608101183,-2.27484797949738,0.888002020502621
-0.307657821003286,-2.61803398874989,-2.35114100916989,2.58222608101183,-2.17557050458495,0.938879495415054
-0.284360974442981,-2.68865585100403,-2.14330717991599,2.58222608101183,-2.07165358995799,0.995196410042007
-0.261722814385343,-2.75261336008773,-1.92701469640686,2.58222608101183,-1.96350734820343,1.05654265179657
-0.239746046375354,-2.80965410493204,-1.70311716626029,2.58222608101183,-1.85155858313015,1.12249141686986
-0.218433110532896,-2.8595529717765,-1.47249821073871,2.58222608101183,-1.73624910536936,1.19260089463064
-0.197786198127905,-2.90211303259031,-1.23606797749979,2.58222608101183,-1.61803398874989,1.26641601125011
-0.177807267693357,-2.93716632225726,-0.994759548659419,2.58222608101183,-1.49737977432971,1.34347022567029
-0.158498060668275,-2.96457450145738,-0.749525258342899,2.58222608101183,-1.37476262917145,1.42328737082855
-0.139860116563759,-2.98422940262896,-0.501332934257217,2.58222608101183,-1.25066646712861,1.50538353287139
-0.121894787645712,-2.99605345685654,-0.251162078117254,2.58222608101183,-1.12558103905863,1.58926896094137
-0.104603253128664,-3,2.44929359829471e-16,2.58222608101183,-1,1.67445
-0.0879865328756509,-2.99605345685654,0.251162078117254,2.58222608101183,-0.874418960941373,1.76043103905863
-0.0720455005997503,-2.98422940262896,0.501332934257218,2.58222608101183,-0.749333532871391,1.84671646712861
-0.0567808965633681,-2.96457450145738,0.7495252583429,2.58222608101183,-0.62523737082855,1.93281262917145
-0.0421933397718765,-2.93716632225726,0.994759548659419,2.58222608101183,-0.502620225670291,2.01822977432971
-0.0282833396586723,-2.90211303259031,1.23606797749979,2.58222608101183,-0.381966011250105,2.1024839887499
-0.0150513072590971,-2.8595529717765,1.47249821073871,2.58222608101183,-0.263750894630644,2.18509910536936
-0.00249756587109674,-2.80965410493204,1.70311716626029,2.58222608101183,-0.148441416869855,2.26560858313015
0.00937763879922072,-2.75261336008773,1.92701469640686,2.58222608101183,-0.0364926517965692,2.34355734820343
0.0205741290086207,-2.68865585100403,2.14330717991599,2.58222608101183,0.0716535899579935,2.41850358995799
0.031091785865619,-2.61803398874989,2.35114100916989,2.58222608101183,0.175570504584947,2.49002050458495
0.0409305407381658,-2.54102648555158,2.54969595899476,2.58222608101183,0.274847979497379,2.55769797949738
0.0500903671809542,-2.45793725484282,2.73818842371475,2.58222608101183,0.369094211857377,2.62114421185738
0.0585712733829055,-2.36909421185738,2.91587450968565,2.58222608101183,0.457937254842823,2.67998725484282
0.0663732951352848,-2.27484797949738,3.08205297110316,2.58222608101183,0.541026485551579,2.73387648555158
0.0734964893207423,-2.17557050458495,3.23606797749979,2.58222608101183,0.618033988749895,2.78248398874989
0.0799409279234572,-2.07165358995799,3.37731170200806,2.58222608101183,0.68865585100403,2.82550585100403
0.0857066925604756,-1.96350734820343,3.50522672017545,2.58222608101183,0.752613360087727,2.86266336008773
0.0907938695342657,-1.85155858313015,3.61930820986408,2.58222608101183,0.809654104932039,2.89370410493204
0.0952025454064634,-1.73624910536936,3.71910594355301,2.58222608101183,0.859552971776503,2.9184029717765
0.0989328030926988,-1.61803398874989,3.80422606518061,2.58222608101183,0.902113032590307,2.93656303259031
0.0989328030926988,-0.381966011250105,3.80422606518061,2.58222608101183,0.902113032590307,2.73656303259031
0.0952025454064634,-0.263750894630643,3.71910594355301,2.58222608101183,0.859552971776503,2.6784029717765
0.0907938695342657,-0.148441416869854,3.61930820986408,2.58222608101183,0.809654104932039,2.61370410493204
0.0857066925604756,-0.03649265179657,3.50522672017545,2.58222608101183,0.752613360087727,2.54266336008773
0.0799409279234572,0.0716535899579929,3.37731170200806,2.58222608101183,0.68865585100403,2.46550585100403
0.0734964893207423,0.175570504584946,3.23606797749979,2.58222608101183,0.618033988749895,2.38248398874989
0.0663732951352848,0.274847979497379,3.08205297110316,2.58222608101183,0.541026485551579,2.29387648555158
0.0585712733829055,0.369094211857377,2.91587450968565,2.58222608101183,0.457937254842823,2.19998725484282
0.0500903671809542,0.457937254842823,2.73818842371475,2.58222608101183,0.369094211857377,2.10114421185738
0.0409305407381658,0.541026485551579,2.54969595899476,2.58222608101183,0.274847979497379,1.99769797949738
0.031091785865619,0.618033988749895,2.35114100916989,2.58222608101183,0.175570504584946,1.89002050458495
0.0205741290086207,0.68865585100403,2.14330717991599,2.58222608101183,0.0716535899579933,1.77850358995799
0.00937763879922005,0.752613360087727,1.92701469640686,2.58222608101183,-0.0364926517965696,1.66355734820343
-0.00249756587109674,0.809654104932039,1.70311716626029,2.58222608101183,-0.148441416869855,1.54560858313015
-0.0150513072590971,0.859552971776503,1.47249821073871,2.58222608101183,-0.263750894630645,1.42509910536936
-0.0282833396586723,0.902113032590307,1.23606797749979,2.58222608101183,-0.381966011250106,1.30248398874989
-0.0421933397718765,0.937166322257262,0.99475954865942,2.58222608101183,-0.50262022567029,1.17822977432971
-0.0567808965633681,0.964574501457377,0.7495252583429,2.58222608101183,-0.62523737082855,1.05281262917145
-0.0720455005997503,0.984229402628956,0.501332934257218,2.58222608101183,-0.749333532871391,0.926716467128609
-0.0879865328756509,0.996053456856543,0.251162078117254,2.58222608101183,-0.874418960941373,0.800431039058627
-0.104603253128664,1,2.44929359829471e-16,2.58222608101183,-1,0.67445
-0.121894787645712,0.996053456856543,-0.251162078117254,2.58222608101183,-1.12558103905863,0.549268960941373
-0.139860116563759,0.984229402628956,-0.501332934257217,2.58222608101183,-1.25066646712861,0.425383532871392
-0.158498060668275,0.964574501457377,-0.749525258342899,2.58222608101183,-1.37476262917145,0.303287370828551
-0.177807267693357,0.937166322257262,-0.994759548659419,2.58222608101183,-1.49737977432971,0.18347022567029
-0.197786198127905,0.902113032590307,-1.23606797749979,2.58222608101183,-1.6180339887499,0.0664160112501051
-0.218433110532897,0.859552971776503,-1.47249821073871,2.58222608101183,-1.73624910536936,-0.0473991053693562
-0.239746046375354,0.809654104932039,-1.70311716626029,2.58222608101183,-1.85155858313015,-0.157508583130145
-0.261722814385343,0.752613360087727,-1.92701469640686,2.58222608101183,-1.96350734820343,-0.26345734820343
-0.284360974442981,0.68865585100403,-2.14330717991599,2.58222608101183,-2.07165358995799,-0.364803589957993
-0.307657821003286,0.618033988749895,-2.35114100916989,2.58222608101183,-2.17557050458495,-0.461120504584946
-0.331610366067437,0.541026485551579,-2.54969595899476,2.58222608101183,-2.27484797949738,-0.551997979497379
-0.356215321709937,0.457937254842823,-2.73818842371475,2.58222608101183,-2.36909421185738,-0.637044211857377
-0.38146908217208,0.369094211857378,-2.91587450968565,2.58222608101183,-2.45793725484282,-0.715887254842822
-0.407367705533081,0.27484797949738,-3.08205297110316,2.58222608101183,-2.54102648555158,-0.788176485551578
-0.433906894971296,0.175570504584946,-3.23606797749979,2.58222608101183,-2.61803398874989,-0.853583988749894
-0.461081979628994,0.0716535899579933,-3.37731170200806,2.58222608101183,-2.68865585100403,-0.91180585100403
-0.488887895095359,-0.0364926517965696,-3.50522672017545,2.58222608101183,-2.75261336008773,-0.962563360087727
-0.517319163523512,-0.148441416869855,-3.61930820986408,2.58222608101183,-2.80965410493204,-1.00560410493204
-0.546369873398692,-0.263750894630645,-3.71910594355301,2.58222608101183,-2.8595529717765,-1.0407029717765
-0.751146348673025,-1.61803398874989,-3.80422606518061,2.77163859753386,-2.90211303259031,0.815699467409693
-0.721873663751497,-1.73624910536936,-3.71910594355301,2.77163859753386,-2.8595529717765,0.802659528223497
-0.693188079448845,-1.85155858313015,-3.61930820986408,2.77163859753386,-2.80965410493204,0.797758395067961
-0.665097099145398,-1.96350734820343,-3.50522672017545,2.77163859753386,-2.75261336008773,0.800799139912272
-0.637607751231391,-2.07165358995799,-3.37731170200806,2.77163859753386,-2.68865585100403,0.81155664899597
-0.610726609056865,-2.17557050458495,-3.23606797749979,2.77163859753386,-2.61803398874989,0.829778511250106
-0.584459810592679,-2.27484797949738,-3.08205297110316,2.77163859753386,-2.54102648555158,0.855186014448422
-0.558813077782385,-2.36909421185738,-2.91587450968565,2.77163859753386,-2.45793725484282,0.887475245157177
-0.533791735566095,-2.45793725484282,-2.73818842371475,2.77163859753386,-2.36909421185738,0.926318288142623
-0.509400730558766,-2.54102648555158,-2.54969595899476,2.77163859753386,-2.27484797949738,0.971364520502621
-0.485644649366512,-2.61803398874989,-2.35114100916989,2.77163859753386,-2.17557050458495,1.02224199541505
-0.46252773652577,-2.68865585100403,-2.14330717991599,2.77163859753386,-2.07165358995799,1.07855891004201
-0.440053912051218,-2.75261336008773,-1.92701469640686,2.77163859753386,-1.96350734820343,1.13990515179657
-0.418226788579464,-2.80965410493204,-1.70311716626029,2.77163859753386,-1.85155858313015,1.20585391686985
-0.397049688096471,-2.8595529717765,-1.47249821073871,2.77163859753386,-1.73624910536936,1.27596339463064
-0.376525658237703,-2.90211303259031,-1.23606797749979,2.77163859753386,-1.61803398874989,1.34977851125011
-0.356657488150826,-2.93716632225726,-0.994759548659419,2.77163859753386,-1.49737977432971,1.42683272567029
-0.337447723911705,-2.96457450145738,-0.749525258342899,2.77163859753386,-1.37476262917145,1.50664987082855
-0.31889868348522,-2.98422940262896,-0.501332934257217,2.77163859753386,-1.25066646712861,1.58874603287139
-0.30101247122318,-2.99605345685654,-0.251162078117254,2.77163859753386,-1.12558103905863,1.67263146094137
-0.283790991892338,-3,2.44929359829471e-16,2.77163859753386,-1,1.7578125
-0.26723596422618,-2.99605345685654,0.251162078117254,2.77163859753386,-0.874418960941373,1.84379353905863
-0.251348933994773,-2.98422940262896,0.501332934257218,2.77163859753386,-0.749333532871391,1.93007896712861
-0.236131286587537,-2.96457450145738,0.7495252583429,2.77163859753386,-0.62523737082855,2.01617512917145
-0.221584259104366,-2.93716632225726,0.994759548659419,2.77163859753386,-0.502620225670291,2.10159227432971
-0.207708951950988,-2.90211303259031,1.23606797749979,2.77163859753386,-0.381966011250105,2.18584648874989
-0.194506339934948,-2.8595529717765,1.47249821073871,2.77163859753386,-0.263750894630644,2.26846160536936
-0.181977282859001,-2.80965410493204,1.70311716626029,2.77163859753386,-0.148441416869855,2.34897108313015
-0.170122535609088,-2.75261336008773,1.92701469640686,2.77163859753386,-0.0364926517965692,2.42691984820343
-0.158942757734449,-2.68865585100403,2.14330717991599,2.77163859753386,0.0716535899579935,2.50186608995799
-0.1484385225177,-2.61803398874989,2.35114100916989,2.77163859753386,0.175570504584947,2.57338300458495
-0.138610325533066,-2.54102648555158,2.54969595899476,2.77163859753386,0.274847979497379,2.64106047949738
-0.129458592691129,-2.45793725484282,2.73818842371475,2.77163859753386,0.369094211857377,2.70450671185738
-0.120983687768773,-2.36909421185738,2.91587450968565,2.77163859753386,0.457937254842823,2.76334975484282
-0.11318591942317,-2.27484797949738,3.08205297110316,2.77163859753386,0.541026485551579,2.81723898555158
-0.106065547688835,-2.17557050458495,3.23606797749979,2.77163859753386,0.618033988749895,2.86584648874989
-0.0996227899569625,-2.07165358995799,3.37731170200806,2.77163859753386,0.68865585100403,2.90886835100403
-0.0938578264363799,-1.96350734820343,3.50522672017545,2.77163859753386,0.752613360087727,2.94602586008773
-0.0887708050955828,-1.85155858313015,3.61930820986408,2.77163859753386,0.809654104932039,2.97706660493204
-0.0843618460854133,-1.73624910536936,3.71910594355301,2.77163859753386,0.859552971776503,3.0017654717765
-0.0806310456420543,-1.61803398874989,3.80422606518061,2.77163859753386,0.902113032590307,3.01992553259031
-0.0806310456420543,-0.381966011250105,3.80422606518061,2.77163859753386,0.902113032590307,2.81992553259031
-0.0843618460854133,-0.263750894630643,3.71910594355301,2.77163859753386,0.859552971776503,2.7617654717765
-0.0887708050955828,-0.148441416869854,3.61930820986408,2.77163859753386,0.809654104932039,2.69706660493204
-0.0938578264363799,-0.03649265179657,3.50522672017545,2.77163859753386,0.752613360087727,2.62602586008773
-0.0996227899569625,0.0716535899579929,3.37731170200806,2.77163859753386,0.68865585100403,2.54886835100403
-0.106065547688835,0.175570504584946,3.23606797749979,2.77163859753386,0.618033988749895,2.46584648874989
-0.11318591942317,0.274847979497379,3.08205297110316,2.77163859753386,0.541026485551579,2.37723898555158
-0.120983687768773,0.369094211857377,2.91587450968565,2.77163859753386,0.457937254842823,2.28334975484282
-0.129458592691129,0.457937254842823,2.73818842371475,2.77163859753386,0.369094211857377,2.18450671185738
-0.138610325533066,0.541026485551579,2.54969595899476,2.77163859753386,0.274847979497379,2.08106047949738
-0.1484385225177,0.618033988749895,2.35114100916989,2.77163859753386,0.175570504584946,1.97338300458495
-0.158942757734449,0.68865585100403,2.14330717991599,2.77163859753386,0.0716535899579933,1.86186608995799
-0.17012253560909,0.752613360087727,1.92701469640686,2.77163859753386,-0.0364926517965696,1.74691984820343
-0.181977282859001,0.809654104932039,1.70311716626029,2.77163859753386,-0.148441416869855,1.62897108313014
-0.194506339934948,0.859552971776503,1.47249821073871,2.77163859753386,-0.263750894630645,1.50846160536936
-0.207708951950988,0.902113032590307,1.23606797749979,2.77163859753386,-0.381966011250106,1.38584648874989
-0.221584259104366,0.937166322257262,0.99475954865942,2.77163859753386,-0.50262022567029,1.26159227432971
-0.236131286587537,0.964574501457377,0.7495252583429,2.77163859753386,-0.62523737082855,1.13617512917145
-0.251348933994773,0.984229402628956,0.501332934257218,2.77163859753386,-0.749333532871391,1.01007896712861
-0.26723596422618,0.996053456856543,0.251162078117254,2.77163859753386,-0.874418960941373,0.883793539058627
-0.283790991892338,1,2.44929359829471e-16,2.77163859753386,-1,0.7578125
-0.30101247122318,0.996053456856543,-0.251162078117254,2.77163859753386,-1.12558103905863,0.632631460941373
-0.31889868348522,0.984229402628956,-0.501332934257217,2.77163859753386,-1.25066646712861,0.508746032871391
-0.337447723911705,0.964574501457377,-0.749525258342899,2.77163859753386,-1.37476262917145,0.38664987082855
-0.356657488150826,0.937166322257262,-0.994759548659419,2.77163859753386,-1.49737977432971,0.26683272567029
-0.376525658237705,0.902113032590307,-1.23606797749979,2.77163859753386,-1.6180339887499,0.149778511250105
-0.397049688096473,0.859552971776503,-1.47249821073871,2.77163859753386,-1.73624910536936,0.0359633946306435
-0.418226788579464,0.809654104932039,-1.70311716626029,2.77163859753386,-1.85155858313015,-0.0741460831301455
-0.440053912051218,0.752613360087727,-1.92701469640686,2.77163859753386,-1.96350734820343,-0.180094848203431
-0.46252773652577,0.68865585100403,-2.14330717991599,2.77163859753386,-2.07165358995799,-0.281441089957993
-0.485644649366512,0.618033988749895,-2.35114100916989,2.77163859753386,-2.17557050458495,-0.377758004584946
-0.509400730558766,0.541026485551579,-2.54969595899476,2.77163859753386,-2.27484797949738,-0.468635479497379
-0.533791735566095,0.457937254842823,-2.73818842371475,2.77163859753386,-2.36909421185738,-0.553681711857377
-0.558813077782385,0.369094211857378,-2.91587450968565,2.77163859753386,-2.45793725484282,-0.632524754842823
-0.584459810592679,0.27484797949738,-3.08205297110316,2.77163859753386,-2.54102648555158,-0.704813985551578
-0.610726609056865,0.175570504584946,-3.23606797749979,2.77163859753386,-2.61803398874989,-0.770221488749895
-0.637607751231391,0.0716535899579933,-3.37731170200806,2.77163859753386,-2.68865585100403,-0.82844335100403
-0.665097099145399,-0.0364926517965696,-3.50522672017545,2.77163859753386,-2.75261336008773,-0.879200860087727
-0.693188079448845,-0.148441416869855,-3.61930820986408,2.77163859753386,-2.80965410493204,-0.922241604932039
-0.721873663751497,-0.263750894630645,-3.71910594355301,2.77163859753386,-2.8595529717765,-0.957340471776503
-0.926835856574091,-1.61803398874989,-3.80422606518061,2.90574948338589,-2.90211303259031,0.901086967409692
-0.898069643303806,-1.73624910536936,-3.71910594355301,2.90574948338589,-2.8595529717765,0.888047028223497
-0.869861895263016,-1.85155858313015,-3.61930820986408,2.90574948338589,-2.80965410493204,0.883145895067961
-0.842221247544647,-1.96350734820343,-3.50522672017545,2.90574948338589,-2.75261336008773,0.886186639912273
-0.815155840845764,-2.07165358995799,-3.37731170200806,2.90574948338589,-2.68865585100403,0.89694414899597
-0.788673340719906,-2.17557050458495,-3.23606797749979,2.90574948338589,-2.61803398874989,0.915166011250105
-0.762780956583879,-2.27484797949738,-3.08205297110316,2.90574948338589,-2.54102648555158,0.940573514448422
-0.737485460457066,-2.36909421185738,-2.91587450968565,2.90574948338589,-2.45793725484282,0.972862745157177
-0.712793205412616,-2.45793725484282,-2.73818842371475,2.90574948338589,-2.36909421185738,1.01170578814262
-0.688710143721212,-2.54102648555158,-2.54969595899476,2.90574948338589,-2.27484797949738,1.05675202050262
-0.665241844669327,-2.61803398874989,-2.35114100916989,2.90574948338589,-2.17557050458495,1.10762949541505
-0.642393512035112,-2.68865585100403,-2.14330717991599,2.90574948338589,-2.07165358995799,1.16394641004201
-0.620170001206177,-2.75261336008773,-1.92701469640686,2.90574948338589,-1.96350734820343,1.22529265179657
-0.598575835924638,-2.80965410493204,-1.70311716626029,2.90574948338589,-1.85155858313015,1.29124141686985
-0.577615224645836,-2.8595529717765,-1.47249821073871,2.90574948338589,-1.73624910536936,1.36135089463064
-0.557292076498108,-2.90211303259031,-1.23606797749979,2.90574948338589,-1.61803398874989,1.43516601125011
-0.537610016831977,-2.93716632225726,-0.994759548659419,2.90574948338589,-1.49737977432971,1.51222022567029
-0.518572402347973,-2.96457450145738,-0.749525258342899,2.90574948338589,-1.37476262917145,1.59203737082855
-0.500182335793163,-2.98422940262896,-0.501332934257217,2.90574948338589,-1.25066646712861,1.67413353287139
-0.482442680217281,-2.99605345685654,-0.251162078117254,2.90574948338589,-1.12558103905863,1.75801896094137
-0.465356072780071,-3,2.44929359829471e-16,2.90574948338589,-1,1.8432
-0.448924938102195,-2.99605345685654,0.251162078117254,2.90574948338589,-0.874418960941373,1.92918103905863
-0.433151501152703,-2.98422940262896,0.501332934257218,2.90574948338589,-0.749333532871391,2.01546646712861
-0.418037799666688,-2.96457450145738,0.7495252583429,2.90574948338589,-0.62523737082855,2.10156262917145
-0.403585696087357,-2.93716632225726,0.994759548659419,2.90574948338589,-0.502620225670291,2.18697977432971
-0.389796889027251,-2.90211303259031,1.23606797749979,2.90574948338589,-0.381966011250105,2.27123398874989
-0.376672924243889,-2.8595529717765,1.47249821073871,2.90574948338589,-0.263750894630644,2.35384910536936
-0.364215205125568,-2.80965410493204,1.70311716626029,2.90574948338589,-0.148441416869855,2.43435858313015
-0.352425002683473,-2.75261336008773,1.92701469640686,2.90574948338589,-0.0364926517965692,2.51230734820343
-0.341303465046689,-2.68865585100403,2.14330717991599,2.90574948338589,0.0716535899579935,2.58725358995799
-0.330851626457028,-2.61803398874989,2.35114100916989,2.90574948338589,0.175570504584947,2.65877050458495
-0.321070415760961,-2.54102648555158,2.54969595899476,2.90574948338589,0.274847979497379,2.72644797949738
-0.311960664396253,-2.45793725484282,2.73818842371475,2.90574948338589,0.369094211857377,2.78989421185738
-0.303523113871148,-2.36909421185738,2.91587450968565,2.90574948338589,0.457937254842823,2.84873725484282
-0.295758422734259,-2.27484797949738,3.08205297110316,2.90574948338589,0.541026485551579,2.90262648555158
-0.288667173033504,-2.17557050458495,3.23606797749979,2.90574948338589,0.618033988749895,2.95123398874989
-0.282249876262684,-2.07165358995799,3.37731170200806,2.90574948338589,0.68865585100403,2.99425585100403
-0.276506978794453,-1.96350734820343,3.50522672017545,2.90574948338589,0.752613360087727,3.03141336008773
-0.271438866798626,-1.85155858313015,3.61930820986408,2.90574948338589,0.809654104932039,3.06245410493204
-0.267045870644901,-1.73624910536936,3.71910594355301,2.90574948338589,0.859552971776503,3.0871529717765
-0.263328268789255,-1.61803398874989,3.80422606518061,2.90574948338589,0.902113032590307,3.10531303259031
-0.263328268789255,-0.381966011250105,3.80422606518061,2.90574948338589,0.902113032590307,2.90531303259031
-0.267045870644901,-0.263750894630643,3.71910594355301,2.90574948338589,0.859552971776503,2.8471529717765
-0.271438866798626,-0.148441416869854,3.61930820986408,2.90574948338589,0.809654104932039,2.78245410493204
-0.276506978794453,-0.03649265179657,3.50522672017545,2.90574948338589,0.752613360087727,2.71141336008773
-0.282249876262684,0.0716535899579929,3.37731170200806,2.90574948338589,0.68865585100403,2.63425585100403
-0.288667173033504,0.175570504584946,3.23606797749979,2.90574948338589,0.618033988749895,2.5512339887499
-0.295758422734259,0.274847979497379,3.08205297110316,2.90574948338589,0.541026485551579,2.46262648555158
-0.303523113871148,0.369094211857377,2.91587450968565,2.90574948338589,0.457937254842823,2.36873725484282
-0.311960664396253,0.457937254842823,2.73818842371475,2.90574948338589,0.369094211857377,2.26989421185738
-0.321070415760961,0.541026485551579,2.54969595899476,2.90574948338589,0.274847979497379,2.16644797949738
-0.330851626457028,0.618033988749895,2.35114100916989,2.90574948338589,0.175570504584946,2.05877050458495
-0.34130346504669,0.68865585100403,2.14330717991599,2.90574948338589,0.0716535899579933,1.94725358995799
-0.352425002683475,0.752613360087727,1.92701469640686,2.90574948338589,-0.0364926517965696,1.83230734820343
-0.364215205125568,0.809654104932039,1.70311716626029,2.90574948338589,-0.148441416869855,1.71435858313014
-0.376672924243889,0.859552971776503,1.47249821073871,2.90574948338589,-0.263750894630645,1.59384910536936
-0.389796889027251,0.902113032590307,1.23606797749979,2.90574948338589,-0.381966011250106,1.47123398874989
-0.403585696087357,0.937166322257262,0.99475954865942,2.90574948338589,-0.50262022567029,1.34697977432971
-0.418037799666688,0.964574501457377,0.7495252583429,2.90574948338589,-0.62523737082855,1.22156262917145
-0.433151501152703,0.984229402628956,0.501332934257218,2.90574948338589,-0.749333532871391,1.09546646712861
-0.448924938102195,0.996053456856543,0.251162078117254,2.90574948338589,-0.874418960941373,0.969181039058627
-0.465356072780071,1,2.44929359829471e-16,2.90574948338589,-1,0.8432
-0.482442680217281,0.996053456856543,-0.251162078117254,2.90574948338589,-1.12558103905863,0.718018960941373
-0.500182335793163,0.984229402628956,-0.501332934257217,2.90574948338589,-1.25066646712861,0.594133532871391
-0.518572402347973,0.964574501457377,-0.749525258342899,2.90574948338589,-1.37476262917145,0.47203737082855
-0.537610016831977,0.937166322257262,-0.994759548659419,2.90574948338589,-1.49737977432971,0.35222022567029
-0.557292076498108,0.902113032590307,-1.23606797749979,2.90574948338589,-1.6180339887499,0.235166011250105
-0.577615224645836,0.859552971776503,-1.47249821073871,2.90574948338589,-1.73624910536936,0.121350894630643
-0.598575835924638,0.809654104932039,-1.70311716626029,2.90574948338589,-1.85155858313015,0.0112414168698545
-0.620170001206177,0.752613360087727,-1.92701469640686,2.90574948338589,-1.96350734820343,-0.0947073482034307
-0.642393512035112,0.68865585100403,-2.14330717991599,2.90574948338589,-2.07165358995799,-0.196053589957993
-0.665241844669327,0.618033988749895,-2.35114100916989,2.90574948338589,-2.17557050458495,-0.292370504584946
-0.688710143721212,0.541026485551579,-2.54969595899476,2.90574948338589,-2.27484797949738,-0.383247979497379
-0.712793205412616,0.457937254842823,-2.73818842371475,2.90574948338589,-2.36909421185738,-0.468294211857377
-0.737485460457066,0.369094211857378,-2.91587450968565,2.90574948338589,-2.45793725484282,-0.547137254842823
-0.762780956583879,0.27484797949738,-3.08205297110316,2.90574948338589,-2.54102648555158,-0.619426485551578
-0.788673340719906,0.175570504584946,-3.23606797749979,2.90574948338589,-2.61803398874989,-0.684833988749895
-0.815155840845764,0.0716535899579933,-3.37731170200806,2.90574948338589,-2.68865585100403,-0.74305585100403
-0.842221247544647,-0.0364926517965696,-3.50522672017545,2.90574948338589,-2.75261336008773,-0.793813360087727
-0.869861895263018,-0.148441416869855,-3.61930820986408,2.90574948338589,-2.80965410493204,-0.836854104932039
-0.898069643303806,-0.263750894630645,-3.71910594355301,2.90574948338589,-2.8595529717765,-0.871952971776503
-1.10227243086448,-1.61803398874989,-3.80422606518061,2.98188286636554,-2.90211303259031,0.988499467409693
-1.07413225110562,-1.73624910536936,-3.71910594355301,2.98188286636554,-2.8595529717765,0.975459528223497
-1.04651922755193,-1.85155858313015,-3.61930820986408,2.98188286636554,-2.80965410493204,0.970558395067961
-1.01944311518322,-1.96350734820343,-3.50522672017545,2.98188286636554,-2.75261336008773,0.973599139912272
-0.992913156705617,-2.07165358995799,-3.37731170200806,2.98188286636554,-2.68865585100403,0.984356648995969
-0.966938101019571,-2.17557050458495,-3.23606797749979,2.98188286636554,-2.61803398874989,1.00257851125011
-0.94152622148744,-2.27484797949738,-3.08205297110316,2.98188286636554,-2.54102648555158,1.02798601444842
-0.91668533397706,-2.36909421185738,-2.91587450968565,2.98188286636554,-2.45793725484282,1.06027524515718
-0.892422814658915,-2.45793725484282,-2.73818842371475,2.98188286636554,-2.36909421185738,1.09911828814262
-0.868745617535945,-2.54102648555158,-2.54969595899476,2.98188286636554,-2.27484797949738,1.14416452050262
-0.845660291686234,-2.61803398874989,-2.35114100916989,2.98188286636554,-2.17557050458495,1.19504199541505
-0.823172998200064,-2.68865585100403,-2.14330717991599,2.98188286636554,-2.07165358995799,1.25135891004201
-0.801289526794003,-2.75261336008773,-1.92701469640686,2.98188286636554,-1.96350734820343,1.31270515179657
-0.78001531208577,-2.80965410493204,-1.70311716626029,2.98188286636554,-1.85155858313015,1.37865391686985
-0.759355449514722,-2.8595529717765,-1.47249821073871,2.98188286636554,-1.73624910536936,1.44876339463064
-0.739314710893836,-2.90211303259031,-1.23606797749979,2.98188286636554,-1.61803398874989,1.5225785112501
-0.71989755957999,-2.93716632225726,-0.994759548659419,2.98188286636554,-1.49737977432971,1.59963272567029
-0.701108165250322,-2.96457450145738,-0.749525258342899,2.98188286636554,-1.37476262917145,1.67944987082855
-0.682950418273305,-2.98422940262896,-0.501332934257217,2.98188286636554,-1.25066646712861,1.76154603287139
-0.665427943663998,-2.99605345685654,-0.251162078117254,2.98188286636554,-1.12558103905863,1.84543146094137
-0.648544114613757,-3,2.44929359829471e-16,2.98188286636554,-1,1.9306125
-0.632302065585406,-2.99605345685654,0.251162078117254,2.98188286636554,-0.874418960941373,2.01659353905863
-0.6167047049656,-2.98422940262896,0.501332934257218,2.98188286636554,-0.749333532871391,2.10287896712861
-0.601754727266762,-2.96457450145738,0.7495252583429,2.98188286636554,-0.62523737082855,2.18897512917145
-0.587454624871607,-2.93716632225726,0.994759548659419,2.98188286636554,-0.502620225670291,2.27439227432971
-0.573806699313858,-2.90211303259031,1.23606797749979,2.98188286636554,-0.381966011250105,2.35864648874989
-0.560813072089297,-2.8595529717765,1.47249821073871,2.98188286636554,-0.263750894630644,2.44126160536936
-0.548475694991833,-2.80965410493204,1.70311716626029,2.98188286636554,-0.148441416869855,2.52177108313014
-0.536796359969722,-2.75261336008773,1.92701469640686,2.98188286636554,-0.0364926517965692,2.59971984820343
-0.525776708497549,-2.68865585100403,2.14330717991599,2.98188286636554,0.0716535899579935,2.67466608995799
-0.515418240459963,-2.61803398874989,2.35114100916989,2.98188286636554,0.175570504584947,2.74618300458495
-0.505722322543608,-2.54102648555158,2.54969595899476,2.98188286636554,0.274847979497379,2.81386047949738
-0.49669019613396,-2.45793725484282,2.73818842371475,2.98188286636554,0.369094211857377,2.87730671185738
-0.488322984714201,-2.36909421185738,2.91587450968565,2.98188286636554,0.457937254842823,2.93614975484282
-0.480621700763513,-2.27484797949738,3.08205297110316,2.98188286636554,0.541026485551579,2.99003898555158
-0.473587252152472,-2.17557050458495,3.23606797749979,2.98188286636554,0.618033988749895,3.03864648874989
-0.467220448033493,-2.07165358995799,3.37731170200806,2.98188286636554,0.68865585100403,3.08166835100403
-0.461522004224509,-1.96350734820343,3.50522672017545,2.98188286636554,0.752613360087727,3.11882586008773
-0.45649254808428,-1.85155858313015,3.61930820986408,2.98188286636554,0.809654104932039,3.14986660493204
-0.452132622877953,-1.73624910536936,3.71910594355301,2.98188286636554,0.859552971776503,3.1745654717765
-0.448442691631668,-1.61803398874989,3.80422606518061,2.98188286636554,0.902113032590307,3.19272553259031
-0.448442691631668,-0.381966011250105,3.80422606518061,2.98188286636554,0.902113032590307,2.99272553259031
-0.452132622877953,-0.263750894630643,3.71910594355301,2.98188286636554,0.859552971776503,2.9345654717765
-0.45649254808428,-0.148441416869854,3.61930820986408,2.98188286636554,0.809654104932039,2.86986660493204
-0.461522004224509,-0.03649265179657,3.50522672017545,2.98188286636554,0.752613360087727,2.79882586008773
-0.467220448033493,0.0716535899579929,3.37731170200806,2.98188286636554,0.68865585100403,2.72166835100403
-0.473587252152472,0.175570504584946,3.23606797749979,2.98188286636554,0.618033988749895,2.63864648874989
-0.480621700763513,0.274847979497379,3.08205297110316,2.98188286636554,0.541026485551579,2.55003898555158
-0.488322984714201,0.369094211857377,2.91587450968565,2.98188286636554,0.457937254842823,2.45614975484282
-0.49669019613396,0.457937254842823,2.73818842371475,2.98188286636554,0.369094211857377,2.35730671185738
-0.505722322543608,0.541026485551579,2.54969595899476,2.98188286636554,0.274847979497379,2.25386047949738
-0.515418240459963,0.618033988749895,2.35114100916989,2.98188286636554,0.175570504584946,2.14618300458495
-0.525776708497549,0.68865585100403,2.14330717991599,2.98188286636554,0.0716535899579933,2.03466608995799
-0.536796359969723,0.752613360087727,1.92701469640686,2.98188286636554,-0.0364926517965696,1.91971984820343
-0.548475694991833,0.809654104932039,1.70311716626029,2.98188286636554,-0.148441416869855,1.80177108313014
-0.560813072089297,0.859552971776503,1.47249821073871,2.98188286636554,-0.263750894630645,1.68126160536935
-0.573806699313858,0.902113032590307,1.23606797749979,2.98188286636554,-0.381966011250106,1.55864648874989
-0.587454624871607,0.937166322257262,0.99475954865942,2.98188286636554,-0.50262022567029,1.43439227432971
-0.601754727266762,0.964574501457377,0.7495252583429,2.98188286636554,-0.62523737082855,1.30897512917145
-0.6167047049656,0.984229402628956,0.501332934257218,2.98188286636554,-0.749333532871391,1.18287896712861
-0.632302065585406,0.996053456856543,0.251162078117254,2.98188286636554,-0.874418960941373,1.05659353905863
-0.648544114613757,1,2.44929359829471e-16,2.98188286636554,-1,0.9306125
-0.665427943663998,0.996053456856543,-0.251162078117254,2.98188286636554,-1.12558103905863,0.805431460941373
-0.682950418273305,0.984229402628956,-0.501332934257217,2.98188286636554,-1.25066646712861,0.681546032871391
-0.701108165250322,0.964574501457377,-0.749525258342899,2.98188286636554,-1.37476262917145,0.55944987082855
-0.71989755957999,0.937166322257262,-0.994759548659419,2.98188286636554,-1.49737977432971,0.43963272567029
-0.739314710893837,0.902113032590307,-1.23606797749979,2.98188286636554,-1.6180339887499,0.322578511250105
-0.759355449514723,0.859552971776503,-1.47249821073871,2.98188286636554,-1.73624910536936,0.208763394630643
-0.78001531208577,0.809654104932039,-1.70311716626029,2.98188286636554,-1.85155858313015,0.0986539168698541
-0.801289526794003,0.752613360087727,-1.92701469640686,2.98188286636554,-1.96350734820343,-0.00729484820343107
-0.823172998200064,0.68865585100403,-2.14330717991599,2.98188286636554,-2.07165358995799,-0.108641089957993
-0.845660291686234,0.618033988749895,-2.35114100916989,2.98188286636554,-2.17557050458495,-0.204958004584946
-0.868745617535945,0.541026485551579,-2.54969595899476,2.98188286636554,-2.27484797949738,-0.29583547949738
-0.892422814658915,0.457937254842823,-2.73818842371475,2.98188286636554,-2.36909421185738,-0.380881711857378
-0.91668533397706,0.369094211857378,-2.91587450968565,2.98188286636554,-2.45793725484282,-0.459724754842823
-0.94152622148744,0.27484797949738,-3.08205297110316,2.98188286636554,-2.54102648555158,-0.532013985551579
-0.966938101019571,0.175570504584946,-3.23606797749979,2.98188286636554,-2.61803398874989,-0.597421488749895
-0.992913156705617,0.0716535899579933,-3.37731170200806,2.98188286636554,-2.68865585100403,-0.65564335100403
-1.01944311518322,-0.0364926517965696,-3.50522672017545,2.98188286636554,-2.75261336008773,-0.706400860087727
-1.04651922755193,-0.148441416869855,-3.61930820986408,2.98188286636554,-2.80965410493204,-0.74944160493204
-1.07413225110562,-0.263750894630645,-3.71910594355301,2.98188286636554,-2.8595529717765,-0.784540471776503
-1.27656179324757,-1.61803398874989,-3.80422606518061,2.99851968109719,-2.90211303259031,1.07793696740969
-1.24917085941479,-1.73624910536936,-3.71910594355301,2.99851968109719,-2.8595529717765,1.0648970282235
-1.22227310431231,-1.85155858313015,-3.61930820986408,2.99851968109719,-2.80965410493204,1.05999589506796
-1.19587938469262,-1.96350734820343,-3.50522672017545,2.99851968109719,-2.75261336008773,1.06303663991227
-1.1700000288611,-2.07165358995799,-3.37731170200806,2.99851968109719,-2.68865585100403,1.07379414899597
-1.14464485427191,-2.17557050458495,-3.23606797749979,2.99851968109719,-2.61803398874989,1.0920160112501
-1.1198231849703,-2.27484797949738,-3.08205297110316,2.99851968109719,-2.54102648555158,1.11742351444842
-1.09554386885603,-2.36909421185738,-2.91587450968565,2.99851968109719,-2.45793725484282,1.14971274515718
-1.07181529474379,-2.45793725484282,-2.73818842371475,2.99851968109719,-2.36909421185738,1.18855578814262
-1.04864540919823,-2.54102648555158,-2.54969595899476,2.99851968109719,-2.27484797949738,1.23360202050262
-1.02604173312202,-2.61803398874989,-2.35114100916989,2.99851968109719,-2.17557050458495,1.28447949541505
-1.00401137807696,-2.68865585100403,-2.14330717991599,2.99851968109719,-2.07165358995799,1.34079641004201
-0.982561062319117,-2.75261336008773,-1.92701469640686,2.99851968109719,-1.96350734820343,1.40214265179657
-0.961697126530288,-2.80965410493204,-1.70311716626029,2.99851968109719,-1.85155858313015,1.46809141686985
-0.941425549229006,-2.8595529717765,-1.47249821073871,2.99851968109719,-1.73624910536936,1.53820089463064
-0.921751961845477,-2.90211303259031,-1.23606797749979,2.99851968109719,-1.61803398874989,1.6120160112501
-0.902681663445788,-2.93716632225726,-0.994759548659419,2.99851968109719,-1.49737977432971,1.68907022567029
-0.884219635091681,-2.96457450145738,-0.749525258342899,2.99851968109719,-1.37476262917145,1.76888737082855
-0.866370553823137,-2.98422940262896,-0.501332934257217,2.99851968109719,-1.25066646712861,1.85098353287139
-0.849138806251829,-2.99605345685654,-0.251162078117254,2.99851968109719,-1.12558103905863,1.93486896094137
-0.832528501754383,-3,2.44929359829471e-16,2.99851968109719,-1,2.02005
-0.816543485255136,-2.99605345685654,0.251162078117254,2.99851968109719,-0.874418960941373,2.10603103905863
-0.801187349588848,-2.98422940262896,0.501332934257218,2.99851968109719,-0.749333532871391,2.19231646712861
-0.78646344743451,-2.96457450145738,0.7495252583429,2.99851968109719,-0.62523737082855,2.27841262917145
-0.772374902812078,-2.93716632225726,0.994759548659419,2.99851968109719,-0.502620225670291,2.36382977432971
-0.758924622134587,-2.90211303259031,1.23606797749979,2.99851968109719,-0.381966011250105,2.44808398874989
-0.746115304808669,-2.8595529717765,1.47249821073871,2.99851968109719,-0.263750894630644,2.53069910536936
-0.73394945337711,-2.80965410493204,1.70311716626029,2.99851968109719,-0.148441416869855,2.61120858313014
-0.722429383197555,-2.75261336008773,1.92701469640686,2.99851968109719,-0.0364926517965692,2.68915734820343
-0.711557231651997,-2.68865585100403,2.14330717991599,2.99851968109719,0.0716535899579935,2.76410358995799
-0.701334966882125,-2.61803398874989,2.35114100916989,2.99851968109719,0.175570504584947,2.83562050458495
-0.691764396046084,-2.54102648555158,2.54969595899476,2.99851968109719,0.274847979497379,2.90329797949738
-0.682847173092539,-2.45793725484282,2.73818842371475,2.99851968109719,0.369094211857377,2.96674421185738
-0.674584806048381,-2.36909421185738,2.91587450968565,2.99851968109719,0.457937254842823,3.02558725484282
-0.666978663816731,-2.27484797949738,3.08205297110316,2.99851968109719,0.541026485551579,3.07947648555158
-0.660029982482235,-2.17557050458495,3.23606797749979,2.99851968109719,0.618033988749895,3.12808398874989
-0.653739871120967,-2.07165358995799,3.37731170200806,2.99851968109719,0.68865585100403,3.17110585100403
-0.648109317112538,-1.96350734820343,3.50522672017545,2.99851968109719,0.752613360087727,3.20826336008773
-0.643139190952273,-1.85155858313015,3.61930820986408,2.99851968109719,0.809654104932039,3.23930410493204
-0.638830250561577,-1.73624910536936,3.71910594355301,2.99851968109719,0.859552971776503,3.2640029717765
-0.635183145094884,-1.61803398874989,3.80422606518061,2.99851968109719,0.902113032590307,3.28216303259031
-0.635183145094884,-0.381966011250105,3.80422606518061,2.99851968109719,0.902113032590307,3.08216303259031
-0.638830250561577,-0.263750894630643,3.71910594355301,2.99851968109719,0.859552971776503,3.0240029717765
-0.643139190952273,-0.148441416869854,3.61930820986408,2.99851968109719,0.809654104932039,2.95930410493204
-0.648109317112538,-0.03649265179657,3.50522672017545,2.99851968109719,0.752613360087727,2.88826336008773
-0.653739871120967,0.0716535899579929,3.37731170200806,2.99851968109719,0.68865585100403,2.81110585100403
-0.660029982482235,0.175570504584946,3.23606797749979,2.99851968109719,0.618033988749895,2.72808398874989
-0.666978663816731,0.274847979497379,3.08205297110316,2.99851968109719,0.541026485551579,2.63947648555158
-0.674584806048381,0.369094211857377,2.91587450968565,2.99851968109719,0.457937254842823,2.54558725484282
-0.682847173092539,0.457937254842823,2.73818842371475,2.99851968109719,0.369094211857377,2.44674421185738
-0.691764396046084,0.541026485551579,2.54969595899476,2.99851968109719,0.274847979497379,2.34329797949738
-0.701334966882125,0.618033988749895,2.35114100916989,2.99851968109719,0.175570504584946,2.23562050458495
-0.711557231651997,0.68865585100403,2.14330717991599,2.99851968109719,0.0716535899579933,2.12410358995799
-0.722429383197556,0.752613360087727,1.92701469640686,2.99851968109719,-0.0364926517965696,2.00915734820343
-0.73394945337711,0.809654104932039,1.70311716626029,2.99851968109719,-0.148441416869855,1.89120858313014
-0.746115304808669,0.859552971776503,1.47249821073871,2.99851968109719,-0.263750894630645,1.77069910536936
-0.758924622134587,0.902113032590307,1.23606797749979,2.99851968109719,-0.381966011250106,1.64808398874989
-0.772374902812078,0.937166322257262,0.99475954865942,2.99851968109719,-0.50262022567029,1.52382977432971
-0.78646344743451,0.964574501457377,0.7495252583429,2.99851968109719,-0.62523737082855,1.39841262917145
-0.801187349588848,0.984229402628956,0.501332934257218,2.99851968109719,-0.749333532871391,1.27231646712861
-0.816543485255136,0.996053456856543,0.251162078117254,2.99851968109719,-0.874418960941373,1.14603103905863
-0.832528501754383,1,2.44929359829471e-16,2.99851968109719,-1,1.02005
-0.849138806251829,0.996053456856543,-0.251162078117254,2.99851968109719,-1.12558103905863,0.894868960941373
-0.866370553823137,0.984229402628956,-0.501332934257217,2.99851968109719,-1.25066646712861,0.770983532871391
-0.884219635091681,0.964574501457377,-0.749525258342899,2.99851968109719,-1.37476262917145,0.64888737082855
-0.902681663445788,0.937166322257262,-0.994759548659419,2.99851968109719,-1.49737977432971,0.52907022567029
-0.921751961845478,0.902113032590307,-1.23606797749979,2.99851968109719,-1.6180339887499,0.412016011250105
-0.941425549229006,0.859552971776503,-1.47249821073871,2.99851968109719,-1.73624910536936,0.298200894630643
-0.961697126530288,0.809654104932039,-1.70311716626029,2.99851968109719,-1.85155858313015,0.188091416869854
-0.982561062319117,0.752613360087727,-1.92701469640686,2.99851968109719,-1.96350734820343,0.0821426517965684
-1.00401137807696,0.68865585100403,-2.14330717991599,2.99851968109719,-2.07165358995799,-0.0192035899579934
-1.02604173312202,0.618033988749895,-2.35114100916989,2.99851968109719,-2.17557050458495,-0.115520504584947
-1.04864540919823,0.541026485551579,-2.54969595899476,2.99851968109719,-2.27484797949738,-0.20639797949738
-1.07181529474379,0.457937254842823,-2.73818842371475,2.99851968109719,-2.36909421185738,-0.291444211857378
-1.09554386885603,0.369094211857378,-2.91587450968565,2.99851968109719,-2.45793725484282,-0.370287254842823
-1.1198231849703,0.27484797949738,-3.08205297110316,2.99851968109719,-2.54102648555158,-0.442576485551579
-1.14464485427191,0.175570504584946,-3.23606797749979,2.99851968109719,-2.61803398874989,-0.507983988749895
-1.1700000288611,0.0716535899579933,-3.37731170200806,2.99851968109719,-2.68865585100403,-0.56620585100403
-1.19587938469262,-0.0364926517965696,-3.50522672017545,2.99851968109719,-2.75261336008773,-0.616963360087728
-1.22227310431231,-0.148441416869855,-3.61930820986408,2.99851968109719,-2.80965410493204,-0.66000410493204
-1.24917085941479,-0.263750894630645,-3.71910594355301,2.99851968109719,-2.8595529717765,-0.695102971776503
-1.4487471106808,-1.61803398874989,-3.80422606518061,2.95532797846432,-2.90211303259031,1.16939946740969
-1.42223166432481,-1.73624910536936,-3.71910594355301,2.95532797846432,-2.8595529717765,1.1563595282235
-1.39617277610877,-1.85155858313015,-3.61930820986408,2.95532797846432,-2.80965410493204,1.15145839506796
-1.37058237978963,-1.96350734820343,-3.50522672017545,2.95532797846432,-2.75261336008773,1.15449913991227
-1.34547186638596,-2.07165358995799,-3.37731170200806,2.95532797846432,-2.68865585100403,1.16525664899597
-1.32085210081368,-2.17557050458495,-3.23606797749979,2.95532797846432,-2.61803398874989,1.1834785112501
-1.29673343841638,-2.27484797949738,-3.08205297110316,2.95532797846432,-2.54102648555158,1.20888601444842
-1.27312574136339,-2.36909421185738,-2.91587450968565,2.95532797846432,-2.45793725484282,1.24117524515718
-1.25003839489009,-2.45793725484282,-2.73818842371475,2.95532797846432,-2.36909421185738,1.28001828814262
-1.22748032335622,-2.54102648555158,-2.54969595899476,2.95532797846432,-2.27484797949738,1.32506452050262
-1.20546000609926,-2.61803398874989,-2.35114100916989,2.95532797846432,-2.17557050458495,1.37594199541505
-1.18398549306131,-2.68865585100403,-2.14330717991599,2.95532797846432,-2.07165358995799,1.43225891004201
-1.16306442016886,-2.75261336008773,-1.92701469640686,2.95532797846432,-1.96350734820343,1.49360515179657
-1.14270402444629,-2.80965410493204,-1.70311716626029,2.95532797846432,-1.85155858313015,1.55955391686985
-1.12291115884477,-2.8595529717765,-1.47249821073871,2.95532797846432,-1.73624910536936,1.62966339463064
-1.10369230676952,-2.90211303259031,-1.23606797749979,2.95532797846432,-1.61803398874989,1.7034785112501
-1.08505359628926,-2.93716632225726,-0.994759548659419,2.95532797846432,-1.49737977432971,1.78053272567029
-1.06700081401288,-2.96457450145738,-0.749525258342899,2.95532797846432,-1.37476262917145,1.86034987082855
-1.04953941861885,-2.98422940262896,-0.501332934257217,2.95532797846432,-1.25066646712861,1.94244603287139
-1.03267455402452,-2.99605345685654,-0.251162078117254,2.95532797846432,-1.12558103905863,2.02633146094137
-1.01641106218252,-3,2.44929359829471e-16,2.95532797846432,-1,2.1115125
-1.00075349549284,-2.99605345685654,0.251162078117254,2.95532797846432,-0.874418960941373,2.19749353905863
-0.985706128819826,-2.98422940262896,0.501332934257218,2.95532797846432,-0.749333532871391,2.28377896712861
-0.971272971103909,-2.96457450145738,0.7495252583429,2.95532797846432,-0.62523737082855,2.36987512917145
-0.957457776558745,-2.93716632225726,0.994759548659419,2.95532797846432,-0.502620225670291,2.45529227432971
-0.944264055445133,-2.90211303259031,1.23606797749979,2.95532797846432,-0.381966011250105,2.53954648874989
-0.931695084413582,-2.8595529717765,1.47249821073871,2.95532797846432,-0.263750894630644,2.62216160536936
-0.91975391640812,-2.80965410493204,1.70311716626029,2.95532797846432,-0.148441416869855,2.70267108313014
-0.908443390124456,-2.75261336008773,1.92701469640686,2.95532797846432,-0.0364926517965692,2.78061984820343
-0.897766139016143,-2.68865585100403,2.14330717991599,2.95532797846432,0.0716535899579935,2.85556608995799
-0.887724599842923,-2.61803398874989,2.35114100916989,2.95532797846432,0.175570504584947,2.92708300458495
-0.878321020755887,-2.54102648555158,2.54969595899476,2.95532797846432,0.274847979497379,2.99476047949738
-0.869557468914569,-2.45793725484282,2.73818842371475,2.95532797846432,0.369094211857377,3.05820671185738
-0.861435837631487,-2.36909421185738,2.91587450968565,2.95532797846432,0.457937254842823,3.11704975484282
-0.853957853040073,-2.27484797949738,3.08205297110316,2.95532797846432,0.541026485551579,3.17093898555158
-0.847125080282295,-2.17557050458495,3.23606797749979,2.95532797846432,0.618033988749895,3.21954648874989
-0.840938929212663,-2.07165358995799,3.37731170200806,2.95532797846432,0.68865585100403,3.26256835100403
-0.835400659615606,-1.96350734820343,3.50522672017545,2.95532797846432,0.752613360087727,3.29972586008773
-0.830511385933584,-1.85155858313015,3.61930820986408,2.95532797846432,0.809654104932039,3.33076660493204
-0.826272081503529,-1.73624910536936,3.71910594355301,2.95532797846432,0.859552971776503,3.3554654717765
-0.822683582299608,-1.61803398874989,3.80422606518061,2.95532797846432,0.902113032590307,3.37362553259031
-0.822683582299608,-0.381966011250105,3.80422606518061,2.95532797846432,0.902113032590307,3.17362553259031
-0.826272081503529,-0.263750894630643,3.71910594355301,2.95532797846432,0.859552971776503,3.1154654717765
-0.830511385933584,-0.148441416869854,3.61930820986408,2.95532797846432,0.809654104932039,3.05076660493204
-0.835400659615606,-0.03649265179657,3.50522672017545,2.95532797846432,0.752613360087727,2.97972586008773
-0.840938929212663,0.0716535899579929,3.37731170200806,2.95532797846432,0.68865585100403,2.90256835100403
-0.847125080282295,0.175570504584946,3.23606797749979,2.95532797846432,0.618033988749895,2.81954648874989
-0.853957853040073,0.274847979497379,3.08205297110316,2.95532797846432,0.541026485551579,2.73093898555158
-0.861435837631487,0.369094211857377,2.91587450968565,2.95532797846432,0.457937254842823,2.63704975484282
-0.869557468914569,0.457937254842823,2.73818842371475,2.95532797846432,0.369094211857377,2.53820671185738
-0.878321020755887,0.541026485551579,2.54969595899476,2.95532797846432,0.274847979497379,2.43476047949738
-0.887724599842923,0.618033988749895,2.35114100916989,2.95532797846432,0.175570504584946,2.32708300458495
-0.897766139016145,0.68865585100403,2.14330717991599,2.95532797846432,0.0716535899579933,2.21556608995799
-0.908443390124457,0.752613360087727,1.92701469640686,2.95532797846432,-0.0364926517965696,2.10061984820343
-0.91975391640812,0.809654104932039,1.70311716626029,2.95532797846432,-0.148441416869855,1.98267108313014
-0.931695084413582,0.859552971776503,1.47249821073871,2.95532797846432,-0.263750894630645,1.86216160536936
-0.944264055445133,0.902113032590307,1.23606797749979,2.95532797846432,-0.381966011250106,1.73954648874989
-0.957457776558745,0.937166322257262,0.99475954865942,2.95532797846432,-0.50262022567029,1.61529227432971
-0.971272971103909,0.964574501457377,0.7495252583429,2.95532797846432,-0.62523737082855,1.48987512917145
-0.985706128819826,0.984229402628956,0.501332934257218,2.95532797846432,-0.749333532871391,1.36377896712861
-1.00075349549284,0.996053456856543,0.251162078117254,2.95532797846432,-0.874418960941373,1.23749353905863
-1.01641106218252,1,2.44929359829471e-16,2.95532797846432,-1,1.1115125
-1.03267455402452,0.996053456856543,-0.251162078117254,2.95532797846432,-1.12558103905863,0.986331460941373
-1.04953941861885,0.984229402628956,-0.501332934257217,2.95532797846432,-1.25066646712861,0.862446032871391
-1.06700081401288,0.964574501457377,-0.749525258342899,2.95532797846432,-1.37476262917145,0.74034987082855
-1.08505359628926,0.937166322257262,-0.994759548659419,2.95532797846432,-1.49737977432971,0.62053272567029
-1.10369230676952,0.902113032590307,-1.23606797749979,2.95532797846432,-1.6180339887499,0.503478511250105
-1.12291115884477,0.859552971776503,-1.47249821073871,2.95532797846432,-1.73624910536936,0.389663394630643
-1.14270402444629,0.809654104932039,-1.70311716626029,2.95532797846432,-1.85155858313015,0.279553916869854
-1.16306442016886,0.752613360087727,-1.92701469640686,2.95532797846432,-1.96350734820343,0.173605151796568
-1.18398549306131,0.68865585100403,-2.14330717991599,2.95532797846432,-2.07165358995799,0.0722589100420066
-1.20546000609926,0.618033988749895,-2.35114100916989,2.95532797846432,-2.17557050458495,-0.0240580045849466
-1.22748032335622,0.541026485551579,-2.54969595899476,2.95532797846432,-2.27484797949738,-0.11493547949738
-1.25003839489009,0.457937254842823,-2.73818842371475,2.95532797846432,-2.36909421185738,-0.199981711857378
-1.27312574136339,0.369094211857378,-2.91587450968565,2.95532797846432,-2.45793725484282,-0.278824754842823
-1.29673343841638,0.27484797949738,-3.08205297110316,2.95532797846432,-2.54102648555158,-0.351113985551579
-1.32085210081368,0.175570504584946,-3.23606797749979,2.95532797846432,-2.61803398874989,-0.416521488749895
-1.34547186638596,0.0716535899579933,-3.37731170200806,2.95532797846432,-2.68865585100403,-0.474743351004031
-1.37058237978963,-0.0364926517965696,-3.50522672017545,2.95532797846432,-2.75261336008773,-0.525500860087728
-1.39617277610877,-0.148441416869855,-3.61930820986408,2.95532797846432,-2.80965410493204,-0.56854160493204
-1.42223166432481,-0.263750894630645,-3.71910594355301,2.95532797846432,-2.8595529717765,-0.603640471776503
-1.61781183429844,-1.61803398874989,-3.80422606518061,2.85316954888546,-2.90211303259031,1.26288696740969
-1.59230044145467,-1.73624910536936,-3.71910594355301,2.85316954888546,-2.8595529717765,1.2498470282235
-1.56720639013128,-1.85155858313015,-3.61930820986408,2.85316954888546,-2.80965410493204,1.24494589506796
-1.54254265932779,-1.96350734820343,-3.50522672017545,2.85316954888546,-2.75261336008773,1.24798663991227
-1.51832167307421,-2.07165358995799,-3.37731170200806,2.85316954888546,-2.68865585100403,1.25874414899597
-1.49455531601847,-2.17557050458495,-3.23606797749979,2.85316954888546,-2.61803398874989,1.2769660112501
-1.47125494895821,-2.27484797949738,-3.08205297110316,2.85316954888546,-2.54102648555158,1.30237351444842
-1.44843142428825,-2.36909421185738,-2.91587450968565,2.85316954888546,-2.45793725484282,1.33466274515718
-1.42609510133695,-2.45793725484282,-2.73818842371475,2.85316954888546,-2.36909421185738,1.37350578814262
-1.40425586156556,-2.54102648555158,-2.54969595899476,2.85316954888546,-2.27484797949738,1.41855202050262
-1.38292312360638,-2.61803398874989,-2.35114100916989,2.85316954888546,-2.17557050458495,1.46942949541505
-1.36210585811642,-2.68865585100403,-2.14330717991599,2.85316954888546,-2.07165358995799,1.52574641004201
-1.34181260242462,-2.75261336008773,-1.92701469640686,2.85316954888546,-1.96350734820343,1.58709265179657
-1.32205147495199,-2.80965410493204,-1.70311716626029,2.85316954888546,-1.85155858313015,1.65304141686985
-1.30283018938486,-2.8595529717765,-1.47249821073871,2.85316954888546,-1.73624910536936,1.72315089463064
-1.28415606858285,-2.90211303259031,-1.23606797749979,2.85316954888546,-1.61803398874989,1.7969660112501
-1.26603605820385,-2.93716632225726,-0.994759548659419,2.85316954888546,-1.49737977432971,1.87402022567029
-1.24847674002977,-2.96457450145738,-0.749525258342899,2.85316954888546,-1.37476262917145,1.95383737082855
-1.23148434497722,-2.98422940262896,-0.501332934257217,2.85316954888546,-1.25066646712861,2.03593353287139
-1.21506476577886,-2.99605345685654,-0.251162078117254,2.85316954888546,-1.12558103905863,2.11981896094137
-1.19922356932136,-3,2.44929359829471e-16,2.85316954888546,-1,2.205
-1.18396600862743,-2.99605345685654,0.251162078117254,2.85316954888546,-0.874418960941373,2.29098103905863
-1.1692970344696,-2.98422940262896,0.501332934257218,2.85316954888546,-0.749333532871391,2.37726646712861
-1.15522130660471,-2.96457450145738,0.7495252583429,2.85316954888546,-0.62523737082855,2.46336262917145
-1.14174320461844,-2.93716632225726,0.994759548659419,2.85316954888546,-0.502620225670291,2.54877977432971
-1.1288668383701,-2.90211303259031,1.23606797749979,2.85316954888546,-0.381966011250105,2.63303398874989
-1.11659605802866,-2.8595529717765,1.47249821073871,2.85316954888546,-0.263750894630644,2.71564910536936
-1.10493446369129,-2.80965410493204,1.70311716626029,2.85316954888546,-0.148441416869855,2.79615858313014
-1.09388541457678,-2.75261336008773,1.92701469640686,2.85316954888546,-0.0364926517965692,2.87410734820343
-1.08345203778636,-2.68865585100403,2.14330717991599,2.85316954888546,0.0716535899579935,2.94905358995799
-1.07363723662529,-2.61803398874989,2.35114100916989,2.85316954888546,0.175570504584947,3.02057050458495
-1.06444369847893,-2.54102648555158,2.54969595899476,2.85316954888546,0.274847979497379,3.08824797949738
-1.05587390223757,-2.45793725484282,2.73818842371475,2.85316954888546,0.369094211857377,3.15169421185738
-1.04793012526484,-2.36909421185738,2.91587450968565,2.85316954888546,0.457937254842823,3.21053725484282
-1.04061444990483,-2.27484797949738,3.08205297110316,2.85316954888546,0.541026485551579,3.26442648555158
-1.03392876952355,-2.17557050458495,3.23606797749979,2.85316954888546,0.618033988749895,3.31303398874989
-1.02787479408086,-2.07165358995799,3.37731170200806,2.85316954888546,0.68865585100403,3.35605585100403
-1.02245405522922,-1.96350734820343,3.50522672017545,2.85316954888546,0.752613360087727,3.39321336008773
-1.01766791093603,-1.85155858313015,3.61930820986408,2.85316954888546,0.809654104932039,3.42425410493204
-1.01351754962684,-1.73624910536936,3.71910594355301,2.85316954888546,0.859552971776503,3.4489529717765
-1.01000399384679,-1.61803398874989,3.80422606518061,2.85316954888546,0.902113032590307,3.46711303259031
-1.01000399384679,-0.381966011250105,3.80422606518061,2.85316954888546,0.902113032590307,3.26711303259031
-1.01351754962684,-0.263750894630643,3.71910594355301,2.85316954888546,0.859552971776503,3.2089529717765
-1.01766791093603,-0.148441416869854,3.61930820986408,2.85316954888546,0.809654104932039,3.14425410493204
-1.02245405522922,-0.03649265179657,3.50522672017545,2.85316954888546,0.752613360087727,3.07321336008773
-1.02787479408086,0.0716535899579929,3.37731170200806,2.85316954888546,0.68865585100403,2.99605585100403
-1.03392876952355,0.175570504584946,3.23606797749979,2.85316954888546,0.618033988749895,2.91303398874989
-1.04061444990483,0.274847979497379,3.08205297110316,2.85316954888546,0.541026485551579,2.82442648555158
-1.04793012526484,0.369094211857377,2.91587450968565,2.85316954888546,0.457937254842823,2.73053725484282
-1.05587390223757,0.457937254842823,2.73818842371475,2.85316954888546,0.369094211857377,2.63169421185738
-1.06444369847893,0.541026485551579,2.54969595899476,2.85316954888546,0.274847979497379,2.52824797949738
-1.07363723662529,0.618033988749895,2.35114100916989,2.85316954888546,0.175570504584946,2.42057050458495
-1.08345203778636,0.68865585100403,2.14330717991599,2.85316954888546,0.0716535899579933,2.30905358995799
-1.09388541457678,0.752613360087727,1.92701469640686,2.85316954888546,-0.0364926517965696,2.19410734820343
-1.10493446369129,0.809654104932039,1.70311716626029,2.85316954888546,-0.148441416869855,2.07615858313014
-1.11659605802866,0.859552971776503,1.47249821073871,2.85316954888546,-0.263750894630645,1.95564910536935
-1.1288668383701,0.902113032590307,1.23606797749979,2.85316954888546,-0.381966011250106,1.83303398874989
-1.14174320461844,0.937166322257262,0.99475954865942,2.85316954888546,-0.50262022567029,1.70877977432971
-1.15522130660471,0.964574501457377,0.7495252583429,2.85316954888546,-0.62523737082855,1.58336262917145
-1.1692970344696,0.984229402628956,0.501332934257218,2.85316954888546,-0.749333532871391,1.45726646712861
-1.18396600862743,0.996053456856543,0.251162078117254,2.85316954888546,-0.874418960941373,1.33098103905863
-1.19922356932136,1,2.44929359829471e-16,2.85316954888546,-1,1.205
-1.21506476577886,0.996053456856543,-0.251162078117254,2.85316954888546,-1.12558103905863,1.07981896094137
-1.23148434497722,0.984229402628956,-0.501332934257217,2.85316954888546,-1.25066646712861,0.95593353287139
-1.24847674002977,0.964574501457377,-0.749525258342899,2.85316954888546,-1.37476262917145,0.83383737082855
-1.26603605820385,0.937166322257262,-0.994759548659419,2.85316954888546,-1.49737977432971,0.71402022567029
-1.28415606858285,0.902113032590307,-1.23606797749979,2.85316954888546,-1.6180339887499,0.596966011250104
-1.30283018938486,0.859552971776503,-1.47249821073871,2.85316954888546,-1.73624910536936,0.483150894630643
-1.32205147495199,0.809654104932039,-1.70311716626029,2.85316954888546,-1.85155858313015,0.373041416869854
-1.34181260242462,0.752613360087727,-1.92701469640686,2.85316954888546,-1.96350734820343,0.267092651796568
-1.36210585811642,0.68865585100403,-2.14330717991599,2.85316954888546,-2.07165358995799,0.165746410042006
-1.38292312360638,0.618033988749895,-2.35114100916989,2.85316954888546,-2.17557050458495,0.0694294954150532
-1.40425586156556,0.541026485551579,-2.54969595899476,2.85316954888546,-2.27484797949738,-0.0214479794973801
-1.42609510133695,0.457937254842823,-2.73818842371475,2.85316954888546,-2.36909421185738,-0.106494211857378
-1.44843142428825,0.369094211857378,-2.91587450968565,2.85316954888546,-2.45793725484282,-0.185337254842823
-1.47125494895821,0.27484797949738,-3.08205297110316,2.85316954888546,-2.54102648555158,-0.257626485551579
-1.49455531601847,0.175570504584946,-3.23606797749979,2.85316954888546,-2.61803398874989,-0.323033988749896
-1.51832167307421,0.0716535899579933,-3.37731170200806,2.85316954888546,-2.68865585100403,-0.381255851004031
-1.5425426593278,-0.0364926517965696,-3.50522672017545,2.85316954888546,-2.75261336008773,-0.432013360087728
-1.56720639013128,-0.148441416869855,-3.61930820986408,2.85316954888546,-2.80965410493204,-0.47505410493204
-1.59230044145467,-0.263750894630645,-3.71910594355301,2.85316954888546,-2.8595529717765,-0.510152971776504
-1.7826834728638,-1.61803398874989,-3.80422606518061,2.69408272728185,-2.90211303259031,1.35839946740969
-1.75830623481124,-1.73624910536936,-3.71910594355301,2.69408272728185,-2.8595529717765,1.3453595282235
-1.73430459600722,-1.85155858313015,-3.61930820986408,2.69408272728185,-2.80965410493204,1.34045839506796
-1.71069254163131,-1.96350734820343,-3.50522672017545,2.69408272728185,-2.75261336008773,1.34349913991227
-1.68748349189854,-2.07165358995799,-3.37731170200806,2.69408272728185,-2.68865585100403,1.35425664899597
-1.66469031651168,-2.17557050458495,-3.23606797749979,2.69408272728185,-2.61803398874989,1.37247851125011
-1.64232534910833,-2.27484797949738,-3.08205297110316,2.69408272728185,-2.54102648555158,1.39788601444842
-1.62040040167317,-2.36909421185738,-2.91587450968565,2.69408272728185,-2.45793725484282,1.43017524515718
-1.59892677888683,-2.45793725484282,-2.73818842371475,2.69408272728185,-2.36909421185738,1.46901828814262
-1.57791529238433,-2.54102648555158,-2.54969595899476,2.69408272728185,-2.27484797949738,1.51406452050262
-1.55737627489734,-2.61803398874989,-2.35114100916989,2.69408272728185,-2.17557050458495,1.56494199541505
-1.53731959425561,-2.68865585100403,-2.14330717991599,2.69408272728185,-2.07165358995799,1.62125891004201
-1.51775466722425,-2.75261336008773,-1.92701469640686,2.69408272728185,-1.96350734820343,1.68260515179657
-1.49869047315472,-2.80965410493204,-1.70311716626029,2.69408272728185,-1.85155858313015,1.74855391686985
-1.48013556742855,-2.8595529717765,-1.47249821073871,2.69408272728185,-1.73624910536936,1.81866339463064
-1.4620980946737,-2.90211303259031,-1.23606797749979,2.69408272728185,-1.61803398874989,1.89247851125011
-1.44458580173485,-2.93716632225726,-0.994759548659419,2.69408272728185,-1.49737977432971,1.96953272567029
-1.42760605037977,-2.96457450145738,-0.749525258342899,2.69408272728185,-1.37476262917145,2.04934987082855
-1.41116582972483,-2.98422940262896,-0.501332934257217,2.69408272728185,-1.25066646712861,2.13144603287139
-1.39527176836384,-2.99605345685654,-0.251162078117254,2.69408272728185,-1.12558103905863,2.21533146094137
-1.37993014618529,-3,2.44929359829471e-16,2.69408272728185,-1,2.3005125
-1.36514690586372,-2.99605345685654,0.251162078117254,2.69408272728185,-0.874418960941373,2.38649353905863
-1.35092766401223,-2.98422940262896,0.501332934257218,2.69408272728185,-0.749333532871391,2.47277896712861
-1.3372777219834,-2.96457450145738,0.7495252583429,2.69408272728185,-0.62523737082855,2.55887512917145
-1.32420207630726,-2.93716632225726,0.994759548659419,2.69408272728185,-0.502620225670291,2.64429227432971
-1.31170542875517,-2.90211303259031,1.23606797749979,2.69408272728185,-0.381966011250105,2.72854648874989
-1.29979219601954,-2.8595529717765,1.47249821073871,2.69408272728185,-0.263750894630644,2.81116160536936
-1.2884665189998,-2.80965410493204,1.70311716626029,2.69408272728185,-0.148441416869855,2.89167108313015
-1.27773227168583,-2.75261336008773,1.92701469640686,2.69408272728185,-0.0364926517965692,2.96961984820343
-1.26759306963051,-2.68865585100403,2.14330717991599,2.69408272728185,0.0716535899579935,3.04456608995799
-1.25805227800386,-2.61803398874989,2.35114100916989,2.69408272728185,0.175570504584947,3.11608300458495
-1.24911301922162,-2.54102648555158,2.54969595899476,2.69408272728185,0.274847979497379,3.18376047949738
-1.2407781801417,-2.45793725484282,2.73818842371475,2.69408272728185,0.369094211857377,3.24720671185738
-1.23305041882263,-2.36909421185738,2.91587450968565,2.69408272728185,0.457937254842823,3.30604975484282
-1.22593217083829,-2.27484797949738,3.08205297110316,2.69408272728185,0.541026485551579,3.35993898555158
-1.21942565514414,-2.17557050458495,3.23606797749979,2.69408272728185,0.618033988749895,3.4085464887499
-1.21353287949003,-2.07165358995799,3.37731170200806,2.69408272728185,0.68865585100403,3.45156835100403
-1.20825564537579,-1.96350734820343,3.50522672017545,2.69408272728185,0.752613360087727,3.48872586008773
-1.20359555254564,-1.85155858313015,3.61930820986408,2.69408272728185,0.809654104932039,3.51976660493204
-1.19955400301813,-1.73624910536936,3.71910594355301,2.69408272728185,0.859552971776503,3.5444654717765
-1.19613220464874,-1.61803398874989,3.80422606518061,2.69408272728185,0.902113032590307,3.56262553259031
-1.19613220464874,-0.381966011250105,3.80422606518061,2.69408272728185,0.902113032590307,3.36262553259031
-1.19955400301813,-0.263750894630643,3.71910594355301,2.69408272728185,0.859552971776503,3.3044654717765
-1.20359555254564,-0.148441416869854,3.61930820986408,2.69408272728185,0.809654104932039,3.23976660493204
-1.20825564537579,-0.03649265179657,3.50522672017545,2.69408272728185,0.752613360087727,3.16872586008773
-1.21353287949003,0.0716535899579929,3.37731170200806,2.69408272728185,0.68865585100403,3.09156835100403
-1.21942565514414,0.175570504584946,3.23606797749979,2.69408272728185,0.618033988749895,3.00854648874989
-1.22593217083829,0.274847979497379,3.08205297110316,2.69408272728185,0.541026485551579,2.91993898555158
-1.23305041882263,0.369094211857377,2.91587450968565,2.69408272728185,0.457937254842823,2.82604975484282
-1.2407781801417,0.457937254842823,2.73818842371475,2.69408272728185,0.369094211857377,2.72720671185738
-1.24911301922162,0.541026485551579,2.54969595899476,2.69408272728185,0.274847979497379,2.62376047949738
-1.25805227800386,0.618033988749895,2.35114100916989,2.69408272728185,0.175570504584946,2.51608300458495
-1.26759306963051,0.68865585100403,2.14330717991599,2.69408272728185,0.0716535899579933,2.40456608995799
-1.27773227168583,0.752613360087727,1.92701469640686,2.69408272728185,-0.0364926517965696,2.28961984820343
-1.2884665189998,0.809654104932039,1.70311716626029,2.69408272728185,-0.148441416869855,2.17167108313014
-1.29979219601954,0.859552971776503,1.47249821073871,2.69408272728185,-0.263750894630645,2.05116160536936
-1.31170542875517,0.902113032590307,1.23606797749979,2.69408272728185,-0.381966011250106,1.92854648874989
-1.32420207630726,0.937166322257262,0.99475954865942,2.69408272728185,-0.50262022567029,1.80429227432971
-1.3372777219834,0.964574501457377,0.7495252583429,2.69408272728185,-0.62523737082855,1.67887512917145
-1.35092766401223,0.984229402628956,0.501332934257218,2.69408272728185,-0.749333532871391,1.55277896712861
-1.36514690586372,0.996053456856543,0.251162078117254,2.69408272728185,-0.874418960941373,1.42649353905863
-1.37993014618529,1,2.44929359829471e-16,2.69408272728185,-1,1.3005125
-1.39527176836384,0.996053456856543,-0.251162078117254,2.69408272728185,-1.12558103905863,1.17533146094137
-1.41116582972483,0.984229402628956,-0.501332934257217,2.69408272728185,-1.25066646712861,1.05144603287139
-1.42760605037977,0.964574501457377,-0.749525258342899,2.69408272728185,-1.37476262917145,0.92934987082855
-1.44458580173485,0.937166322257262,-0.994759548659419,2.69408272728185,-1.49737977432971,0.80953272567029
-1.4620980946737,0.902113032590307,-1.23606797749979,2.69408272728185,-1.6180339887499,0.692478511250105
-1.48013556742855,0.859552971776503,-1.47249821073871,2.69408272728185,-1.73624910536936,0.578663394630644
-1.49869047315472,0.809654104932039,-1.70311716626029,2.69408272728185,-1.85155858313015,0.468553916869854
-1.51775466722425,0.752613360087727,-1.92701469640686,2.69408272728185,-1.96350734820343,0.362605151796569
-1.53731959425561,0.68865585100403,-2.14330717991599,2.69408272728185,-2.07165358995799,0.261258910042007
-1.55737627489734,0.618033988749895,-2.35114100916989,2.69408272728185,-2.17557050458495,0.164941995415054
-1.57791529238433,0.541026485551579,-2.54969595899476,2.69408272728185,-2.27484797949738,0.0740645205026207
-1.59892677888683,0.457937254842823,-2.73818842371475,2.69408272728185,-2.36909421185738,-0.0109817118573776
-1.62040040167317,0.369094211857378,-2.91587450968565,2.69408272728185,-2.45793725484282,-0.0898247548428226
-1.64232534910833,0.27484797949738,-3.08205297110316,2.69408272728185,-2.54102648555158,-0.162113985551579
-1.66469031651168,0.175570504584946,-3.23606797749979,2.69408272728185,-2.61803398874989,-0.227521488749895
-1.68748349189854,0.0716535899579933,-3.37731170200806,2.69408272728185,-2.68865585100403,-0.28574335100403
-1.71069254163131,-0.0364926517965696,-3.50522672017545,2.69408272728185,-2.75261336008773,-0.336500860087727
-1.73430459600722,-0.148441416869855,-3.61930820986408,2.69408272728185,-2.80965410493204,-0.379541604932039
-1.75830623481124,-0.263750894630645,-3.71910594355301,2.69408272728185,-2.8595529717765,-0.414640471776503
-1.9422383638544,-1.61803398874989,-3.80422606518061,2.48124172282369,-2.90211303259031,1.45593696740969
-1.9191260428132,-1.73624910536936,-3.71910594355301,2.48124172282369,-2.8595529717765,1.4428970282235
-1.89634514821668,-1.85155858313015,-3.61930820986408,2.48124172282369,-2.80965410493204,1.43799589506796
-1.87391062479318,-1.96350734820343,-3.50522672017545,2.48124172282369,-2.75261336008773,1.44103663991227
-1.85183684472046,-2.07165358995799,-3.37731170200806,2.48124172282369,-2.68865585100403,1.45179414899597
-1.83013762085723,-2.17557050458495,-3.23606797749979,2.48124172282369,-2.61803398874989,1.47001601125011
-1.80882622002118,-2.27484797949738,-3.08205297110316,2.48124172282369,-2.54102648555158,1.49542351444842
-1.78791537628228,-2.36909421185738,-2.91587450968565,2.48124172282369,-2.45793725484282,1.52771274515718
-1.76741730424182,-2.45793725484282,-2.73818842371475,2.48124172282369,-2.36909421185738,1.56655578814262
-1.74734371226866,-2.54102648555158,-2.54969595899476,2.48124172282369,-2.27484797949738,1.61160202050262
-1.72770581566563,-2.61803398874989,-2.35114100916989,2.48124172282369,-2.17557050458495,1.66247949541505
-1.70851434974022,-2.68865585100403,-2.14330717991599,2.48124172282369,-2.07165358995799,1.71879641004201
-1.68977958275483,-2.75261336008773,-1.92701469640686,2.48124172282369,-1.96350734820343,1.78014265179657
-1.67151132873316,-2.80965410493204,-1.70311716626029,2.48124172282369,-1.85155858313015,1.84609141686985
-1.65371896010033,-2.8595529717765,-1.47249821073871,2.48124172282369,-1.73624910536936,1.91620089463064
-1.6364114201356,-2.90211303259031,-1.23606797749979,2.48124172282369,-1.61803398874989,1.99001601125011
-1.61959723521745,-2.93716632225726,-0.994759548659419,2.48124172282369,-1.49737977432971,2.06707022567029
-1.6032845268419,-2.96457450145738,-0.749525258342899,2.48124172282369,-1.37476262917145,2.14688737082855
-1.58748102339608,-2.98422940262896,-0.501332934257217,2.48124172282369,-1.25066646712861,2.22898353287139
-1.57219407166984,-2.99605345685654,-0.251162078117254,2.48124172282369,-1.12558103905863,2.31286896094137
-1.55743064808911,-3,2.44929359829471e-16,2.48124172282369,-1,2.39805
-1.54319736965602,-2.99605345685654,0.251162078117254,2.48124172282369,-0.874418960941373,2.48403103905863
-1.52950050458102,-2.98422940262896,0.501332934257218,2.48124172282369,-0.749333532871391,2.57031646712861
-1.51634598259374,-2.96457450145738,0.7495252583429,2.48124172282369,-0.62523737082855,2.65641262917145
-1.50373940491957,-2.93716632225726,0.994759548659419,2.48124172282369,-0.502620225670291,2.74182977432971
-1.49168605391022,-2.90211303259031,1.23606797749979,2.48124172282369,-0.381966011250105,2.82608398874989
-1.48019090231683,-2.8595529717765,1.47249821073871,2.48124172282369,-0.263750894630644,2.90869910536936
-1.46925862219521,-2.80965410493204,1.70311716626029,2.48124172282369,-0.148441416869855,2.98920858313015
-1.45889359343345,-2.75261336008773,1.92701469640686,2.48124172282369,-0.0364926517965692,3.06715734820343
-1.44909991189256,-2.68865585100403,2.14330717991599,2.48124172282369,0.0716535899579935,3.14210358995799
-1.43988139715178,-2.61803398874989,2.35114100916989,2.48124172282369,0.175570504584947,3.21362050458495
-1.43124159985055,-2.54102648555158,2.54969595899476,2.48124172282369,0.274847979497379,3.28129797949738
-1.42318380861989,-2.45793725484282,2.73818842371475,2.48124172282369,0.369094211857377,3.34474421185738
-1.41571105659633,-2.36909421185738,2.91587450968565,2.48124172282369,0.457937254842823,3.40358725484282
-1.40882612751228,-2.27484797949738,3.08205297110316,2.48124172282369,0.541026485551579,3.45747648555158
-1.40253156135694,-2.17557050458495,3.23606797749979,2.48124172282369,0.618033988749895,3.50608398874989
-1.39682965960288,-2.07165358995799,3.37731170200806,2.48124172282369,0.68865585100403,3.54910585100403
-1.39172248999319,-1.96350734820343,3.50522672017545,2.48124172282369,0.752613360087727,3.58626336008773
-1.38721189088522,-1.85155858313015,3.61930820986408,2.48124172282369,0.809654104932039,3.61730410493204
-1.38329947514702,-1.73624910536936,3.71910594355301,2.48124172282369,0.859552971776503,3.6420029717765
-1.37998663360311,-1.61803398874989,3.80422606518061,2.48124172282369,0.902113032590307,3.66016303259031
-1.37998663360311,-0.381966011250105,3.80422606518061,2.48124172282369,0.902113032590307,3.46016303259031
-1.38329947514702,-0.263750894630643,3.71910594355301,2.48124172282369,0.859552971776503,3.4020029717765
-1.38721189088522,-0.148441416869854,3.61930820986408,2.48124172282369,0.809654104932039,3.33730410493204
-1.39172248999319,-0.03649265179657,3.50522672017545,2.48124172282369,0.752613360087727,3.26626336008773
-1.39682965960288,0.0716535899579929,3.37731170200806,2.48124172282369,0.68865585100403,3.18910585100403
-1.40253156135694,0.175570504584946,3.23606797749979,2.48124172282369,0.618033988749895,3.10608398874989
-1.40882612751228,0.274847979497379,3.08205297110316,2.48124172282369,0.541026485551579,3.01747648555158
-1.41571105659633,0.369094211857377,2.91587450968565,2.48124172282369,0.457937254842823,2.92358725484282
-1.42318380861989,0.457937254842823,2.73818842371475,2.48124172282369,0.369094211857377,2.82474421185738
-1.43124159985055,0.541026485551579,2.54969595899476,2.48124172282369,0.274847979497379,2.72129797949738
-1.43988139715178,0.618033988749895,2.35114100916989,2.48124172282369,0.175570504584946,2.61362050458495
-1.44909991189256,0.68865585100403,2.14330717991599,2.48124172282369,0.0716535899579933,2.50210358995799
-1.45889359343345,0.752613360087727,1.92701469640686,2.48124172282369,-0.0364926517965696,2.38715734820343
-1.46925862219521,0.809654104932039,1.70311716626029,2.48124172282369,-0.148441416869855,2.26920858313014
-1.48019090231683,0.859552971776503,1.47249821073871,2.48124172282369,-0.263750894630645,2.14869910536936
-1.49168605391022,0.902113032590307,1.23606797749979,2.48124172282369,-0.381966011250106,2.02608398874989
-1.50373940491957,0.937166322257262,0.99475954865942,2.48124172282369,-0.50262022567029,1.90182977432971
-1.51634598259374,0.964574501457377,0.7495252583429,2.48124172282369,-0.62523737082855,1.77641262917145
-1.52950050458102,0.984229402628956,0.501332934257218,2.48124172282369,-0.749333532871391,1.65031646712861
-1.54319736965602,0.996053456856543,0.251162078117254,2.48124172282369,-0.874418960941373,1.52403103905863
-1.55743064808911,1,2.44929359829471e-16,2.48124172282369,-1,1.39805
-1.57219407166984,0.996053456856543,-0.251162078117254,2.48124172282369,-1.12558103905863,1.27286896094137
-1.58748102339608,0.984229402628956,-0.501332934257217,2.48124172282369,-1.25066646712861,1.14898353287139
-1.6032845268419,0.964574501457377,-0.749525258342899,2.48124172282369,-1.37476262917145,1.02688737082855
-1.61959723521745,0.937166322257262,-0.994759548659419,2.48124172282369,-1.49737977432971,0.90707022567029
-1.6364114201356,0.902113032590307,-1.23606797749979,2.48124172282369,-1.6180339887499,0.790016011250105
-1.65371896010033,0.859552971776503,-1.47249821073871,2.48124172282369,-1.73624910536936,0.676200894630644
-1.67151132873316,0.809654104932039,-1.70311716626029,2.48124172282369,-1.85155858313015,0.566091416869855
-1.68977958275483,0.752613360087727,-1.92701469640686,2.48124172282369,-1.96350734820343,0.460142651796569
-1.70851434974022,0.68865585100403,-2.14330717991599,2.48124172282369,-2.07165358995799,0.358796410042007
-1.72770581566563,0.618033988749895,-2.35114100916989,2.48124172282369,-2.17557050458495,0.262479495415054
-1.74734371226866,0.541026485551579,-2.54969595899476,2.48124172282369,-2.27484797949738,0.171602020502621
-1.76741730424182,0.457937254842823,-2.73818842371475,2.48124172282369,-2.36909421185738,0.0865557881426224
-1.78791537628228,0.369094211857378,-2.91587450968565,2.48124172282369,-2.45793725484282,0.00771274515717746
-1.80882622002118,0.27484797949738,-3.08205297110316,2.48124172282369,-2.54102648555158,-0.0645764855515785
-1.83013762085723,0.175570504584946,-3.23606797749979,2.48124172282369,-2.61803398874989,-0.129983988749895
-1.85183684472046,0.0716535899579933,-3.37731170200806,2.48124172282369,-2.68865585100403,-0.18820585100403
-1.87391062479318,-0.0364926517965696,-3.50522672017545,2.48124172282369,-2.75261336008773,-0.238963360087727
-1.89634514821668,-0.148441416869855,-3.61930820986408,2.48124172282369,-2.80965410493204,-0.282004104932039
-1.9191260428132,-0.263750894630645,-3.71910594355301,2.48124172282369,-2.8595529717765,-0.317102971776503
-2.09530749947498,-1.61803398874989,-3.80422606518061,2.21889328493583,-2.90211303259031,1.55549946740969
-2.07359055977711,-1.73624910536936,-3.71910594355301,2.21889328493583,-2.8595529717765,1.5424595282235
-2.05215856438875,-1.85155858313015,-3.61930820986408,2.21889328493583,-2.80965410493204,1.53755839506796
-2.03102736316512,-1.96350734820343,-3.50522672017545,2.21889328493583,-2.75261336008773,1.54059913991227
-2.01021222840115,-2.07165358995799,-3.37731170200806,2.21889328493583,-2.68865585100403,1.55135664899597
-1.98972786675933,-2.17557050458495,-3.23606797749979,2.21889328493583,-2.61803398874989,1.56957851125011
-1.96958843129612,-2.27484797949738,-3.08205297110316,2.21889328493583,-2.54102648555158,1.59498601444842
-1.94980753355481,-2.36909421185738,-2.91587450968565,2.21889328493583,-2.45793725484282,1.62727524515718
-1.93039825569388,-2.45793725484282,-2.73818842371475,2.21889328493583,-2.36909421185738,1.66611828814262
-1.9113731626214,-2.54102648555158,-2.54969595899476,2.21889328493583,-2.27484797949738,1.71116452050262
-1.89274431410695,-2.61803398874989,-2.35114100916989,2.21889328493583,-2.17557050458495,1.76204199541505
-1.87452327684412,-2.68865585100403,-2.14330717991599,2.21889328493583,-2.07165358995799,1.81835891004201
-1.85672113643767,-2.75261336008773,-1.92701469640686,2.21889328493583,-1.96350734820343,1.87970515179657
-1.8393485092905,-2.80965410493204,-1.70311716626029,2.21889328493583,-1.85155858313015,1.94565391686985
-1.82241555436715,-2.8595529717765,-1.47249821073871,2.21889328493583,-1.73624910536936,2.01576339463064
-1.805931984811,-2.90211303259031,-1.23606797749979,2.21889328493583,-1.61803398874989,2.0895785112501
-1.78990707939414,-2.93716632225726,-0.994759548659419,2.21889328493583,-1.49737977432971,2.16663272567029
-1.7743496937794,-2.96457450145738,-0.749525258342899,2.21889328493583,-1.37476262917145,2.24644987082855
-1.75926827157527,-2.98422940262896,-0.501332934257217,2.21889328493583,-1.25066646712861,2.32854603287139
-1.74467085516548,-2.99605345685654,-0.251162078117254,2.21889328493583,-1.12558103905863,2.41243146094137
-1.73056509629579,-3,2.44929359829471e-16,2.21889328493583,-1,2.4976125
-1.71695826640169,-2.99605345685654,0.251162078117254,2.21889328493583,-0.874418960941373,2.58359353905863
-1.70385726666131,-2.98422940262896,0.501332934257218,2.21889328493583,-0.749333532871391,2.66987896712861
-1.69126863775911,-2.96457450145738,0.7495252583429,2.21889328493583,-0.62523737082855,2.75597512917145
-1.67919856934634,-2.93716632225726,0.994759548659419,2.21889328493583,-0.502620225670291,2.84139227432971
-1.66765290918537,-2.90211303259031,1.23606797749979,2.21889328493583,-0.381966011250105,2.92564648874989
-1.65663717196563,-2.8595529717765,1.47249821073871,2.21889328493583,-0.263750894630644,3.00826160536936
-1.64615654777965,-2.80965410493204,1.70311716626029,2.21889328493583,-0.148441416869855,3.08877108313014
-1.63621591024846,-2.75261336008773,1.92701469640686,2.21889328493583,-0.0364926517965692,3.16671984820343
-1.62681982428642,-2.68865585100403,2.14330717991599,2.21889328493583,0.0716535899579935,3.24166608995799
-1.61797255349585,-2.61803398874989,2.35114100916989,2.21889328493583,0.175570504584947,3.31318300458495
-1.60967806718292,-2.54102648555158,2.54969595899476,2.21889328493583,0.274847979497379,3.38086047949738
-1.60194004698674,-2.45793725484282,2.73818842371475,2.21889328493583,0.369094211857377,3.44430671185738
-1.59476189311389,-2.36909421185738,2.91587450968565,2.21889328493583,0.457937254842823,3.50314975484282
-1.58814673017181,-2.27484797949738,3.08205297110316,2.21889328493583,0.541026485551579,3.55703898555158
-1.58209741259441,-2.17557050458495,3.23606797749979,2.21889328493583,0.618033988749895,3.60564648874989
-1.57661652965432,-2.07165358995799,3.37731170200806,2.21889328493583,0.68865585100403,3.64866835100403
-1.57170641005634,-1.96350734820343,3.50522672017545,2.21889328493583,0.752613360087727,3.68582586008773
-1.56736912610745,-1.85155858313015,3.61930820986408,2.21889328493583,0.809654104932039,3.71686660493204
-1.56360649745901,-1.73624910536936,3.71910594355301,2.21889328493583,0.859552971776503,3.7415654717765
-1.56042009441748,-1.61803398874989,3.80422606518061,2.21889328493583,0.902113032590307,3.75972553259031
-1.56042009441748,-0.381966011250105,3.80422606518061,2.21889328493583,0.902113032590307,3.55972553259031
-1.56360649745901,-0.263750894630643,3.71910594355301,2.21889328493583,0.859552971776503,3.5015654717765
-1.56736912610745,-0.148441416869854,3.61930820986408,2.21889328493583,0.809654104932039,3.43686660493204
-1.57170641005634,-0.03649265179657,3.50522672017545,2.21889328493583,0.752613360087727,3.36582586008773
-1.57661652965432,0.0716535899579929,3.37731170200806,2.21889328493583,0.68865585100403,3.28866835100403
-1.58209741259441,0.175570504584946,3.23606797749979,2.21889328493583,0.618033988749895,3.20564648874989
-1.58814673017181,0.274847979497379,3.08205297110316,2.21889328493583,0.541026485551579,3.11703898555158
-1.59476189311389,0.369094211857377,2.91587450968565,2.21889328493583,0.457937254842823,3.02314975484282
-1.60194004698674,0.457937254842823,2.73818842371475,2.21889328493583,0.369094211857377,2.92430671185738
-1.60967806718292,0.541026485551579,2.54969595899476,2.21889328493583,0.274847979497379,2.82086047949738
-1.61797255349585,0.618033988749895,2.35114100916989,2.21889328493583,0.175570504584946,2.71318300458495
-1.62681982428642,0.68865585100403,2.14330717991599,2.21889328493583,0.0716535899579933,2.60166608995799
-1.63621591024846,0.752613360087727,1.92701469640686,2.21889328493583,-0.0364926517965696,2.48671984820343
-1.64615654777965,0.809654104932039,1.70311716626029,2.21889328493583,-0.148441416869855,2.36877108313014
-1.65663717196563,0.859552971776503,1.47249821073871,2.21889328493583,-0.263750894630645,2.24826160536936
-1.66765290918537,0.902113032590307,1.23606797749979,2.21889328493583,-0.381966011250106,2.12564648874989
-1.67919856934634,0.937166322257262,0.99475954865942,2.21889328493583,-0.50262022567029,2.00139227432971
-1.69126863775911,0.964574501457377,0.7495252583429,2.21889328493583,-0.62523737082855,1.87597512917145
-1.70385726666131,0.984229402628956,0.501332934257218,2.21889328493583,-0.749333532871391,1.74987896712861
-1.71695826640169,0.996053456856543,0.251162078117254,2.21889328493583,-0.874418960941373,1.62359353905863
-1.73056509629579,1,2.44929359829471e-16,2.21889328493583,-1,1.4976125
-1.74467085516548,0.996053456856543,-0.251162078117254,2.21889328493583,-1.12558103905863,1.37243146094137
-1.75926827157527,0.984229402628956,-0.501332934257217,2.21889328493583,-1.25066646712861,1.24854603287139
-1.7743496937794,0.964574501457377,-0.749525258342899,2.21889328493583,-1.37476262917145,1.12644987082855
-1.78990707939414,0.937166322257262,-0.994759548659419,2.21889328493583,-1.49737977432971,1.00663272567029
-1.805931984811,0.902113032590307,-1.23606797749979,2.21889328493583,-1.6180339887499,0.889578511250105
-1.82241555436715,0.859552971776503,-1.47249821073871,2.21889328493583,-1.73624910536936,0.775763394630644
-1.8393485092905,0.809654104932039,-1.70311716626029,2.21889328493583,-1.85155858313015,0.665653916869854
-1.85672113643767,0.752613360087727,-1.92701469640686,2.21889328493583,-1.96350734820343,0.559705151796569
-1.87452327684412,0.68865585100403,-2.14330717991599,2.21889328493583,-2.07165358995799,0.458358910042007
-1.89274431410695,0.618033988749895,-2.35114100916989,2.21889328493583,-2.17557050458495,0.362041995415054
-1.9113731626214,0.541026485551579,-2.54969595899476,2.21889328493583,-2.27484797949738,0.271164520502621
-1.93039825569388,0.457937254842823,-2.73818842371475,2.21889328493583,-2.36909421185738,0.186118288142622
-1.94980753355481,0.369094211857378,-2.91587450968565,2.21889328493583,-2.45793725484282,0.107275245157177
-1.96958843129612,0.27484797949738,-3.08205297110316,2.21889328493583,-2.54102648555158,0.0349860144484213
-1.98972786675933,0.175570504584946,-3.23606797749979,2.21889328493583,-2.61803398874989,-0.030421488749895
-2.01021222840115,0.0716535899579933,-3.37731170200806,2.21889328493583,-2.68865585100403,-0.0886433510040301
-2.03102736316512,-0.0364926517965696,-3.50522672017545,2.21889328493583,-2.75261336008773,-0.139400860087727
-2.05215856438875,-0.148441416869855,-3.61930820986408,2.21889328493583,-2.80965410493204,-0.182441604932039
-2.07359055977711,-0.263750894630645,-3.71910594355301,2.21889328493583,-2.8595529717765,-0.217540471776503
-2.24068345738197,-1.61803398874989,-3.80422606518061,1.91227196924607,-2.90211303259031,1.65708696740969
-2.220491023776,-1.73624910536936,-3.71910594355301,1.91227196924607,-2.8595529717765,1.6440470282235
-2.20053489148573,-1.85155858313015,-3.61930820986408,1.91227196924607,-2.80965410493204,1.63914589506796
-2.18083175311218,-1.96350734820343,-3.50522672017545,1.91227196924607,-2.75261336008773,1.64218663991227
-2.16139772142285,-2.07165358995799,-3.37731170200806,1.91227196924607,-2.68865585100403,1.65294414899597
-2.14224833989598,-2.17557050458495,-3.23606797749979,1.91227196924607,-2.61803398874989,1.67116601125011
-2.123398593416,-2.27484797949738,-3.08205297110316,1.91227196924607,-2.54102648555158,1.69657351444842
-2.10486291908693,-2.36909421185738,-2.91587450968565,1.91227196924607,-2.45793725484282,1.72886274515718
-2.08665521713193,-2.45793725484282,-2.73818842371475,1.91227196924607,-2.36909421185738,1.76770578814262
-2.0687888618482,-2.54102648555158,-2.54969595899476,1.91227196924607,-2.27484797949738,1.81275202050262
-2.05127671258797,-2.61803398874989,-2.35114100916989,1.91227196924607,-2.17557050458495,1.86362949541505
-2.03413112473717,-2.68865585100403,-2.14330717991599,1.91227196924607,-2.07165358995799,1.91994641004201
-2.017363960665,-2.75261336008773,-1.92701469640686,1.91227196924607,-1.96350734820343,1.98129265179657
-2.00098660061833,-2.80965410493204,-1.70311716626029,1.91227196924607,-1.85155858313015,2.04724141686985
-1.98500995353647,-2.8595529717765,-1.47249821073871,1.91227196924607,-1.73624910536936,2.11735089463064
-1.96944446776248,-2.90211303259031,-1.23606797749979,1.91227196924607,-1.61803398874989,2.1911660112501
-1.95430014162866,-2.93716632225726,-0.994759548659419,1.91227196924607,-1.49737977432971,2.26822022567029
-1.93958653389477,-2.96457450145738,-0.749525258342899,1.91227196924607,-1.37476262917145,2.34803737082855
-1.92531277401852,-2.98422940262896,-0.501332934257217,1.91227196924607,-1.25066646712861,2.43013353287139
-1.9114875722389,-2.99605345685654,-0.251162078117254,1.91227196924607,-1.12558103905863,2.51401896094137
-1.89811922945402,-3,2.44929359829471e-16,1.91227196924607,-1,2.5992
-1.88521564687578,-2.99605345685654,0.251162078117254,1.91227196924607,-0.874418960941373,2.68518103905863
-1.87278433544501,-2.98422940262896,0.501332934257218,1.91227196924607,-0.749333532871391,2.77146646712861
-1.86083242499121,-2.96457450145738,0.7495252583429,1.91227196924607,-0.62523737082855,2.85756262917145
-1.84936667312212,-2.93716632225726,0.994759548659419,1.91227196924607,-0.502620225670291,2.94297977432971
-1.83839347382921,-2.90211303259031,1.23606797749979,1.91227196924607,-0.381966011250105,3.0272339887499
-1.82791886579575,-2.8595529717765,1.47249821073871,1.91227196924607,-0.263750894630644,3.10984910536936
-1.8179485403952,-2.80965410493204,1.70311716626029,1.91227196924607,-0.148441416869855,3.19035858313014
-1.8084878493682,-2.75261336008773,1.92701469640686,1.91227196924607,-0.0364926517965692,3.26830734820343
-1.79954181216721,-2.68865585100403,2.14330717991599,1.91227196924607,0.0716535899579935,3.34325358995799
-1.79111512295875,-2.61803398874989,2.35114100916989,1.91227196924607,0.175570504584947,3.41477050458495
-1.78321215727353,-2.54102648555158,2.54969595899476,1.91227196924607,0.274847979497379,3.48244797949738
-1.77583697829576,-2.45793725484282,2.73818842371475,1.91227196924607,0.369094211857377,3.54589421185738
-1.76899334278341,-2.36909421185738,2.91587450968565,1.91227196924607,0.457937254842823,3.60473725484282
-1.76268470661175,-2.27484797949738,3.08205297110316,1.91227196924607,0.541026485551579,3.65862648555158
-1.75691422993329,-2.17557050458495,3.23606797749979,1.91227196924607,0.618033988749895,3.70723398874989
-1.75168478194776,-2.07165358995799,3.37731170200806,1.91227196924607,0.68865585100403,3.75025585100403
-1.74699894527615,-1.96350734820343,3.50522672017545,1.91227196924607,0.752613360087727,3.78741336008773
-1.74285901993376,-1.85155858313015,3.61930820986408,1.91227196924607,0.809654104932039,3.81845410493204
-1.7392670268974,-1.73624910536936,3.71910594355301,1.91227196924607,0.859552971776503,3.8431529717765
-1.73622471126261,-1.61803398874989,3.80422606518061,1.91227196924607,0.902113032590307,3.86131303259031
-1.73622471126261,-0.381966011250105,3.80422606518061,1.91227196924607,0.902113032590307,3.66131303259031
-1.7392670268974,-0.263750894630643,3.71910594355301,1.91227196924607,0.859552971776503,3.6031529717765
-1.74285901993376,-0.148441416869854,3.61930820986408,1.91227196924607,0.809654104932039,3.53845410493204
-1.74699894527615,-0.03649265179657,3.50522672017545,1.91227196924607,0.752613360087727,3.46741336008773
-1.75168478194776,0.0716535899579929,3.37731170200806,1.91227196924607,0.68865585100403,3.39025585100403
-1.75691422993329,0.175570504584946,3.23606797749979,1.91227196924607,0.618033988749895,3.30723398874989
-1.76268470661175,0.274847979497379,3.08205297110316,1.91227196924607,0.541026485551579,3.21862648555158
-1.76899334278341,0.369094211857377,2.91587450968565,1.91227196924607,0.457937254842823,3.12473725484282
-1.77583697829576,0.457937254842823,2.73818842371475,1.91227196924607,0.369094211857377,3.02589421185738
-1.78321215727353,0.541026485551579,2.54969595899476,1.91227196924607,0.274847979497379,2.92244797949738
-1.79111512295875,0.618033988749895,2.35114100916989,1.91227196924607,0.175570504584946,2.81477050458495
-1.79954181216721,0.68865585100403,2.14330717991599,1.91227196924607,0.0716535899579933,2.70325358995799
-1.8084878493682,0.752613360087727,1.92701469640686,1.91227196924607,-0.0364926517965696,2.58830734820343
-1.8179485403952,0.809654104932039,1.70311716626029,1.91227196924607,-0.148441416869855,2.47035858313014
-1.82791886579575,0.859552971776503,1.47249821073871,1.91227196924607,-0.263750894630645,2.34984910536936
-1.83839347382921,0.902113032590307,1.23606797749979,1.91227196924607,-0.381966011250106,2.22723398874989
-1.84936667312212,0.937166322257262,0.99475954865942,1.91227196924607,-0.50262022567029,2.10297977432971
-1.86083242499121,0.964574501457377,0.7495252583429,1.91227196924607,-0.62523737082855,1.97756262917145
-1.87278433544501,0.984229402628956,0.501332934257218,1.91227196924607,-0.749333532871391,1.85146646712861
-1.88521564687578,0.996053456856543,0.251162078117254,1.91227196924607,-0.874418960941373,1.72518103905863
-1.89811922945402,1,2.44929359829471e-16,1.91227196924607,-1,1.5992
-1.9114875722389,0.996053456856543,-0.251162078117254,1.91227196924607,-1.12558103905863,1.47401896094137
-1.92531277401852,0.984229402628956,-0.501332934257217,1.91227196924607,-1.25066646712861,1.35013353287139
-1.93958653389477,0.964574501457377,-0.749525258342899,1.91227196924607,-1.37476262917145,1.22803737082855
-1.95430014162866,0.937166322257262,-0.994759548659419,1.91227196924607,-1.49737977432971,1.10822022567029
-1.96944446776248,0.902113032590307,-1.23606797749979,1.91227196924607,-1.6180339887499,0.991166011250105
-1.98500995353647,0.859552971776503,-1.47249821073871,1.91227196924607,-1.73624910536936,0.877350894630644
-2.00098660061833,0.809654104932039,-1.70311716626029,1.91227196924607,-1.85155858313015,0.767241416869854
-2.017363960665,0.752613360087727,-1.92701469640686,1.91227196924607,-1.96350734820343,0.661292651796569
-2.03413112473717,0.68865585100403,-2.14330717991599,1.91227196924607,-2.07165358995799,0.559946410042007
-2.05127671258797,0.618033988749895,-2.35114100916989,1.91227196924607,-2.17557050458495,0.463629495415054
-2.0687888618482,0.541026485551579,-2.54969595899476,1.91227196924607,-2.27484797949738,0.37275202050262
-2.08665521713193,0.457937254842823,-2.73818842371475,1.91227196924607,-2.36909421185738,0.287705788142622
-2.10486291908693,0.369094211857378,-2.91587450968565,1.91227196924607,-2.45793725484282,0.208862745157177
-2.123398593416,0.27484797949738,-3.08205297110316,1.91227196924607,-2.54102648555158,0.136573514448421
-2.14224833989598,0.175570504584946,-3.23606797749979,1.91227196924607,-2.61803398874989,0.0711660112501049
-2.16139772142285,0.0716535899579933,-3.37731170200806,1.91227196924607,-2.68865585100403,0.0129441489959699
-2.18083175311218,-0.0364926517965696,-3.50522672017545,1.91227196924607,-2.75261336008773,-0.0378133600877273
-2.20053489148573,-0.148441416869855,-3.61930820986408,1.91227196924607,-2.80965410493204,-0.0808541049320395
-2.220491023776,-0.263750894630645,-3.71910594355301,1.91227196924607,-2.8595529717765,-0.115952971776503
-2.37712847656523,-1.61803398874989,-3.80422606518061,1.56749569414785,-2.90211303259031,1.76069946740969
-2.35858721256328,-1.73624910536936,-3.71910594355301,1.56749569414785,-2.8595529717765,1.7476595282235
-2.34023162278294,-1.85155858313015,-3.61930820986408,1.56749569414785,-2.80965410493204,1.74275839506796
-2.32207917212301,-1.96350734820343,-3.50522672017545,1.56749569414785,-2.75261336008773,1.74579913991227
-2.30414674626254,-2.07165358995799,-3.37731170200806,1.56749569414785,-2.68865585100403,1.75655664899597
-2.28645066074574,-2.17557050458495,-3.23606797749979,1.56749569414785,-2.61803398874989,1.7747785112501
-2.26900667027084,-2.27484797949738,-3.08205297110316,1.56749569414785,-2.54102648555158,1.80018601444842
-2.25182997814868,-2.36909421185738,-2.91587450968565,1.56749569414785,-2.45793725484282,1.83247524515718
-2.23493524589846,-2.45793725484282,-2.73818842371475,1.56749569414785,-2.36909421185738,1.87131828814262
-2.21833660294871,-2.54102648555158,-2.54969595899476,1.56749569414785,-2.27484797949738,1.91636452050262
-2.20204765641345,-2.61803398874989,-2.35114100916989,1.56749569414785,-2.17557050458495,1.96724199541505
-2.18608150091415,-2.68865585100403,-2.14330717991599,1.56749569414785,-2.07165358995799,2.02355891004201
-2.17045072841947,-2.75261336008773,-1.92701469640686,1.56749569414785,-1.96350734820343,2.08490515179657
-2.15516743807606,-2.80965410493204,-1.70311716626029,1.56749569414785,-1.85155858313015,2.15085391686985
-2.14024324600457,-2.8595529717765,-1.47249821073871,1.56749569414785,-1.73624910536936,2.22096339463064
-2.12568929503625,-2.90211303259031,-1.23606797749979,1.56749569414785,-1.61803398874989,2.2947785112501
-2.11151626436673,-2.93716632225726,-0.994759548659419,1.56749569414785,-1.49737977432971,2.37183272567029
-2.09773437910425,-2.96457450145738,-0.749525258342899,1.56749569414785,-1.37476262917145,2.45164987082855
-2.08435341969116,-2.98422940262896,-0.501332934257217,1.56749569414785,-1.25066646712861,2.53374603287139
-2.07138273117808,-2.99605345685654,-0.251162078117254,1.56749569414785,-1.12558103905863,2.61763146094137
-2.0588312323313,-3,2.44929359829471e-16,1.56749569414785,-1,2.7028125
-2.04670742455492,-2.99605345685654,0.251162078117254,1.56749569414785,-0.874418960941373,2.78879353905863
-2.03501940061022,-2.98422940262896,0.501332934257218,1.56749569414785,-0.749333532871391,2.87507896712861
-2.02377485311545,-2.96457450145738,0.7495252583429,1.56749569414785,-0.62523737082855,2.96117512917145
-2.01298108281045,-2.93716632225726,0.994759548659419,1.56749569414785,-0.502620225670291,3.04659227432971
-2.00264500657102,-2.90211303259031,1.23606797749979,1.56749569414785,-0.381966011250105,3.13084648874989
-1.99277316515907,-2.8595529717765,1.47249821073871,1.56749569414785,-0.263750894630644,3.21346160536936
-1.98337173069514,-2.80965410493204,1.70311716626029,1.56749569414785,-0.148441416869855,3.29397108313014
-1.97444651384094,-2.75261336008773,1.92701469640686,1.56749569414785,-0.0364926517965692,3.37191984820343
-1.9660029706801,-2.68865585100403,2.14330717991599,1.56749569414785,0.0716535899579935,3.44686608995799
-1.95804620928611,-2.61803398874989,2.35114100916989,1.56749569414785,0.175570504584947,3.51838300458495
-1.95058099596728,-2.54102648555158,2.54969595899476,1.56749569414785,0.274847979497379,3.58606047949738
-1.94361176117909,-2.45793725484282,2.73818842371475,1.56749569414785,0.369094211857377,3.64950671185738
-1.93714260509501,-2.36909421185738,2.91587450968565,1.56749569414785,0.457937254842823,3.70834975484282
-1.93117730282774,-2.27484797949738,3.08205297110316,1.56749569414785,0.541026485551579,3.76223898555158
-1.92571930929298,-2.17557050458495,3.23606797749979,1.56749569414785,0.618033988749895,3.81084648874989
-1.92077176370919,-2.07165358995799,3.37731170200806,1.56749569414785,0.68865585100403,3.85386835100403
-1.91633749372658,-1.96350734820343,3.50522672017545,1.56749569414785,0.752613360087727,3.89102586008773
-1.91241901917998,-1.85155858313015,3.61930820986408,1.56749569414785,0.809654104932039,3.92206660493204
-1.90901855546014,-1.73624910536936,3.71910594355301,1.56749569414785,0.859552971776503,3.9467654717765
-1.90613801649911,-1.61803398874989,3.80422606518061,1.56749569414785,0.902113032590307,3.96492553259031
-1.90613801649911,-0.381966011250105,3.80422606518061,1.56749569414785,0.902113032590307,3.76492553259031
-1.90901855546014,-0.263750894630643,3.71910594355301,1.56749569414785,0.859552971776503,3.7067654717765
-1.91241901917998,-0.148441416869854,3.61930820986408,1.56749569414785,0.809654104932039,3.64206660493204
-1.91633749372658,-0.03649265179657,3.50522672017545,1.56749569414785,0.752613360087727,3.57102586008773
-1.92077176370919,0.0716535899579929,3.37731170200806,1.56749569414785,0.68865585100403,3.49386835100403
-1.92571930929298,0.175570504584946,3.23606797749979,1.56749569414785,0.618033988749895,3.41084648874989
-1.93117730282774,0.274847979497379,3.08205297110316,1.56749569414785,0.541026485551579,3.32223898555158
-1.93714260509501,0.369094211857377,2.91587450968565,1.56749569414785,0.457937254842823,3.22834975484282
-1.94361176117909,0.457937254842823,2.73818842371475,1.56749569414785,0.369094211857377,3.12950671185738
-1.95058099596728,0.541026485551579,2.54969595899476,1.56749569414785,0.274847979497379,3.02606047949738
-1.95804620928611,0.618033988749895,2.35114100916989,1.56749569414785,0.175570504584946,2.91838300458495
-1.9660029706801,0.68865585100403,2.14330717991599,1.56749569414785,0.0716535899579933,2.80686608995799
-1.97444651384094,0.752613360087727,1.92701469640686,1.56749569414785,-0.0364926517965696,2.69191984820343
-1.98337173069514,0.809654104932039,1.70311716626029,1.56749569414785,-0.148441416869855,2.57397108313014
-1.99277316515907,0.859552971776503,1.47249821073871,1.56749569414785,-0.263750894630645,2.45346160536935
-2.00264500657102,0.902113032590307,1.23606797749979,1.56749569414785,-0.381966011250106,2.33084648874989
-2.01298108281045,0.937166322257262,0.99475954865942,1.56749569414785,-0.50262022567029,2.20659227432971
-2.02377485311545,0.964574501457377,0.7495252583429,1.56749569414785,-0.62523737082855,2.08117512917145
-2.03501940061022,0.984229402628956,0.501332934257218,1.56749569414785,-0.749333532871391,1.95507896712861
-2.04670742455492,0.996053456856543,0.251162078117254,1.56749569414785,-0.874418960941373,1.82879353905863
-2.0588312323313,1,2.44929359829471e-16,1.56749569414785,-1,1.7028125
-2.07138273117808,0.996053456856543,-0.251162078117254,1.56749569414785,-1.12558103905863,1.57763146094137
-2.08435341969116,0.984229402628956,-0.501332934257217,1.56749569414785,-1.25066646712861,1.45374603287139
-2.09773437910425,0.964574501457377,-0.749525258342899,1.56749569414785,-1.37476262917145,1.33164987082855
-2.11151626436673,0.937166322257262,-0.994759548659419,1.56749569414785,-1.49737977432971,1.21183272567029
-2.12568929503625,0.902113032590307,-1.23606797749979,1.56749569414785,-1.6180339887499,1.0947785112501
-2.14024324600457,0.859552971776503,-1.47249821073871,1.56749569414785,-1.73624910536936,0.980963394630643
-2.15516743807606,0.809654104932039,-1.70311716626029,1.56749569414785,-1.85155858313015,0.870853916869854
-2.17045072841947,0.752613360087727,-1.92701469640686,1.56749569414785,-1.96350734820343,0.764905151796568
-2.18608150091415,0.68865585100403,-2.14330717991599,1.56749569414785,-2.07165358995799,0.663558910042007
-2.20204765641345,0.618033988749895,-2.35114100916989,1.56749569414785,-2.17557050458495,0.567241995415053
-2.21833660294871,0.541026485551579,-2.54969595899476,1.56749569414785,-2.27484797949738,0.47636452050262
-2.23493524589846,0.457937254842823,-2.73818842371475,1.56749569414785,-2.36909421185738,0.391318288142622
-2.25182997814868,0.369094211857378,-2.91587450968565,1.56749569414785,-2.45793725484282,0.312475245157177
-2.26900667027084,0.27484797949738,-3.08205297110316,1.56749569414785,-2.54102648555158,0.240186014448421
-2.28645066074574,0.175570504584946,-3.23606797749979,1.56749569414785,-2.61803398874989,0.174778511250105
-2.30414674626254,0.0716535899579933,-3.37731170200806,1.56749569414785,-2.68865585100403,0.11655664899597
-2.32207917212301,-0.0364926517965696,-3.50522672017545,1.56749569414785,-2.75261336008773,0.0657991399122724
-2.34023162278294,-0.148441416869855,-3.61930820986408,1.56749569414785,-2.80965410493204,0.0227583950679602
-2.35858721256328,-0.263750894630645,-3.71910594355301,1.56749569414785,-2.8595529717765,-0.0123404717765034
-2.50338370756223,-1.61803398874989,-3.80422606518061,1.19144367190435,-2.90211303259031,1.86633696740969
-2.48661661810101,-1.73624910536936,-3.71910594355301,1.19144367190435,-2.8595529717765,1.8532970282235
-2.46998279751333,-1.85155858313015,-3.61930820986408,1.19144367190435,-2.80965410493204,1.84839589506796
-2.4535004044414,-1.96350734820343,-3.50522672017545,1.19144367190435,-2.75261336008773,1.85143663991227
-2.437187021947,-2.07165358995799,-3.37731170200806,1.19144367190435,-2.68865585100403,1.86219414899597
-2.42105966506647,-2.17557050458495,-3.23606797749979,1.19144367190435,-2.61803398874989,1.8804160112501
-2.40513478862203,-2.27484797949738,-3.08205297110316,1.19144367190435,-2.54102648555158,1.90582351444842
-2.38942829525463,-2.36909421185738,-2.91587450968565,1.19144367190435,-2.45793725484282,1.93811274515718
-2.37395554364492,-2.45793725484282,-2.73818842371475,1.19144367190435,-2.36909421185738,1.97695578814262
-2.35873135688985,-2.54102648555158,-2.54969595899476,1.19144367190435,-2.27484797949738,2.02200202050262
-2.3437700310037,-2.61803398874989,-2.35114100916989,1.19144367190435,-2.17557050458495,2.07287949541505
-2.32908534351359,-2.68865585100403,-2.14330717991599,1.19144367190435,-2.07165358995799,2.12919641004201
-2.31469056212051,-2.75261336008773,-1.92701469640686,1.19144367190435,-1.96350734820343,2.19054265179657
-2.30059845339813,-2.80965410493204,-1.70311716626029,1.19144367190435,-1.85155858313015,2.25649141686985
-2.28682129150285,-2.8595529717765,-1.47249821073871,1.19144367190435,-1.73624910536936,2.32660089463064
-2.27337086686934,-2.90211303259031,-1.23606797749979,1.19144367190435,-1.61803398874989,2.4004160112501
-2.26025849486729,-2.93716632225726,-0.994759548659419,1.19144367190435,-1.49737977432971,2.47747022567029
-2.24749502439584,-2.96457450145738,-0.749525258342899,1.19144367190435,-1.37476262917145,2.55728737082855
-2.23509084639336,-2.98422940262896,-0.501332934257217,1.19144367190435,-1.25066646712861,2.63938353287139
-2.22305590224111,-2.99605345685654,-0.251162078117254,1.19144367190435,-1.12558103905863,2.72326896094137
-2.21139969204057,-3,2.44929359829471e-16,1.19144367190435,-1,2.80845
-2.20013128274473,-2.99605345685654,0.251162078117254,1.19144367190435,-0.874418960941373,2.89443103905863
-2.18925931612519,-2.98422940262896,0.501332934257218,1.19144367190435,-0.749333532871391,2.98071646712861
-2.1787920165572,-2.96457450145738,0.7495252583429,1.19144367190435,-0.62523737082855,3.06681262917145
-2.16873719860621,-2.93716632225726,0.994759548659419,1.19144367190435,-0.502620225670291,3.15222977432971
-2.1591022744,-2.90211303259031,1.23606797749979,1.19144367190435,-0.381966011250105,3.23648398874989
-2.14989426077148,-2.8595529717765,1.47249821073871,1.19144367190435,-0.263750894630644,3.31909910536936
-2.14111978615818,-2.80965410493204,1.70311716626029,1.19144367190435,-0.148441416869855,3.39960858313014
-2.13278509724491,-2.75261336008773,1.92701469640686,1.19144367190435,-0.0364926517965692,3.47755734820343
-2.12489606533734,-2.68865585100403,2.14330717991599,1.19144367190435,0.0716535899579935,3.55250358995799
-2.11745819245454,-2.61803398874989,2.35114100916989,1.19144367190435,0.175570504584947,3.62402050458495
-2.11047661712976,-2.54102648555158,2.54969595899476,1.19144367190435,0.274847979497379,3.69169797949738
-2.10395611990891,-2.45793725484282,2.73818842371475,1.19144367190435,0.369094211857377,3.75514421185738
-2.0979011285375,-2.36909421185738,2.91587450968565,1.19144367190435,0.457937254842823,3.81398725484282
-2.09231572282701,-2.27484797949738,3.08205297110316,1.19144367190435,0.541026485551579,3.86787648555158
-2.08720363919262,-2.17557050458495,3.23606797749979,1.19144367190435,0.618033988749895,3.91648398874989
-2.08256827485485,-2.07165358995799,3.37731170200806,1.19144367190435,0.68865585100403,3.95950585100403
-2.07841269169817,-1.96350734820343,3.50522672017545,1.19144367190435,0.752613360087727,3.99666336008773
-2.07473961978053,-1.85155858313015,3.61930820986408,1.19144367190435,0.809654104932039,4.02770410493204
-2.07155146048817,-1.73624910536936,3.71910594355301,1.19144367190435,0.859552971776503,4.0524029717765
-2.06885028933076,-1.61803398874989,3.80422606518061,1.19144367190435,0.902113032590307,4.07056303259031
-2.06885028933076,-0.381966011250105,3.80422606518061,1.19144367190435,0.902113032590307,3.87056303259031
-2.07155146048817,-0.263750894630643,3.71910594355301,1.19144367190435,0.859552971776503,3.8124029717765
-2.07473961978053,-0.148441416869854,3.61930820986408,1.19144367190435,0.809654104932039,3.74770410493204
-2.07841269169817,-0.03649265179657,3.50522672017545,1.19144367190435,0.752613360087727,3.67666336008773
-2.08256827485485,0.0716535899579929,3.37731170200806,1.19144367190435,0.68865585100403,3.59950585100403
-2.08720363919262,0.175570504584946,3.23606797749979,1.19144367190435,0.618033988749895,3.51648398874989
-2.09231572282701,0.274847979497379,3.08205297110316,1.19144367190435,0.541026485551579,3.42787648555158
-2.0979011285375,0.369094211857377,2.91587450968565,1.19144367190435,0.457937254842823,3.33398725484282
-2.10395611990891,0.457937254842823,2.73818842371475,1.19144367190435,0.369094211857377,3.23514421185738
-2.11047661712976,0.541026485551579,2.54969595899476,1.19144367190435,0.274847979497379,3.13169797949738
-2.11745819245454,0.618033988749895,2.35114100916989,1.19144367190435,0.175570504584946,3.02402050458495
-2.12489606533734,0.68865585100403,2.14330717991599,1.19144367190435,0.0716535899579933,2.91250358995799
-2.13278509724491,0.752613360087727,1.92701469640686,1.19144367190435,-0.0364926517965696,2.79755734820343
-2.14111978615818,0.809654104932039,1.70311716626029,1.19144367190435,-0.148441416869855,2.67960858313014
-2.14989426077148,0.859552971776503,1.47249821073871,1.19144367190435,-0.263750894630645,2.55909910536935
-2.1591022744,0.902113032590307,1.23606797749979,1.19144367190435,-0.381966011250106,2.43648398874989
-2.16873719860621,0.937166322257262,0.99475954865942,1.19144367190435,-0.50262022567029,2.31222977432971
-2.1787920165572,0.964574501457377,0.7495252583429,1.19144367190435,-0.62523737082855,2.18681262917145
-2.18925931612519,0.984229402628956,0.501332934257218,1.19144367190435,-0.749333532871391,2.06071646712861
-2.20013128274473,0.996053456856543,0.251162078117254,1.19144367190435,-0.874418960941373,1.93443103905863
-2.21139969204057,1,2.44929359829471e-16,1.19144367190435,-1,1.80845
-2.22305590224111,0.996053456856543,-0.251162078117254,1.19144367190435,-1.12558103905863,1.68326896094137
-2.23509084639336,0.984229402628956,-0.501332934257217,1.19144367190435,-1.25066646712861,1.55938353287139
-2.24749502439584,0.964574501457377,-0.749525258342899,1.19144367190435,-1.37476262917145,1.43728737082855
-2.26025849486729,0.937166322257262,-0.994759548659419,1.19144367190435,-1.49737977432971,1.31747022567029
-2.27337086686934,0.902113032590307,-1.23606797749979,1.19144367190435,-1.6180339887499,1.2004160112501
-2.28682129150285,0.859552971776503,-1.47249821073871,1.19144367190435,-1.73624910536936,1.08660089463064
-2.30059845339813,0.809654104932039,-1.70311716626029,1.19144367190435,-1.85155858313015,0.976491416869854
-2.31469056212051,0.752613360087727,-1.92701469640686,1.19144367190435,-1.96350734820343,0.870542651796568
-2.32908534351359,0.68865585100403,-2.14330717991599,1.19144367190435,-2.07165358995799,0.769196410042006
-2.3437700310037,0.618033988749895,-2.35114100916989,1.19144367190435,-2.17557050458495,0.672879495415053
-2.35873135688985,0.541026485551579,-2.54969595899476,1.19144367190435,-2.27484797949738,0.58200202050262
-2.37395554364492,0.457937254842823,-2.73818842371475,1.19144367190435,-2.36909421185738,0.496955788142622
-2.38942829525463,0.369094211857378,-2.91587450968565,1.19144367190435,-2.45793725484282,0.418112745157177
-2.40513478862203,0.27484797949738,-3.08205297110316,1.19144367190435,-2.54102648555158,0.345823514448421
-2.42105966506647,0.175570504584946,-3.23606797749979,1.19144367190435,-2.61803398874989,0.280416011250104
-2.437187021947,0.0716535899579933,-3.37731170200806,1.19144367190435,-2.68865585100403,0.222194148995969
-2.4535004044414,-0.0364926517965696,-3.50522672017545,1.19144367190435,-2.75261336008773,0.171436639912272
-2.46998279751333,-0.148441416869855,-3.61930820986408,1.19144367190435,-2.80965410493204,0.12839589506796
-2.48661661810101,-0.263750894630645,-3.71910594355301,1.19144367190435,-2.8595529717765,0.0932970282234964
-2.61817965288834,-1.61803398874989,-3.80422606518061,0.791619149896118,-2.90211303259031,1.97399946740969
-2.60330481705102,-1.73624910536936,-3.71910594355301,0.791619149896118,-2.8595529717765,1.9609595282235
-2.58850930197565,-1.85155858313015,-3.61930820986408,0.791619149896118,-2.80965410493204,1.95605839506796
-2.57381187342319,-1.96350734820343,-3.50522672017545,0.791619149896118,-2.75261336008773,1.95909913991227
-2.55923072836361,-2.07165358995799,-3.37731170200806,0.791619149896118,-2.68865585100403,1.96985664899597
-2.54478350093617,-2.17557050458495,-3.23606797749979,0.791619149896118,-2.61803398874989,1.98807851125011
-2.53048726871791,-2.27484797949738,-3.08205297110316,0.791619149896118,-2.54102648555158,2.01348601444842
-2.51635855926514,-2.36909421185738,-2.91587450968565,0.791619149896118,-2.45793725484282,2.04577524515718
-2.5024133568938,-2.45793725484282,-2.73818842371475,0.791619149896118,-2.36909421185738,2.08461828814262
-2.48866710966568,-2.54102648555158,-2.54969595899476,0.791619149896118,-2.27484797949738,2.12966452050262
-2.47513473654863,-2.61803398874989,-2.35114100916989,0.791619149896118,-2.17557050458495,2.18054199541505
-2.46183063472008,-2.68865585100403,-2.14330717991599,0.791619149896118,-2.07165358995799,2.23685891004201
-2.44876868698414,-2.75261336008773,-1.92701469640686,0.791619149896118,-1.96350734820343,2.29820515179657
-2.43596226927398,-2.80965410493204,-1.70311716626029,0.791619149896118,-1.85155858313015,2.36415391686985
-2.42342425821181,-2.8595529717765,-1.47249821073871,0.791619149896118,-1.73624910536936,2.43426339463064
-2.41116703870033,-2.90211303259031,-1.23606797749979,0.791619149896118,-1.61803398874989,2.50807851125011
-2.3992025115202,-2.93716632225726,-0.994759548659419,0.791619149896118,-1.49737977432971,2.58513272567029
-2.3875421009094,-2.96457450145738,-0.749525258342899,0.791619149896118,-1.37476262917145,2.66494987082855
-2.37619676210119,-2.98422940262896,-0.501332934257217,0.791619149896118,-1.25066646712861,2.74704603287139
-2.36517698879849,-2.99605345685654,-0.251162078117254,0.791619149896118,-1.12558103905863,2.83093146094137
-2.35449282056336,-3,2.44929359829471e-16,0.791619149896118,-1,2.9161125
-2.3441538501015,-2.99605345685654,0.251162078117254,0.791619149896118,-0.874418960941373,3.00209353905863
-2.33416923042223,-2.98422940262896,0.501332934257218,0.791619149896118,-0.749333532871391,3.08837896712861
-2.3245476818558,-2.96457450145738,0.7495252583429,0.791619149896118,-0.62523737082855,3.17447512917145
-2.31529749891032,-2.93716632225726,0.994759548659419,0.791619149896118,-0.502620225670291,3.25989227432971
-2.30642655695193,-2.90211303259031,1.23606797749979,0.791619149896118,-0.381966011250105,3.3441464887499
-2.29794231869238,-2.8595529717765,1.47249821073871,0.791619149896118,-0.263750894630644,3.42676160536936
-2.28985184046923,-2.80965410493204,1.70311716626029,0.791619149896118,-0.148441416869855,3.50727108313015
-2.28216177830451,-2.75261336008773,1.92701469640686,0.791619149896118,-0.0364926517965692,3.58521984820343
-2.27487839372886,-2.68865585100403,2.14330717991599,0.791619149896118,0.0716535899579935,3.66016608995799
-2.26800755935849,-2.61803398874989,2.35114100916989,0.791619149896118,0.175570504584947,3.73168300458495
-2.26155476421349,-2.54102648555158,2.54969595899476,0.791619149896118,0.274847979497379,3.79936047949738
-2.25552511876649,-2.45793725484282,2.73818842371475,0.791619149896118,0.369094211857377,3.86280671185738
-2.2499233597117,-2.36909421185738,2.91587450968565,0.791619149896118,0.457937254842823,3.92164975484282
-2.24475385444475,-2.27484797949738,3.08205297110316,0.791619149896118,0.541026485551579,3.97553898555158
-2.24002060524475,-2.17557050458495,3.23606797749979,0.791619149896118,0.618033988749895,4.02414648874989
-2.23572725315061,-2.07165358995799,3.37731170200806,0.791619149896118,0.68865585100403,4.06716835100403
-2.23187708152426,-1.96350734820343,3.50522672017545,0.791619149896118,0.752613360087727,4.10432586008773
-2.22847301929415,-1.85155858313015,3.61930820986408,0.791619149896118,0.809654104932039,4.13536660493204
-2.22551764387316,-1.73624910536936,3.71910594355301,0.791619149896118,0.859552971776503,4.1600654717765
-2.2230131837455,-1.61803398874989,3.80422606518061,0.791619149896118,0.902113032590307,4.17822553259031
-2.2230131837455,-0.381966011250105,3.80422606518061,0.791619149896118,0.902113032590307,3.97822553259031
-2.22551764387316,-0.263750894630643,3.71910594355301,0.791619149896118,0.859552971776503,3.9200654717765
-2.22847301929415,-0.148441416869854,3.61930820986408,0.791619149896118,0.809654104932039,3.85536660493204
-2.23187708152426,-0.03649265179657,3.50522672017545,0.791619149896118,0.752613360087727,3.78432586008773
-2.23572725315061,0.0716535899579929,3.37731170200806,0.791619149896118,0.68865585100403,3.70716835100403
-2.24002060524475,0.175570504584946,3.23606797749979,0.791619149896118,0.618033988749895,3.6241464887499
-2.24475385444475,0.274847979497379,3.08205297110316,0.791619149896118,0.541026485551579,3.53553898555158
-2.2499233597117,0.369094211857377,2.91587450968565,0.791619149896118,0.457937254842823,3.44164975484282
-2.25552511876649,0.457937254842823,2.73818842371475,0.791619149896118,0.369094211857377,3.34280671185738
-2.26155476421349,0.541026485551579,2.54969595899476,0.791619149896118,0.274847979497379,3.23936047949738
-2.26800755935849,0.618033988749895,2.35114100916989,0.791619149896118,0.175570504584946,3.13168300458495
-2.27487839372886,0.68865585100403,2.14330717991599,0.791619149896118,0.0716535899579933,3.02016608995799
-2.28216177830451,0.752613360087727,1.92701469640686,0.791619149896118,-0.0364926517965696,2.90521984820343
-2.28985184046923,0.809654104932039,1.70311716626029,0.791619149896118,-0.148441416869855,2.78727108313015
-2.29794231869238,0.859552971776503,1.47249821073871,0.791619149896118,-0.263750894630645,2.66676160536936
-2.30642655695193,0.902113032590307,1.23606797749979,0.791619149896118,-0.381966011250106,2.54414648874989
-2.31529749891032,0.937166322257262,0.99475954865942,0.791619149896118,-0.50262022567029,2.41989227432971
-2.3245476818558,0.964574501457377,0.7495252583429,0.791619149896118,-0.62523737082855,2.29447512917145
-2.33416923042223,0.984229402628956,0.501332934257218,0.791619149896118,-0.749333532871391,2.16837896712861
-2.3441538501015,0.996053456856543,0.251162078117254,0.791619149896118,-0.874418960941373,2.04209353905863
-2.35449282056336,1,2.44929359829471e-16,0.791619149896118,-1,1.9161125
-2.36517698879849,0.996053456856543,-0.251162078117254,0.791619149896118,-1.12558103905863,1.79093146094137
-2.37619676210119,0.984229402628956,-0.501332934257217,0.791619149896118,-1.25066646712861,1.66704603287139
-2.3875421009094,0.964574501457377,-0.749525258342899,0.791619149896118,-1.37476262917145,1.54494987082855
-2.3992025115202,0.937166322257262,-0.994759548659419,0.791619149896118,-1.49737977432971,1.42513272567029
-2.41116703870033,0.902113032590307,-1.23606797749979,0.791619149896118,-1.6180339887499,1.30807851125011
-2.42342425821181,0.859552971776503,-1.47249821073871,0.791619149896118,-1.73624910536936,1.19426339463064
-2.43596226927398,0.809654104932039,-1.70311716626029,0.791619149896118,-1.85155858313015,1.08415391686985
-2.44876868698414,0.752613360087727,-1.92701469640686,0.791619149896118,-1.96350734820343,0.978205151796569
-2.46183063472008,0.68865585100403,-2.14330717991599,0.791619149896118,-2.07165358995799,0.876858910042007
-2.47513473654863,0.618033988749895,-2.35114100916989,0.791619149896118,-2.17557050458495,0.780541995415054
-2.48866710966568,0.541026485551579,-2.54969595899476,0.791619149896118,-2.27484797949738,0.689664520502621
-2.5024133568938,0.457937254842823,-2.73818842371475,0.791619149896118,-2.36909421185738,0.604618288142623
-2.51635855926514,0.369094211857378,-2.91587450968565,0.791619149896118,-2.45793725484282,0.525775245157178
-2.53048726871791,0.27484797949738,-3.08205297110316,0.791619149896118,-2.54102648555158,0.453486014448422
-2.54478350093617,0.175570504584946,-3.23606797749979,0.791619149896118,-2.61803398874989,0.388078511250105
-2.55923072836361,0.0716535899579933,-3.37731170200806,0.791619149896118,-2.68865585100403,0.32985664899597
-2.57381187342319,-0.0364926517965696,-3.50522672017545,0.791619149896118,-2.75261336008773,0.279099139912273
-2.58850930197565,-0.148441416869855,-3.61930820986408,0.791619149896118,-2.80965410493204,0.236058395067961
-2.60330481705102,-0.263750894630645,-3.71910594355301,0.791619149896118,-2.8595529717765,0.200959528223497
-2.72024779819182,-1.61803398874989,-3.80422606518061,0.375999700692912,-2.90211303259031,2.08368696740969
-2.70737703931533,-1.73624910536936,-3.71910594355301,0.375999700692912,-2.8595529717765,2.0706470282235
-2.69453037573426,-1.85155858313015,-3.61930820986408,0.375999700692912,-2.80965410493204,2.06574589506796
-2.68172708575281,-1.96350734820343,-3.50522672017545,0.375999700692912,-2.75261336008773,2.06878663991227
-2.6689858889314,-2.07165358995799,-3.37731170200806,0.375999700692912,-2.68865585100403,2.07954414899597
-2.65632495039442,-2.17557050458495,-3.23606797749979,0.375999700692912,-2.61803398874989,2.0977660112501
-2.64376188549725,-2.27484797949738,-3.08205297110316,0.375999700692912,-2.54102648555158,2.12317351444842
-2.63131376481693,-2.36909421185738,-2.91587450968565,0.375999700692912,-2.45793725484282,2.15546274515718
-2.61899711943197,-2.45793725484282,-2.73818842371475,0.375999700692912,-2.36909421185738,2.19430578814262
-2.60682794645792,-2.54102648555158,-2.54969595899476,0.375999700692912,-2.27484797949738,2.23935202050262
-2.5948217148062,-2.61803398874989,-2.35114100916989,0.375999700692912,-2.17557050458495,2.29022949541505
-2.58299337113508,-2.68865585100403,-2.14330717991599,0.375999700692912,-2.07165358995799,2.34654641004201
-2.57135734596255,-2.75261336008773,-1.92701469640686,0.375999700692912,-1.96350734820343,2.40789265179657
-2.55992755991192,-2.80965410493204,-1.70311716626029,0.375999700692912,-1.85155858313015,2.47384141686985
-2.54871743006215,-2.8595529717765,-1.47249821073871,0.375999700692912,-1.73624910536936,2.54395089463064
-2.53773987637586,-2.90211303259031,-1.23606797749979,0.375999700692912,-1.61803398874989,2.61776601125011
-2.52700732817906,-2.93716632225726,-0.994759548659419,0.375999700692912,-1.49737977432971,2.69482022567029
-2.51653173066762,-2.96457450145738,-0.749525258342899,0.375999700692912,-1.37476262917145,2.77463737082855
-2.50632455141655,-2.98422940262896,-0.501332934257217,0.375999700692912,-1.25066646712861,2.85673353287139
-2.49639678686919,-2.99605345685654,-0.251162078117254,0.375999700692912,-1.12558103905863,2.94061896094137
-2.48675896878427,-3,2.44929359829471e-16,0.375999700692912,-1,3.0258
-2.47742117061987,-2.99605345685654,0.251162078117254,0.375999700692912,-0.874418960941373,3.11178103905863
-2.46839301383429,-2.98422940262896,0.501332934257218,0.375999700692912,-0.749333532871391,3.19806646712861
-2.45968367408461,-2.96457450145738,0.7495252583429,0.375999700692912,-0.62523737082855,3.28416262917145
-2.45130188730479,-2.93716632225726,0.994759548659419,0.375999700692912,-0.502620225670291,3.36957977432971
-2.44325595564614,-2.90211303259031,1.23606797749979,0.375999700692912,-0.381966011250105,3.45383398874989
-2.43555375326343,-2.8595529717765,1.47249821073871,0.375999700692912,-0.263750894630644,3.53644910536936
-2.42820273193144,-2.80965410493204,1.70311716626029,0.375999700692912,-0.148441416869855,3.61695858313015
-2.42120992647704,-2.75261336008773,1.92701469640686,0.375999700692912,-0.0364926517965692,3.69490734820343
-2.41458196001298,-2.68865585100403,2.14330717991599,0.375999700692912,0.0716535899579935,3.76985358995799
-2.40832504896036,-2.61803398874989,2.35114100916989,0.375999700692912,0.175570504584947,3.84137050458495
-2.40244500784757,-2.54102648555158,2.54969595899476,0.375999700692912,0.274847979497379,3.90904797949738
-2.39694725387413,-2.45793725484282,2.73818842371475,0.375999700692912,0.369094211857377,3.97249421185738
-2.39183681122888,-2.36909421185738,2.91587450968565,0.375999700692912,0.457937254842823,4.03133725484282
-2.38711831515248,-2.27484797949738,3.08205297110316,0.375999700692912,0.541026485551579,4.08522648555158
-2.38279601573516,-2.17557050458495,3.23606797749979,0.375999700692912,0.618033988749895,4.13383398874989
-2.37887378144111,-2.07165358995799,3.37731170200806,0.375999700692912,0.68865585100403,4.17685585100403
-2.37535510235196,-1.96350734820343,3.50522672017545,0.375999700692912,0.752613360087727,4.21401336008773
-2.37224309312221,-1.85155858313015,3.61930820986408,0.375999700692912,0.809654104932039,4.24505410493204
-2.36954049564033,-1.73624910536936,3.71910594355301,0.375999700692912,0.859552971776503,4.2697529717765
-2.36724968138993,-1.61803398874989,3.80422606518061,0.375999700692912,0.902113032590307,4.28791303259031
-2.36724968138993,-0.381966011250105,3.80422606518061,0.375999700692912,0.902113032590307,4.08791303259031
-2.36954049564033,-0.263750894630643,3.71910594355301,0.375999700692912,0.859552971776503,4.0297529717765
-2.37224309312221,-0.148441416869854,3.61930820986408,0.375999700692912,0.809654104932039,3.96505410493204
-2.37535510235196,-0.03649265179657,3.50522672017545,0.375999700692912,0.752613360087727,3.89401336008773
-2.37887378144111,0.0716535899579929,3.37731170200806,0.375999700692912,0.68865585100403,3.81685585100403
-2.38279601573516,0.175570504584946,3.23606797749979,0.375999700692912,0.618033988749895,3.7338339887499
-2.38711831515248,0.274847979497379,3.08205297110316,0.375999700692912,0.541026485551579,3.64522648555158
-2.39183681122888,0.369094211857377,2.91587450968565,0.375999700692912,0.457937254842823,3.55133725484282
-2.39694725387413,0.457937254842823,2.73818842371475,0.375999700692912,0.369094211857377,3.45249421185738
-2.40244500784757,0.541026485551579,2.54969595899476,0.375999700692912,0.274847979497379,3.34904797949738
-2.40832504896036,0.618033988749895,2.35114100916989,0.375999700692912,0.175570504584946,3.24137050458495
-2.41458196001298,0.68865585100403,2.14330717991599,0.375999700692912,0.0716535899579933,3.12985358995799
-2.42120992647704,0.752613360087727,1.92701469640686,0.375999700692912,-0.0364926517965696,3.01490734820343
-2.42820273193144,0.809654104932039,1.70311716626029,0.375999700692912,-0.148441416869855,2.89695858313014
-2.43555375326343,0.859552971776503,1.47249821073871,0.375999700692912,-0.263750894630645,2.77644910536936
-2.44325595564614,0.902113032590307,1.23606797749979,0.375999700692912,-0.381966011250106,2.65383398874989
-2.45130188730479,0.937166322257262,0.99475954865942,0.375999700692912,-0.50262022567029,2.52957977432971
-2.45968367408461,0.964574501457377,0.7495252583429,0.375999700692912,-0.62523737082855,2.40416262917145
-2.46839301383429,0.984229402628956,0.501332934257218,0.375999700692912,-0.749333532871391,2.27806646712861
-2.47742117061987,0.996053456856543,0.251162078117254,0.375999700692912,-0.874418960941373,2.15178103905863
-2.48675896878427,1,2.44929359829471e-16,0.375999700692912,-1,2.0258
-2.49639678686919,0.996053456856543,-0.251162078117254,0.375999700692912,-1.12558103905863,1.90061896094137
-2.50632455141655,0.984229402628956,-0.501332934257217,0.375999700692912,-1.25066646712861,1.77673353287139
-2.51653173066762,0.964574501457377,-0.749525258342899,0.375999700692912,-1.37476262917145,1.65463737082855
-2.52700732817906,0.937166322257262,-0.994759548659419,0.375999700692912,-1.49737977432971,1.53482022567029
-2.53773987637586,0.902113032590307,-1.23606797749979,0.375999700692912,-1.6180339887499,1.41776601125011
-2.54871743006215,0.859552971776503,-1.47249821073871,0.375999700692912,-1.73624910536936,1.30395089463064
-2.55992755991192,0.809654104932039,-1.70311716626029,0.375999700692912,-1.85155858313015,1.19384141686985
-2.57135734596255,0.752613360087727,-1.92701469640686,0.375999700692912,-1.96350734820343,1.08789265179657
-2.58299337113508,0.68865585100403,-2.14330717991599,0.375999700692912,-2.07165358995799,0.986546410042007
-2.5948217148062,0.618033988749895,-2.35114100916989,0.375999700692912,-2.17557050458495,0.890229495415054
-2.60682794645792,0.541026485551579,-2.54969595899476,0.375999700692912,-2.27484797949738,0.799352020502621
-2.61899711943197,0.457937254842823,-2.73818842371475,0.375999700692912,-2.36909421185738,0.714305788142622
-2.63131376481693,0.369094211857378,-2.91587450968565,0.375999700692912,-2.45793725484282,0.635462745157177
-2.64376188549725,0.27484797949738,-3.08205297110316,0.375999700692912,-2.54102648555158,0.563173514448421
-2.65632495039442,0.175570504584946,-3.23606797749979,0.375999700692912,-2.61803398874989,0.497766011250105
-2.6689858889314,0.0716535899579933,-3.37731170200806,0.375999700692912,-2.68865585100403,0.439544148995969
-2.68172708575281,-0.0364926517965696,-3.50522672017545,0.375999700692912,-2.75261336008773,0.388786639912273
-2.69453037573426,-0.148441416869855,-3.61930820986408,0.375999700692912,-2.80965410493204,0.345745895067961
-2.70737703931533,-0.263750894630645,-3.71910594355301,0.375999700692912,-2.8595529717765,0.310647028223497
-2.79757091931279,-1.73624910536936,-3.71910594355301,-0.047121951935458,-2.8595529717765,2.1823595282235
-2.78677630923021,-1.85155858313015,-3.61930820986408,-0.047121951935458,-2.80965410493204,2.17745839506796
-2.77596927543515,-1.96350734820343,-3.50522672017545,-0.047121951935458,-2.75261336008773,2.18049913991227
-2.76516896110771,-2.07165358995799,-3.37731170200806,-0.047121951935458,-2.68865585100403,2.19125664899597
-2.754393966683,-2.17557050458495,-3.23606797749979,-0.047121951935458,-2.61803398874989,2.20947851125011
-2.74366235286548,-2.27484797949738,-3.08205297110316,-0.047121951935458,-2.54102648555158,2.23488601444842
-2.73299164401661,-2.36909421185738,-2.91587450968565,-0.047121951935458,-2.45793725484282,2.26717524515718
-2.72239883188103,-2.45793725484282,-2.73818842371475,-0.047121951935458,-2.36909421185738,2.30601828814262
-2.71190037961757,-2.54102648555158,-2.54969595899476,-0.047121951935458,-2.27484797949738,2.35106452050262
-2.7015122261025,-2.61803398874989,-2.35114100916989,-0.047121951935458,-2.17557050458495,2.40194199541505
-2.69124979047322,-2.68865585100403,-2.14330717991599,-0.047121951935458,-2.07165358995799,2.45825891004201
-2.68112797688197,-2.75261336008773,-1.92701469640686,-0.047121951935458,-1.96350734820343,2.51960515179657
-2.67116117942986,-2.80965410493204,-1.70311716626029,-0.047121951935458,-1.85155858313015,2.58555391686985
-2.66136328725271,-2.8595529717765,-1.47249821073871,-0.047121951935458,-1.73624910536936,2.65566339463064
-2.65174768973112,-2.90211303259031,-1.23606797749979,-0.047121951935458,-1.61803398874989,2.7294785112501
-2.6423272817983,-2.93716632225726,-0.994759548659419,-0.047121951935458,-1.49737977432971,2.80653272567029
-2.63311446932013,-2.96457450145738,-0.749525258342899,-0.047121951935458,-1.37476262917145,2.88634987082855
-2.62412117452283,-2.98422940262896,-0.501332934257217,-0.047121951935458,-1.25066646712861,2.96844603287139
-2.6153588414448,-2.99605345685654,-0.251162078117254,-0.047121951935458,-1.12558103905863,3.05233146094137
-2.60683844138997,-3,2.44929359829471e-16,-0.047121951935458,-1,3.1375125
-2.59857047836106,-2.99605345685654,0.251162078117254,-0.047121951935458,-0.874418960941373,3.22349353905863
-2.59056499445213,-2.98422940262896,0.501332934257218,-0.047121951935458,-0.749333532871391,3.30977896712861
-2.5828315751805,-2.96457450145738,0.7495252583429,-0.047121951935458,-0.62523737082855,3.39587512917145
-2.5753793547394,-2.93716632225726,0.994759548659419,-0.047121951935458,-0.502620225670291,3.48129227432971
-2.56821702115338,-2.90211303259031,1.23606797749979,-0.047121951935458,-0.381966011250105,3.5655464887499
-2.56135282131928,-2.8595529717765,1.47249821073871,-0.047121951935458,-0.263750894630644,3.64816160536936
-2.55479456591686,-2.80965410493204,1.70311716626029,-0.047121951935458,-0.148441416869855,3.72867108313014
-2.54854963417362,-2.75261336008773,1.92701469640686,-0.047121951935458,-0.0364926517965692,3.80661984820343
-2.5426249784694,-2.68865585100403,2.14330717991599,-0.047121951935458,0.0716535899579935,3.88156608995799
-2.53702712876713,-2.61803398874989,2.35114100916989,-0.047121951935458,0.175570504584947,3.95308300458495
-2.53176219685704,-2.54102648555158,2.54969595899476,-0.047121951935458,0.274847979497379,4.02076047949738
-2.52683588040219,-2.45793725484282,2.73818842371475,-0.047121951935458,0.369094211857377,4.08420671185738
-2.52225346677428,-2.36909421185738,2.91587450968565,-0.047121951935458,0.457937254842823,4.14304975484282
-2.51801983666919,-2.27484797949738,3.08205297110316,-0.047121951935458,0.541026485551579,4.19693898555158
-2.51413946749278,-2.17557050458495,3.23606797749979,-0.047121951935458,0.618033988749895,4.24554648874989
-2.51061643650797,-2.07165358995799,3.37731170200806,-0.047121951935458,0.68865585100403,4.28856835100403
-2.50745442373493,-1.96350734820343,3.50522672017545,-0.047121951935458,0.752613360087727,4.32572586008773
-2.50465671459723,-1.85155858313015,3.61930820986408,-0.047121951935458,0.809654104932039,4.35676660493204
-2.50222620230697,-1.73624910536936,3.71910594355301,-0.047121951935458,0.859552971776503,4.3814654717765
-2.50222620230697,-0.263750894630643,3.71910594355301,-0.047121951935458,0.859552971776503,4.1414654717765
-2.50465671459723,-0.148441416869854,3.61930820986408,-0.047121951935458,0.809654104932039,4.07676660493204
-2.50745442373493,-0.03649265179657,3.50522672017545,-0.047121951935458,0.752613360087727,4.00572586008773
-2.51061643650797,0.0716535899579929,3.37731170200806,-0.047121951935458,0.68865585100403,3.92856835100403
-2.51413946749278,0.175570504584946,3.23606797749979,-0.047121951935458,0.618033988749895,3.84554648874989
-2.51801983666919,0.274847979497379,3.08205297110316,-0.047121951935458,0.541026485551579,3.75693898555158
-2.52225346677428,0.369094211857377,2.91587450968565,-0.047121951935458,0.457937254842823,3.66304975484282
-2.52683588040219,0.457937254842823,2.73818842371475,-0.047121951935458,0.369094211857377,3.56420671185738
-2.53176219685704,0.541026485551579,2.54969595899476,-0.047121951935458,0.274847979497379,3.46076047949738
-2.53702712876713,0.618033988749895,2.35114100916989,-0.047121951935458,0.175570504584946,3.35308300458495
-2.5426249784694,0.68865585100403,2.14330717991599,-0.047121951935458,0.0716535899579933,3.24156608995799
-2.54854963417362,0.752613360087727,1.92701469640686,-0.047121951935458,-0.0364926517965696,3.12661984820343
-2.55479456591686,0.809654104932039,1.70311716626029,-0.047121951935458,-0.148441416869855,3.00867108313014
-2.56135282131928,0.859552971776503,1.47249821073871,-0.047121951935458,-0.263750894630645,2.88816160536936
-2.56821702115338,0.902113032590307,1.23606797749979,-0.047121951935458,-0.381966011250106,2.76554648874989
-2.5753793547394,0.937166322257262,0.99475954865942,-0.047121951935458,-0.50262022567029,2.64129227432971
-2.5828315751805,0.964574501457377,0.7495252583429,-0.047121951935458,-0.62523737082855,2.51587512917145
-2.59056499445213,0.984229402628956,0.501332934257218,-0.047121951935458,-0.749333532871391,2.38977896712861
-2.59857047836106,0.996053456856543,0.251162078117254,-0.047121951935458,-0.874418960941373,2.26349353905863
-2.60683844138997,1,2.44929359829471e-16,-0.047121951935458,-1,2.1375125
-2.6153588414448,0.996053456856543,-0.251162078117254,-0.047121951935458,-1.12558103905863,2.01233146094137
-2.62412117452283,0.984229402628956,-0.501332934257217,-0.047121951935458,-1.25066646712861,1.88844603287139
-2.63311446932013,0.964574501457377,-0.749525258342899,-0.047121951935458,-1.37476262917145,1.76634987082855
-2.6423272817983,0.937166322257262,-0.994759548659419,-0.047121951935458,-1.49737977432971,1.64653272567029
-2.65174768973112,0.902113032590307,-1.23606797749979,-0.047121951935458,-1.6180339887499,1.5294785112501
-2.66136328725271,0.859552971776503,-1.47249821073871,-0.047121951935458,-1.73624910536936,1.41566339463064
-2.67116117942986,0.809654104932039,-1.70311716626029,-0.047121951935458,-1.85155858313015,1.30555391686985
-2.68112797688197,0.752613360087727,-1.92701469640686,-0.047121951935458,-1.96350734820343,1.19960515179657
-2.69124979047322,0.68865585100403,-2.14330717991599,-0.047121951935458,-2.07165358995799,1.09825891004201
-2.7015122261025,0.618033988749895,-2.35114100916989,-0.047121951935458,-2.17557050458495,1.00194199541505
-2.71190037961757,0.541026485551579,-2.54969595899476,-0.047121951935458,-2.27484797949738,0.91106452050262
-2.72239883188103,0.457937254842823,-2.73818842371475,-0.047121951935458,-2.36909421185738,0.826018288142622
-2.73299164401661,0.369094211857378,-2.91587450968565,-0.047121951935458,-2.45793725484282,0.747175245157177
-2.74366235286548,0.27484797949738,-3.08205297110316,-0.047121951935458,-2.54102648555158,0.674886014448421
-2.754393966683,0.175570504584946,-3.23606797749979,-0.047121951935458,-2.61803398874989,0.609478511250105
-2.76516896110771,0.0716535899579933,-3.37731170200806,-0.047121951935458,-2.68865585100403,0.55125664899597
-2.77596927543515,-0.0364926517965696,-3.50522672017545,-0.047121951935458,-2.75261336008773,0.500499139912273
-2.78677630923021,-0.148441416869855,-3.61930820986408,-0.047121951935458,-2.80965410493204,0.45745839506796
-2.79757091931279,-0.263750894630645,-3.71910594355301,-0.047121951935458,-2.8595529717765,0.422359528223497
-2.87265039515468,-1.73624910536936,-3.71910594355301,-0.469303395120689,-2.8595529717765,2.2960970282235
-2.86400229967456,-1.85155858313015,-3.61930820986408,-0.469303395120689,-2.80965410493204,2.29119589506796
-2.85528521610601,-1.96350734820343,-3.50522672017545,-0.469303395120689,-2.75261336008773,2.29423663991227
-2.84651860490954,-2.07165358995799,-3.37731170200806,-0.469303395120689,-2.68865585100403,2.30499414899597
-2.83772139886347,-2.17557050458495,-3.23606797749979,-0.469303395120689,-2.61803398874989,2.32321601125011
-2.82891200438306,-2.27484797949738,-3.08205297110316,-0.469303395120689,-2.54102648555158,2.34862351444842
-2.82010830326101,-2.36909421185738,-2.91587450968565,-0.469303395120689,-2.45793725484282,2.38091274515718
-2.81132765479464,-2.45793725484282,-2.73818842371475,-0.469303395120689,-2.36909421185738,2.41975578814262
-2.80258689826605,-2.54102648555158,-2.54969595899476,-0.469303395120689,-2.27484797949738,2.46480202050262
-2.7939023557424,-2.61803398874989,-2.35114100916989,-0.469303395120689,-2.17557050458495,2.51567949541505
-2.78528983516445,-2.68865585100403,-2.14330717991599,-0.469303395120689,-2.07165358995799,2.57199641004201
-2.77676463369268,-2.75261336008773,-1.92701469640686,-0.469303395120689,-1.96350734820343,2.63334265179657
-2.76834154128087,-2.80965410493204,-1.70311716626029,-0.469303395120689,-1.85155858313015,2.69929141686985
-2.76003484444847,-2.8595529717765,-1.47249821073871,-0.469303395120689,-1.73624910536936,2.76940089463064
-2.75185833022377,-2.90211303259031,-1.23606797749979,-0.469303395120689,-1.61803398874989,2.8432160112501
-2.74382529023091,-2.93716632225726,-0.994759548659419,-0.469303395120689,-1.49737977432971,2.92027022567029
-2.73594852489484,-2.96457450145738,-0.749525258342899,-0.469303395120689,-1.37476262917145,3.00008737082855
-2.72824034773918,-2.98422940262896,-0.501332934257217,-0.469303395120689,-1.25066646712861,3.08218353287139
-2.72071258975297,-2.99605345685654,-0.251162078117254,-0.469303395120689,-1.12558103905863,3.16606896094137
-2.71337660380328,-3,2.44929359829471e-16,-0.469303395120689,-1,3.25125
-2.70624326907142,-2.99605345685654,0.251162078117254,-0.469303395120689,-0.874418960941373,3.33723103905863
-2.69932299549168,-2.98422940262896,0.501332934257218,-0.469303395120689,-0.749333532871391,3.42351646712861
-2.69262572817232,-2.96457450145738,0.7495252583429,-0.469303395120689,-0.62523737082855,3.50961262917145
-2.68616095177927,-2.93716632225726,0.994759548659419,-0.469303395120689,-0.502620225670291,3.59502977432971
-2.67993769486435,-2.90211303259031,1.23606797749979,-0.469303395120689,-0.381966011250105,3.67928398874989
-2.67396453412023,-2.8595529717765,1.47249821073871,-0.469303395120689,-0.263750894630644,3.76189910536936
-2.66824959854556,-2.80965410493204,1.70311716626029,-0.469303395120689,-0.148441416869855,3.84240858313014
-2.66280057350442,-2.75261336008773,1.92701469640686,-0.469303395120689,-0.0364926517965692,3.92035734820343
-2.65762470466515,-2.68865585100403,2.14330717991599,-0.469303395120689,0.0716535899579935,3.99530358995799
-2.65272880180441,-2.61803398874989,2.35114100916989,-0.469303395120689,0.175570504584947,4.06682050458495
-2.64811924246328,-2.54102648555158,2.54969595899476,-0.469303395120689,0.274847979497379,4.13449797949738
-2.64380197544287,-2.45793725484282,2.73818842371475,-0.469303395120689,0.369094211857377,4.19794421185738
-2.63978252412789,-2.36909421185738,2.91587450968565,-0.469303395120689,0.457937254842823,4.25678725484282
-2.63606598962721,-2.27484797949738,3.08205297110316,-0.469303395120689,0.541026485551579,4.31067648555158
-2.63265705372163,-2.17557050458495,3.23606797749979,-0.469303395120689,0.618033988749895,4.35928398874989
-2.6295599816093,-2.07165358995799,3.37731170200806,-0.469303395120689,0.68865585100403,4.40230585100403
-2.62677862444055,-1.96350734820343,3.50522672017545,-0.469303395120689,0.752613360087727,4.43946336008773
-2.62431642163434,-1.85155858313015,3.61930820986408,-0.469303395120689,0.809654104932039,4.47050410493204
-2.62217640296939,-1.73624910536936,3.71910594355301,-0.469303395120689,0.859552971776503,4.4952029717765
-2.62217640296939,-0.263750894630643,3.71910594355301,-0.469303395120689,0.859552971776503,4.2552029717765
-2.62431642163434,-0.148441416869854,3.61930820986408,-0.469303395120689,0.809654104932039,4.19050410493204
-2.62677862444055,-0.03649265179657,3.50522672017545,-0.469303395120689,0.752613360087727,4.11946336008773
-2.6295599816093,0.0716535899579929,3.37731170200806,-0.469303395120689,0.68865585100403,4.04230585100403
-2.63265705372163,0.175570504584946,3.23606797749979,-0.469303395120689,0.618033988749895,3.95928398874989
-2.63606598962721,0.274847979497379,3.08205297110316,-0.469303395120689,0.541026485551579,3.87067648555158
-2.63978252412789,0.369094211857377,2.91587450968565,-0.469303395120689,0.457937254842823,3.77678725484282
-2.64380197544287,0.457937254842823,2.73818842371475,-0.469303395120689,0.369094211857377,3.67794421185738
-2.64811924246328,0.541026485551579,2.54969595899476,-0.469303395120689,0.274847979497379,3.57449797949738
-2.65272880180441,0.618033988749895,2.35114100916989,-0.469303395120689,0.175570504584946,3.46682050458495
-2.65762470466515,0.68865585100403,2.14330717991599,-0.469303395120689,0.0716535899579933,3.35530358995799
-2.66280057350442,0.752613360087727,1.92701469640686,-0.469303395120689,-0.0364926517965696,3.24035734820343
-2.66824959854556,0.809654104932039,1.70311716626029,-0.469303395120689,-0.148441416869855,3.12240858313015
-2.67396453412023,0.859552971776503,1.47249821073871,-0.469303395120689,-0.263750894630645,3.00189910536935
-2.67993769486435,0.902113032590307,1.23606797749979,-0.469303395120689,-0.381966011250106,2.87928398874989
-2.68616095177927,0.937166322257262,0.99475954865942,-0.469303395120689,-0.50262022567029,2.75502977432971
-2.69262572817232,0.964574501457377,0.7495252583429,-0.469303395120689,-0.62523737082855,2.62961262917145
-2.69932299549168,0.984229402628956,0.501332934257218,-0.469303395120689,-0.749333532871391,2.50351646712861
-2.70624326907142,0.996053456856543,0.251162078117254,-0.469303395120689,-0.874418960941373,2.37723103905863
-2.71337660380328,1,2.44929359829471e-16,-0.469303395120689,-1,2.25125
-2.72071258975297,0.996053456856543,-0.251162078117254,-0.469303395120689,-1.12558103905863,2.12606896094137
-2.72824034773918,0.984229402628956,-0.501332934257217,-0.469303395120689,-1.25066646712861,2.00218353287139
-2.73594852489484,0.964574501457377,-0.749525258342899,-0.469303395120689,-1.37476262917145,1.88008737082855
-2.74382529023091,0.937166322257262,-0.994759548659419,-0.469303395120689,-1.49737977432971,1.76027022567029
-2.75185833022377,0.902113032590307,-1.23606797749979,-0.469303395120689,-1.6180339887499,1.6432160112501
-2.76003484444847,0.859552971776503,-1.47249821073871,-0.469303395120689,-1.73624910536936,1.52940089463064
-2.76834154128087,0.809654104932039,-1.70311716626029,-0.469303395120689,-1.85155858313015,1.41929141686985
-2.77676463369268,0.752613360087727,-1.92701469640686,-0.469303395120689,-1.96350734820343,1.31334265179657
-2.78528983516445,0.68865585100403,-2.14330717991599,-0.469303395120689,-2.07165358995799,1.21199641004201
-2.7939023557424,0.618033988749895,-2.35114100916989,-0.469303395120689,-2.17557050458495,1.11567949541505
-2.80258689826605,0.541026485551579,-2.54969595899476,-0.469303395120689,-2.27484797949738,1.02480202050262
-2.81132765479464,0.457937254842823,-2.73818842371475,-0.469303395120689,-2.36909421185738,0.939755788142622
-2.82010830326101,0.369094211857378,-2.91587450968565,-0.469303395120689,-2.45793725484282,0.860912745157177
-2.82891200438306,0.27484797949738,-3.08205297110316,-0.469303395120689,-2.54102648555158,0.788623514448421
-2.83772139886347,0.175570504584946,-3.23606797749979,-0.469303395120689,-2.61803398874989,0.723216011250105
-2.84651860490954,0.0716535899579933,-3.37731170200806,-0.469303395120689,-2.68865585100403,0.66499414899597
-2.85528521610601,-0.0364926517965696,-3.50522672017545,-0.469303395120689,-2.75261336008773,0.614236639912273
-2.86400229967456,-0.148441416869855,-3.61930820986408,-0.469303395120689,-2.80965410493204,0.571195895067961
-2.87265039515468,-0.263750894630645,-3.71910594355301,-0.469303395120689,-2.8595529717765,0.536097028223497
-2.93142069927411,-1.73624910536936,-3.71910594355301,-0.882120975696909,-2.8595529717765,2.4118595282235
-2.92500341054546,-1.85155858313015,-3.61930820986408,-0.882120975696909,-2.80965410493204,2.40695839506796
-2.91846014871388,-1.96350734820343,-3.50522672017545,-0.882120975696909,-2.75261336008773,2.40999913991227
-2.91181057819725,-2.07165358995799,-3.37731170200806,-0.882120975696909,-2.68865585100403,2.42075664899597
-2.90507385421805,-2.17557050458495,-3.23606797749979,-0.882120975696909,-2.61803398874989,2.43897851125011
-2.89826862239399,-2.27484797949738,-3.08205297110316,-0.882120975696909,-2.54102648555158,2.46438601444842
-2.89141301879636,-2.36909421185738,-2.91587450968565,-0.882120975696909,-2.45793725484282,2.49667524515718
-2.88452467044169,-2.45793725484282,-2.73818842371475,-0.882120975696909,-2.36909421185738,2.53551828814262
-2.87762069618289,-2.54102648555158,-2.54969595899476,-0.882120975696909,-2.27484797949738,2.58056452050262
-2.87071770796737,-2.61803398874989,-2.35114100916989,-0.882120975696909,-2.17557050458495,2.63144199541505
-2.86383181243014,-2.68865585100403,-2.14330717991599,-0.882120975696909,-2.07165358995799,2.68775891004201
-2.85697861279101,-2.75261336008773,-1.92701469640686,-0.882120975696909,-1.96350734820343,2.74910515179657
-2.85017321102601,-2.80965410493204,-1.70311716626029,-0.882120975696909,-1.85155858313015,2.81505391686985
-2.84343021028391,-2.8595529717765,-1.47249821073871,-0.882120975696909,-1.73624910536936,2.88516339463064
-2.83676371751974,-2.90211303259031,-1.23606797749979,-0.882120975696909,-1.61803398874989,2.9589785112501
-2.83018734631806,-2.93716632225726,-0.994759548659419,-0.882120975696909,-1.49737977432971,3.03603272567029
-2.82371421987998,-2.96457450145738,-0.749525258342899,-0.882120975696909,-1.37476262917145,3.11584987082855
-2.81735697414828,-2.98422940262896,-0.501332934257217,-0.882120975696909,-1.25066646712861,3.19794603287139
-2.81112776104658,-2.99605345685654,-0.251162078117254,-0.882120975696909,-1.12558103905863,3.28183146094137
-2.80503825180891,-3,2.44929359829471e-16,-0.882120975696909,-1,3.3670125
-2.79909964037725,-2.99605345685654,0.251162078117254,-0.882120975696909,-0.874418960941373,3.45299353905863
-2.79332264684544,-2.98422940262896,0.501332934257218,-0.882120975696909,-0.749333532871391,3.53927896712861
-2.78771752092872,-2.96457450145738,0.7495252583429,-0.882120975696909,-0.62523737082855,3.62537512917145
-2.78229404543921,-2.93716632225726,0.994759548659419,-0.882120975696909,-0.502620225670291,3.71079227432971
-2.77706153974832,-2.90211303259031,1.23606797749979,-0.882120975696909,-0.381966011250105,3.79504648874989
-2.77202886321823,-2.8595529717765,1.47249821073871,-0.882120975696909,-0.263750894630644,3.87766160536936
-2.76720441858523,-2.80965410493204,1.70311716626029,-0.882120975696909,-0.148441416869855,3.95817108313014
-2.76259615527872,-2.75261336008773,1.92701469640686,-0.882120975696909,-0.0364926517965692,4.03611984820343
-2.75821157266046,-2.68865585100403,2.14330717991599,-0.882120975696909,0.0716535899579935,4.11106608995799
-2.75405772316961,-2.61803398874989,2.35114100916989,-0.882120975696909,0.175570504584947,4.18258300458495
-2.75014121535983,-2.54102648555158,2.54969595899476,-0.882120975696909,0.274847979497379,4.25026047949738
-2.74646821681558,-2.45793725484282,2.73818842371475,-0.882120975696909,0.369094211857377,4.31370671185738
-2.74304445693567,-2.36909421185738,2.91587450968565,-0.882120975696909,0.457937254842823,4.37254975484282
-2.73987522957289,-2.27484797949738,3.08205297110316,-0.882120975696909,0.541026485551579,4.42643898555158
-2.73696539551913,-2.17557050458495,3.23606797749979,-0.882120975696909,0.618033988749895,4.47504648874989
-2.73431938482678,-2.07165358995799,3.37731170200806,-0.882120975696909,0.68865585100403,4.51806835100403
-2.73194119895724,-1.96350734820343,3.50522672017545,-0.882120975696909,0.752613360087727,4.55522586008773
-2.72983441274884,-1.85155858313015,3.61930820986408,-0.882120975696909,0.809654104932039,4.58626660493204
-2.72800217619677,-1.73624910536936,3.71910594355301,-0.882120975696909,0.859552971776503,4.6109654717765
-2.72800217619677,-0.263750894630643,3.71910594355301,-0.882120975696909,0.859552971776503,4.3709654717765
-2.72983441274884,-0.148441416869854,3.61930820986408,-0.882120975696909,0.809654104932039,4.30626660493204
-2.73194119895724,-0.03649265179657,3.50522672017545,-0.882120975696909,0.752613360087727,4.23522586008773
-2.73431938482678,0.0716535899579929,3.37731170200806,-0.882120975696909,0.68865585100403,4.15806835100403
-2.73696539551913,0.175570504584946,3.23606797749979,-0.882120975696909,0.618033988749895,4.07504648874989
-2.73987522957289,0.274847979497379,3.08205297110316,-0.882120975696909,0.541026485551579,3.98643898555158
-2.74304445693567,0.369094211857377,2.91587450968565,-0.882120975696909,0.457937254842823,3.89254975484282
-2.74646821681558,0.457937254842823,2.73818842371475,-0.882120975696909,0.369094211857377,3.79370671185738
-2.75014121535983,0.541026485551579,2.54969595899476,-0.882120975696909,0.274847979497379,3.69026047949738
-2.75405772316961,0.618033988749895,2.35114100916989,-0.882120975696909,0.175570504584946,3.58258300458495
-2.75821157266046,0.68865585100403,2.14330717991599,-0.882120975696909,0.0716535899579933,3.47106608995799
-2.76259615527872,0.752613360087727,1.92701469640686,-0.882120975696909,-0.0364926517965696,3.35611984820343
-2.76720441858523,0.809654104932039,1.70311716626029,-0.882120975696909,-0.148441416869855,3.23817108313014
-2.77202886321823,0.859552971776503,1.47249821073871,-0.882120975696909,-0.263750894630645,3.11766160536935
-2.77706153974832,0.902113032590307,1.23606797749979,-0.882120975696909,-0.381966011250106,2.99504648874989
-2.78229404543921,0.937166322257262,0.99475954865942,-0.882120975696909,-0.50262022567029,2.87079227432971
-2.78771752092872,0.964574501457377,0.7495252583429,-0.882120975696909,-0.62523737082855,2.74537512917145
-2.79332264684544,0.984229402628956,0.501332934257218,-0.882120975696909,-0.749333532871391,2.61927896712861
-2.79909964037725,0.996053456856543,0.251162078117254,-0.882120975696909,-0.874418960941373,2.49299353905863
-2.80503825180891,1,2.44929359829471e-16,-0.882120975696909,-1,2.3670125
-2.81112776104658,0.996053456856543,-0.251162078117254,-0.882120975696909,-1.12558103905863,2.24183146094137
-2.81735697414828,0.984229402628956,-0.501332934257217,-0.882120975696909,-1.25066646712861,2.11794603287139
-2.82371421987998,0.964574501457377,-0.749525258342899,-0.882120975696909,-1.37476262917145,1.99584987082855
-2.83018734631806,0.937166322257262,-0.994759548659419,-0.882120975696909,-1.49737977432971,1.87603272567029
-2.83676371751974,0.902113032590307,-1.23606797749979,-0.882120975696909,-1.6180339887499,1.7589785112501
-2.84343021028391,0.859552971776503,-1.47249821073871,-0.882120975696909,-1.73624910536936,1.64516339463064
-2.85017321102601,0.809654104932039,-1.70311716626029,-0.882120975696909,-1.85155858313015,1.53505391686985
-2.85697861279101,0.752613360087727,-1.92701469640686,-0.882120975696909,-1.96350734820343,1.42910515179657
-2.86383181243014,0.68865585100403,-2.14330717991599,-0.882120975696909,-2.07165358995799,1.32775891004201
-2.87071770796737,0.618033988749895,-2.35114100916989,-0.882120975696909,-2.17557050458495,1.23144199541505
-2.87762069618289,0.541026485551579,-2.54969595899476,-0.882120975696909,-2.27484797949738,1.14056452050262
-2.88452467044169,0.457937254842823,-2.73818842371475,-0.882120975696909,-2.36909421185738,1.05551828814262
-2.89141301879636,0.369094211857378,-2.91587450968565,-0.882120975696909,-2.45793725484282,0.976675245157177
-2.89826862239399,0.27484797949738,-3.08205297110316,-0.882120975696909,-2.54102648555158,0.904386014448421
-2.90507385421805,0.175570504584946,-3.23606797749979,-0.882120975696909,-2.61803398874989,0.838978511250105
-2.91181057819725,0.0716535899579933,-3.37731170200806,-0.882120975696909,-2.68865585100403,0.78075664899597
-2.91846014871388,-0.0364926517965696,-3.50522672017545,-0.882120975696909,-2.75261336008773,0.729999139912272
-2.92500341054546,-0.148441416869855,-3.61930820986408,-0.882120975696909,-2.80965410493204,0.68695839506796
-2.93142069927411,-0.263750894630645,-3.71910594355301,-0.882120975696909,-2.8595529717765,0.651859528223497
-2.96863055644797,-1.85155858313015,-3.61930820986408,-1.27733787469522,-2.80965410493204,2.52474589506796
-2.96433374810059,-1.96350734820343,-3.50522672017545,-1.27733787469522,-2.75261336008773,2.52778663991227
-2.95987368398243,-2.07165358995799,-3.37731170200806,-1.27733787469522,-2.68865585100403,2.53854414899597
-2.95526962539421,-2.17557050458495,-3.23606797749979,-1.27733787469522,-2.61803398874989,2.5567660112501
-2.95054034421738,-2.27484797949738,-3.08205297110316,-1.27733787469522,-2.54102648555158,2.58217351444842
-2.94570412126543,-2.36909421185738,-2.91587450968565,-1.27733787469522,-2.45793725484282,2.61446274515718
-2.94077874511293,-2.45793725484282,-2.73818842371475,-1.27733787469522,-2.36909421185738,2.65330578814262
-2.93578151136903,-2.54102648555158,-2.54969595899476,-1.27733787469522,-2.27484797949738,2.69835202050262
-2.93072922236288,-2.61803398874989,-2.35114100916989,-1.27733787469522,-2.17557050458495,2.74922949541505
-2.92563818720948,-2.68865585100403,-2.14330717991599,-1.27733787469522,-2.07165358995799,2.80554641004201
-2.92052422222508,-2.75261336008773,-1.92701469640686,-1.27733787469522,-1.96350734820343,2.86689265179657
-2.91540265166228,-2.80965410493204,-1.70311716626029,-1.27733787469522,-1.85155858313015,2.93284141686985
-2.91028830873577,-2.8595529717765,-1.47249821073871,-1.27733787469522,-1.73624910536936,3.00295089463064
-2.90519553691065,-2.90211303259031,-1.23606797749979,-1.27733787469522,-1.61803398874989,3.0767660112501
-2.90013819142595,-2.93716632225726,-0.994759548659419,-1.27733787469522,-1.49737977432971,3.15382022567029
-2.89512964102705,-2.96457450145738,-0.749525258342899,-1.27733787469522,-1.37476262917145,3.23363737082855
-2.89018276988162,-2.98422940262896,-0.501332934257217,-1.27733787469522,-1.25066646712861,3.31573353287139
-2.88530997965435,-2.99605345685654,-0.251162078117254,-1.27733787469522,-1.12558103905863,3.39961896094137
-2.88052319171695,-3,2.44929359829471e-16,-1.27733787469522,-1,3.4848
-2.87583384947058,-2.99605345685654,0.251162078117254,-1.27733787469522,-0.874418960941373,3.57078103905863
-2.87125292075886,-2.98422940262896,0.501332934257218,-1.27733787469522,-0.749333532871391,3.65706646712861
-2.86679090035048,-2.96457450145738,0.7495252583429,-1.27733787469522,-0.62523737082855,3.74316262917145
-2.86245781247136,-2.93716632225726,0.994759548659419,-1.27733787469522,-0.502620225670291,3.82857977432971
-2.85826321336711,-2.90211303259031,1.23606797749979,-1.27733787469522,-0.381966011250105,3.91283398874989
-2.85421619387742,-2.8595529717765,1.47249821073871,-1.27733787469522,-0.263750894630644,3.99544910536935
-2.85032538200519,-2.80965410493204,1.70311716626029,-1.27733787469522,-0.148441416869855,4.07595858313015
-2.84659894546341,-2.75261336008773,1.92701469640686,-1.27733787469522,-0.0364926517965692,4.15390734820343
-2.84304459418451,-2.68865585100403,2.14330717991599,-1.27733787469522,0.0716535899579935,4.22885358995799
-2.839669582777,-2.61803398874989,2.35114100916989,-1.27733787469522,0.175570504584947,4.30037050458495
-2.83648071291558,-2.54102648555158,2.54969595899476,-1.27733787469522,0.274847979497379,4.36804797949738
-2.8334843356515,-2.45793725484282,2.73818842371475,-1.27733787469522,0.369094211857377,4.43149421185738
-2.8306863536308,-2.36909421185738,2.91587450968565,-1.27733787469522,0.457937254842823,4.49033725484282
-2.82809222320909,-2.27484797949738,3.08205297110316,-1.27733787469522,0.541026485551579,4.54422648555158
-2.82570695645198,-2.17557050458495,3.23606797749979,-1.27733787469522,0.618033988749895,4.59283398874989
-2.8235351230115,-2.07165358995799,3.37731170200806,-1.27733787469522,0.68865585100403,4.63585585100403
-2.8215808518694,-1.96350734820343,3.50522672017545,-1.27733787469522,0.752613360087727,4.67301336008773
-2.81984783293911,-1.85155858313015,3.61930820986408,-1.27733787469522,0.809654104932039,4.70405410493204
-2.81984783293911,-0.148441416869854,3.61930820986408,-1.27733787469522,0.809654104932039,4.42405410493204
-2.8215808518694,-0.03649265179657,3.50522672017545,-1.27733787469522,0.752613360087727,4.35301336008773
-2.8235351230115,0.0716535899579929,3.37731170200806,-1.27733787469522,0.68865585100403,4.27585585100403
-2.82570695645198,0.175570504584946,3.23606797749979,-1.27733787469522,0.618033988749895,4.19283398874989
-2.82809222320909,0.274847979497379,3.08205297110316,-1.27733787469522,0.541026485551579,4.10422648555158
-2.8306863536308,0.369094211857377,2.91587450968565,-1.27733787469522,0.457937254842823,4.01033725484282
-2.8334843356515,0.457937254842823,2.73818842371475,-1.27733787469522,0.369094211857377,3.91149421185738
-2.83648071291558,0.541026485551579,2.54969595899476,-1.27733787469522,0.274847979497379,3.80804797949738
-2.839669582777,0.618033988749895,2.35114100916989,-1.27733787469522,0.175570504584946,3.70037050458495
-2.84304459418451,0.68865585100403,2.14330717991599,-1.27733787469522,0.0716535899579933,3.58885358995799
-2.84659894546341,0.752613360087727,1.92701469640686,-1.27733787469522,-0.0364926517965696,3.47390734820343
-2.85032538200519,0.809654104932039,1.70311716626029,-1.27733787469522,-0.148441416869855,3.35595858313014
-2.85421619387742,0.859552971776503,1.47249821073871,-1.27733787469522,-0.263750894630645,3.23544910536935
-2.85826321336711,0.902113032590307,1.23606797749979,-1.27733787469522,-0.381966011250106,3.11283398874989
-2.86245781247136,0.937166322257262,0.99475954865942,-1.27733787469522,-0.50262022567029,2.98857977432971
-2.86679090035048,0.964574501457377,0.7495252583429,-1.27733787469522,-0.62523737082855,2.86316262917145
-2.87125292075886,0.984229402628956,0.501332934257218,-1.27733787469522,-0.749333532871391,2.73706646712861
-2.87583384947058,0.996053456856543,0.251162078117254,-1.27733787469522,-0.874418960941373,2.61078103905863
-2.88052319171695,1,2.44929359829471e-16,-1.27733787469522,-1,2.4848
-2.88530997965435,0.996053456856543,-0.251162078117254,-1.27733787469522,-1.12558103905863,2.35961896094137
-2.89018276988162,0.984229402628956,-0.501332934257217,-1.27733787469522,-1.25066646712861,2.23573353287139
-2.89512964102705,0.964574501457377,-0.749525258342899,-1.27733787469522,-1.37476262917145,2.11363737082855
-2.90013819142595,0.937166322257262,-0.994759548659419,-1.27733787469522,-1.49737977432971,1.99382022567029
-2.90519553691066,0.902113032590307,-1.23606797749979,-1.27733787469522,-1.6180339887499,1.8767660112501
-2.91028830873577,0.859552971776503,-1.47249821073871,-1.27733787469522,-1.73624910536936,1.76295089463064
-2.91540265166228,0.809654104932039,-1.70311716626029,-1.27733787469522,-1.85155858313015,1.65284141686985
-2.92052422222508,0.752613360087727,-1.92701469640686,-1.27733787469522,-1.96350734820343,1.54689265179657
-2.92563818720948,0.68865585100403,-2.14330717991599,-1.27733787469522,-2.07165358995799,1.44554641004201
-2.93072922236288,0.618033988749895,-2.35114100916989,-1.27733787469522,-2.17557050458495,1.34922949541505
-2.93578151136903,0.541026485551579,-2.54969595899476,-1.27733787469522,-2.27484797949738,1.25835202050262
-2.94077874511293,0.457937254842823,-2.73818842371475,-1.27733787469522,-2.36909421185738,1.17330578814262
-2.94570412126543,0.369094211857378,-2.91587450968565,-1.27733787469522,-2.45793725484282,1.09446274515718
-2.95054034421738,0.27484797949738,-3.08205297110316,-1.27733787469522,-2.54102648555158,1.02217351444842
-2.95526962539421,0.175570504584946,-3.23606797749979,-1.27733787469522,-2.61803398874989,0.956766011250104
-2.95987368398243,0.0716535899579933,-3.37731170200806,-1.27733787469522,-2.68865585100403,0.898544148995969
-2.96433374810059,-0.0364926517965696,-3.50522672017545,-1.27733787469522,-2.75261336008773,0.847786639912272
-2.96863055644797,-0.148441416869855,-3.61930820986408,-1.27733787469522,-2.80965410493204,0.80474589506796
-2.99181702658665,-1.96350734820343,-3.50522672017545,-1.64706845399439,-2.75261336008773,2.64759913991227
-2.98960666961464,-2.07165358995799,-3.37731170200806,-1.64706845399439,-2.68865585100403,2.65835664899597
-2.98719558386309,-2.17557050458495,-3.23606797749979,-1.64706845399439,-2.61803398874989,2.6765785112501
-2.98460254865342,-2.27484797949738,-3.08205297110316,-1.64706845399439,-2.54102648555158,2.70198601444842
-2.9818458741397,-2.36909421185738,-2.91587450968565,-1.64706845399439,-2.45793725484282,2.73427524515718
-2.97894339845864,-2.45793725484282,-2.73818842371475,-1.64706845399439,-2.36909421185738,2.77311828814262
-2.97591248536675,-2.54102648555158,-2.54969595899476,-1.64706845399439,-2.27484797949738,2.81816452050262
-2.97277002233256,-2.61803398874989,-2.35114100916989,-1.64706845399439,-2.17557050458495,2.86904199541505
-2.96953241905271,-2.68865585100403,-2.14330717991599,-1.64706845399439,-2.07165358995799,2.92535891004201
-2.96621560636154,-2.75261336008773,-1.92701469640686,-1.64706845399439,-1.96350734820343,2.98670515179657
-2.96283503550447,-2.80965410493204,-1.70311716626029,-1.64706845399439,-1.85155858313015,3.05265391686985
-2.95940567774639,-2.8595529717765,-1.47249821073871,-1.64706845399439,-1.73624910536936,3.12276339463064
-2.95594202428703,-2.90211303259031,-1.23606797749979,-1.64706845399439,-1.61803398874989,3.1965785112501
-2.95245808645623,-2.93716632225726,-0.994759548659419,-1.64706845399439,-1.49737977432971,3.27363272567029
-2.94896739616268,-2.96457450145738,-0.749525258342899,-1.64706845399439,-1.37476262917145,3.35344987082855
-2.94548300657078,-2.98422940262896,-0.501332934257217,-1.64706845399439,-1.25066646712861,3.43554603287139
-2.94201749298093,-2.99605345685654,-0.251162078117254,-1.64706845399439,-1.12558103905863,3.51943146094137
-2.9385829538896,-3,2.44929359829471e-16,-1.64706845399439,-1,3.6046125
-2.93519101220622,-2.99605345685654,0.251162078117254,-1.64706845399439,-0.874418960941373,3.69059353905863
-2.93185281660499,-2.98422940262896,0.501332934257218,-1.64706845399439,-0.749333532871391,3.77687896712861
-2.92857904299034,-2.96457450145738,0.7495252583429,-1.64706845399439,-0.62523737082855,3.86297512917145
-2.92537989605591,-2.93716632225726,0.994759548659419,-1.64706845399439,-0.502620225670291,3.94839227432971
-2.92226511091762,-2.90211303259031,1.23606797749979,-1.64706845399439,-0.381966011250105,4.03264648874989
-2.91924395480218,-2.8595529717765,1.47249821073871,-1.64706845399439,-0.263750894630644,4.11526160536935
-2.91632522877358,-2.80965410493204,1.70311716626029,-1.64706845399439,-0.148441416869855,4.19577108313015
-2.9135172694806,-2.75261336008773,1.92701469640686,-1.64706845399439,-0.0364926517965692,4.27371984820343
-2.91082795090939,-2.68865585100403,2.14330717991599,-1.64706845399439,0.0716535899579935,4.34866608995799
-2.90826468612616,-2.61803398874989,2.35114100916989,-1.64706845399439,0.175570504584947,4.42018300458495
-2.90583442899555,-2.54102648555158,2.54969595899476,-1.64706845399439,0.274847979497379,4.48786047949738
-2.90354367586149,-2.45793725484282,2.73818842371475,-1.64706845399439,0.369094211857377,4.55130671185738
-2.90139846717776,-2.36909421185738,2.91587450968565,-1.64706845399439,0.457937254842823,4.61014975484282
-2.89940438907671,-2.27484797949738,3.08205297110316,-1.64706845399439,0.541026485551579,4.66403898555158
-2.89756657486521,-2.17557050458495,3.23606797749979,-1.64706845399439,0.618033988749895,4.71264648874989
-2.89588970643764,-2.07165358995799,3.37731170200806,-1.64706845399439,0.68865585100403,4.75566835100403
-2.89437801559687,-1.96350734820343,3.50522672017545,-1.64706845399439,0.752613360087727,4.79282586008773
-2.89437801559687,-0.03649265179657,3.50522672017545,-1.64706845399439,0.752613360087727,4.47282586008773
-2.89588970643764,0.0716535899579929,3.37731170200806,-1.64706845399439,0.68865585100403,4.39566835100403
-2.89756657486521,0.175570504584946,3.23606797749979,-1.64706845399439,0.618033988749895,4.31264648874989
-2.89940438907671,0.274847979497379,3.08205297110316,-1.64706845399439,0.541026485551579,4.22403898555158
-2.90139846717776,0.369094211857377,2.91587450968565,-1.64706845399439,0.457937254842823,4.13014975484282
-2.90354367586149,0.457937254842823,2.73818842371475,-1.64706845399439,0.369094211857377,4.03130671185738
-2.90583442899555,0.541026485551579,2.54969595899476,-1.64706845399439,0.274847979497379,3.92786047949738
-2.90826468612616,0.618033988749895,2.35114100916989,-1.64706845399439,0.175570504584946,3.82018300458495
-2.91082795090939,0.68865585100403,2.14330717991599,-1.64706845399439,0.0716535899579933,3.70866608995799
-2.9135172694806,0.752613360087727,1.92701469640686,-1.64706845399439,-0.0364926517965696,3.59371984820343
-2.91632522877358,0.809654104932039,1.70311716626029,-1.64706845399439,-0.148441416869855,3.47577108313014
-2.91924395480218,0.859552971776503,1.47249821073871,-1.64706845399439,-0.263750894630645,3.35526160536935
-2.92226511091762,0.902113032590307,1.23606797749979,-1.64706845399439,-0.381966011250106,3.23264648874989
-2.92537989605591,0.937166322257262,0.99475954865942,-1.64706845399439,-0.50262022567029,3.10839227432971
-2.92857904299034,0.964574501457377,0.7495252583429,-1.64706845399439,-0.62523737082855,2.98297512917145
-2.93185281660499,0.984229402628956,0.501332934257218,-1.64706845399439,-0.749333532871391,2.85687896712861
-2.93519101220622,0.996053456856543,0.251162078117254,-1.64706845399439,-0.874418960941373,2.73059353905863
-2.9385829538896,1,2.44929359829471e-16,-1.64706845399439,-1,2.6046125
-2.94201749298093,0.996053456856543,-0.251162078117254,-1.64706845399439,-1.12558103905863,2.47943146094137
-2.94548300657078,0.984229402628956,-0.501332934257217,-1.64706845399439,-1.25066646712861,2.35554603287139
-2.94896739616268,0.964574501457377,-0.749525258342899,-1.64706845399439,-1.37476262917145,2.23344987082855
-2.95245808645623,0.937166322257262,-0.994759548659419,-1.64706845399439,-1.49737977432971,2.11363272567029
-2.95594202428703,0.902113032590307,-1.23606797749979,-1.64706845399439,-1.6180339887499,1.9965785112501
-2.95940567774639,0.859552971776503,-1.47249821073871,-1.64706845399439,-1.73624910536936,1.88276339463064
-2.96283503550447,0.809654104932039,-1.70311716626029,-1.64706845399439,-1.85155858313015,1.77265391686985
-2.96621560636154,0.752613360087727,-1.92701469640686,-1.64706845399439,-1.96350734820343,1.66670515179657
-2.96953241905271,0.68865585100403,-2.14330717991599,-1.64706845399439,-2.07165358995799,1.56535891004201
-2.97277002233256,0.618033988749895,-2.35114100916989,-1.64706845399439,-2.17557050458495,1.46904199541505
-2.97591248536675,0.541026485551579,-2.54969595899476,-1.64706845399439,-2.27484797949738,1.37816452050262
-2.97894339845864,0.457937254842823,-2.73818842371475,-1.64706845399439,-2.36909421185738,1.29311828814262
-2.9818458741397,0.369094211857378,-2.91587450968565,-1.64706845399439,-2.45793725484282,1.21427524515718
-2.98460254865342,0.27484797949738,-3.08205297110316,-1.64706845399439,-2.54102648555158,1.14198601444842
-2.98719558386309,0.175570504584946,-3.23606797749979,-1.64706845399439,-2.61803398874989,1.0765785112501
-2.98960666961464,0.0716535899579933,-3.37731170200806,-1.64706845399439,-2.68865585100403,1.01835664899597
-2.99181702658665,-0.0364926517965696,-3.50522672017545,-1.64706845399439,-2.75261336008773,0.967599139912272
-2.99999595056638,-2.07165358995799,-3.37731170200806,-1.98393559597095,-2.68865585100403,2.78019414899597
-2.99982491411664,-2.17557050458495,-3.23606797749979,-1.98393559597095,-2.61803398874989,2.7984160112501
-2.99941559890198,-2.27484797949738,-3.08205297110316,-1.98393559597095,-2.54102648555158,2.82382351444842
-2.99878622377561,-2.36909421185738,-2.91587450968565,-1.98393559597095,-2.45793725484282,2.85611274515718
-2.99795455920284,-2.45793725484282,-2.73818842371475,-1.98393559597095,-2.36909421185738,2.89495578814262
-2.99693792325425,-2.54102648555158,-2.54969595899476,-1.98393559597095,-2.27484797949738,2.94000202050262
-2.99575317809465,-2.61803398874989,-2.35114100916989,-1.98393559597095,-2.17557050458495,2.99087949541505
-2.99441672693733,-2.68865585100403,-2.14330717991599,-1.98393559597095,-2.07165358995799,3.04719641004201
-2.99294451143356,-2.75261336008773,-1.92701469640686,-1.98393559597095,-1.96350734820343,3.10854265179657
-2.99135200946837,-2.80965410493204,-1.70311716626029,-1.98393559597095,-1.85155858313015,3.17449141686985
-2.98965423333399,-2.8595529717765,-1.47249821073871,-1.98393559597095,-1.73624910536936,3.24460089463064
-2.98786572825346,-2.90211303259031,-1.23606797749979,-1.98393559597095,-1.61803398874989,3.3184160112501
-2.98600057122737,-2.93716632225726,-0.994759548659419,-1.98393559597095,-1.49737977432971,3.39547022567029
-2.98407237017775,-2.96457450145738,-0.749525258342899,-1.98393559597095,-1.37476262917145,3.47528737082855
-2.98209426336386,-2.98422940262896,-0.501332934257217,-1.98393559597095,-1.25066646712861,3.55738353287139
-2.9800789190452,-2.99605345685654,-0.251162078117254,-1.98393559597095,-1.12558103905863,3.64126896094137
-2.97803853536831,-3,2.44929359829471e-16,-1.98393559597095,-1,3.72645
-2.97598484045442,-2.99605345685654,0.251162078117254,-1.98393559597095,-0.874418960941373,3.81243103905863
-2.97392909266599,-2.98422940262896,0.501332934257218,-1.98393559597095,-0.749333532871391,3.89871646712861
-2.97188208103095,-2.96457450145738,0.7495252583429,-1.98393559597095,-0.62523737082855,3.98481262917145
-2.9698541258044,-2.93716632225726,0.994759548659419,-1.98393559597095,-0.502620225670291,4.07022977432971
-2.96785507914819,-2.90211303259031,1.23606797749979,-1.98393559597095,-0.381966011250105,4.15448398874989
-2.96589432590989,-2.8595529717765,1.47249821073871,-1.98393559597095,-0.263750894630644,4.23709910536935
-2.96398078448331,-2.80965410493204,1.70311716626029,-1.98393559597095,-0.148441416869855,4.31760858313014
-2.96212290773353,-2.75261336008773,1.92701469640686,-1.98393559597095,-0.0364926517965692,4.39555734820343
-2.96032868397065,-2.68865585100403,2.14330717991599,-1.98393559597095,0.0716535899579935,4.47050358995799
-2.95860563795666,-2.61803398874989,2.35114100916989,-1.98393559597095,0.175570504584947,4.54202050458495
-2.95696083193132,-2.54102648555158,2.54969595899476,-1.98393559597095,0.274847979497379,4.60969797949738
-2.95540086664334,-2.45793725484282,2.73818842371475,-1.98393559597095,0.369094211857377,4.67314421185738
-2.95393188237423,-2.36909421185738,2.91587450968565,-1.98393559597095,0.457937254842823,4.73198725484282
-2.95255955994283,-2.27484797949738,3.08205297110316,-1.98393559597095,0.541026485551579,4.78587648555158
-2.95128912167961,-2.17557050458495,3.23606797749979,-1.98393559597095,0.618033988749895,4.83448398874989
-2.95012533236048,-2.07165358995799,3.37731170200806,-1.98393559597095,0.68865585100403,4.87750585100403
-2.95012533236048,0.0716535899579929,3.37731170200806,-1.98393559597095,0.68865585100403,4.51750585100403
-2.95128912167961,0.175570504584946,3.23606797749979,-1.98393559597095,0.618033988749895,4.43448398874989
-2.95255955994283,0.274847979497379,3.08205297110316,-1.98393559597095,0.541026485551579,4.34587648555158
-2.95393188237423,0.369094211857377,2.91587450968565,-1.98393559597095,0.457937254842823,4.25198725484282
-2.95540086664334,0.457937254842823,2.73818842371475,-1.98393559597095,0.369094211857377,4.15314421185738
-2.95696083193132,0.541026485551579,2.54969595899476,-1.98393559597095,0.274847979497379,4.04969797949738
-2.95860563795666,0.618033988749895,2.35114100916989,-1.98393559597095,0.175570504584946,3.94202050458495
-2.96032868397065,0.68865585100403,2.14330717991599,-1.98393559597095,0.0716535899579933,3.83050358995799
-2.96212290773353,0.752613360087727,1.92701469640686,-1.98393559597095,-0.0364926517965696,3.71555734820343
-2.96398078448331,0.809654104932039,1.70311716626029,-1.98393559597095,-0.148441416869855,3.59760858313014
-2.96589432590989,0.859552971776503,1.47249821073871,-1.98393559597095,-0.263750894630645,3.47709910536935
-2.96785507914819,0.902113032590307,1.23606797749979,-1.98393559597095,-0.381966011250106,3.35448398874989
-2.9698541258044,0.937166322257262,0.99475954865942,-1.98393559597095,-0.50262022567029,3.23022977432971
-2.97188208103095,0.964574501457377,0.7495252583429,-1.98393559597095,-0.62523737082855,3.10481262917145
-2.97392909266599,0.984229402628956,0.501332934257218,-1.98393559597095,-0.749333532871391,2.97871646712861
-2.97598484045442,0.996053456856543,0.251162078117254,-1.98393559597095,-0.874418960941373,2.85243103905863
-2.97803853536831,1,2.44929359829471e-16,-1.98393559597095,-1,2.72645
-2.9800789190452,0.996053456856543,-0.251162078117254,-1.98393559597095,-1.12558103905863,2.60126896094137
-2.98209426336386,0.984229402628956,-0.501332934257217,-1.98393559597095,-1.25066646712861,2.47738353287139
-2.98407237017775,0.964574501457377,-0.749525258342899,-1.98393559597095,-1.37476262917145,2.35528737082855
-2.98600057122737,0.937166322257262,-0.994759548659419,-1.98393559597095,-1.49737977432971,2.23547022567029
-2.98786572825346,0.902113032590307,-1.23606797749979,-1.98393559597095,-1.6180339887499,2.1184160112501
-2.98965423333399,0.859552971776503,-1.47249821073871,-1.98393559597095,-1.73624910536936,2.00460089463064
-2.99135200946837,0.809654104932039,-1.70311716626029,-1.98393559597095,-1.85155858313015,1.89449141686985
-2.99294451143356,0.752613360087727,-1.92701469640686,-1.98393559597095,-1.96350734820343,1.78854265179657
-2.99441672693733,0.68865585100403,-2.14330717991599,-1.98393559597095,-2.07165358995799,1.68719641004201
-2.99575317809465,0.618033988749895,-2.35114100916989,-1.98393559597095,-2.17557050458495,1.59087949541505
-2.99693792325425,0.541026485551579,-2.54969595899476,-1.98393559597095,-2.27484797949738,1.50000202050262
-2.99795455920284,0.457937254842823,-2.73818842371475,-1.98393559597095,-2.36909421185738,1.41495578814262
-2.99878622377561,0.369094211857378,-2.91587450968565,-1.98393559597095,-2.45793725484282,1.33611274515718
-2.99941559890198,0.27484797949738,-3.08205297110316,-1.98393559597095,-2.54102648555158,1.26382351444842
-2.99982491411664,0.175570504584946,-3.23606797749979,-1.98393559597095,-2.61803398874989,1.1984160112501
-2.99999595056638,0.0716535899579933,-3.37731170200806,-1.98393559597095,-2.68865585100403,1.14019414899597
-2.99404328930789,-2.27484797949738,-3.08205297110316,-2.28121789680009,-2.54102648555158,2.94768601444842
-2.99557527011512,-2.36909421185738,-2.91587450968565,-2.28121789680009,-2.45793725484282,2.97997524515718
-2.99684905783036,-2.45793725484282,-2.73818842371475,-2.28121789680009,-2.36909421185738,3.01881828814262
-2.99788180645503,-2.54102648555158,-2.54969595899476,-2.28121789680009,-2.27484797949738,3.06386452050262
-2.99869023785198,-2.61803398874989,-2.35114100916989,-2.28121789680009,-2.17557050458495,3.11474199541505
-2.99929063713662,-2.68865585100403,-2.14330717991599,-2.28121789680009,-2.07165358995799,3.171058910042
-2.99969884854301,-2.75261336008773,-1.92701469640686,-2.28121789680009,-1.96350734820343,3.23240515179657
-2.99993027173616,-2.80965410493204,-1.70311716626029,-2.28121789680009,-1.85155858313015,3.29835391686985
-2.99999985854297,-2.8595529717765,-1.47249821073871,-2.28121789680009,-1.73624910536936,3.36846339463064
-2.99992211007452,-2.90211303259031,-1.23606797749979,-2.28121789680009,-1.61803398874989,3.4422785112501
-2.99971107421336,-2.93716632225726,-0.994759548659419,-2.28121789680009,-1.49737977432971,3.51933272567029
-2.9993803434401,-2.96457450145738,-0.749525258342899,-2.28121789680009,-1.37476262917145,3.59914987082855
-2.99894305297432,-2.98422940262896,-0.501332934257217,-2.28121789680009,-1.25066646712861,3.68124603287139
-2.99841187920568,-2.99605345685654,-0.251162078117254,-2.28121789680009,-1.12558103905863,3.76513146094137
-2.99779903839179,-3,2.44929359829471e-16,-2.28121789680009,-1,3.8503125
-2.99711628560013,-2.99605345685654,0.251162078117254,-2.28121789680009,-0.874418960941373,3.93629353905863
-2.99637491387242,-2.98422940262896,0.501332934257218,-2.28121789680009,-0.749333532871391,4.02257896712861
-2.99558575359011,-2.96457450145738,0.7495252583429,-2.28121789680009,-0.62523737082855,4.10867512917145
-2.99475917202101,-2.93716632225726,0.994759548659419,-2.28121789680009,-0.502620225670291,4.19409227432971
-2.99390507302751,-2.90211303259031,1.23606797749979,-2.28121789680009,-0.381966011250105,4.27834648874989
-2.99303289691787,-2.8595529717765,1.47249821073871,-2.28121789680009,-0.263750894630644,4.36096160536935
-2.99215162042283,-2.80965410493204,1.70311716626029,-2.28121789680009,-0.148441416869855,4.44147108313014
-2.99126975678046,-2.75261336008773,1.92701469640686,-2.28121789680009,-0.0364926517965692,4.51941984820343
-2.99039535591338,-2.68865585100403,2.14330717991599,-2.28121789680009,0.0716535899579935,4.59436608995799
-2.98953600468281,-2.61803398874989,2.35114100916989,-2.28121789680009,0.175570504584947,4.66588300458494
-2.98869882720521,-2.54102648555158,2.54969595899476,-2.28121789680009,0.274847979497379,4.73356047949738
-2.98789048521773,-2.45793725484282,2.73818842371475,-2.28121789680009,0.369094211857377,4.79700671185738
-2.98711717847983,-2.36909421185738,2.91587450968565,-2.28121789680009,0.457937254842823,4.85584975484282
-2.98638464519894,-2.27484797949738,3.08205297110316,-2.28121789680009,0.541026485551579,4.90973898555158
-2.98638464519894,0.274847979497379,3.08205297110316,-2.28121789680009,0.541026485551579,4.46973898555158
-2.98711717847983,0.369094211857377,2.91587450968565,-2.28121789680009,0.457937254842823,4.37584975484282
-2.98789048521773,0.457937254842823,2.73818842371475,-2.28121789680009,0.369094211857377,4.27700671185738
-2.98869882720521,0.541026485551579,2.54969595899476,-2.28121789680009,0.274847979497379,4.17356047949738
-2.98953600468281,0.618033988749895,2.35114100916989,-2.28121789680009,0.175570504584946,4.06588300458495
-2.99039535591338,0.68865585100403,2.14330717991599,-2.28121789680009,0.0716535899579933,3.95436608995799
-2.99126975678046,0.752613360087727,1.92701469640686,-2.28121789680009,-0.0364926517965696,3.83941984820343
-2.99215162042283,0.809654104932039,1.70311716626029,-2.28121789680009,-0.148441416869855,3.72147108313014
-2.99303289691787,0.859552971776503,1.47249821073871,-2.28121789680009,-0.263750894630645,3.60096160536935
-2.99390507302751,0.902113032590307,1.23606797749979,-2.28121789680009,-0.381966011250106,3.47834648874989
-2.99475917202101,0.937166322257262,0.99475954865942,-2.28121789680009,-0.50262022567029,3.35409227432971
-2.99558575359011,0.964574501457377,0.7495252583429,-2.28121789680009,-0.62523737082855,3.22867512917145
-2.99637491387242,0.984229402628956,0.501332934257218,-2.28121789680009,-0.749333532871391,3.10257896712861
-2.99711628560013,0.996053456856543,0.251162078117254,-2.28121789680009,-0.874418960941373,2.97629353905863
-2.99779903839179,1,2.44929359829471e-16,-2.28121789680009,-1,2.8503125
-2.99841187920568,0.996053456856543,-0.251162078117254,-2.28121789680009,-1.12558103905863,2.72513146094137
-2.99894305297432,0.984229402628956,-0.501332934257217,-2.28121789680009,-1.25066646712861,2.60124603287139
-2.9993803434401,0.964574501457377,-0.749525258342899,-2.28121789680009,-1.37476262917145,2.47914987082855
-2.99971107421336,0.937166322257262,-0.994759548659419,-2.28121789680009,-1.49737977432971,2.35933272567029
-2.99992211007452,0.902113032590307,-1.23606797749979,-2.28121789680009,-1.6180339887499,2.2422785112501
-2.99999985854297,0.859552971776503,-1.47249821073871,-2.28121789680009,-1.73624910536936,2.12846339463064
-2.99993027173616,0.809654104932039,-1.70311716626029,-2.28121789680009,-1.85155858313015,2.01835391686985
-2.99969884854301,0.752613360087727,-1.92701469640686,-2.28121789680009,-1.96350734820343,1.91240515179657
-2.99929063713662,0.68865585100403,-2.14330717991599,-2.28121789680009,-2.07165358995799,1.81105891004201
-2.99869023785198,0.618033988749895,-2.35114100916989,-2.28121789680009,-2.17557050458495,1.71474199541505
-2.99788180645503,0.541026485551579,-2.54969595899476,-2.28121789680009,-2.27484797949738,1.62386452050262
-2.99684905783036,0.457937254842823,-2.73818842371475,-2.28121789680009,-2.36909421185738,1.53881828814262
-2.99557527011512,0.369094211857378,-2.91587450968565,-2.28121789680009,-2.45793725484282,1.45997524515718
-2.99404328930789,0.27484797949738,-3.08205297110316,-2.28121789680009,-2.54102648555158,1.38768601444842
-2.97788688041929,-2.54102648555158,-2.54969595899476,-2.53298377650605,-2.27484797949738,3.18975202050262
-2.98071035064855,-2.61803398874989,-2.35114100916989,-2.53298377650605,-2.17557050458495,3.24062949541505
-2.98327013907932,-2.68865585100403,-2.14330717991599,-2.53298377650605,-2.07165358995799,3.29694641004201
-2.98558188045026,-2.75261336008773,-1.92701469640686,-2.53298377650605,-1.96350734820343,3.35829265179657
-2.98766078750028,-2.80965410493204,-1.70311716626029,-2.53298377650605,-1.85155858313015,3.42424141686986
-2.98952164625977,-2.8595529717765,-1.47249821073871,-2.53298377650605,-1.73624910536936,3.49435089463064
-2.99117881177246,-2.90211303259031,-1.23606797749979,-2.53298377650605,-1.61803398874989,3.56816601125011
-2.99264620422196,-2.93716632225726,-0.994759548659419,-2.53298377650605,-1.49737977432971,3.64522022567029
-2.99393730543806,-2.96457450145738,-0.749525258342899,-2.53298377650605,-1.37476262917145,3.72503737082855
-2.99506515575827,-2.98422940262896,-0.501332934257217,-2.53298377650605,-1.25066646712861,3.80713353287139
-2.99604235122084,-2.99605345685654,-0.251162078117254,-2.53298377650605,-1.12558103905863,3.89101896094137
-2.99688104106645,-3,2.44929359829471e-16,-2.53298377650605,-1,3.9762
-2.99759292552606,-2.99605345685654,0.251162078117254,-2.53298377650605,-0.874418960941373,4.06218103905863
-2.99818925387359,-2.98422940262896,0.501332934257218,-2.53298377650605,-0.749333532871391,4.14846646712861
-2.99868082272257,-2.96457450145738,0.7495252583429,-2.53298377650605,-0.62523737082855,4.23456262917145
-2.99907797454687,-2.93716632225726,0.994759548659419,-2.53298377650605,-0.502620225670291,4.31997977432971
-2.99939059640613,-2.90211303259031,1.23606797749979,-2.53298377650605,-0.381966011250105,4.4042339887499
-2.99962811885767,-2.8595529717765,1.47249821073871,-2.53298377650605,-0.263750894630644,4.48684910536936
-2.99979951503709,-2.80965410493204,1.70311716626029,-2.53298377650605,-0.148441416869855,4.56735858313015
-2.99991329989079,-2.75261336008773,1.92701469640686,-2.53298377650605,-0.0364926517965692,4.64530734820343
-2.99997752954441,-2.68865585100403,2.14330717991599,-2.53298377650605,0.0716535899579935,4.72025358995799
-2.99999980079191,-2.61803398874989,2.35114100916989,-2.53298377650605,0.175570504584947,4.79177050458495
-2.99998725069094,-2.54102648555158,2.54969595899476,-2.53298377650605,0.274847979497379,4.85944797949738
-2.99998725069094,0.541026485551579,2.54969595899476,-2.53298377650605,0.274847979497379,4.29944797949738
-2.99999980079191,0.618033988749895,2.35114100916989,-2.53298377650605,0.175570504584946,4.19177050458495
-2.99997752954441,0.68865585100403,2.14330717991599,-2.53298377650605,0.0716535899579933,4.08025358995799
-2.99991329989079,0.752613360087727,1.92701469640686,-2.53298377650605,-0.0364926517965696,3.96530734820343
-2.99979951503709,0.809654104932039,1.70311716626029,-2.53298377650605,-0.148441416869855,3.84735858313015
-2.99962811885767,0.859552971776503,1.47249821073871,-2.53298377650605,-0.263750894630645,3.72684910536936
-2.99939059640613,0.902113032590307,1.23606797749979,-2.53298377650605,-0.381966011250106,3.6042339887499
-2.99907797454687,0.937166322257262,0.99475954865942,-2.53298377650605,-0.50262022567029,3.47997977432971
-2.99868082272257,0.964574501457377,0.7495252583429,-2.53298377650605,-0.62523737082855,3.35456262917145
-2.99818925387359,0.984229402628956,0.501332934257218,-2.53298377650605,-0.749333532871391,3.22846646712861
-2.99759292552606,0.996053456856543,0.251162078117254,-2.53298377650605,-0.874418960941373,3.10218103905863
-2.99688104106645,1,2.44929359829471e-16,-2.53298377650605,-1,2.9762
-2.99604235122084,0.996053456856543,-0.251162078117254,-2.53298377650605,-1.12558103905863,2.85101896094137
-2.99506515575827,0.984229402628956,-0.501332934257217,-2.53298377650605,-1.25066646712861,2.72713353287139
-2.99393730543806,0.964574501457377,-0.749525258342899,-2.53298377650605,-1.37476262917145,2.60503737082855
-2.99264620422196,0.937166322257262,-0.994759548659419,-2.53298377650605,-1.49737977432971,2.48522022567029
-2.99117881177246,0.902113032590307,-1.23606797749979,-2.53298377650605,-1.6180339887499,2.36816601125011
-2.98952164625977,0.859552971776503,-1.47249821073871,-2.53298377650605,-1.73624910536936,2.25435089463064
-2.98766078750028,0.809654104932039,-1.70311716626029,-2.53298377650605,-1.85155858313015,2.14424141686986
-2.98558188045026,0.752613360087727,-1.92701469640686,-2.53298377650605,-1.96350734820343,2.03829265179657
-2.98327013907932,0.68865585100403,-2.14330717991599,-2.53298377650605,-2.07165358995799,1.93694641004201
-2.98071035064855,0.618033988749895,-2.35114100916989,-2.53298377650605,-2.17557050458495,1.84062949541505
-2.97788688041929,0.541026485551579,-2.54969595899476,-2.53298377650605,-2.27484797949738,1.74975202050262
-2.94983182722919,-2.75261336008773,-1.92701469640686,-2.73420982990634,-1.96350734820343,3.48620515179657
-2.95376844015031,-2.80965410493204,-1.70311716626029,-2.73420982990634,-1.85155858313015,3.55215391686986
-2.95743159351735,-2.8595529717765,-1.47249821073871,-2.73420982990634,-1.73624910536936,3.62226339463064
-2.96083539122766,-2.90211303259031,-1.23606797749979,-2.73420982990634,-1.61803398874989,3.69607851125011
-2.96399352405989,-2.93716632225726,-0.994759548659419,-2.73420982990634,-1.49737977432971,3.77313272567029
-2.96691926486714,-2.96457450145738,-0.749525258342899,-2.73420982990634,-1.37476262917145,3.85294987082855
-2.96962546416417,-2.98422940262896,-0.501332934257217,-2.73420982990634,-1.25066646712861,3.93504603287139
-2.97212454608574,-2.99605345685654,-0.251162078117254,-2.73420982990634,-1.12558103905863,4.01893146094137
-2.97442850469371,-3,2.44929359829471e-16,-2.73420982990634,-1,4.1041125
-2.97654890061096,-2.99605345685654,0.251162078117254,-2.73420982990634,-0.874418960941373,4.19009353905863
-2.97849685796135,-2.98422940262896,0.501332934257218,-2.73420982990634,-0.749333532871391,4.27637896712861
-2.98028306159512,-2.96457450145738,0.7495252583429,-2.73420982990634,-0.62523737082855,4.36247512917145
-2.98191775458036,-2.93716632225726,0.994759548659419,-2.73420982990634,-0.502620225670291,4.44789227432971
-2.9834107359415,-2.90211303259031,1.23606797749979,-2.73420982990634,-0.381966011250105,4.53214648874989
-2.98477135862679,-2.8595529717765,1.47249821073871,-2.73420982990634,-0.263750894630644,4.61476160536936
-2.98600852768738,-2.80965410493204,1.70311716626029,-2.73420982990634,-0.148441416869855,4.69527108313015
-2.98713069865132,-2.75261336008773,1.92701469640686,-2.73420982990634,-0.0364926517965692,4.77321984820343
-2.98713069865132,0.752613360087727,1.92701469640686,-2.73420982990634,-0.0364926517965696,4.09321984820343
-2.98600852768738,0.809654104932039,1.70311716626029,-2.73420982990634,-0.148441416869855,3.97527108313014
-2.98477135862679,0.859552971776503,1.47249821073871,-2.73420982990634,-0.263750894630645,3.85476160536936
-2.9834107359415,0.902113032590307,1.23606797749979,-2.73420982990634,-0.381966011250106,3.73214648874989
-2.98191775458036,0.937166322257262,0.99475954865942,-2.73420982990634,-0.50262022567029,3.60789227432971
-2.98028306159512,0.964574501457377,0.7495252583429,-2.73420982990634,-0.62523737082855,3.48247512917145
-2.97849685796135,0.984229402628956,0.501332934257218,-2.73420982990634,-0.749333532871391,3.35637896712861
-2.97654890061096,0.996053456856543,0.251162078117254,-2.73420982990634,-0.874418960941373,3.23009353905863
-2.97442850469371,1,2.44929359829471e-16,-2.73420982990634,-1,3.1041125
-2.97212454608574,0.996053456856543,-0.251162078117254,-2.73420982990634,-1.12558103905863,2.97893146094137
-2.96962546416417,0.984229402628956,-0.501332934257217,-2.73420982990634,-1.25066646712861,2.85504603287139
-2.96691926486714,0.964574501457377,-0.749525258342899,-2.73420982990634,-1.37476262917145,2.73294987082855
-2.96399352405989,0.937166322257262,-0.994759548659419,-2.73420982990634,-1.49737977432971,2.61313272567029
-2.96083539122766,0.902113032590307,-1.23606797749979,-2.73420982990634,-1.6180339887499,2.49607851125011
-2.95743159351735,0.859552971776503,-1.47249821073871,-2.73420982990634,-1.73624910536936,2.38226339463064
-2.95376844015031,0.809654104932039,-1.70311716626029,-2.73420982990634,-1.85155858313015,2.27215391686985
-2.94983182722919,0.752613360087727,-1.92701469640686,-2.73420982990634,-1.96350734820343,2.16620515179657
