"beta1","beta2","beta3"
-1.23454307581533,0.457937254842823,1.93714975484282
-1.23454307581533,0.541026485551579,1.99103898555158
-1.23454307581533,0.618033988749895,2.0396464887499
-1.23454307581533,0.68865585100403,2.08266835100403
-1.23454307581533,0.752613360087727,2.11982586008773
-1.23454307581533,0.809654104932039,2.15086660493204
-1.23454307581533,0.859552971776503,2.1755654717765
-1.23454307581533,0.902113032590307,2.19372553259031
-1.23454307581533,0.937166322257262,2.20517882225726
-1.23454307581533,0.964574501457377,2.20978700145738
-1.23454307581533,0.984229402628956,2.20744190262896
-1.23454307581533,0.996053456856543,2.19806595685654
-1.23454307581533,1,2.1816125
-1.23454307581533,0.996053456856543,2.15806595685654
-1.23454307581533,0.984229402628956,2.12744190262896
-1.23454307581533,0.964574501457377,2.08978700145738
-1.23454307581533,0.937166322257262,2.04517882225726
-1.23454307581533,0.902113032590307,1.99372553259031
-1.23454307581533,0.859552971776503,1.9355654717765
-1.23454307581533,0.809654104932039,1.87086660493204
-1.23454307581533,0.752613360087727,1.79982586008773
-1.23454307581533,0.68865585100403,1.72266835100403
-1.23454307581533,0.618033988749895,1.63964648874989
-1.23454307581533,0.541026485551579,1.55103898555158
-1.23454307581533,0.457937254842823,1.45714975484282
-1.60748038493699,-0.148441416869855,1.46235858313015
-1.60748038493699,-0.0364926517965692,1.54030734820343
-1.60748038493699,0.0716535899579935,1.61525358995799
-1.60748038493699,0.175570504584947,1.68677050458495
-1.60748038493699,0.274847979497379,1.75444797949738
-1.60748038493699,0.369094211857377,1.81789421185738
-1.60748038493699,0.457937254842823,1.87673725484282
-1.60748038493699,0.541026485551579,1.93062648555158
-1.60748038493699,0.618033988749895,1.9792339887499
-1.60748038493699,0.68865585100403,2.02225585100403
-1.60748038493699,0.752613360087727,2.05941336008773
-1.60748038493699,0.809654104932039,2.09045410493204
-1.60748038493699,0.859552971776503,2.1151529717765
-1.60748038493699,0.902113032590307,2.13331303259031
-1.60748038493699,0.937166322257262,2.14476632225726
-1.60748038493699,0.964574501457377,2.14937450145738
-1.60748038493699,0.984229402628956,2.14702940262896
-1.60748038493699,0.996053456856543,2.13765345685654
-1.60748038493699,1,2.1212
-1.60748038493699,0.996053456856543,2.09765345685654
-1.60748038493699,0.984229402628956,2.06702940262896
-1.60748038493699,0.964574501457377,2.02937450145738
-1.60748038493699,0.937166322257262,1.98476632225726
-1.60748038493699,0.902113032590307,1.93331303259031
-1.60748038493699,0.859552971776503,1.8751529717765
-1.60748038493699,0.809654104932039,1.81045410493204
-1.60748038493699,0.752613360087727,1.73941336008773
-1.60748038493699,0.68865585100403,1.66225585100403
-1.60748038493699,0.618033988749895,1.57923398874989
-1.60748038493699,0.541026485551579,1.49062648555158
-1.60748038493699,0.457937254842823,1.39673725484282
-1.60748038493699,0.369094211857377,1.29789421185738
-1.60748038493699,0.274847979497379,1.19444797949738
-1.60748038493699,0.175570504584946,1.08677050458495
-1.60748038493699,0.0716535899579933,0.975253589957993
-1.60748038493699,-0.0364926517965696,0.86030734820343
-1.60748038493699,-0.148441416869855,0.742358583130145
-1.94834414499055,-0.62523737082855,1.07117512917145
-1.94834414499055,-0.502620225670291,1.15659227432971
-1.94834414499055,-0.381966011250105,1.2408464887499
-1.94834414499055,-0.263750894630644,1.32346160536936
-1.94834414499055,-0.148441416869855,1.40397108313015
-1.94834414499055,-0.0364926517965692,1.48191984820343
-1.94834414499055,0.0716535899579935,1.55686608995799
-1.94834414499055,0.175570504584947,1.62838300458495
-1.94834414499055,0.274847979497379,1.69606047949738
-1.94834414499055,0.369094211857377,1.75950671185738
-1.94834414499055,0.457937254842823,1.81834975484282
-1.94834414499055,0.541026485551579,1.87223898555158
-1.94834414499055,0.618033988749895,1.92084648874989
-1.94834414499055,0.68865585100403,1.96386835100403
-1.94834414499055,0.752613360087727,2.00102586008773
-1.94834414499055,0.809654104932039,2.03206660493204
-1.94834414499055,0.859552971776503,2.0567654717765
-1.94834414499055,0.902113032590307,2.07492553259031
-1.94834414499055,0.937166322257262,2.08637882225726
-1.94834414499055,0.964574501457377,2.09098700145738
-1.94834414499055,0.984229402628956,2.08864190262896
-1.94834414499055,0.996053456856543,2.07926595685654
-1.94834414499055,1,2.0628125
-1.94834414499055,0.996053456856543,2.03926595685654
-1.94834414499055,0.984229402628956,2.00864190262896
-1.94834414499055,0.964574501457377,1.97098700145738
-1.94834414499055,0.937166322257262,1.92637882225726
-1.94834414499055,0.902113032590307,1.87492553259031
-1.94834414499055,0.859552971776503,1.8167654717765
-1.94834414499055,0.809654104932039,1.75206660493204
-1.94834414499055,0.752613360087727,1.68102586008773
-1.94834414499055,0.68865585100403,1.60386835100403
-1.94834414499055,0.618033988749895,1.52084648874989
-1.94834414499055,0.541026485551579,1.43223898555158
-1.94834414499055,0.457937254842823,1.33834975484282
-1.94834414499055,0.369094211857377,1.23950671185738
-1.94834414499055,0.274847979497379,1.13606047949738
-1.94834414499055,0.175570504584946,1.02838300458495
-1.94834414499055,0.0716535899579933,0.916866089957993
-1.94834414499055,-0.0364926517965696,0.80191984820343
-1.94834414499055,-0.148441416869855,0.683971083130145
-1.94834414499055,-0.263750894630645,0.563461605369355
-1.94834414499055,-0.381966011250106,0.440846488749894
-1.94834414499055,-0.50262022567029,0.31659227432971
-1.94834414499055,-0.62523737082855,0.19117512917145
-2.25033320889138,-1.12558103905863,0.671268960941373
-2.25033320889138,-1,0.75645
-2.25033320889138,-0.874418960941373,0.842431039058627
-2.25033320889138,-0.749333532871391,0.928716467128609
-2.25033320889138,-0.62523737082855,1.01481262917145
-2.25033320889138,-0.502620225670291,1.10022977432971
-2.25033320889138,-0.381966011250105,1.1844839887499
-2.25033320889138,-0.263750894630644,1.26709910536936
-2.25033320889138,-0.148441416869855,1.34760858313015
-2.25033320889138,-0.0364926517965692,1.42555734820343
-2.25033320889138,0.0716535899579935,1.50050358995799
-2.25033320889138,0.175570504584947,1.57202050458495
-2.25033320889138,0.274847979497379,1.63969797949738
-2.25033320889138,0.369094211857377,1.70314421185738
-2.25033320889138,0.457937254842823,1.76198725484282
-2.25033320889138,0.541026485551579,1.81587648555158
-2.25033320889138,0.618033988749895,1.86448398874989
-2.25033320889138,0.68865585100403,1.90750585100403
-2.25033320889138,0.752613360087727,1.94466336008773
-2.25033320889138,0.809654104932039,1.97570410493204
-2.25033320889138,0.859552971776503,2.0004029717765
-2.25033320889138,0.902113032590307,2.01856303259031
-2.25033320889138,0.937166322257262,2.03001632225726
-2.25033320889138,0.964574501457377,2.03462450145738
-2.25033320889138,0.984229402628956,2.03227940262896
-2.25033320889138,0.996053456856543,2.02290345685654
-2.25033320889138,1,2.00645
-2.25033320889138,0.996053456856543,1.98290345685654
-2.25033320889138,0.984229402628956,1.95227940262896
-2.25033320889138,0.964574501457377,1.91462450145738
-2.25033320889138,0.937166322257262,1.87001632225726
-2.25033320889138,0.902113032590307,1.81856303259031
-2.25033320889138,0.859552971776503,1.7604029717765
-2.25033320889138,0.809654104932039,1.69570410493204
-2.25033320889138,0.752613360087727,1.62466336008773
-2.25033320889138,0.68865585100403,1.54750585100403
-2.25033320889138,0.618033988749895,1.46448398874989
-2.25033320889138,0.541026485551579,1.37587648555158
-2.25033320889138,0.457937254842823,1.28198725484282
-2.25033320889138,0.369094211857377,1.18314421185738
-2.25033320889138,0.274847979497379,1.07969797949738
-2.25033320889138,0.175570504584946,0.972020504584946
-2.25033320889138,0.0716535899579933,0.860503589957993
-2.25033320889138,-0.0364926517965696,0.74555734820343
-2.25033320889138,-0.148441416869855,0.627608583130145
-2.25033320889138,-0.263750894630645,0.507099105369355
-2.25033320889138,-0.381966011250106,0.384483988749894
-2.25033320889138,-0.50262022567029,0.26022977432971
-2.25033320889138,-0.62523737082855,0.13481262917145
-2.25033320889138,-0.749333532871391,0.00871646712860885
-2.25033320889138,-0.874418960941373,-0.117568960941373
-2.25033320889138,-1,-0.24355
-2.25033320889138,-1.12558103905863,-0.368731039058627
-2.50742208410481,-1.49737977432971,0.37113272567029
-2.50742208410481,-1.37476262917145,0.450949870828551
-2.50742208410481,-1.25066646712861,0.533046032871391
-2.50742208410481,-1.12558103905863,0.616931460941373
-2.50742208410481,-1,0.7021125
-2.50742208410481,-0.874418960941373,0.788093539058627
-2.50742208410481,-0.749333532871391,0.874378967128609
-2.50742208410481,-0.62523737082855,0.96047512917145
-2.50742208410481,-0.502620225670291,1.04589227432971
-2.50742208410481,-0.381966011250105,1.1301464887499
-2.50742208410481,-0.263750894630644,1.21276160536936
-2.50742208410481,-0.148441416869855,1.29327108313015
-2.50742208410481,-0.0364926517965692,1.37121984820343
-2.50742208410481,0.0716535899579935,1.44616608995799
-2.50742208410481,0.175570504584947,1.51768300458495
-2.50742208410481,0.274847979497379,1.58536047949738
-2.50742208410481,0.369094211857377,1.64880671185738
-2.50742208410481,0.457937254842823,1.70764975484282
-2.50742208410481,0.541026485551579,1.76153898555158
-2.50742208410481,0.618033988749895,1.81014648874989
-2.50742208410481,0.68865585100403,1.85316835100403
-2.50742208410481,0.752613360087727,1.89032586008773
-2.50742208410481,0.809654104932039,1.92136660493204
-2.50742208410481,0.859552971776503,1.9460654717765
-2.50742208410481,0.902113032590307,1.96422553259031
-2.50742208410481,0.937166322257262,1.97567882225726
-2.50742208410481,0.964574501457377,1.98028700145738
-2.50742208410481,0.984229402628956,1.97794190262896
-2.50742208410481,0.996053456856543,1.96856595685654
-2.50742208410481,1,1.9521125
-2.50742208410481,0.996053456856543,1.92856595685654
-2.50742208410481,0.984229402628956,1.89794190262896
-2.50742208410481,0.964574501457377,1.86028700145738
-2.50742208410481,0.937166322257262,1.81567882225726
-2.50742208410481,0.902113032590307,1.76422553259031
-2.50742208410481,0.859552971776503,1.7060654717765
-2.50742208410481,0.809654104932039,1.64136660493204
-2.50742208410481,0.752613360087727,1.57032586008773
-2.50742208410481,0.68865585100403,1.49316835100403
-2.50742208410481,0.618033988749895,1.41014648874989
-2.50742208410481,0.541026485551579,1.32153898555158
-2.50742208410481,0.457937254842823,1.22764975484282
-2.50742208410481,0.369094211857377,1.12880671185738
-2.50742208410481,0.274847979497379,1.02536047949738
-2.50742208410481,0.175570504584946,0.917683004584946
-2.50742208410481,0.0716535899579933,0.806166089957993
-2.50742208410481,-0.0364926517965696,0.69121984820343
-2.50742208410481,-0.148441416869855,0.573271083130145
-2.50742208410481,-0.263750894630645,0.452761605369355
-2.50742208410481,-0.381966011250106,0.330146488749894
-2.50742208410481,-0.50262022567029,0.20589227432971
-2.50742208410481,-0.62523737082855,0.0804751291714498
-2.50742208410481,-0.749333532871391,-0.045621032871391
-2.50742208410481,-0.874418960941373,-0.171906460941373
-2.50742208410481,-1,-0.2978875
-2.50742208410481,-1.12558103905863,-0.423068539058627
-2.50742208410481,-1.25066646712861,-0.546953967128609
-2.50742208410481,-1.37476262917145,-0.66905012917145
-2.50742208410481,-1.49737977432971,-0.78886727432971
-2.71448115739806,-1.73624910536936,0.167950894630644
-2.71448115739806,-1.61803398874989,0.241766011250106
-2.71448115739806,-1.49737977432971,0.318820225670291
-2.71448115739806,-1.37476262917145,0.398637370828551
-2.71448115739806,-1.25066646712861,0.480733532871392
-2.71448115739806,-1.12558103905863,0.564618960941373
-2.71448115739806,-1,0.6498
-2.71448115739806,-0.874418960941373,0.735781039058627
-2.71448115739806,-0.749333532871391,0.822066467128609
-2.71448115739806,-0.62523737082855,0.90816262917145
-2.71448115739806,-0.502620225670291,0.99357977432971
-2.71448115739806,-0.381966011250105,1.0778339887499
-2.71448115739806,-0.263750894630644,1.16044910536936
-2.71448115739806,-0.148441416869855,1.24095858313015
-2.71448115739806,-0.0364926517965692,1.31890734820343
-2.71448115739806,0.0716535899579935,1.39385358995799
-2.71448115739806,0.175570504584947,1.46537050458495
-2.71448115739806,0.274847979497379,1.53304797949738
-2.71448115739806,0.369094211857377,1.59649421185738
-2.71448115739806,0.457937254842823,1.65533725484282
-2.71448115739806,0.541026485551579,1.70922648555158
-2.71448115739806,0.618033988749895,1.7578339887499
-2.71448115739806,0.68865585100403,1.80085585100403
-2.71448115739806,0.752613360087727,1.83801336008773
-2.71448115739806,0.809654104932039,1.86905410493204
-2.71448115739806,0.859552971776503,1.8937529717765
-2.71448115739806,0.902113032590307,1.91191303259031
-2.71448115739806,0.937166322257262,1.92336632225726
-2.71448115739806,0.964574501457377,1.92797450145738
-2.71448115739806,0.984229402628956,1.92562940262896
-2.71448115739806,0.996053456856543,1.91625345685654
-2.71448115739806,1,1.8998
-2.71448115739806,0.996053456856543,1.87625345685654
-2.71448115739806,0.984229402628956,1.84562940262896
-2.71448115739806,0.964574501457377,1.80797450145738
-2.71448115739806,0.937166322257262,1.76336632225726
-2.71448115739806,0.902113032590307,1.71191303259031
-2.71448115739806,0.859552971776503,1.6537529717765
-2.71448115739806,0.809654104932039,1.58905410493204
-2.71448115739806,0.752613360087727,1.51801336008773
-2.71448115739806,0.68865585100403,1.44085585100403
-2.71448115739806,0.618033988749895,1.3578339887499
-2.71448115739806,0.541026485551579,1.26922648555158
-2.71448115739806,0.457937254842823,1.17533725484282
-2.71448115739806,0.369094211857377,1.07649421185738
-2.71448115739806,0.274847979497379,0.973047979497379
-2.71448115739806,0.175570504584946,0.865370504584946
-2.71448115739806,0.0716535899579933,0.753853589957993
-2.71448115739806,-0.0364926517965696,0.638907348203431
-2.71448115739806,-0.148441416869855,0.520958583130145
-2.71448115739806,-0.263750894630645,0.400449105369356
-2.71448115739806,-0.381966011250106,0.277833988749894
-2.71448115739806,-0.50262022567029,0.15357977432971
-2.71448115739806,-0.62523737082855,0.0281626291714501
-2.71448115739806,-0.749333532871391,-0.0979335328713908
-2.71448115739806,-0.874418960941373,-0.224218960941373
-2.71448115739806,-1,-0.3502
-2.71448115739806,-1.12558103905863,-0.475381039058627
-2.71448115739806,-1.25066646712861,-0.599266467128609
-2.71448115739806,-1.37476262917145,-0.721362629171449
-2.71448115739806,-1.49737977432971,-0.84117977432971
-2.71448115739806,-1.6180339887499,-0.958233988749895
-2.71448115739806,-1.73624910536936,-1.07204910536936
-2.86737904439499,-1.96350734820343,-0.01839484820343
-2.86737904439499,-1.85155858313015,0.0475539168698547
-2.86737904439499,-1.73624910536936,0.117663394630644
-2.86737904439499,-1.61803398874989,0.191478511250106
-2.86737904439499,-1.49737977432971,0.268532725670291
-2.86737904439499,-1.37476262917145,0.34834987082855
-2.86737904439499,-1.25066646712861,0.430446032871391
-2.86737904439499,-1.12558103905863,0.514331460941373
-2.86737904439499,-1,0.5995125
-2.86737904439499,-0.874418960941373,0.685493539058627
-2.86737904439499,-0.749333532871391,0.771778967128609
-2.86737904439499,-0.62523737082855,0.85787512917145
-2.86737904439499,-0.502620225670291,0.943292274329709
-2.86737904439499,-0.381966011250105,1.02754648874989
-2.86737904439499,-0.263750894630644,1.11016160536936
-2.86737904439499,-0.148441416869855,1.19067108313015
-2.86737904439499,-0.0364926517965692,1.26861984820343
-2.86737904439499,0.0716535899579935,1.34356608995799
-2.86737904439499,0.175570504584947,1.41508300458495
-2.86737904439499,0.274847979497379,1.48276047949738
-2.86737904439499,0.369094211857377,1.54620671185738
-2.86737904439499,0.457937254842823,1.60504975484282
-2.86737904439499,0.541026485551579,1.65893898555158
-2.86737904439499,0.618033988749895,1.70754648874989
-2.86737904439499,0.68865585100403,1.75056835100403
-2.86737904439499,0.752613360087727,1.78772586008773
-2.86737904439499,0.809654104932039,1.81876660493204
-2.86737904439499,0.859552971776503,1.8434654717765
-2.86737904439499,0.902113032590307,1.86162553259031
-2.86737904439499,0.937166322257262,1.87307882225726
-2.86737904439499,0.964574501457377,1.87768700145738
-2.86737904439499,0.984229402628956,1.87534190262896
-2.86737904439499,0.996053456856543,1.86596595685654
-2.86737904439499,1,1.8495125
-2.86737904439499,0.996053456856543,1.82596595685654
-2.86737904439499,0.984229402628956,1.79534190262896
-2.86737904439499,0.964574501457377,1.75768700145738
-2.86737904439499,0.937166322257262,1.71307882225726
-2.86737904439499,0.902113032590307,1.66162553259031
-2.86737904439499,0.859552971776503,1.6034654717765
-2.86737904439499,0.809654104932039,1.53876660493204
-2.86737904439499,0.752613360087727,1.46772586008773
-2.86737904439499,0.68865585100403,1.39056835100403
-2.86737904439499,0.618033988749895,1.3075464887499
-2.86737904439499,0.541026485551579,1.21893898555158
-2.86737904439499,0.457937254842823,1.12504975484282
-2.86737904439499,0.369094211857377,1.02620671185738
-2.86737904439499,0.274847979497379,0.922760479497379
-2.86737904439499,0.175570504584946,0.815083004584946
-2.86737904439499,0.0716535899579933,0.703566089957993
-2.86737904439499,-0.0364926517965696,0.58861984820343
-2.86737904439499,-0.148441416869855,0.470671083130145
-2.86737904439499,-0.263750894630645,0.350161605369355
-2.86737904439499,-0.381966011250106,0.227546488749894
-2.86737904439499,-0.50262022567029,0.10329227432971
-2.86737904439499,-0.62523737082855,-0.0221248708285501
-2.86737904439499,-0.749333532871391,-0.148221032871391
-2.86737904439499,-0.874418960941373,-0.274506460941373
-2.86737904439499,-1,-0.4004875
-2.86737904439499,-1.12558103905863,-0.525668539058627
-2.86737904439499,-1.25066646712861,-0.649553967128609
-2.86737904439499,-1.37476262917145,-0.77165012917145
-2.86737904439499,-1.49737977432971,-0.89146727432971
-2.86737904439499,-1.6180339887499,-1.0085214887499
-2.86737904439499,-1.73624910536936,-1.12233660536936
-2.86737904439499,-1.85155858313015,-1.23244608313015
-2.86737904439499,-1.96350734820343,-1.33839484820343
-2.96306502178541,-2.17557050458495,-0.184320504584946
-2.96306502178541,-2.07165358995799,-0.128003589957993
-2.96306502178541,-1.96350734820343,-0.0666573482034301
-2.96306502178541,-1.85155858313015,-0.000708583130145213
-2.96306502178541,-1.73624910536936,0.0694008946306441
-2.96306502178541,-1.61803398874989,0.143216011250106
-2.96306502178541,-1.49737977432971,0.22027022567029
-2.96306502178541,-1.37476262917145,0.300087370828551
-2.96306502178541,-1.25066646712861,0.382183532871391
-2.96306502178541,-1.12558103905863,0.466068960941373
-2.96306502178541,-1,0.55125
-2.96306502178541,-0.874418960941373,0.637231039058627
-2.96306502178541,-0.749333532871391,0.723516467128609
-2.96306502178541,-0.62523737082855,0.80961262917145
-2.96306502178541,-0.502620225670291,0.89502977432971
-2.96306502178541,-0.381966011250105,0.979283988749895
-2.96306502178541,-0.263750894630644,1.06189910536936
-2.96306502178541,-0.148441416869855,1.14240858313015
-2.96306502178541,-0.0364926517965692,1.22035734820343
-2.96306502178541,0.0716535899579935,1.29530358995799
-2.96306502178541,0.175570504584947,1.36682050458495
-2.96306502178541,0.274847979497379,1.43449797949738
-2.96306502178541,0.369094211857377,1.49794421185738
-2.96306502178541,0.457937254842823,1.55678725484282
-2.96306502178541,0.541026485551579,1.61067648555158
-2.96306502178541,0.618033988749895,1.65928398874989
-2.96306502178541,0.68865585100403,1.70230585100403
-2.96306502178541,0.752613360087727,1.73946336008773
-2.96306502178541,0.809654104932039,1.77050410493204
-2.96306502178541,0.859552971776503,1.7952029717765
-2.96306502178541,0.902113032590307,1.81336303259031
-2.96306502178541,0.937166322257262,1.82481632225726
-2.96306502178541,0.964574501457377,1.82942450145738
-2.96306502178541,0.984229402628956,1.82707940262896
-2.96306502178541,0.996053456856543,1.81770345685654
-2.96306502178541,1,1.80125
-2.96306502178541,0.996053456856543,1.77770345685654
-2.96306502178541,0.984229402628956,1.74707940262896
-2.96306502178541,0.964574501457377,1.70942450145738
-2.96306502178541,0.937166322257262,1.66481632225726
-2.96306502178541,0.902113032590307,1.61336303259031
-2.96306502178541,0.859552971776503,1.5552029717765
-2.96306502178541,0.809654104932039,1.49050410493204
-2.96306502178541,0.752613360087727,1.41946336008773
-2.96306502178541,0.68865585100403,1.34230585100403
-2.96306502178541,0.618033988749895,1.2592839887499
-2.96306502178541,0.541026485551579,1.17067648555158
-2.96306502178541,0.457937254842823,1.07678725484282
-2.96306502178541,0.369094211857377,0.977944211857377
-2.96306502178541,0.274847979497379,0.874497979497379
-2.96306502178541,0.175570504584946,0.766820504584946
-2.96306502178541,0.0716535899579933,0.655303589957993
-2.96306502178541,-0.0364926517965696,0.54035734820343
-2.96306502178541,-0.148441416869855,0.422408583130145
-2.96306502178541,-0.263750894630645,0.301899105369355
-2.96306502178541,-0.381966011250106,0.179283988749894
-2.96306502178541,-0.50262022567029,0.0550297743297099
-2.96306502178541,-0.62523737082855,-0.0703873708285501
-2.96306502178541,-0.749333532871391,-0.196483532871391
-2.96306502178541,-0.874418960941373,-0.322768960941373
-2.96306502178541,-1,-0.44875
-2.96306502178541,-1.12558103905863,-0.573931039058627
-2.96306502178541,-1.25066646712861,-0.697816467128609
-2.96306502178541,-1.37476262917145,-0.81991262917145
-2.96306502178541,-1.49737977432971,-0.93972977432971
-2.96306502178541,-1.6180339887499,-1.0567839887499
-2.96306502178541,-1.73624910536936,-1.17059910536936
-2.96306502178541,-1.85155858313015,-1.28070858313015
-2.96306502178541,-1.96350734820343,-1.38665734820343
-2.96306502178541,-2.07165358995799,-1.48800358995799
-2.96306502178541,-2.17557050458495,-1.58432050458495
-2.99962989744498,-2.36909421185738,-0.326481711857378
-2.99962989744498,-2.27484797949738,-0.281435479497379
-2.99962989744498,-2.17557050458495,-0.230558004584946
-2.99962989744498,-2.07165358995799,-0.174241089957993
-2.99962989744498,-1.96350734820343,-0.11289484820343
-2.99962989744498,-1.85155858313015,-0.0469460831301454
-2.99962989744498,-1.73624910536936,0.023163394630644
-2.99962989744498,-1.61803398874989,0.0969785112501054
-2.99962989744498,-1.49737977432971,0.17403272567029
-2.99962989744498,-1.37476262917145,0.25384987082855
-2.99962989744498,-1.25066646712861,0.335946032871391
-2.99962989744498,-1.12558103905863,0.419831460941373
-2.99962989744498,-1,0.5050125
-2.99962989744498,-0.874418960941373,0.590993539058627
-2.99962989744498,-0.749333532871391,0.677278967128609
-2.99962989744498,-0.62523737082855,0.76337512917145
-2.99962989744498,-0.502620225670291,0.848792274329709
-2.99962989744498,-0.381966011250105,0.933046488749895
-2.99962989744498,-0.263750894630644,1.01566160536936
-2.99962989744498,-0.148441416869855,1.09617108313014
-2.99962989744498,-0.0364926517965692,1.17411984820343
-2.99962989744498,0.0716535899579935,1.24906608995799
-2.99962989744498,0.175570504584947,1.32058300458495
-2.99962989744498,0.274847979497379,1.38826047949738
-2.99962989744498,0.369094211857377,1.45170671185738
-2.99962989744498,0.457937254842823,1.51054975484282
-2.99962989744498,0.541026485551579,1.56443898555158
-2.99962989744498,0.618033988749895,1.61304648874989
-2.99962989744498,0.68865585100403,1.65606835100403
-2.99962989744498,0.752613360087727,1.69322586008773
-2.99962989744498,0.809654104932039,1.72426660493204
-2.99962989744498,0.859552971776503,1.7489654717765
-2.99962989744498,0.902113032590307,1.76712553259031
-2.99962989744498,0.937166322257262,1.77857882225726
-2.99962989744498,0.964574501457377,1.78318700145738
-2.99962989744498,0.984229402628956,1.78084190262896
-2.99962989744498,0.996053456856543,1.77146595685654
-2.99962989744498,1,1.7550125
-2.99962989744498,0.996053456856543,1.73146595685654
-2.99962989744498,0.984229402628956,1.70084190262896
-2.99962989744498,0.964574501457377,1.66318700145738
-2.99962989744498,0.937166322257262,1.61857882225726
-2.99962989744498,0.902113032590307,1.56712553259031
-2.99962989744498,0.859552971776503,1.5089654717765
-2.99962989744498,0.809654104932039,1.44426660493204
-2.99962989744498,0.752613360087727,1.37322586008773
-2.99962989744498,0.68865585100403,1.29606835100403
-2.99962989744498,0.618033988749895,1.2130464887499
-2.99962989744498,0.541026485551579,1.12443898555158
-2.99962989744498,0.457937254842823,1.03054975484282
-2.99962989744498,0.369094211857377,0.931706711857377
-2.99962989744498,0.274847979497379,0.828260479497379
-2.99962989744498,0.175570504584946,0.720583004584946
-2.99962989744498,0.0716535899579933,0.609066089957993
-2.99962989744498,-0.0364926517965696,0.49411984820343
-2.99962989744498,-0.148441416869855,0.376171083130145
-2.99962989744498,-0.263750894630645,0.255661605369355
-2.99962989744498,-0.381966011250106,0.133046488749894
-2.99962989744498,-0.50262022567029,0.00879227432970975
-2.99962989744498,-0.62523737082855,-0.11662487082855
-2.99962989744498,-0.749333532871391,-0.242721032871391
-2.99962989744498,-0.874418960941373,-0.369006460941373
-2.99962989744498,-1,-0.4949875
-2.99962989744498,-1.12558103905863,-0.620168539058627
-2.99962989744498,-1.25066646712861,-0.744053967128609
-2.99962989744498,-1.37476262917145,-0.86615012917145
-2.99962989744498,-1.49737977432971,-0.98596727432971
-2.99962989744498,-1.6180339887499,-1.1030214887499
-2.99962989744498,-1.73624910536936,-1.21683660536936
-2.99962989744498,-1.85155858313015,-1.32694608313015
-2.99962989744498,-1.96350734820343,-1.43289484820343
-2.99962989744498,-2.07165358995799,-1.53424108995799
-2.99962989744498,-2.17557050458495,-1.63055800458495
-2.99962989744498,-2.27484797949738,-1.72143547949738
-2.99962989744498,-2.36909421185738,-1.80648171185738
-2.97634410394343,-2.45793725484282,-0.409537254842823
-2.97634410394343,-2.36909421185738,-0.370694211857377
-2.97634410394343,-2.27484797949738,-0.325647979497379
-2.97634410394343,-2.17557050458495,-0.274770504584946
-2.97634410394343,-2.07165358995799,-0.218453589957993
-2.97634410394343,-1.96350734820343,-0.15710734820343
-2.97634410394343,-1.85155858313015,-0.0911585831301454
-2.97634410394343,-1.73624910536936,-0.0210491053693557
-2.97634410394343,-1.61803398874989,0.0527660112501056
-2.97634410394343,-1.49737977432971,0.129820225670291
-2.97634410394343,-1.37476262917145,0.20963737082855
-2.97634410394343,-1.25066646712861,0.291733532871391
-2.97634410394343,-1.12558103905863,0.375618960941373
-2.97634410394343,-1,0.4608
-2.97634410394343,-0.874418960941373,0.546781039058627
-2.97634410394343,-0.749333532871391,0.633066467128609
-2.97634410394343,-0.62523737082855,0.71916262917145
-2.97634410394343,-0.502620225670291,0.804579774329709
-2.97634410394343,-0.381966011250105,0.888833988749895
-2.97634410394343,-0.263750894630644,0.971449105369356
-2.97634410394343,-0.148441416869855,1.05195858313015
-2.97634410394343,-0.0364926517965692,1.12990734820343
-2.97634410394343,0.0716535899579935,1.20485358995799
-2.97634410394343,0.175570504584947,1.27637050458495
-2.97634410394343,0.274847979497379,1.34404797949738
-2.97634410394343,0.369094211857377,1.40749421185738
-2.97634410394343,0.457937254842823,1.46633725484282
-2.97634410394343,0.541026485551579,1.52022648555158
-2.97634410394343,0.618033988749895,1.56883398874989
-2.97634410394343,0.68865585100403,1.61185585100403
-2.97634410394343,0.752613360087727,1.64901336008773
-2.97634410394343,0.809654104932039,1.68005410493204
-2.97634410394343,0.859552971776503,1.7047529717765
-2.97634410394343,0.902113032590307,1.72291303259031
-2.97634410394343,0.937166322257262,1.73436632225726
-2.97634410394343,0.964574501457377,1.73897450145738
-2.97634410394343,0.984229402628956,1.73662940262896
-2.97634410394343,0.996053456856543,1.72725345685654
-2.97634410394343,1,1.7108
-2.97634410394343,0.996053456856543,1.68725345685654
-2.97634410394343,0.984229402628956,1.65662940262896
-2.97634410394343,0.964574501457377,1.61897450145738
-2.97634410394343,0.937166322257262,1.57436632225726
-2.97634410394343,0.902113032590307,1.52291303259031
-2.97634410394343,0.859552971776503,1.4647529717765
-2.97634410394343,0.809654104932039,1.40005410493204
-2.97634410394343,0.752613360087727,1.32901336008773
-2.97634410394343,0.68865585100403,1.25185585100403
-2.97634410394343,0.618033988749895,1.16883398874989
-2.97634410394343,0.541026485551579,1.08022648555158
-2.97634410394343,0.457937254842823,0.986337254842823
-2.97634410394343,0.369094211857377,0.887494211857377
-2.97634410394343,0.274847979497379,0.784047979497379
-2.97634410394343,0.175570504584946,0.676370504584946
-2.97634410394343,0.0716535899579933,0.564853589957993
-2.97634410394343,-0.0364926517965696,0.44990734820343
-2.97634410394343,-0.148441416869855,0.331958583130145
-2.97634410394343,-0.263750894630645,0.211449105369355
-2.97634410394343,-0.381966011250106,0.0888339887498941
-2.97634410394343,-0.50262022567029,-0.03542022567029
-2.97634410394343,-0.62523737082855,-0.16083737082855
-2.97634410394343,-0.749333532871391,-0.286933532871391
-2.97634410394343,-0.874418960941373,-0.413218960941373
-2.97634410394343,-1,-0.5392
-2.97634410394343,-1.12558103905863,-0.664381039058627
-2.97634410394343,-1.25066646712861,-0.788266467128609
-2.97634410394343,-1.37476262917145,-0.91036262917145
-2.97634410394343,-1.49737977432971,-1.03017977432971
-2.97634410394343,-1.6180339887499,-1.1472339887499
-2.97634410394343,-1.73624910536936,-1.26104910536936
-2.97634410394343,-1.85155858313015,-1.37115858313015
-2.97634410394343,-1.96350734820343,-1.47710734820343
-2.97634410394343,-2.07165358995799,-1.57845358995799
-2.97634410394343,-2.17557050458495,-1.67477050458495
-2.97634410394343,-2.27484797949738,-1.76564797949738
-2.97634410394343,-2.36909421185738,-1.85069421185738
-2.97634410394343,-2.45793725484282,-1.92953725484282
-2.89367225537339,-2.54102648555158,-0.484013985551578
-2.89367225537339,-2.45793725484282,-0.451724754842822
-2.89367225537339,-2.36909421185738,-0.412881711857377
-2.89367225537339,-2.27484797949738,-0.367835479497379
-2.89367225537339,-2.17557050458495,-0.316958004584946
-2.89367225537339,-2.07165358995799,-0.260641089957993
-2.89367225537339,-1.96350734820343,-0.19929484820343
-2.89367225537339,-1.85155858313015,-0.133346083130145
-2.89367225537339,-1.73624910536936,-0.0632366053693557
-2.89367225537339,-1.61803398874989,0.0105785112501056
-2.89367225537339,-1.49737977432971,0.0876327256702905
-2.89367225537339,-1.37476262917145,0.167449870828551
-2.89367225537339,-1.25066646712861,0.249546032871391
-2.89367225537339,-1.12558103905863,0.333431460941373
-2.89367225537339,-1,0.4186125
-2.89367225537339,-0.874418960941373,0.504593539058627
-2.89367225537339,-0.749333532871391,0.590878967128609
-2.89367225537339,-0.62523737082855,0.67697512917145
-2.89367225537339,-0.502620225670291,0.76239227432971
-2.89367225537339,-0.381966011250105,0.846646488749895
-2.89367225537339,-0.263750894630644,0.929261605369356
-2.89367225537339,-0.148441416869855,1.00977108313015
-2.89367225537339,-0.0364926517965692,1.08771984820343
-2.89367225537339,0.0716535899579935,1.16266608995799
-2.89367225537339,0.175570504584947,1.23418300458495
-2.89367225537339,0.274847979497379,1.30186047949738
-2.89367225537339,0.369094211857377,1.36530671185738
-2.89367225537339,0.457937254842823,1.42414975484282
-2.89367225537339,0.541026485551579,1.47803898555158
-2.89367225537339,0.618033988749895,1.5266464887499
-2.89367225537339,0.68865585100403,1.56966835100403
-2.89367225537339,0.752613360087727,1.60682586008773
-2.89367225537339,0.809654104932039,1.63786660493204
-2.89367225537339,0.859552971776503,1.6625654717765
-2.89367225537339,0.902113032590307,1.68072553259031
-2.89367225537339,0.937166322257262,1.69217882225726
-2.89367225537339,0.964574501457377,1.69678700145738
-2.89367225537339,0.984229402628956,1.69444190262896
-2.89367225537339,0.996053456856543,1.68506595685654
-2.89367225537339,1,1.6686125
-2.89367225537339,0.996053456856543,1.64506595685654
-2.89367225537339,0.984229402628956,1.61444190262896
-2.89367225537339,0.964574501457377,1.57678700145738
-2.89367225537339,0.937166322257262,1.53217882225726
-2.89367225537339,0.902113032590307,1.48072553259031
-2.89367225537339,0.859552971776503,1.4225654717765
-2.89367225537339,0.809654104932039,1.35786660493204
-2.89367225537339,0.752613360087727,1.28682586008773
-2.89367225537339,0.68865585100403,1.20966835100403
-2.89367225537339,0.618033988749895,1.12664648874989
-2.89367225537339,0.541026485551579,1.03803898555158
-2.89367225537339,0.457937254842823,0.944149754842823
-2.89367225537339,0.369094211857377,0.845306711857377
-2.89367225537339,0.274847979497379,0.741860479497379
-2.89367225537339,0.175570504584946,0.634183004584946
-2.89367225537339,0.0716535899579933,0.522666089957993
-2.89367225537339,-0.0364926517965696,0.40771984820343
-2.89367225537339,-0.148441416869855,0.289771083130145
-2.89367225537339,-0.263750894630645,0.169261605369355
-2.89367225537339,-0.381966011250106,0.0466464887498941
-2.89367225537339,-0.50262022567029,-0.0776077256702901
-2.89367225537339,-0.62523737082855,-0.20302487082855
-2.89367225537339,-0.749333532871391,-0.329121032871391
-2.89367225537339,-0.874418960941373,-0.455406460941373
-2.89367225537339,-1,-0.5813875
-2.89367225537339,-1.12558103905863,-0.706568539058627
-2.89367225537339,-1.25066646712861,-0.830453967128609
-2.89367225537339,-1.37476262917145,-0.95255012917145
-2.89367225537339,-1.49737977432971,-1.07236727432971
-2.89367225537339,-1.6180339887499,-1.1894214887499
-2.89367225537339,-1.73624910536936,-1.30323660536936
-2.89367225537339,-1.85155858313015,-1.41334608313015
-2.89367225537339,-1.96350734820343,-1.51929484820343
-2.89367225537339,-2.07165358995799,-1.62064108995799
-2.89367225537339,-2.17557050458495,-1.71695800458495
-2.89367225537339,-2.27484797949738,-1.80783547949738
-2.89367225537339,-2.36909421185738,-1.89288171185738
-2.89367225537339,-2.45793725484282,-1.97172475484282
-2.89367225537339,-2.54102648555158,-2.04401398555158
-2.75326387705194,-2.68865585100403,-0.56780585100403
-2.75326387705194,-2.61803398874989,-0.549583988749894
-2.75326387705194,-2.54102648555158,-0.524176485551578
-2.75326387705194,-2.45793725484282,-0.491887254842823
-2.75326387705194,-2.36909421185738,-0.453044211857377
-2.75326387705194,-2.27484797949738,-0.407997979497379
-2.75326387705194,-2.17557050458495,-0.357120504584946
-2.75326387705194,-2.07165358995799,-0.300803589957993
-2.75326387705194,-1.96350734820343,-0.23945734820343
-2.75326387705194,-1.85155858313015,-0.173508583130145
-2.75326387705194,-1.73624910536936,-0.103399105369356
-2.75326387705194,-1.61803398874989,-0.0295839887498945
-2.75326387705194,-1.49737977432971,0.0474702256702904
-2.75326387705194,-1.37476262917145,0.12728737082855
-2.75326387705194,-1.25066646712861,0.209383532871391
-2.75326387705194,-1.12558103905863,0.293268960941373
-2.75326387705194,-1,0.37845
-2.75326387705194,-0.874418960941373,0.464431039058627
-2.75326387705194,-0.749333532871391,0.550716467128609
-2.75326387705194,-0.62523737082855,0.63681262917145
-2.75326387705194,-0.502620225670291,0.722229774329709
-2.75326387705194,-0.381966011250105,0.806483988749895
-2.75326387705194,-0.263750894630644,0.889099105369356
-2.75326387705194,-0.148441416869855,0.969608583130145
-2.75326387705194,-0.0364926517965692,1.04755734820343
-2.75326387705194,0.0716535899579935,1.12250358995799
-2.75326387705194,0.175570504584947,1.19402050458495
-2.75326387705194,0.274847979497379,1.26169797949738
-2.75326387705194,0.369094211857377,1.32514421185738
-2.75326387705194,0.457937254842823,1.38398725484282
-2.75326387705194,0.541026485551579,1.43787648555158
-2.75326387705194,0.618033988749895,1.4864839887499
-2.75326387705194,0.68865585100403,1.52950585100403
-2.75326387705194,0.752613360087727,1.56666336008773
-2.75326387705194,0.809654104932039,1.59770410493204
-2.75326387705194,0.859552971776503,1.6224029717765
-2.75326387705194,0.902113032590307,1.64056303259031
-2.75326387705194,0.937166322257262,1.65201632225726
-2.75326387705194,0.964574501457377,1.65662450145738
-2.75326387705194,0.984229402628956,1.65427940262896
-2.75326387705194,0.996053456856543,1.64490345685654
-2.75326387705194,1,1.62845
-2.75326387705194,0.996053456856543,1.60490345685654
-2.75326387705194,0.984229402628956,1.57427940262896
-2.75326387705194,0.964574501457377,1.53662450145738
-2.75326387705194,0.937166322257262,1.49201632225726
-2.75326387705194,0.902113032590307,1.44056303259031
-2.75326387705194,0.859552971776503,1.3824029717765
-2.75326387705194,0.809654104932039,1.31770410493204
-2.75326387705194,0.752613360087727,1.24666336008773
-2.75326387705194,0.68865585100403,1.16950585100403
-2.75326387705194,0.618033988749895,1.08648398874989
-2.75326387705194,0.541026485551579,0.997876485551579
-2.75326387705194,0.457937254842823,0.903987254842823
-2.75326387705194,0.369094211857377,0.805144211857378
-2.75326387705194,0.274847979497379,0.701697979497379
-2.75326387705194,0.175570504584946,0.594020504584946
-2.75326387705194,0.0716535899579933,0.482503589957993
-2.75326387705194,-0.0364926517965696,0.36755734820343
-2.75326387705194,-0.148441416869855,0.249608583130145
-2.75326387705194,-0.263750894630645,0.129099105369355
-2.75326387705194,-0.381966011250106,0.0064839887498942
-2.75326387705194,-0.50262022567029,-0.11777022567029
-2.75326387705194,-0.62523737082855,-0.24318737082855
-2.75326387705194,-0.749333532871391,-0.369283532871391
-2.75326387705194,-0.874418960941373,-0.495568960941373
-2.75326387705194,-1,-0.62155
-2.75326387705194,-1.12558103905863,-0.746731039058627
-2.75326387705194,-1.25066646712861,-0.870616467128609
-2.75326387705194,-1.37476262917145,-0.99271262917145
-2.75326387705194,-1.49737977432971,-1.11252977432971
-2.75326387705194,-1.6180339887499,-1.2295839887499
-2.75326387705194,-1.73624910536936,-1.34339910536936
-2.75326387705194,-1.85155858313015,-1.45350858313015
-2.75326387705194,-1.96350734820343,-1.55945734820343
-2.75326387705194,-2.07165358995799,-1.66080358995799
-2.75326387705194,-2.17557050458495,-1.75712050458495
-2.75326387705194,-2.27484797949738,-1.84799797949738
-2.75326387705194,-2.36909421185738,-1.93304421185738
-2.75326387705194,-2.45793725484282,-2.01188725484282
-2.75326387705194,-2.54102648555158,-2.08417648555158
-2.75326387705194,-2.61803398874989,-2.14958398874989
-2.75326387705194,-2.68865585100403,-2.20780585100403
-2.55792049306228,-2.68865585100403,-0.60594335100403
-2.55792049306228,-2.61803398874989,-0.587721488749894
-2.55792049306228,-2.54102648555158,-0.562313985551578
-2.55792049306228,-2.45793725484282,-0.530024754842823
-2.55792049306228,-2.36909421185738,-0.491181711857377
-2.55792049306228,-2.27484797949738,-0.446135479497379
-2.55792049306228,-2.17557050458495,-0.395258004584946
-2.55792049306228,-2.07165358995799,-0.338941089957993
-2.55792049306228,-1.96350734820343,-0.27759484820343
-2.55792049306228,-1.85155858313015,-0.211646083130145
-2.55792049306228,-1.73624910536936,-0.141536605369356
-2.55792049306228,-1.61803398874989,-0.0677214887498945
-2.55792049306228,-1.49737977432971,0.00933272567029042
-2.55792049306228,-1.37476262917145,0.0891498708285505
-2.55792049306228,-1.25066646712861,0.171246032871391
-2.55792049306228,-1.12558103905863,0.255131460941373
-2.55792049306228,-1,0.3403125
-2.55792049306228,-0.874418960941373,0.426293539058627
-2.55792049306228,-0.749333532871391,0.512578967128609
-2.55792049306228,-0.62523737082855,0.59867512917145
-2.55792049306228,-0.502620225670291,0.68409227432971
-2.55792049306228,-0.381966011250105,0.768346488749895
-2.55792049306228,-0.263750894630644,0.850961605369356
-2.55792049306228,-0.148441416869855,0.931471083130145
-2.55792049306228,-0.0364926517965692,1.00941984820343
-2.55792049306228,0.0716535899579935,1.08436608995799
-2.55792049306228,0.175570504584947,1.15588300458495
-2.55792049306228,0.274847979497379,1.22356047949738
-2.55792049306228,0.369094211857377,1.28700671185738
-2.55792049306228,0.457937254842823,1.34584975484282
-2.55792049306228,0.541026485551579,1.39973898555158
-2.55792049306228,0.618033988749895,1.44834648874989
-2.55792049306228,0.68865585100403,1.49136835100403
-2.55792049306228,0.752613360087727,1.52852586008773
-2.55792049306228,0.809654104932039,1.55956660493204
-2.55792049306228,0.859552971776503,1.5842654717765
-2.55792049306228,0.902113032590307,1.60242553259031
-2.55792049306228,0.937166322257262,1.61387882225726
-2.55792049306228,0.964574501457377,1.61848700145738
-2.55792049306228,0.984229402628956,1.61614190262896
-2.55792049306228,0.996053456856543,1.60676595685654
-2.55792049306228,1,1.5903125
-2.55792049306228,0.996053456856543,1.56676595685654
-2.55792049306228,0.984229402628956,1.53614190262896
-2.55792049306228,0.964574501457377,1.49848700145738
-2.55792049306228,0.937166322257262,1.45387882225726
-2.55792049306228,0.902113032590307,1.40242553259031
-2.55792049306228,0.859552971776503,1.3442654717765
-2.55792049306228,0.809654104932039,1.27956660493204
-2.55792049306228,0.752613360087727,1.20852586008773
-2.55792049306228,0.68865585100403,1.13136835100403
-2.55792049306228,0.618033988749895,1.0483464887499
-2.55792049306228,0.541026485551579,0.959738985551579
-2.55792049306228,0.457937254842823,0.865849754842823
-2.55792049306228,0.369094211857377,0.767006711857378
-2.55792049306228,0.274847979497379,0.663560479497379
-2.55792049306228,0.175570504584946,0.555883004584946
-2.55792049306228,0.0716535899579933,0.444366089957993
-2.55792049306228,-0.0364926517965696,0.329419848203431
-2.55792049306228,-0.148441416869855,0.211471083130145
-2.55792049306228,-0.263750894630645,0.0909616053693554
-2.55792049306228,-0.381966011250106,-0.0316535112501058
-2.55792049306228,-0.50262022567029,-0.15590772567029
-2.55792049306228,-0.62523737082855,-0.28132487082855
-2.55792049306228,-0.749333532871391,-0.407421032871391
-2.55792049306228,-0.874418960941373,-0.533706460941373
-2.55792049306228,-1,-0.6596875
-2.55792049306228,-1.12558103905863,-0.784868539058627
-2.55792049306228,-1.25066646712861,-0.908753967128609
-2.55792049306228,-1.37476262917145,-1.03085012917145
-2.55792049306228,-1.49737977432971,-1.15066727432971
-2.55792049306228,-1.6180339887499,-1.2677214887499
-2.55792049306228,-1.73624910536936,-1.38153660536936
-2.55792049306228,-1.85155858313015,-1.49164608313015
-2.55792049306228,-1.96350734820343,-1.59759484820343
-2.55792049306228,-2.07165358995799,-1.69894108995799
-2.55792049306228,-2.17557050458495,-1.79525800458495
-2.55792049306228,-2.27484797949738,-1.88613547949738
-2.55792049306228,-2.36909421185738,-1.97118171185738
-2.55792049306228,-2.45793725484282,-2.05002475484282
-2.55792049306228,-2.54102648555158,-2.12231398555158
-2.55792049306228,-2.61803398874989,-2.18772148874989
-2.55792049306228,-2.68865585100403,-2.24594335100403
-2.31153972832737,-2.75261336008773,-0.652813360087727
-2.31153972832737,-2.68865585100403,-0.64205585100403
-2.31153972832737,-2.61803398874989,-0.623833988749894
-2.31153972832737,-2.54102648555158,-0.598426485551578
-2.31153972832737,-2.45793725484282,-0.566137254842823
-2.31153972832737,-2.36909421185738,-0.527294211857377
-2.31153972832737,-2.27484797949738,-0.482247979497379
-2.31153972832737,-2.17557050458495,-0.431370504584946
-2.31153972832737,-2.07165358995799,-0.375053589957993
-2.31153972832737,-1.96350734820343,-0.31370734820343
-2.31153972832737,-1.85155858313015,-0.247758583130145
-2.31153972832737,-1.73624910536936,-0.177649105369356
-2.31153972832737,-1.61803398874989,-0.103833988749894
-2.31153972832737,-1.49737977432971,-0.0267797743297096
-2.31153972832737,-1.37476262917145,0.0530373708285505
-2.31153972832737,-1.25066646712861,0.135133532871391
-2.31153972832737,-1.12558103905863,0.219018960941373
-2.31153972832737,-1,0.3042
-2.31153972832737,-0.874418960941373,0.390181039058627
-2.31153972832737,-0.749333532871391,0.476466467128609
-2.31153972832737,-0.62523737082855,0.56256262917145
-2.31153972832737,-0.502620225670291,0.64797977432971
-2.31153972832737,-0.381966011250105,0.732233988749895
-2.31153972832737,-0.263750894630644,0.814849105369356
-2.31153972832737,-0.148441416869855,0.895358583130145
-2.31153972832737,-0.0364926517965692,0.973307348203431
-2.31153972832737,0.0716535899579935,1.04825358995799
-2.31153972832737,0.175570504584947,1.11977050458495
-2.31153972832737,0.274847979497379,1.18744797949738
-2.31153972832737,0.369094211857377,1.25089421185738
-2.31153972832737,0.457937254842823,1.30973725484282
-2.31153972832737,0.541026485551579,1.36362648555158
-2.31153972832737,0.618033988749895,1.41223398874989
-2.31153972832737,0.68865585100403,1.45525585100403
-2.31153972832737,0.752613360087727,1.49241336008773
-2.31153972832737,0.809654104932039,1.52345410493204
-2.31153972832737,0.859552971776503,1.5481529717765
-2.31153972832737,0.902113032590307,1.56631303259031
-2.31153972832737,0.937166322257262,1.57776632225726
-2.31153972832737,0.964574501457377,1.58237450145738
-2.31153972832737,0.984229402628956,1.58002940262896
-2.31153972832737,0.996053456856543,1.57065345685654
-2.31153972832737,1,1.5542
-2.31153972832737,0.996053456856543,1.53065345685654
-2.31153972832737,0.984229402628956,1.50002940262896
-2.31153972832737,0.964574501457377,1.46237450145738
-2.31153972832737,0.937166322257262,1.41776632225726
-2.31153972832737,0.902113032590307,1.36631303259031
-2.31153972832737,0.859552971776503,1.3081529717765
-2.31153972832737,0.809654104932039,1.24345410493204
-2.31153972832737,0.752613360087727,1.17241336008773
-2.31153972832737,0.68865585100403,1.09525585100403
-2.31153972832737,0.618033988749895,1.0122339887499
-2.31153972832737,0.541026485551579,0.923626485551579
-2.31153972832737,0.457937254842823,0.829737254842823
-2.31153972832737,0.369094211857377,0.730894211857378
-2.31153972832737,0.274847979497379,0.627447979497379
-2.31153972832737,0.175570504584946,0.519770504584946
-2.31153972832737,0.0716535899579933,0.408253589957993
-2.31153972832737,-0.0364926517965696,0.293307348203431
-2.31153972832737,-0.148441416869855,0.175358583130145
-2.31153972832737,-0.263750894630645,0.0548491053693554
-2.31153972832737,-0.381966011250106,-0.067766011250106
-2.31153972832737,-0.50262022567029,-0.19202022567029
-2.31153972832737,-0.62523737082855,-0.31743737082855
-2.31153972832737,-0.749333532871391,-0.443533532871391
-2.31153972832737,-0.874418960941373,-0.569818960941373
-2.31153972832737,-1,-0.6958
-2.31153972832737,-1.12558103905863,-0.820981039058627
-2.31153972832737,-1.25066646712861,-0.944866467128609
-2.31153972832737,-1.37476262917145,-1.06696262917145
-2.31153972832737,-1.49737977432971,-1.18677977432971
-2.31153972832737,-1.6180339887499,-1.3038339887499
-2.31153972832737,-1.73624910536936,-1.41764910536936
-2.31153972832737,-1.85155858313015,-1.52775858313015
-2.31153972832737,-1.96350734820343,-1.63370734820343
-2.31153972832737,-2.07165358995799,-1.73505358995799
-2.31153972832737,-2.17557050458495,-1.83137050458495
-2.31153972832737,-2.27484797949738,-1.92224797949738
-2.31153972832737,-2.36909421185738,-2.00729421185738
-2.31153972832737,-2.45793725484282,-2.08613725484282
-2.31153972832737,-2.54102648555158,-2.15842648555158
-2.31153972832737,-2.61803398874989,-2.22383398874989
-2.31153972832737,-2.68865585100403,-2.28205585100403
-2.31153972832737,-2.75261336008773,-2.33281336008773
-2.01903754052932,-2.80965410493204,-0.689941604932039
-2.01903754052932,-2.75261336008773,-0.686900860087727
-2.01903754052932,-2.68865585100403,-0.67614335100403
-2.01903754052932,-2.61803398874989,-0.657921488749895
-2.01903754052932,-2.54102648555158,-0.632513985551578
-2.01903754052932,-2.45793725484282,-0.600224754842823
-2.01903754052932,-2.36909421185738,-0.561381711857377
-2.01903754052932,-2.27484797949738,-0.516335479497379
-2.01903754052932,-2.17557050458495,-0.465458004584946
-2.01903754052932,-2.07165358995799,-0.409141089957993
-2.01903754052932,-1.96350734820343,-0.34779484820343
-2.01903754052932,-1.85155858313015,-0.281846083130145
-2.01903754052932,-1.73624910536936,-0.211736605369356
-2.01903754052932,-1.61803398874989,-0.137921488749895
-2.01903754052932,-1.49737977432971,-0.0608672743297096
-2.01903754052932,-1.37476262917145,0.0189498708285505
-2.01903754052932,-1.25066646712861,0.101046032871391
-2.01903754052932,-1.12558103905863,0.184931460941373
-2.01903754052932,-1,0.2701125
-2.01903754052932,-0.874418960941373,0.356093539058627
-2.01903754052932,-0.749333532871391,0.442378967128609
-2.01903754052932,-0.62523737082855,0.52847512917145
-2.01903754052932,-0.502620225670291,0.613892274329709
-2.01903754052932,-0.381966011250105,0.698146488749895
-2.01903754052932,-0.263750894630644,0.780761605369356
-2.01903754052932,-0.148441416869855,0.861271083130145
-2.01903754052932,-0.0364926517965692,0.939219848203431
-2.01903754052932,0.0716535899579935,1.01416608995799
-2.01903754052932,0.175570504584947,1.08568300458495
-2.01903754052932,0.274847979497379,1.15336047949738
-2.01903754052932,0.369094211857377,1.21680671185738
-2.01903754052932,0.457937254842823,1.27564975484282
-2.01903754052932,0.541026485551579,1.32953898555158
-2.01903754052932,0.618033988749895,1.37814648874989
-2.01903754052932,0.68865585100403,1.42116835100403
-2.01903754052932,0.752613360087727,1.45832586008773
-2.01903754052932,0.809654104932039,1.48936660493204
-2.01903754052932,0.859552971776503,1.5140654717765
-2.01903754052932,0.902113032590307,1.53222553259031
-2.01903754052932,0.937166322257262,1.54367882225726
-2.01903754052932,0.964574501457377,1.54828700145738
-2.01903754052932,0.984229402628956,1.54594190262896
-2.01903754052932,0.996053456856543,1.53656595685654
-2.01903754052932,1,1.5201125
-2.01903754052932,0.996053456856543,1.49656595685654
-2.01903754052932,0.984229402628956,1.46594190262896
-2.01903754052932,0.964574501457377,1.42828700145738
-2.01903754052932,0.937166322257262,1.38367882225726
-2.01903754052932,0.902113032590307,1.33222553259031
-2.01903754052932,0.859552971776503,1.2740654717765
-2.01903754052932,0.809654104932039,1.20936660493204
-2.01903754052932,0.752613360087727,1.13832586008773
-2.01903754052932,0.68865585100403,1.06116835100403
-2.01903754052932,0.618033988749895,0.978146488749895
-2.01903754052932,0.541026485551579,0.889538985551579
-2.01903754052932,0.457937254842823,0.795649754842823
-2.01903754052932,0.369094211857377,0.696806711857378
-2.01903754052932,0.274847979497379,0.593360479497379
-2.01903754052932,0.175570504584946,0.485683004584946
-2.01903754052932,0.0716535899579933,0.374166089957993
-2.01903754052932,-0.0364926517965696,0.25921984820343
-2.01903754052932,-0.148441416869855,0.141271083130145
-2.01903754052932,-0.263750894630645,0.0207616053693553
-2.01903754052932,-0.381966011250106,-0.101853511250106
-2.01903754052932,-0.50262022567029,-0.22610772567029
-2.01903754052932,-0.62523737082855,-0.35152487082855
-2.01903754052932,-0.749333532871391,-0.477621032871391
-2.01903754052932,-0.874418960941373,-0.603906460941373
-2.01903754052932,-1,-0.7298875
-2.01903754052932,-1.12558103905863,-0.855068539058627
-2.01903754052932,-1.25066646712861,-0.978953967128609
-2.01903754052932,-1.37476262917145,-1.10105012917145
-2.01903754052932,-1.49737977432971,-1.22086727432971
-2.01903754052932,-1.6180339887499,-1.3379214887499
-2.01903754052932,-1.73624910536936,-1.45173660536936
-2.01903754052932,-1.85155858313015,-1.56184608313015
-2.01903754052932,-1.96350734820343,-1.66779484820343
-2.01903754052932,-2.07165358995799,-1.76914108995799
-2.01903754052932,-2.17557050458495,-1.86545800458495
-2.01903754052932,-2.27484797949738,-1.95633547949738
-2.01903754052932,-2.36909421185738,-2.04138171185738
-2.01903754052932,-2.45793725484282,-2.12022475484282
-2.01903754052932,-2.54102648555158,-2.19251398555158
-2.01903754052932,-2.61803398874989,-2.25792148874989
-2.01903754052932,-2.68865585100403,-2.31614335100403
-2.01903754052932,-2.75261336008773,-2.36690086008773
-2.01903754052932,-2.80965410493204,-2.40994160493204
-1.68625013355639,-2.80965410493204,-0.722004104932039
-1.68625013355639,-2.75261336008773,-0.718963360087727
-1.68625013355639,-2.68865585100403,-0.70820585100403
-1.68625013355639,-2.61803398874989,-0.689983988749894
-1.68625013355639,-2.54102648555158,-0.664576485551578
-1.68625013355639,-2.45793725484282,-0.632287254842822
-1.68625013355639,-2.36909421185738,-0.593444211857377
-1.68625013355639,-2.27484797949738,-0.548397979497379
-1.68625013355639,-2.17557050458495,-0.497520504584946
-1.68625013355639,-2.07165358995799,-0.441203589957993
-1.68625013355639,-1.96350734820343,-0.37985734820343
-1.68625013355639,-1.85155858313015,-0.313908583130145
-1.68625013355639,-1.73624910536936,-0.243799105369356
-1.68625013355639,-1.61803398874989,-0.169983988749894
-1.68625013355639,-1.49737977432971,-0.0929297743297095
-1.68625013355639,-1.37476262917145,-0.0131126291714494
-1.68625013355639,-1.25066646712861,0.0689835328713915
-1.68625013355639,-1.12558103905863,0.152868960941373
-1.68625013355639,-1,0.23805
-1.68625013355639,-0.874418960941373,0.324031039058627
-1.68625013355639,-0.749333532871391,0.410316467128609
-1.68625013355639,-0.62523737082855,0.49641262917145
-1.68625013355639,-0.502620225670291,0.58182977432971
-1.68625013355639,-0.381966011250105,0.666083988749895
-1.68625013355639,-0.263750894630644,0.748699105369356
-1.68625013355639,-0.148441416869855,0.829208583130145
-1.68625013355639,-0.0364926517965692,0.907157348203431
-1.68625013355639,0.0716535899579935,0.982103589957994
-1.68625013355639,0.175570504584947,1.05362050458495
-1.68625013355639,0.274847979497379,1.12129797949738
-1.68625013355639,0.369094211857377,1.18474421185738
-1.68625013355639,0.457937254842823,1.24358725484282
-1.68625013355639,0.541026485551579,1.29747648555158
-1.68625013355639,0.618033988749895,1.34608398874989
-1.68625013355639,0.68865585100403,1.38910585100403
-1.68625013355639,0.752613360087727,1.42626336008773
-1.68625013355639,0.809654104932039,1.45730410493204
-1.68625013355639,0.859552971776503,1.4820029717765
-1.68625013355639,0.902113032590307,1.50016303259031
-1.68625013355639,0.937166322257262,1.51161632225726
-1.68625013355639,0.964574501457377,1.51622450145738
-1.68625013355639,0.984229402628956,1.51387940262896
-1.68625013355639,0.996053456856543,1.50450345685654
-1.68625013355639,1,1.48805
-1.68625013355639,0.996053456856543,1.46450345685654
-1.68625013355639,0.984229402628956,1.43387940262896
-1.68625013355639,0.964574501457377,1.39622450145738
-1.68625013355639,0.937166322257262,1.35161632225726
-1.68625013355639,0.902113032590307,1.30016303259031
-1.68625013355639,0.859552971776503,1.2420029717765
-1.68625013355639,0.809654104932039,1.17730410493204
-1.68625013355639,0.752613360087727,1.10626336008773
-1.68625013355639,0.68865585100403,1.02910585100403
-1.68625013355639,0.618033988749895,0.946083988749895
-1.68625013355639,0.541026485551579,0.857476485551579
-1.68625013355639,0.457937254842823,0.763587254842823
-1.68625013355639,0.369094211857377,0.664744211857377
-1.68625013355639,0.274847979497379,0.561297979497379
-1.68625013355639,0.175570504584946,0.453620504584946
-1.68625013355639,0.0716535899579933,0.342103589957993
-1.68625013355639,-0.0364926517965696,0.22715734820343
-1.68625013355639,-0.148441416869855,0.109208583130145
-1.68625013355639,-0.263750894630645,-0.0113008946306448
-1.68625013355639,-0.381966011250106,-0.133916011250106
-1.68625013355639,-0.50262022567029,-0.25817022567029
-1.68625013355639,-0.62523737082855,-0.38358737082855
-1.68625013355639,-0.749333532871391,-0.509683532871391
-1.68625013355639,-0.874418960941373,-0.635968960941373
-1.68625013355639,-1,-0.76195
-1.68625013355639,-1.12558103905863,-0.887131039058627
-1.68625013355639,-1.25066646712861,-1.01101646712861
-1.68625013355639,-1.37476262917145,-1.13311262917145
-1.68625013355639,-1.49737977432971,-1.25292977432971
-1.68625013355639,-1.6180339887499,-1.3699839887499
-1.68625013355639,-1.73624910536936,-1.48379910536936
-1.68625013355639,-1.85155858313015,-1.59390858313015
-1.68625013355639,-1.96350734820343,-1.69985734820343
-1.68625013355639,-2.07165358995799,-1.80120358995799
-1.68625013355639,-2.17557050458495,-1.89752050458495
-1.68625013355639,-2.27484797949738,-1.98839797949738
-1.68625013355639,-2.36909421185738,-2.07344421185738
-1.68625013355639,-2.45793725484282,-2.15228725484282
-1.68625013355639,-2.54102648555158,-2.22457648555158
-1.68625013355639,-2.61803398874989,-2.28998398874989
-1.68625013355639,-2.68865585100403,-2.34820585100403
-1.68625013355639,-2.75261336008773,-2.39896336008773
-1.68625013355639,-2.80965410493204,-2.44200410493204
-1.31981750956775,-2.8595529717765,-0.747140471776503
-1.31981750956775,-2.80965410493204,-0.752041604932039
-1.31981750956775,-2.75261336008773,-0.749000860087727
-1.31981750956775,-2.68865585100403,-0.73824335100403
-1.31981750956775,-2.61803398874989,-0.720021488749895
-1.31981750956775,-2.54102648555158,-0.694613985551578
-1.31981750956775,-2.45793725484282,-0.662324754842823
-1.31981750956775,-2.36909421185738,-0.623481711857377
-1.31981750956775,-2.27484797949738,-0.578435479497379
-1.31981750956775,-2.17557050458495,-0.527558004584946
-1.31981750956775,-2.07165358995799,-0.471241089957993
-1.31981750956775,-1.96350734820343,-0.40989484820343
-1.31981750956775,-1.85155858313015,-0.343946083130145
-1.31981750956775,-1.73624910536936,-0.273836605369356
-1.31981750956775,-1.61803398874989,-0.200021488749895
-1.31981750956775,-1.49737977432971,-0.12296727432971
-1.31981750956775,-1.37476262917145,-0.0431501291714496
-1.31981750956775,-1.25066646712861,0.0389460328713913
-1.31981750956775,-1.12558103905863,0.122831460941373
-1.31981750956775,-1,0.2080125
-1.31981750956775,-0.874418960941373,0.293993539058627
-1.31981750956775,-0.749333532871391,0.380278967128609
-1.31981750956775,-0.62523737082855,0.46637512917145
-1.31981750956775,-0.502620225670291,0.551792274329709
-1.31981750956775,-0.381966011250105,0.636046488749895
-1.31981750956775,-0.263750894630644,0.718661605369356
-1.31981750956775,-0.148441416869855,0.799171083130145
-1.31981750956775,-0.0364926517965692,0.877119848203431
-1.31981750956775,0.0716535899579935,0.952066089957993
-1.31981750956775,0.175570504584947,1.02358300458495
-1.31981750956775,0.274847979497379,1.09126047949738
-1.31981750956775,0.369094211857377,1.15470671185738
-1.31981750956775,0.457937254842823,1.21354975484282
-1.31981750956775,0.541026485551579,1.26743898555158
-1.31981750956775,0.618033988749895,1.31604648874989
-1.31981750956775,0.68865585100403,1.35906835100403
-1.31981750956775,0.752613360087727,1.39622586008773
-1.31981750956775,0.809654104932039,1.42726660493204
-1.31981750956775,0.859552971776503,1.4519654717765
-1.31981750956775,0.902113032590307,1.47012553259031
-1.31981750956775,0.937166322257262,1.48157882225726
-1.31981750956775,0.964574501457377,1.48618700145738
-1.31981750956775,0.984229402628956,1.48384190262896
-1.31981750956775,0.996053456856543,1.47446595685654
-1.31981750956775,1,1.4580125
-1.31981750956775,0.996053456856543,1.43446595685654
-1.31981750956775,0.984229402628956,1.40384190262896
-1.31981750956775,0.964574501457377,1.36618700145738
-1.31981750956775,0.937166322257262,1.32157882225726
-1.31981750956775,0.902113032590307,1.27012553259031
-1.31981750956775,0.859552971776503,1.2119654717765
-1.31981750956775,0.809654104932039,1.14726660493204
-1.31981750956775,0.752613360087727,1.07622586008773
-1.31981750956775,0.68865585100403,0.999068351004031
-1.31981750956775,0.618033988749895,0.916046488749895
-1.31981750956775,0.541026485551579,0.827438985551579
-1.31981750956775,0.457937254842823,0.733549754842823
-1.31981750956775,0.369094211857377,0.634706711857377
-1.31981750956775,0.274847979497379,0.531260479497379
-1.31981750956775,0.175570504584946,0.423583004584946
-1.31981750956775,0.0716535899579933,0.312066089957993
-1.31981750956775,-0.0364926517965696,0.19711984820343
-1.31981750956775,-0.148441416869855,0.0791710831301449
-1.31981750956775,-0.263750894630645,-0.0413383946306447
-1.31981750956775,-0.381966011250106,-0.163953511250106
-1.31981750956775,-0.50262022567029,-0.28820772567029
-1.31981750956775,-0.62523737082855,-0.41362487082855
-1.31981750956775,-0.749333532871391,-0.539721032871391
-1.31981750956775,-0.874418960941373,-0.666006460941373
-1.31981750956775,-1,-0.7919875
-1.31981750956775,-1.12558103905863,-0.917168539058627
-1.31981750956775,-1.25066646712861,-1.04105396712861
-1.31981750956775,-1.37476262917145,-1.16315012917145
-1.31981750956775,-1.49737977432971,-1.28296727432971
-1.31981750956775,-1.6180339887499,-1.40002148874989
-1.31981750956775,-1.73624910536936,-1.51383660536936
-1.31981750956775,-1.85155858313015,-1.62394608313015
-1.31981750956775,-1.96350734820343,-1.72989484820343
-1.31981750956775,-2.07165358995799,-1.83124108995799
-1.31981750956775,-2.17557050458495,-1.92755800458495
-1.31981750956775,-2.27484797949738,-2.01843547949738
-1.31981750956775,-2.36909421185738,-2.10348171185738
-1.31981750956775,-2.45793725484282,-2.18232475484282
-1.31981750956775,-2.54102648555158,-2.25461398555158
-1.31981750956775,-2.61803398874989,-2.32002148874989
-1.31981750956775,-2.68865585100403,-2.37824335100403
-1.31981750956775,-2.75261336008773,-2.42900086008773
-1.31981750956775,-2.80965410493204,-2.47204160493204
-1.31981750956775,-2.8595529717765,-2.5071404717765
-0.927050983124843,-2.8595529717765,-0.775152971776503
-0.927050983124843,-2.80965410493204,-0.780054104932039
-0.927050983124843,-2.75261336008773,-0.777013360087727
-0.927050983124843,-2.68865585100403,-0.76625585100403
-0.927050983124843,-2.61803398874989,-0.748033988749895
-0.927050983124843,-2.54102648555158,-0.722626485551578
-0.927050983124843,-2.45793725484282,-0.690337254842822
-0.927050983124843,-2.36909421185738,-0.651494211857377
-0.927050983124843,-2.27484797949738,-0.606447979497379
-0.927050983124843,-2.17557050458495,-0.555570504584946
-0.927050983124843,-2.07165358995799,-0.499253589957993
-0.927050983124843,-1.96350734820343,-0.43790734820343
-0.927050983124843,-1.85155858313015,-0.371958583130145
-0.927050983124843,-1.73624910536936,-0.301849105369356
-0.927050983124843,-1.61803398874989,-0.228033988749895
-0.927050983124843,-1.49737977432971,-0.15097977432971
-0.927050983124843,-1.37476262917145,-0.0711626291714493
-0.927050983124843,-1.25066646712861,0.0109335328713913
-0.927050983124843,-1.12558103905863,0.0948189609413734
-0.927050983124843,-1,0.18
-0.927050983124843,-0.874418960941373,0.265981039058627
-0.927050983124843,-0.749333532871391,0.352266467128609
-0.927050983124843,-0.62523737082855,0.43836262917145
-0.927050983124843,-0.502620225670291,0.52377977432971
-0.927050983124843,-0.381966011250105,0.608033988749895
-0.927050983124843,-0.263750894630644,0.690649105369356
-0.927050983124843,-0.148441416869855,0.771158583130145
-0.927050983124843,-0.0364926517965692,0.849107348203431
-0.927050983124843,0.0716535899579935,0.924053589957993
-0.927050983124843,0.175570504584947,0.995570504584947
-0.927050983124843,0.274847979497379,1.06324797949738
-0.927050983124843,0.369094211857377,1.12669421185738
-0.927050983124843,0.457937254842823,1.18553725484282
-0.927050983124843,0.541026485551579,1.23942648555158
-0.927050983124843,0.618033988749895,1.28803398874989
-0.927050983124843,0.68865585100403,1.33105585100403
-0.927050983124843,0.752613360087727,1.36821336008773
-0.927050983124843,0.809654104932039,1.39925410493204
-0.927050983124843,0.859552971776503,1.4239529717765
-0.927050983124843,0.902113032590307,1.44211303259031
-0.927050983124843,0.937166322257262,1.45356632225726
-0.927050983124843,0.964574501457377,1.45817450145738
-0.927050983124843,0.984229402628956,1.45582940262896
-0.927050983124843,0.996053456856543,1.44645345685654
-0.927050983124843,1,1.43
-0.927050983124843,0.996053456856543,1.40645345685654
-0.927050983124843,0.984229402628956,1.37582940262896
-0.927050983124843,0.964574501457377,1.33817450145738
-0.927050983124843,0.937166322257262,1.29356632225726
-0.927050983124843,0.902113032590307,1.24211303259031
-0.927050983124843,0.859552971776503,1.1839529717765
-0.927050983124843,0.809654104932039,1.11925410493204
-0.927050983124843,0.752613360087727,1.04821336008773
-0.927050983124843,0.68865585100403,0.971055851004031
-0.927050983124843,0.618033988749895,0.888033988749895
-0.927050983124843,0.541026485551579,0.799426485551579
-0.927050983124843,0.457937254842823,0.705537254842823
-0.927050983124843,0.369094211857377,0.606694211857377
-0.927050983124843,0.274847979497379,0.503247979497379
-0.927050983124843,0.175570504584946,0.395570504584946
-0.927050983124843,0.0716535899579933,0.284053589957993
-0.927050983124843,-0.0364926517965696,0.16910734820343
-0.927050983124843,-0.148441416869855,0.0511585831301449
-0.927050983124843,-0.263750894630645,-0.0693508946306447
-0.927050983124843,-0.381966011250106,-0.191966011250106
-0.927050983124843,-0.50262022567029,-0.31622022567029
-0.927050983124843,-0.62523737082855,-0.44163737082855
-0.927050983124843,-0.749333532871391,-0.567733532871391
-0.927050983124843,-0.874418960941373,-0.694018960941373
-0.927050983124843,-1,-0.82
-0.927050983124843,-1.12558103905863,-0.945181039058627
-0.927050983124843,-1.25066646712861,-1.06906646712861
-0.927050983124843,-1.37476262917145,-1.19116262917145
-0.927050983124843,-1.49737977432971,-1.31097977432971
-0.927050983124843,-1.6180339887499,-1.42803398874989
-0.927050983124843,-1.73624910536936,-1.54184910536936
-0.927050983124843,-1.85155858313015,-1.65195858313015
-0.927050983124843,-1.96350734820343,-1.75790734820343
-0.927050983124843,-2.07165358995799,-1.85925358995799
-0.927050983124843,-2.17557050458495,-1.95557050458495
-0.927050983124843,-2.27484797949738,-2.04644797949738
-0.927050983124843,-2.36909421185738,-2.13149421185738
-0.927050983124843,-2.45793725484282,-2.21033725484282
-0.927050983124843,-2.54102648555158,-2.28262648555158
-0.927050983124843,-2.61803398874989,-2.34803398874989
-0.927050983124843,-2.68865585100403,-2.40625585100403
-0.927050983124843,-2.75261336008773,-2.45701336008773
-0.927050983124843,-2.80965410493204,-2.50005410493204
-0.927050983124843,-2.8595529717765,-2.5351529717765
-0.515787300838229,-2.8595529717765,-0.801140471776503
-0.515787300838229,-2.80965410493204,-0.806041604932039
-0.515787300838229,-2.75261336008773,-0.803000860087727
-0.515787300838229,-2.68865585100403,-0.79224335100403
-0.515787300838229,-2.61803398874989,-0.774021488749894
-0.515787300838229,-2.54102648555158,-0.748613985551578
-0.515787300838229,-2.45793725484282,-0.716324754842822
-0.515787300838229,-2.36909421185738,-0.677481711857377
-0.515787300838229,-2.27484797949738,-0.632435479497379
-0.515787300838229,-2.17557050458495,-0.581558004584946
-0.515787300838229,-2.07165358995799,-0.525241089957993
-0.515787300838229,-1.96350734820343,-0.46389484820343
-0.515787300838229,-1.85155858313015,-0.397946083130145
-0.515787300838229,-1.73624910536936,-0.327836605369356
-0.515787300838229,-1.61803398874989,-0.254021488749894
-0.515787300838229,-1.49737977432971,-0.176967274329709
-0.515787300838229,-1.37476262917145,-0.0971501291714494
-0.515787300838229,-1.25066646712861,-0.0150539671286085
-0.515787300838229,-1.12558103905863,0.0688314609413734
-0.515787300838229,-1,0.1540125
-0.515787300838229,-0.874418960941373,0.239993539058627
-0.515787300838229,-0.749333532871391,0.326278967128609
-0.515787300838229,-0.62523737082855,0.41237512917145
-0.515787300838229,-0.502620225670291,0.49779227432971
-0.515787300838229,-0.381966011250105,0.582046488749895
-0.515787300838229,-0.263750894630644,0.664661605369356
-0.515787300838229,-0.148441416869855,0.745171083130145
-0.515787300838229,-0.0364926517965692,0.823119848203431
-0.515787300838229,0.0716535899579935,0.898066089957994
-0.515787300838229,0.175570504584947,0.969583004584947
-0.515787300838229,0.274847979497379,1.03726047949738
-0.515787300838229,0.369094211857377,1.10070671185738
-0.515787300838229,0.457937254842823,1.15954975484282
-0.515787300838229,0.541026485551579,1.21343898555158
-0.515787300838229,0.618033988749895,1.2620464887499
-0.515787300838229,0.68865585100403,1.30506835100403
-0.515787300838229,0.752613360087727,1.34222586008773
-0.515787300838229,0.809654104932039,1.37326660493204
-0.515787300838229,0.859552971776503,1.3979654717765
-0.515787300838229,0.902113032590307,1.41612553259031
-0.515787300838229,0.902113032590307,1.21612553259031
-0.515787300838229,0.859552971776503,1.1579654717765
-0.515787300838229,0.809654104932039,1.09326660493204
-0.515787300838229,0.752613360087727,1.02222586008773
-0.515787300838229,0.68865585100403,0.94506835100403
-0.515787300838229,0.618033988749895,0.862046488749895
-0.515787300838229,0.541026485551579,0.773438985551579
-0.515787300838229,0.457937254842823,0.679549754842823
-0.515787300838229,0.369094211857377,0.580706711857377
-0.515787300838229,0.274847979497379,0.477260479497379
-0.515787300838229,0.175570504584946,0.369583004584946
-0.515787300838229,0.0716535899579933,0.258066089957993
-0.515787300838229,-0.0364926517965696,0.14311984820343
-0.515787300838229,-0.148441416869855,0.0251710831301448
-0.515787300838229,-0.263750894630645,-0.0953383946306448
-0.515787300838229,-0.381966011250106,-0.217953511250106
-0.515787300838229,-0.50262022567029,-0.34220772567029
-0.515787300838229,-0.62523737082855,-0.46762487082855
-0.515787300838229,-0.749333532871391,-0.593721032871391
-0.515787300838229,-0.874418960941373,-0.720006460941373
-0.515787300838229,-1,-0.8459875
-0.515787300838229,-1.12558103905863,-0.971168539058627
-0.515787300838229,-1.25066646712861,-1.09505396712861
-0.515787300838229,-1.37476262917145,-1.21715012917145
-0.515787300838229,-1.49737977432971,-1.33696727432971
-0.515787300838229,-1.6180339887499,-1.4540214887499
-0.515787300838229,-1.73624910536936,-1.56783660536936
-0.515787300838229,-1.85155858313015,-1.67794608313015
-0.515787300838229,-1.96350734820343,-1.78389484820343
-0.515787300838229,-2.07165358995799,-1.88524108995799
-0.515787300838229,-2.17557050458495,-1.98155800458495
-0.515787300838229,-2.27484797949738,-2.07243547949738
-0.515787300838229,-2.36909421185738,-2.15748171185738
-0.515787300838229,-2.45793725484282,-2.23632475484282
-0.515787300838229,-2.54102648555158,-2.30861398555158
-0.515787300838229,-2.61803398874989,-2.37402148874989
-0.515787300838229,-2.68865585100403,-2.43224335100403
-0.515787300838229,-2.75261336008773,-2.48300086008773
-0.515787300838229,-2.80965410493204,-2.52604160493204
-0.515787300838229,-2.8595529717765,-2.5611404717765
-0.094232277234385,-2.8595529717765,-0.825102971776503
-0.094232277234385,-2.80965410493204,-0.830004104932039
-0.094232277234385,-2.75261336008773,-0.826963360087727
-0.094232277234385,-2.68865585100403,-0.81620585100403
-0.094232277234385,-2.61803398874989,-0.797983988749895
-0.094232277234385,-2.54102648555158,-0.772576485551578
-0.094232277234385,-2.45793725484282,-0.740287254842823
-0.094232277234385,-2.36909421185738,-0.701444211857377
-0.094232277234385,-2.27484797949738,-0.656397979497379
-0.094232277234385,-2.17557050458495,-0.605520504584946
-0.094232277234385,-2.07165358995799,-0.549203589957993
-0.094232277234385,-1.96350734820343,-0.48785734820343
-0.094232277234385,-1.85155858313015,-0.421908583130145
-0.094232277234385,-1.73624910536936,-0.351799105369356
-0.094232277234385,-1.61803398874989,-0.277983988749894
-0.094232277234385,-1.49737977432971,-0.20092977432971
-0.094232277234385,-1.37476262917145,-0.121112629171449
-0.094232277234385,-1.25066646712861,-0.0390164671286086
-0.094232277234385,-1.12558103905863,0.0448689609413733
-0.094232277234385,-1,0.13005
-0.094232277234385,-0.874418960941373,0.216031039058627
-0.094232277234385,-0.749333532871391,0.302316467128609
-0.094232277234385,-0.62523737082855,0.38841262917145
-0.094232277234385,-0.502620225670291,0.47382977432971
-0.094232277234385,-0.381966011250105,0.558083988749895
-0.094232277234385,-0.263750894630644,0.640699105369356
-0.094232277234385,-0.148441416869855,0.721208583130145
-0.094232277234385,-0.0364926517965692,0.799157348203431
-0.094232277234385,0.0716535899579935,0.874103589957993
-0.094232277234385,0.175570504584947,0.945620504584947
-0.094232277234385,0.274847979497379,1.01329797949738
-0.094232277234385,0.369094211857377,1.07674421185738
-0.094232277234385,0.457937254842823,1.13558725484282
-0.094232277234385,0.541026485551579,1.18947648555158
-0.094232277234385,0.618033988749895,1.23808398874989
-0.094232277234385,0.68865585100403,1.28110585100403
-0.094232277234385,0.752613360087727,1.31826336008773
-0.094232277234385,0.809654104932039,1.34930410493204
-0.094232277234385,0.859552971776503,1.3740029717765
-0.094232277234385,0.902113032590307,1.39216303259031
-0.094232277234385,0.902113032590307,1.19216303259031
-0.094232277234385,0.859552971776503,1.1340029717765
-0.094232277234385,0.809654104932039,1.06930410493204
-0.094232277234385,0.752613360087727,0.998263360087727
-0.094232277234385,0.68865585100403,0.92110585100403
-0.094232277234385,0.618033988749895,0.838083988749895
-0.094232277234385,0.541026485551579,0.749476485551579
-0.094232277234385,0.457937254842823,0.655587254842823
-0.094232277234385,0.369094211857377,0.556744211857378
-0.094232277234385,0.274847979497379,0.453297979497379
-0.094232277234385,0.175570504584946,0.345620504584946
-0.094232277234385,0.0716535899579933,0.234103589957993
-0.094232277234385,-0.0364926517965696,0.11915734820343
-0.094232277234385,-0.148441416869855,0.00120858313014494
-0.094232277234385,-0.263750894630645,-0.119300894630645
-0.094232277234385,-0.381966011250106,-0.241916011250106
-0.094232277234385,-0.50262022567029,-0.36617022567029
-0.094232277234385,-0.62523737082855,-0.49158737082855
-0.094232277234385,-0.749333532871391,-0.617683532871391
-0.094232277234385,-0.874418960941373,-0.743968960941373
-0.094232277234385,-1,-0.86995
-0.094232277234385,-1.12558103905863,-0.995131039058627
-0.094232277234385,-1.25066646712861,-1.11901646712861
-0.094232277234385,-1.37476262917145,-1.24111262917145
-0.094232277234385,-1.49737977432971,-1.36092977432971
-0.094232277234385,-1.6180339887499,-1.4779839887499
-0.094232277234385,-1.73624910536936,-1.59179910536936
-0.094232277234385,-1.85155858313015,-1.70190858313015
-0.094232277234385,-1.96350734820343,-1.80785734820343
-0.094232277234385,-2.07165358995799,-1.90920358995799
-0.094232277234385,-2.17557050458495,-2.00552050458495
-0.094232277234385,-2.27484797949738,-2.09639797949738
-0.094232277234385,-2.36909421185738,-2.18144421185738
-0.094232277234385,-2.45793725484282,-2.26028725484282
-0.094232277234385,-2.54102648555158,-2.33257648555158
-0.094232277234385,-2.61803398874989,-2.39798398874989
-0.094232277234385,-2.68865585100403,-2.45620585100403
-0.094232277234385,-2.75261336008773,-2.50696336008773
-0.094232277234385,-2.80965410493204,-2.55000410493204
-0.094232277234385,-2.8595529717765,-2.5851029717765
0.329202933273135,-2.90211303259031,-0.834000532590307
0.329202933273135,-2.8595529717765,-0.847040471776503
0.329202933273135,-2.80965410493204,-0.851941604932039
0.329202933273135,-2.75261336008773,-0.848900860087727
0.329202933273135,-2.68865585100403,-0.83814335100403
0.329202933273135,-2.61803398874989,-0.819921488749894
0.329202933273135,-2.54102648555158,-0.794513985551578
0.329202933273135,-2.45793725484282,-0.762224754842822
0.329202933273135,-2.36909421185738,-0.723381711857377
0.329202933273135,-2.27484797949738,-0.678335479497379
0.329202933273135,-2.17557050458495,-0.627458004584946
0.329202933273135,-2.07165358995799,-0.571141089957993
0.329202933273135,-1.96350734820343,-0.50979484820343
0.329202933273135,-1.85155858313015,-0.443846083130145
0.329202933273135,-1.73624910536936,-0.373736605369356
0.329202933273135,-1.61803398874989,-0.299921488749894
0.329202933273135,-1.49737977432971,-0.22286727432971
0.329202933273135,-1.37476262917145,-0.143050129171449
0.329202933273135,-1.25066646712861,-0.0609539671286086
0.329202933273135,-1.12558103905863,0.0229314609413733
0.329202933273135,-1,0.1081125
0.329202933273135,-0.874418960941373,0.194093539058627
0.329202933273135,-0.749333532871391,0.280378967128609
0.329202933273135,-0.62523737082855,0.36647512917145
0.329202933273135,-0.502620225670291,0.45189227432971
0.329202933273135,-0.381966011250105,0.536146488749895
0.329202933273135,-0.263750894630644,0.618761605369356
0.329202933273135,-0.148441416869855,0.699271083130145
0.329202933273135,-0.0364926517965692,0.777219848203431
0.329202933273135,0.0716535899579935,0.852166089957993
0.329202933273135,0.175570504584947,0.923683004584947
0.329202933273135,0.274847979497379,0.991360479497379
0.329202933273135,0.369094211857377,1.05480671185738
0.329202933273135,0.457937254842823,1.11364975484282
0.329202933273135,0.541026485551579,1.16753898555158
0.329202933273135,0.618033988749895,1.21614648874989
0.329202933273135,0.68865585100403,1.25916835100403
0.329202933273135,0.752613360087727,1.29632586008773
0.329202933273135,0.809654104932039,1.32736660493204
0.329202933273135,0.859552971776503,1.3520654717765
0.329202933273135,0.902113032590307,1.37022553259031
0.329202933273135,0.902113032590307,1.17022553259031
0.329202933273135,0.859552971776503,1.1120654717765
0.329202933273135,0.809654104932039,1.04736660493204
0.329202933273135,0.752613360087727,0.976325860087727
0.329202933273135,0.68865585100403,0.89916835100403
0.329202933273135,0.618033988749895,0.816146488749895
0.329202933273135,0.541026485551579,0.727538985551579
0.329202933273135,0.457937254842823,0.633649754842823
0.329202933273135,0.369094211857377,0.534806711857378
0.329202933273135,0.274847979497379,0.431360479497379
0.329202933273135,0.175570504584946,0.323683004584946
0.329202933273135,0.0716535899579933,0.212166089957993
0.329202933273135,-0.0364926517965696,0.0972198482034305
0.329202933273135,-0.148441416869855,-0.0207289168698551
0.329202933273135,-0.263750894630645,-0.141238394630645
0.329202933273135,-0.381966011250106,-0.263853511250106
0.329202933273135,-0.50262022567029,-0.38810772567029
0.329202933273135,-0.62523737082855,-0.51352487082855
0.329202933273135,-0.749333532871391,-0.639621032871391
0.329202933273135,-0.874418960941373,-0.765906460941373
0.329202933273135,-1,-0.8918875
0.329202933273135,-1.12558103905863,-1.01706853905863
0.329202933273135,-1.25066646712861,-1.14095396712861
0.329202933273135,-1.37476262917145,-1.26305012917145
0.329202933273135,-1.49737977432971,-1.38286727432971
0.329202933273135,-1.6180339887499,-1.4999214887499
0.329202933273135,-1.73624910536936,-1.61373660536936
0.329202933273135,-1.85155858313015,-1.72384608313015
0.329202933273135,-1.96350734820343,-1.82979484820343
0.329202933273135,-2.07165358995799,-1.93114108995799
0.329202933273135,-2.17557050458495,-2.02745800458495
0.329202933273135,-2.27484797949738,-2.11833547949738
0.329202933273135,-2.36909421185738,-2.20338171185738
0.329202933273135,-2.45793725484282,-2.28222475484282
0.329202933273135,-2.54102648555158,-2.35451398555158
0.329202933273135,-2.61803398874989,-2.41992148874989
0.329202933273135,-2.68865585100403,-2.47814335100403
0.329202933273135,-2.75261336008773,-2.52890086008773
0.329202933273135,-2.80965410493204,-2.57194160493204
0.329202933273135,-2.8595529717765,-2.6070404717765
0.746069661494565,-2.90211303259031,-0.853913032590307
0.746069661494565,-2.8595529717765,-0.866952971776503
0.746069661494565,-2.80965410493204,-0.871854104932039
0.746069661494565,-2.75261336008773,-0.868813360087727
0.746069661494565,-2.68865585100403,-0.85805585100403
0.746069661494565,-2.61803398874989,-0.839833988749894
0.746069661494565,-2.54102648555158,-0.814426485551578
0.746069661494565,-2.45793725484282,-0.782137254842822
0.746069661494565,-2.36909421185738,-0.743294211857377
0.746069661494565,-2.27484797949738,-0.698247979497379
0.746069661494565,-2.17557050458495,-0.647370504584946
0.746069661494565,-2.07165358995799,-0.591053589957993
0.746069661494565,-1.96350734820343,-0.52970734820343
0.746069661494565,-1.85155858313015,-0.463758583130145
0.746069661494565,-1.73624910536936,-0.393649105369356
0.746069661494565,-1.61803398874989,-0.319833988749894
0.746069661494565,-1.49737977432971,-0.24277977432971
0.746069661494565,-1.37476262917145,-0.162962629171449
0.746069661494565,-1.25066646712861,-0.0808664671286086
0.746069661494565,-1.12558103905863,0.00301896094137333
0.746069661494565,-1,0.0882000000000003
0.746069661494565,-0.874418960941373,0.174181039058627
0.746069661494565,-0.749333532871391,0.260466467128609
0.746069661494565,-0.62523737082855,0.34656262917145
0.746069661494565,-0.502620225670291,0.431979774329709
0.746069661494565,-0.381966011250105,0.516233988749895
0.746069661494565,-0.263750894630644,0.598849105369356
0.746069661494565,-0.148441416869855,0.679358583130145
0.746069661494565,-0.0364926517965692,0.75730734820343
0.746069661494565,0.0716535899579935,0.832253589957993
0.746069661494565,0.175570504584947,0.903770504584946
0.746069661494565,0.274847979497379,0.971447979497379
0.746069661494565,0.369094211857377,1.03489421185738
0.746069661494565,0.457937254842823,1.09373725484282
0.746069661494565,0.541026485551579,1.14762648555158
0.746069661494565,0.618033988749895,1.19623398874989
0.746069661494565,0.68865585100403,1.23925585100403
0.746069661494565,0.752613360087727,1.27641336008773
0.746069661494565,0.809654104932039,1.30745410493204
0.746069661494565,0.859552971776503,1.3321529717765
0.746069661494565,0.902113032590307,1.35031303259031
0.746069661494565,0.902113032590307,1.15031303259031
0.746069661494565,0.859552971776503,1.0921529717765
0.746069661494565,0.809654104932039,1.02745410493204
0.746069661494565,0.752613360087727,0.956413360087727
0.746069661494565,0.68865585100403,0.87925585100403
0.746069661494565,0.618033988749895,0.796233988749895
0.746069661494565,0.541026485551579,0.707626485551579
0.746069661494565,0.457937254842823,0.613737254842823
0.746069661494565,0.369094211857377,0.514894211857377
0.746069661494565,0.274847979497379,0.411447979497379
0.746069661494565,0.175570504584946,0.303770504584946
0.746069661494565,0.0716535899579933,0.192253589957993
0.746069661494565,-0.0364926517965696,0.0773073482034303
0.746069661494565,-0.148441416869855,-0.0406414168698552
0.746069661494565,-0.263750894630645,-0.161150894630645
0.746069661494565,-0.381966011250106,-0.283766011250106
0.746069661494565,-0.50262022567029,-0.40802022567029
0.746069661494565,-0.62523737082855,-0.53343737082855
0.746069661494565,-0.749333532871391,-0.659533532871391
0.746069661494565,-0.874418960941373,-0.785818960941373
0.746069661494565,-1,-0.9118
0.746069661494565,-1.12558103905863,-1.03698103905863
0.746069661494565,-1.25066646712861,-1.16086646712861
0.746069661494565,-1.37476262917145,-1.28296262917145
0.746069661494565,-1.49737977432971,-1.40277977432971
0.746069661494565,-1.6180339887499,-1.5198339887499
0.746069661494565,-1.73624910536936,-1.63364910536936
0.746069661494565,-1.85155858313015,-1.74375858313015
0.746069661494565,-1.96350734820343,-1.84970734820343
0.746069661494565,-2.07165358995799,-1.95105358995799
0.746069661494565,-2.17557050458495,-2.04737050458495
0.746069661494565,-2.27484797949738,-2.13824797949738
0.746069661494565,-2.36909421185738,-2.22329421185738
0.746069661494565,-2.45793725484282,-2.30213725484282
0.746069661494565,-2.54102648555158,-2.37442648555158
0.746069661494565,-2.61803398874989,-2.43983398874989
0.746069661494565,-2.68865585100403,-2.49805585100403
0.746069661494565,-2.75261336008773,-2.54881336008773
0.746069661494565,-2.80965410493204,-2.59185410493204
0.746069661494565,-2.8595529717765,-2.6269529717765
1.14805029709527,-2.90211303259031,-0.871800532590307
1.14805029709527,-2.8595529717765,-0.884840471776503
1.14805029709527,-2.80965410493204,-0.889741604932039
1.14805029709527,-2.75261336008773,-0.886700860087727
1.14805029709527,-2.68865585100403,-0.87594335100403
1.14805029709527,-2.61803398874989,-0.857721488749895
1.14805029709527,-2.54102648555158,-0.832313985551578
1.14805029709527,-2.45793725484282,-0.800024754842823
1.14805029709527,-2.36909421185738,-0.761181711857377
1.14805029709527,-2.27484797949738,-0.716135479497379
1.14805029709527,-2.17557050458495,-0.665258004584946
1.14805029709527,-2.07165358995799,-0.608941089957993
1.14805029709527,-1.96350734820343,-0.54759484820343
1.14805029709527,-1.85155858313015,-0.481646083130145
1.14805029709527,-1.73624910536936,-0.411536605369356
1.14805029709527,-1.61803398874989,-0.337721488749894
1.14805029709527,-1.49737977432971,-0.26066727432971
1.14805029709527,-1.37476262917145,-0.180850129171449
1.14805029709527,-1.25066646712861,-0.0987539671286086
1.14805029709527,-1.12558103905863,-0.0148685390586268
1.14805029709527,-1,0.0703125000000002
1.14805029709527,-0.874418960941373,0.156293539058627
1.14805029709527,-0.749333532871391,0.242578967128609
1.14805029709527,-0.62523737082855,0.32867512917145
1.14805029709527,-0.502620225670291,0.41409227432971
1.14805029709527,-0.381966011250105,0.498346488749895
1.14805029709527,-0.263750894630644,0.580961605369356
1.14805029709527,-0.148441416869855,0.661471083130145
1.14805029709527,-0.0364926517965692,0.739419848203431
1.14805029709527,0.0716535899579935,0.814366089957993
1.14805029709527,0.175570504584947,0.885883004584947
1.14805029709527,0.274847979497379,0.953560479497379
1.14805029709527,0.369094211857377,1.01700671185738
1.14805029709527,0.457937254842823,1.07584975484282
1.14805029709527,0.541026485551579,1.12973898555158
1.14805029709527,0.618033988749895,1.1783464887499
1.14805029709527,0.68865585100403,1.22136835100403
1.14805029709527,0.752613360087727,1.25852586008773
1.14805029709527,0.809654104932039,1.28956660493204
1.14805029709527,0.859552971776503,1.3142654717765
1.14805029709527,0.902113032590307,1.33242553259031
1.14805029709527,0.902113032590307,1.13242553259031
1.14805029709527,0.859552971776503,1.0742654717765
1.14805029709527,0.809654104932039,1.00956660493204
1.14805029709527,0.752613360087727,0.938525860087728
1.14805029709527,0.68865585100403,0.86136835100403
1.14805029709527,0.618033988749895,0.778346488749895
1.14805029709527,0.541026485551579,0.689738985551579
1.14805029709527,0.457937254842823,0.595849754842823
1.14805029709527,0.369094211857377,0.497006711857377
1.14805029709527,0.274847979497379,0.393560479497379
1.14805029709527,0.175570504584946,0.285883004584946
1.14805029709527,0.0716535899579933,0.174366089957993
1.14805029709527,-0.0364926517965696,0.0594198482034305
1.14805029709527,-0.148441416869855,-0.0585289168698552
1.14805029709527,-0.263750894630645,-0.179038394630645
1.14805029709527,-0.381966011250106,-0.301653511250106
1.14805029709527,-0.50262022567029,-0.42590772567029
1.14805029709527,-0.62523737082855,-0.55132487082855
1.14805029709527,-0.749333532871391,-0.677421032871391
1.14805029709527,-0.874418960941373,-0.803706460941373
1.14805029709527,-1,-0.9296875
1.14805029709527,-1.12558103905863,-1.05486853905863
1.14805029709527,-1.25066646712861,-1.17875396712861
1.14805029709527,-1.37476262917145,-1.30085012917145
1.14805029709527,-1.49737977432971,-1.42066727432971
1.14805029709527,-1.6180339887499,-1.5377214887499
1.14805029709527,-1.73624910536936,-1.65153660536936
1.14805029709527,-1.85155858313015,-1.76164608313015
1.14805029709527,-1.96350734820343,-1.86759484820343
1.14805029709527,-2.07165358995799,-1.96894108995799
1.14805029709527,-2.17557050458495,-2.06525800458495
1.14805029709527,-2.27484797949738,-2.15613547949738
1.14805029709527,-2.36909421185738,-2.24118171185738
1.14805029709527,-2.45793725484282,-2.32002475484282
1.14805029709527,-2.54102648555158,-2.39231398555158
1.14805029709527,-2.61803398874989,-2.45772148874989
1.14805029709527,-2.68865585100403,-2.51594335100403
1.14805029709527,-2.75261336008773,-2.56670086008773
1.14805029709527,-2.80965410493204,-2.60974160493204
1.14805029709527,-2.8595529717765,-2.6448404717765
1.52712424725111,-2.90211303259031,-0.887663032590307
1.52712424725111,-2.8595529717765,-0.900702971776503
1.52712424725111,-2.80965410493204,-0.905604104932039
1.52712424725111,-2.75261336008773,-0.902563360087727
1.52712424725111,-2.68865585100403,-0.89180585100403
1.52712424725111,-2.61803398874989,-0.873583988749894
1.52712424725111,-2.54102648555158,-0.848176485551578
1.52712424725111,-2.45793725484282,-0.815887254842822
1.52712424725111,-2.36909421185738,-0.777044211857377
1.52712424725111,-2.27484797949738,-0.731997979497379
1.52712424725111,-2.17557050458495,-0.681120504584946
1.52712424725111,-2.07165358995799,-0.624803589957993
1.52712424725111,-1.96350734820343,-0.56345734820343
1.52712424725111,-1.85155858313015,-0.497508583130145
1.52712424725111,-1.73624910536936,-0.427399105369356
1.52712424725111,-1.61803398874989,-0.353583988749894
1.52712424725111,-1.49737977432971,-0.276529774329709
1.52712424725111,-1.37476262917145,-0.196712629171449
1.52712424725111,-1.25066646712861,-0.114616467128609
1.52712424725111,-1.12558103905863,-0.0307310390586267
1.52712424725111,-1,0.0544500000000003
1.52712424725111,-0.874418960941373,0.140431039058627
1.52712424725111,-0.749333532871391,0.226716467128609
1.52712424725111,-0.62523737082855,0.31281262917145
1.52712424725111,-0.502620225670291,0.398229774329709
1.52712424725111,-0.381966011250105,0.482483988749895
1.52712424725111,-0.263750894630644,0.565099105369356
1.52712424725111,-0.148441416869855,0.645608583130145
1.52712424725111,-0.0364926517965692,0.723557348203431
1.52712424725111,0.0716535899579935,0.798503589957993
1.52712424725111,0.175570504584947,0.870020504584947
1.52712424725111,0.274847979497379,0.937697979497379
1.52712424725111,0.369094211857377,1.00114421185738
1.52712424725111,0.457937254842823,1.05998725484282
1.52712424725111,0.541026485551579,1.11387648555158
1.52712424725111,0.618033988749895,1.16248398874989
1.52712424725111,0.68865585100403,1.20550585100403
1.52712424725111,0.752613360087727,1.24266336008773
1.52712424725111,0.809654104932039,1.27370410493204
1.52712424725111,0.859552971776503,1.2984029717765
1.52712424725111,0.902113032590307,1.31656303259031
1.52712424725111,0.902113032590307,1.11656303259031
1.52712424725111,0.859552971776503,1.0584029717765
1.52712424725111,0.809654104932039,0.993704104932039
1.52712424725111,0.752613360087727,0.922663360087727
1.52712424725111,0.68865585100403,0.845505851004031
1.52712424725111,0.618033988749895,0.762483988749895
1.52712424725111,0.541026485551579,0.673876485551579
1.52712424725111,0.457937254842823,0.579987254842823
1.52712424725111,0.369094211857377,0.481144211857377
1.52712424725111,0.274847979497379,0.377697979497379
1.52712424725111,0.175570504584946,0.270020504584946
1.52712424725111,0.0716535899579933,0.158503589957993
1.52712424725111,-0.0364926517965696,0.0435573482034304
1.52712424725111,-0.148441416869855,-0.0743914168698552
1.52712424725111,-0.263750894630645,-0.194900894630645
1.52712424725111,-0.381966011250106,-0.317516011250106
1.52712424725111,-0.50262022567029,-0.44177022567029
1.52712424725111,-0.62523737082855,-0.56718737082855
1.52712424725111,-0.749333532871391,-0.693283532871391
1.52712424725111,-0.874418960941373,-0.819568960941373
1.52712424725111,-1,-0.94555
1.52712424725111,-1.12558103905863,-1.07073103905863
1.52712424725111,-1.25066646712861,-1.19461646712861
1.52712424725111,-1.37476262917145,-1.31671262917145
1.52712424725111,-1.49737977432971,-1.43652977432971
1.52712424725111,-1.6180339887499,-1.5535839887499
1.52712424725111,-1.73624910536936,-1.66739910536936
1.52712424725111,-1.85155858313015,-1.77750858313015
1.52712424725111,-1.96350734820343,-1.88345734820343
1.52712424725111,-2.07165358995799,-1.98480358995799
1.52712424725111,-2.17557050458495,-2.08112050458495
1.52712424725111,-2.27484797949738,-2.17199797949738
1.52712424725111,-2.36909421185738,-2.25704421185738
1.52712424725111,-2.45793725484282,-2.33588725484282
1.52712424725111,-2.54102648555158,-2.40817648555158
1.52712424725111,-2.61803398874989,-2.47358398874989
1.52712424725111,-2.68865585100403,-2.53180585100403
1.52712424725111,-2.75261336008773,-2.58256336008773
1.52712424725111,-2.80965410493204,-2.62560410493204
1.52712424725111,-2.8595529717765,-2.6607029717765
1.87572796900711,-2.90211303259031,-0.901500532590307
1.87572796900711,-2.8595529717765,-0.914540471776503
1.87572796900711,-2.80965410493204,-0.919441604932039
1.87572796900711,-2.75261336008773,-0.916400860087727
1.87572796900711,-2.68865585100403,-0.90564335100403
1.87572796900711,-2.61803398874989,-0.887421488749895
1.87572796900711,-2.54102648555158,-0.862013985551578
1.87572796900711,-2.45793725484282,-0.829724754842823
1.87572796900711,-2.36909421185738,-0.790881711857377
1.87572796900711,-2.27484797949738,-0.745835479497379
1.87572796900711,-2.17557050458495,-0.694958004584946
1.87572796900711,-2.07165358995799,-0.638641089957993
1.87572796900711,-1.96350734820343,-0.57729484820343
1.87572796900711,-1.85155858313015,-0.511346083130145
1.87572796900711,-1.73624910536936,-0.441236605369356
1.87572796900711,-1.61803398874989,-0.367421488749895
1.87572796900711,-1.49737977432971,-0.29036727432971
1.87572796900711,-1.37476262917145,-0.21055012917145
1.87572796900711,-1.25066646712861,-0.128453967128609
1.87572796900711,-1.12558103905863,-0.0445685390586269
1.87572796900711,-1,0.0406125000000002
1.87572796900711,-0.874418960941373,0.126593539058627
1.87572796900711,-0.749333532871391,0.212878967128609
1.87572796900711,-0.62523737082855,0.29897512917145
1.87572796900711,-0.502620225670291,0.38439227432971
1.87572796900711,-0.381966011250105,0.468646488749895
1.87572796900711,-0.263750894630644,0.551261605369356
1.87572796900711,-0.148441416869855,0.631771083130145
1.87572796900711,-0.0364926517965692,0.709719848203431
1.87572796900711,0.0716535899579935,0.784666089957994
1.87572796900711,0.175570504584947,0.856183004584947
1.87572796900711,0.274847979497379,0.923860479497379
1.87572796900711,0.369094211857377,0.987306711857378
1.87572796900711,0.457937254842823,1.04614975484282
1.87572796900711,0.541026485551579,1.10003898555158
1.87572796900711,0.618033988749895,1.1486464887499
1.87572796900711,0.68865585100403,1.19166835100403
1.87572796900711,0.752613360087727,1.22882586008773
1.87572796900711,0.809654104932039,1.25986660493204
1.87572796900711,0.859552971776503,1.2845654717765
1.87572796900711,0.902113032590307,1.30272553259031
1.87572796900711,0.902113032590307,1.10272553259031
1.87572796900711,0.859552971776503,1.0445654717765
1.87572796900711,0.809654104932039,0.979866604932039
1.87572796900711,0.752613360087727,0.908825860087727
1.87572796900711,0.68865585100403,0.83166835100403
1.87572796900711,0.618033988749895,0.748646488749895
1.87572796900711,0.541026485551579,0.660038985551579
1.87572796900711,0.457937254842823,0.566149754842823
1.87572796900711,0.369094211857377,0.467306711857377
1.87572796900711,0.274847979497379,0.363860479497379
1.87572796900711,0.175570504584946,0.256183004584946
1.87572796900711,0.0716535899579933,0.144666089957993
1.87572796900711,-0.0364926517965696,0.0297198482034304
1.87572796900711,-0.148441416869855,-0.0882289168698551
1.87572796900711,-0.263750894630645,-0.208738394630645
1.87572796900711,-0.381966011250106,-0.331353511250106
1.87572796900711,-0.50262022567029,-0.45560772567029
1.87572796900711,-0.62523737082855,-0.58102487082855
1.87572796900711,-0.749333532871391,-0.707121032871391
1.87572796900711,-0.874418960941373,-0.833406460941373
1.87572796900711,-1,-0.9593875
1.87572796900711,-1.12558103905863,-1.08456853905863
1.87572796900711,-1.25066646712861,-1.20845396712861
1.87572796900711,-1.37476262917145,-1.33055012917145
1.87572796900711,-1.49737977432971,-1.45036727432971
1.87572796900711,-1.6180339887499,-1.5674214887499
1.87572796900711,-1.73624910536936,-1.68123660536936
1.87572796900711,-1.85155858313015,-1.79134608313015
1.87572796900711,-1.96350734820343,-1.89729484820343
1.87572796900711,-2.07165358995799,-1.99864108995799
1.87572796900711,-2.17557050458495,-2.09495800458495
1.87572796900711,-2.27484797949738,-2.18583547949738
1.87572796900711,-2.36909421185738,-2.27088171185738
1.87572796900711,-2.45793725484282,-2.34972475484282
1.87572796900711,-2.54102648555158,-2.42201398555158
1.87572796900711,-2.61803398874989,-2.48742148874989
1.87572796900711,-2.68865585100403,-2.54564335100403
1.87572796900711,-2.75261336008773,-2.59640086008773
1.87572796900711,-2.80965410493204,-2.63944160493204
1.87572796900711,-2.8595529717765,-2.6745404717765
2.18690588226423,-2.90211303259031,-0.913313032590307
2.18690588226423,-2.8595529717765,-0.926352971776503
2.18690588226423,-2.80965410493204,-0.931254104932039
2.18690588226423,-2.75261336008773,-0.928213360087727
2.18690588226423,-2.68865585100403,-0.91745585100403
2.18690588226423,-2.61803398874989,-0.899233988749895
2.18690588226423,-2.54102648555158,-0.873826485551578
2.18690588226423,-2.45793725484282,-0.841537254842823
2.18690588226423,-2.36909421185738,-0.802694211857377
2.18690588226423,-2.27484797949738,-0.757647979497379
2.18690588226423,-2.17557050458495,-0.706770504584946
2.18690588226423,-2.07165358995799,-0.650453589957993
2.18690588226423,-1.96350734820343,-0.58910734820343
2.18690588226423,-1.85155858313015,-0.523158583130145
2.18690588226423,-1.73624910536936,-0.453049105369356
2.18690588226423,-1.61803398874989,-0.379233988749895
2.18690588226423,-1.49737977432971,-0.30217977432971
2.18690588226423,-1.37476262917145,-0.22236262917145
2.18690588226423,-1.25066646712861,-0.140266467128609
2.18690588226423,-1.12558103905863,-0.0563810390586269
2.18690588226423,-1,0.0288000000000002
2.18690588226423,-0.874418960941373,0.114781039058627
2.18690588226423,-0.749333532871391,0.201066467128609
2.18690588226423,-0.62523737082855,0.28716262917145
2.18690588226423,-0.502620225670291,0.37257977432971
2.18690588226423,-0.381966011250105,0.456833988749895
2.18690588226423,-0.263750894630644,0.539449105369356
2.18690588226423,-0.148441416869855,0.619958583130145
2.18690588226423,-0.0364926517965692,0.697907348203431
2.18690588226423,0.0716535899579935,0.772853589957994
2.18690588226423,0.175570504584947,0.844370504584947
2.18690588226423,0.274847979497379,0.912047979497379
2.18690588226423,0.369094211857377,0.975494211857378
2.18690588226423,0.457937254842823,1.03433725484282
2.18690588226423,0.541026485551579,1.08822648555158
2.18690588226423,0.618033988749895,1.13683398874989
2.18690588226423,0.68865585100403,1.17985585100403
2.18690588226423,0.752613360087727,1.21701336008773
2.18690588226423,0.809654104932039,1.24805410493204
2.18690588226423,0.859552971776503,1.2727529717765
2.18690588226423,0.902113032590307,1.29091303259031
2.18690588226423,0.902113032590307,1.09091303259031
2.18690588226423,0.859552971776503,1.0327529717765
2.18690588226423,0.809654104932039,0.968054104932039
2.18690588226423,0.752613360087727,0.897013360087727
2.18690588226423,0.68865585100403,0.81985585100403
2.18690588226423,0.618033988749895,0.736833988749895
2.18690588226423,0.541026485551579,0.648226485551579
2.18690588226423,0.457937254842823,0.554337254842823
2.18690588226423,0.369094211857377,0.455494211857377
2.18690588226423,0.274847979497379,0.352047979497379
2.18690588226423,0.175570504584946,0.244370504584946
2.18690588226423,0.0716535899579933,0.132853589957993
2.18690588226423,-0.0364926517965696,0.0179073482034304
2.18690588226423,-0.148441416869855,-0.100041416869855
2.18690588226423,-0.263750894630645,-0.220550894630645
2.18690588226423,-0.381966011250106,-0.343166011250106
2.18690588226423,-0.50262022567029,-0.46742022567029
2.18690588226423,-0.62523737082855,-0.59283737082855
2.18690588226423,-0.749333532871391,-0.718933532871391
2.18690588226423,-0.874418960941373,-0.845218960941373
2.18690588226423,-1,-0.9712
2.18690588226423,-1.12558103905863,-1.09638103905863
2.18690588226423,-1.25066646712861,-1.22026646712861
2.18690588226423,-1.37476262917145,-1.34236262917145
2.18690588226423,-1.49737977432971,-1.46217977432971
2.18690588226423,-1.6180339887499,-1.5792339887499
2.18690588226423,-1.73624910536936,-1.69304910536936
2.18690588226423,-1.85155858313015,-1.80315858313015
2.18690588226423,-1.96350734820343,-1.90910734820343
2.18690588226423,-2.07165358995799,-2.01045358995799
2.18690588226423,-2.17557050458495,-2.10677050458495
2.18690588226423,-2.27484797949738,-2.19764797949738
2.18690588226423,-2.36909421185738,-2.28269421185738
2.18690588226423,-2.45793725484282,-2.36153725484282
2.18690588226423,-2.54102648555158,-2.43382648555158
2.18690588226423,-2.61803398874989,-2.49923398874989
2.18690588226423,-2.68865585100403,-2.55745585100403
2.18690588226423,-2.75261336008773,-2.60821336008773
2.18690588226423,-2.80965410493204,-2.65125410493204
2.18690588226423,-2.8595529717765,-2.6863529717765
2.45444915227507,-2.90211303259031,-0.923100532590307
2.45444915227507,-2.8595529717765,-0.936140471776503
2.45444915227507,-2.80965410493204,-0.941041604932039
2.45444915227507,-2.75261336008773,-0.938000860087727
2.45444915227507,-2.68865585100403,-0.92724335100403
2.45444915227507,-2.61803398874989,-0.909021488749894
2.45444915227507,-2.54102648555158,-0.883613985551578
2.45444915227507,-2.45793725484282,-0.851324754842822
2.45444915227507,-2.36909421185738,-0.812481711857377
2.45444915227507,-2.27484797949738,-0.767435479497379
2.45444915227507,-2.17557050458495,-0.716558004584946
2.45444915227507,-2.07165358995799,-0.660241089957993
2.45444915227507,-1.96350734820343,-0.59889484820343
2.45444915227507,-1.85155858313015,-0.532946083130145
2.45444915227507,-1.73624910536936,-0.462836605369356
2.45444915227507,-1.61803398874989,-0.389021488749894
2.45444915227507,-1.49737977432971,-0.311967274329709
2.45444915227507,-1.37476262917145,-0.232150129171449
2.45444915227507,-1.25066646712861,-0.150053967128609
2.45444915227507,-1.12558103905863,-0.0661685390586267
2.45444915227507,-1,0.0190125000000003
2.45444915227507,-0.874418960941373,0.104993539058627
2.45444915227507,-0.749333532871391,0.191278967128609
2.45444915227507,-0.62523737082855,0.27737512917145
2.45444915227507,-0.502620225670291,0.362792274329709
2.45444915227507,-0.381966011250105,0.447046488749895
2.45444915227507,-0.263750894630644,0.529661605369356
2.45444915227507,-0.148441416869855,0.610171083130145
2.45444915227507,-0.0364926517965692,0.688119848203431
2.45444915227507,0.0716535899579935,0.763066089957993
2.45444915227507,0.175570504584947,0.834583004584946
2.45444915227507,0.274847979497379,0.902260479497379
2.45444915227507,0.369094211857377,0.965706711857377
2.45444915227507,0.457937254842823,1.02454975484282
2.45444915227507,0.541026485551579,1.07843898555158
2.45444915227507,0.618033988749895,1.12704648874989
2.45444915227507,0.68865585100403,1.17006835100403
2.45444915227507,0.752613360087727,1.20722586008773
2.45444915227507,0.809654104932039,1.23826660493204
2.45444915227507,0.859552971776503,1.2629654717765
2.45444915227507,0.902113032590307,1.28112553259031
2.45444915227507,0.902113032590307,1.08112553259031
2.45444915227507,0.859552971776503,1.0229654717765
2.45444915227507,0.809654104932039,0.958266604932039
2.45444915227507,0.752613360087727,0.887225860087727
2.45444915227507,0.68865585100403,0.810068351004031
2.45444915227507,0.618033988749895,0.727046488749895
2.45444915227507,0.541026485551579,0.638438985551579
2.45444915227507,0.457937254842823,0.544549754842823
2.45444915227507,0.369094211857377,0.445706711857377
2.45444915227507,0.274847979497379,0.342260479497379
2.45444915227507,0.175570504584946,0.234583004584946
2.45444915227507,0.0716535899579933,0.123066089957993
2.45444915227507,-0.0364926517965696,0.00811984820343037
2.45444915227507,-0.148441416869855,-0.109828916869855
2.45444915227507,-0.263750894630645,-0.230338394630645
2.45444915227507,-0.381966011250106,-0.352953511250106
2.45444915227507,-0.50262022567029,-0.47720772567029
2.45444915227507,-0.62523737082855,-0.60262487082855
2.45444915227507,-0.749333532871391,-0.728721032871391
2.45444915227507,-0.874418960941373,-0.855006460941373
2.45444915227507,-1,-0.9809875
2.45444915227507,-1.12558103905863,-1.10616853905863
2.45444915227507,-1.25066646712861,-1.23005396712861
2.45444915227507,-1.37476262917145,-1.35215012917145
2.45444915227507,-1.49737977432971,-1.47196727432971
2.45444915227507,-1.6180339887499,-1.5890214887499
2.45444915227507,-1.73624910536936,-1.70283660536936
2.45444915227507,-1.85155858313015,-1.81294608313015
2.45444915227507,-1.96350734820343,-1.91889484820343
2.45444915227507,-2.07165358995799,-2.02024108995799
2.45444915227507,-2.17557050458495,-2.11655800458495
2.45444915227507,-2.27484797949738,-2.20743547949738
2.45444915227507,-2.36909421185738,-2.29248171185738
2.45444915227507,-2.45793725484282,-2.37132475484282
2.45444915227507,-2.54102648555158,-2.44361398555158
2.45444915227507,-2.61803398874989,-2.50902148874989
2.45444915227507,-2.68865585100403,-2.56724335100403
2.45444915227507,-2.75261336008773,-2.61800086008773
2.45444915227507,-2.80965410493204,-2.66104160493204
2.45444915227507,-2.8595529717765,-2.6961404717765
2.6730195725651,-2.90211303259031,-0.930863032590307
2.6730195725651,-2.8595529717765,-0.943902971776503
2.6730195725651,-2.80965410493204,-0.948804104932039
2.6730195725651,-2.75261336008773,-0.945763360087727
2.6730195725651,-2.68865585100403,-0.93500585100403
2.6730195725651,-2.61803398874989,-0.916783988749895
2.6730195725651,-2.54102648555158,-0.891376485551578
2.6730195725651,-2.45793725484282,-0.859087254842823
2.6730195725651,-2.36909421185738,-0.820244211857377
2.6730195725651,-2.27484797949738,-0.775197979497379
2.6730195725651,-2.17557050458495,-0.724320504584946
2.6730195725651,-2.07165358995799,-0.668003589957993
2.6730195725651,-1.96350734820343,-0.60665734820343
2.6730195725651,-1.85155858313015,-0.540708583130145
2.6730195725651,-1.73624910536936,-0.470599105369356
2.6730195725651,-1.61803398874989,-0.396783988749895
2.6730195725651,-1.49737977432971,-0.31972977432971
2.6730195725651,-1.37476262917145,-0.23991262917145
2.6730195725651,-1.25066646712861,-0.157816467128609
2.6730195725651,-1.12558103905863,-0.0739310390586269
2.6730195725651,-1,0.0112500000000002
2.6730195725651,-0.874418960941373,0.0972310390586268
2.6730195725651,-0.749333532871391,0.183516467128609
2.6730195725651,-0.62523737082855,0.26961262917145
2.6730195725651,-0.502620225670291,0.35502977432971
2.6730195725651,-0.381966011250105,0.439283988749895
2.6730195725651,-0.263750894630644,0.521899105369356
2.6730195725651,-0.148441416869855,0.602408583130145
2.6730195725651,-0.0364926517965692,0.680357348203431
2.6730195725651,0.0716535899579935,0.755303589957993
2.6730195725651,0.175570504584947,0.826820504584947
2.6730195725651,0.274847979497379,0.894497979497379
2.6730195725651,0.369094211857377,0.957944211857377
2.6730195725651,0.457937254842823,1.01678725484282
2.6730195725651,0.541026485551579,1.07067648555158
2.6730195725651,0.618033988749895,1.11928398874989
2.6730195725651,0.68865585100403,1.16230585100403
2.6730195725651,0.752613360087727,1.19946336008773
2.6730195725651,0.809654104932039,1.23050410493204
2.6730195725651,0.859552971776503,1.2552029717765
2.6730195725651,0.902113032590307,1.27336303259031
2.6730195725651,0.902113032590307,1.07336303259031
2.6730195725651,0.859552971776503,1.0152029717765
2.6730195725651,0.809654104932039,0.950504104932039
2.6730195725651,0.752613360087727,0.879463360087728
2.6730195725651,0.68865585100403,0.80230585100403
2.6730195725651,0.618033988749895,0.719283988749895
2.6730195725651,0.541026485551579,0.630676485551579
2.6730195725651,0.457937254842823,0.536787254842823
2.6730195725651,0.369094211857377,0.437944211857378
2.6730195725651,0.274847979497379,0.334497979497379
2.6730195725651,0.175570504584946,0.226820504584946
2.6730195725651,0.0716535899579933,0.115303589957993
2.6730195725651,-0.0364926517965696,0.000357348203430474
2.6730195725651,-0.148441416869855,-0.117591416869855
2.6730195725651,-0.263750894630645,-0.238100894630645
2.6730195725651,-0.381966011250106,-0.360716011250106
2.6730195725651,-0.50262022567029,-0.48497022567029
2.6730195725651,-0.62523737082855,-0.61038737082855
2.6730195725651,-0.749333532871391,-0.736483532871391
2.6730195725651,-0.874418960941373,-0.862768960941373
2.6730195725651,-1,-0.98875
2.6730195725651,-1.12558103905863,-1.11393103905863
2.6730195725651,-1.25066646712861,-1.23781646712861
2.6730195725651,-1.37476262917145,-1.35991262917145
2.6730195725651,-1.49737977432971,-1.47972977432971
2.6730195725651,-1.6180339887499,-1.5967839887499
2.6730195725651,-1.73624910536936,-1.71059910536936
2.6730195725651,-1.85155858313015,-1.82070858313015
2.6730195725651,-1.96350734820343,-1.92665734820343
2.6730195725651,-2.07165358995799,-2.02800358995799
2.6730195725651,-2.17557050458495,-2.12432050458495
2.6730195725651,-2.27484797949738,-2.21519797949738
2.6730195725651,-2.36909421185738,-2.30024421185738
2.6730195725651,-2.45793725484282,-2.37908725484282
2.6730195725651,-2.54102648555158,-2.45137648555158
2.6730195725651,-2.61803398874989,-2.51678398874989
2.6730195725651,-2.68865585100403,-2.57500585100403
2.6730195725651,-2.75261336008773,-2.62576336008773
2.6730195725651,-2.80965410493204,-2.66880410493204
2.6730195725651,-2.8595529717765,-2.7039029717765
2.83825607648264,-2.90211303259031,-0.936600532590307
2.83825607648264,-2.8595529717765,-0.949640471776503
2.83825607648264,-2.80965410493204,-0.954541604932039
2.83825607648264,-2.75261336008773,-0.951500860087727
2.83825607648264,-2.68865585100403,-0.94074335100403
2.83825607648264,-2.61803398874989,-0.922521488749894
2.83825607648264,-2.54102648555158,-0.897113985551578
2.83825607648264,-2.45793725484282,-0.864824754842823
2.83825607648264,-2.36909421185738,-0.825981711857377
2.83825607648264,-2.27484797949738,-0.780935479497379
2.83825607648264,-2.17557050458495,-0.730058004584946
2.83825607648264,-2.07165358995799,-0.673741089957993
2.83825607648264,-1.96350734820343,-0.61239484820343
2.83825607648264,-1.85155858313015,-0.546446083130145
2.83825607648264,-1.73624910536936,-0.476336605369356
2.83825607648264,-1.61803398874989,-0.402521488749894
2.83825607648264,-1.49737977432971,-0.32546727432971
2.83825607648264,-1.37476262917145,-0.245650129171449
2.83825607648264,-1.25066646712861,-0.163553967128609
2.83825607648264,-1.12558103905863,-0.0796685390586268
2.83825607648264,-1,0.00551250000000025
2.83825607648264,-0.874418960941373,0.0914935390586269
2.83825607648264,-0.749333532871391,0.177778967128609
2.83825607648264,-0.62523737082855,0.26387512917145
2.83825607648264,-0.502620225670291,0.34929227432971
2.83825607648264,-0.381966011250105,0.433546488749895
2.83825607648264,-0.263750894630644,0.516161605369356
2.83825607648264,-0.148441416869855,0.596671083130145
2.83825607648264,-0.0364926517965692,0.674619848203431
2.83825607648264,0.0716535899579935,0.749566089957993
2.83825607648264,0.175570504584947,0.821083004584947
2.83825607648264,0.274847979497379,0.888760479497379
2.83825607648264,0.369094211857377,0.952206711857377
2.83825607648264,0.457937254842823,1.01104975484282
2.83825607648264,0.541026485551579,1.06493898555158
2.83825607648264,0.618033988749895,1.11354648874989
2.83825607648264,0.68865585100403,1.15656835100403
2.83825607648264,0.752613360087727,1.19372586008773
2.83825607648264,0.809654104932039,1.22476660493204
2.83825607648264,0.859552971776503,1.2494654717765
2.83825607648264,0.902113032590307,1.26762553259031
2.83825607648264,0.902113032590307,1.06762553259031
2.83825607648264,0.859552971776503,1.0094654717765
2.83825607648264,0.809654104932039,0.944766604932039
2.83825607648264,0.752613360087727,0.873725860087727
2.83825607648264,0.68865585100403,0.79656835100403
2.83825607648264,0.618033988749895,0.713546488749895
2.83825607648264,0.541026485551579,0.624938985551579
2.83825607648264,0.457937254842823,0.531049754842823
2.83825607648264,0.369094211857377,0.432206711857377
2.83825607648264,0.274847979497379,0.328760479497379
2.83825607648264,0.175570504584946,0.221083004584946
2.83825607648264,0.0716535899579933,0.109566089957993
2.83825607648264,-0.0364926517965696,-0.00538015179656959
2.83825607648264,-0.148441416869855,-0.123328916869855
2.83825607648264,-0.263750894630645,-0.243838394630645
2.83825607648264,-0.381966011250106,-0.366453511250106
2.83825607648264,-0.50262022567029,-0.49070772567029
2.83825607648264,-0.62523737082855,-0.61612487082855
2.83825607648264,-0.749333532871391,-0.742221032871391
2.83825607648264,-0.874418960941373,-0.868506460941373
2.83825607648264,-1,-0.9944875
2.83825607648264,-1.12558103905863,-1.11966853905863
2.83825607648264,-1.25066646712861,-1.24355396712861
2.83825607648264,-1.37476262917145,-1.36565012917145
2.83825607648264,-1.49737977432971,-1.48546727432971
2.83825607648264,-1.6180339887499,-1.6025214887499
2.83825607648264,-1.73624910536936,-1.71633660536936
2.83825607648264,-1.85155858313015,-1.82644608313015
2.83825607648264,-1.96350734820343,-1.93239484820343
2.83825607648264,-2.07165358995799,-2.03374108995799
2.83825607648264,-2.17557050458495,-2.13005800458495
2.83825607648264,-2.27484797949738,-2.22093547949738
2.83825607648264,-2.36909421185738,-2.30598171185738
2.83825607648264,-2.45793725484282,-2.38482475484282
2.83825607648264,-2.54102648555158,-2.45711398555158
2.83825607648264,-2.61803398874989,-2.52252148874989
2.83825607648264,-2.68865585100403,-2.58074335100403
2.83825607648264,-2.75261336008773,-2.63150086008773
2.83825607648264,-2.80965410493204,-2.67454160493204
2.83825607648264,-2.8595529717765,-2.7096404717765
2.94686175218607,-2.90211303259031,-0.940313032590307
2.94686175218607,-2.8595529717765,-0.953352971776503
2.94686175218607,-2.80965410493204,-0.958254104932039
2.94686175218607,-2.75261336008773,-0.955213360087727
2.94686175218607,-2.68865585100403,-0.94445585100403
2.94686175218607,-2.61803398874989,-0.926233988749894
2.94686175218607,-2.54102648555158,-0.900826485551578
2.94686175218607,-2.45793725484282,-0.868537254842823
2.94686175218607,-2.36909421185738,-0.829694211857377
2.94686175218607,-2.27484797949738,-0.784647979497379
2.94686175218607,-2.17557050458495,-0.733770504584946
2.94686175218607,-2.07165358995799,-0.677453589957993
2.94686175218607,-1.96350734820343,-0.61610734820343
2.94686175218607,-1.85155858313015,-0.550158583130145
2.94686175218607,-1.73624910536936,-0.480049105369356
2.94686175218607,-1.61803398874989,-0.406233988749894
2.94686175218607,-1.49737977432971,-0.32917977432971
2.94686175218607,-1.37476262917145,-0.249362629171449
2.94686175218607,-1.25066646712861,-0.167266467128609
2.94686175218607,-1.12558103905863,-0.0833810390586268
2.94686175218607,-1,0.00180000000000025
2.94686175218607,-0.874418960941373,0.0877810390586269
2.94686175218607,-0.749333532871391,0.174066467128609
2.94686175218607,-0.62523737082855,0.26016262917145
2.94686175218607,-0.502620225670291,0.34557977432971
2.94686175218607,-0.381966011250105,0.429833988749895
2.94686175218607,-0.263750894630644,0.512449105369356
2.94686175218607,-0.148441416869855,0.592958583130145
2.94686175218607,-0.0364926517965692,0.670907348203431
2.94686175218607,0.0716535899579935,0.745853589957993
2.94686175218607,0.175570504584947,0.817370504584947
2.94686175218607,0.274847979497379,0.885047979497379
2.94686175218607,0.369094211857377,0.948494211857378
2.94686175218607,0.457937254842823,1.00733725484282
2.94686175218607,0.541026485551579,1.06122648555158
2.94686175218607,0.618033988749895,1.10983398874989
2.94686175218607,0.68865585100403,1.15285585100403
2.94686175218607,0.752613360087727,1.19001336008773
2.94686175218607,0.809654104932039,1.22105410493204
2.94686175218607,0.859552971776503,1.2457529717765
2.94686175218607,0.902113032590307,1.26391303259031
2.94686175218607,0.902113032590307,1.06391303259031
2.94686175218607,0.859552971776503,1.0057529717765
2.94686175218607,0.809654104932039,0.941054104932039
2.94686175218607,0.752613360087727,0.870013360087727
2.94686175218607,0.68865585100403,0.79285585100403
2.94686175218607,0.618033988749895,0.709833988749895
2.94686175218607,0.541026485551579,0.621226485551579
2.94686175218607,0.457937254842823,0.527337254842823
2.94686175218607,0.369094211857377,0.428494211857377
2.94686175218607,0.274847979497379,0.325047979497379
2.94686175218607,0.175570504584946,0.217370504584946
2.94686175218607,0.0716535899579933,0.105853589957993
2.94686175218607,-0.0364926517965696,-0.0090926517965696
2.94686175218607,-0.148441416869855,-0.127041416869855
2.94686175218607,-0.263750894630645,-0.247550894630645
2.94686175218607,-0.381966011250106,-0.370166011250106
2.94686175218607,-0.50262022567029,-0.49442022567029
2.94686175218607,-0.62523737082855,-0.61983737082855
2.94686175218607,-0.749333532871391,-0.745933532871391
2.94686175218607,-0.874418960941373,-0.872218960941373
2.94686175218607,-1,-0.9982
2.94686175218607,-1.12558103905863,-1.12338103905863
2.94686175218607,-1.25066646712861,-1.24726646712861
2.94686175218607,-1.37476262917145,-1.36936262917145
2.94686175218607,-1.49737977432971,-1.48917977432971
2.94686175218607,-1.6180339887499,-1.6062339887499
2.94686175218607,-1.73624910536936,-1.72004910536936
2.94686175218607,-1.85155858313015,-1.83015858313015
2.94686175218607,-1.96350734820343,-1.93610734820343
2.94686175218607,-2.07165358995799,-2.03745358995799
2.94686175218607,-2.17557050458495,-2.13377050458495
2.94686175218607,-2.27484797949738,-2.22464797949738
2.94686175218607,-2.36909421185738,-2.30969421185738
2.94686175218607,-2.45793725484282,-2.38853725484282
2.94686175218607,-2.54102648555158,-2.46082648555158
2.94686175218607,-2.61803398874989,-2.52623398874989
2.94686175218607,-2.68865585100403,-2.58445585100403
2.94686175218607,-2.75261336008773,-2.63521336008773
2.94686175218607,-2.80965410493204,-2.67825410493204
2.94686175218607,-2.8595529717765,-2.7133529717765
2.99666962488591,-2.90211303259031,-0.942000532590307
2.99666962488591,-2.8595529717765,-0.955040471776503
2.99666962488591,-2.80965410493204,-0.959941604932039
2.99666962488591,-2.75261336008773,-0.956900860087727
2.99666962488591,-2.68865585100403,-0.94614335100403
2.99666962488591,-2.61803398874989,-0.927921488749895
2.99666962488591,-2.54102648555158,-0.902513985551578
2.99666962488591,-2.45793725484282,-0.870224754842823
2.99666962488591,-2.36909421185738,-0.831381711857377
2.99666962488591,-2.27484797949738,-0.786335479497379
2.99666962488591,-2.17557050458495,-0.735458004584946
2.99666962488591,-2.07165358995799,-0.679141089957993
2.99666962488591,-1.96350734820343,-0.61779484820343
2.99666962488591,-1.85155858313015,-0.551846083130145
2.99666962488591,-1.73624910536936,-0.481736605369356
2.99666962488591,-1.61803398874989,-0.407921488749895
2.99666962488591,-1.49737977432971,-0.33086727432971
2.99666962488591,-1.37476262917145,-0.25105012917145
2.99666962488591,-1.25066646712861,-0.168953967128609
2.99666962488591,-1.12558103905863,-0.0850685390586269
2.99666962488591,-1,0.000112500000000182
2.99666962488591,-0.874418960941373,0.0860935390586268
2.99666962488591,-0.749333532871391,0.172378967128609
2.99666962488591,-0.62523737082855,0.25847512917145
2.99666962488591,-0.502620225670291,0.343892274329709
2.99666962488591,-0.381966011250105,0.428146488749895
2.99666962488591,-0.263750894630644,0.510761605369356
2.99666962488591,-0.148441416869855,0.591271083130145
2.99666962488591,-0.0364926517965692,0.669219848203431
2.99666962488591,0.0716535899579935,0.744166089957993
2.99666962488591,0.175570504584947,0.815683004584947
2.99666962488591,0.274847979497379,0.883360479497379
2.99666962488591,0.369094211857377,0.946806711857378
2.99666962488591,0.457937254842823,1.00564975484282
2.99666962488591,0.541026485551579,1.05953898555158
2.99666962488591,0.618033988749895,1.10814648874989
2.99666962488591,0.68865585100403,1.15116835100403
2.99666962488591,0.752613360087727,1.18832586008773
2.99666962488591,0.809654104932039,1.21936660493204
2.99666962488591,0.859552971776503,1.2440654717765
2.99666962488591,0.902113032590307,1.26222553259031
2.99666962488591,0.902113032590307,1.06222553259031
2.99666962488591,0.859552971776503,1.0040654717765
2.99666962488591,0.809654104932039,0.939366604932039
2.99666962488591,0.752613360087727,0.868325860087727
2.99666962488591,0.68865585100403,0.79116835100403
2.99666962488591,0.618033988749895,0.708146488749895
2.99666962488591,0.541026485551579,0.619538985551579
2.99666962488591,0.457937254842823,0.525649754842823
2.99666962488591,0.369094211857377,0.426806711857378
2.99666962488591,0.274847979497379,0.323360479497379
2.99666962488591,0.175570504584946,0.215683004584946
2.99666962488591,0.0716535899579933,0.104166089957993
2.99666962488591,-0.0364926517965696,-0.0107801517965695
2.99666962488591,-0.148441416869855,-0.128728916869855
2.99666962488591,-0.263750894630645,-0.249238394630645
2.99666962488591,-0.381966011250106,-0.371853511250106
2.99666962488591,-0.50262022567029,-0.49610772567029
2.99666962488591,-0.62523737082855,-0.62152487082855
2.99666962488591,-0.749333532871391,-0.747621032871391
2.99666962488591,-0.874418960941373,-0.873906460941373
2.99666962488591,-1,-0.9998875
2.99666962488591,-1.12558103905863,-1.12506853905863
2.99666962488591,-1.25066646712861,-1.24895396712861
2.99666962488591,-1.37476262917145,-1.37105012917145
2.99666962488591,-1.49737977432971,-1.49086727432971
2.99666962488591,-1.6180339887499,-1.6079214887499
2.99666962488591,-1.73624910536936,-1.72173660536936
2.99666962488591,-1.85155858313015,-1.83184608313015
2.99666962488591,-1.96350734820343,-1.93779484820343
2.99666962488591,-2.07165358995799,-2.03914108995799
2.99666962488591,-2.17557050458495,-2.13545800458495
2.99666962488591,-2.27484797949738,-2.22633547949738
2.99666962488591,-2.36909421185738,-2.31138171185738
2.99666962488591,-2.45793725484282,-2.39022475484282
2.99666962488591,-2.54102648555158,-2.46251398555158
2.99666962488591,-2.61803398874989,-2.52792148874989
2.99666962488591,-2.68865585100403,-2.58614335100403
2.99666962488591,-2.75261336008773,-2.63690086008773
2.99666962488591,-2.80965410493204,-2.67994160493204
2.99666962488591,-2.8595529717765,-2.7150404717765
2.98668589380924,-2.90211303259031,-0.941663032590307
2.98668589380924,-2.8595529717765,-0.954702971776503
2.98668589380924,-2.80965410493204,-0.959604104932039
2.98668589380924,-2.75261336008773,-0.956563360087727
2.98668589380924,-2.68865585100403,-0.94580585100403
2.98668589380924,-2.61803398874989,-0.927583988749894
2.98668589380924,-2.54102648555158,-0.902176485551578
2.98668589380924,-2.45793725484282,-0.869887254842822
2.98668589380924,-2.36909421185738,-0.831044211857377
2.98668589380924,-2.27484797949738,-0.785997979497379
2.98668589380924,-2.17557050458495,-0.735120504584946
2.98668589380924,-2.07165358995799,-0.678803589957993
2.98668589380924,-1.96350734820343,-0.61745734820343
2.98668589380924,-1.85155858313015,-0.551508583130145
2.98668589380924,-1.73624910536936,-0.481399105369356
2.98668589380924,-1.61803398874989,-0.407583988749894
2.98668589380924,-1.49737977432971,-0.33052977432971
2.98668589380924,-1.37476262917145,-0.250712629171449
2.98668589380924,-1.25066646712861,-0.168616467128609
2.98668589380924,-1.12558103905863,-0.0847310390586268
2.98668589380924,-1,0.000450000000000284
2.98668589380924,-0.874418960941373,0.0864310390586269
2.98668589380924,-0.749333532871391,0.172716467128609
2.98668589380924,-0.62523737082855,0.25881262917145
2.98668589380924,-0.502620225670291,0.34422977432971
2.98668589380924,-0.381966011250105,0.428483988749895
2.98668589380924,-0.263750894630644,0.511099105369356
2.98668589380924,-0.148441416869855,0.591608583130145
2.98668589380924,-0.0364926517965692,0.669557348203431
2.98668589380924,0.0716535899579935,0.744503589957993
2.98668589380924,0.175570504584947,0.816020504584947
2.98668589380924,0.274847979497379,0.883697979497379
2.98668589380924,0.369094211857377,0.947144211857377
2.98668589380924,0.457937254842823,1.00598725484282
2.98668589380924,0.541026485551579,1.05987648555158
2.98668589380924,0.618033988749895,1.10848398874989
2.98668589380924,0.68865585100403,1.15150585100403
2.98668589380924,0.752613360087727,1.18866336008773
2.98668589380924,0.809654104932039,1.21970410493204
2.98668589380924,0.859552971776503,1.2444029717765
2.98668589380924,0.902113032590307,1.26256303259031
2.98668589380924,0.902113032590307,1.06256303259031
2.98668589380924,0.859552971776503,1.0044029717765
2.98668589380924,0.809654104932039,0.939704104932039
2.98668589380924,0.752613360087727,0.868663360087727
2.98668589380924,0.68865585100403,0.79150585100403
2.98668589380924,0.618033988749895,0.708483988749895
2.98668589380924,0.541026485551579,0.619876485551579
2.98668589380924,0.457937254842823,0.525987254842823
2.98668589380924,0.369094211857377,0.427144211857377
2.98668589380924,0.274847979497379,0.323697979497379
2.98668589380924,0.175570504584946,0.216020504584946
2.98668589380924,0.0716535899579933,0.104503589957993
2.98668589380924,-0.0364926517965696,-0.0104426517965696
2.98668589380924,-0.148441416869855,-0.128391416869855
2.98668589380924,-0.263750894630645,-0.248900894630645
2.98668589380924,-0.381966011250106,-0.371516011250106
2.98668589380924,-0.50262022567029,-0.49577022567029
2.98668589380924,-0.62523737082855,-0.62118737082855
2.98668589380924,-0.749333532871391,-0.747283532871391
2.98668589380924,-0.874418960941373,-0.873568960941373
2.98668589380924,-1,-0.99955
2.98668589380924,-1.12558103905863,-1.12473103905863
2.98668589380924,-1.25066646712861,-1.24861646712861
2.98668589380924,-1.37476262917145,-1.37071262917145
2.98668589380924,-1.49737977432971,-1.49052977432971
2.98668589380924,-1.6180339887499,-1.6075839887499
2.98668589380924,-1.73624910536936,-1.72139910536936
2.98668589380924,-1.85155858313015,-1.83150858313015
2.98668589380924,-1.96350734820343,-1.93745734820343
2.98668589380924,-2.07165358995799,-2.03880358995799
2.98668589380924,-2.17557050458495,-2.13512050458495
2.98668589380924,-2.27484797949738,-2.22599797949738
2.98668589380924,-2.36909421185738,-2.31104421185738
2.98668589380924,-2.45793725484282,-2.38988725484282
2.98668589380924,-2.54102648555158,-2.46217648555158
2.98668589380924,-2.61803398874989,-2.52758398874989
2.98668589380924,-2.68865585100403,-2.58580585100403
2.98668589380924,-2.75261336008773,-2.63656336008773
2.98668589380924,-2.80965410493204,-2.67960410493204
2.98668589380924,-2.8595529717765,-2.7147029717765
2.91710976119303,-2.90211303259031,-0.939300532590307
2.91710976119303,-2.8595529717765,-0.952340471776503
2.91710976119303,-2.80965410493204,-0.957241604932039
2.91710976119303,-2.75261336008773,-0.954200860087727
2.91710976119303,-2.68865585100403,-0.94344335100403
2.91710976119303,-2.61803398874989,-0.925221488749894
2.91710976119303,-2.54102648555158,-0.899813985551578
2.91710976119303,-2.45793725484282,-0.867524754842822
2.91710976119303,-2.36909421185738,-0.828681711857377
2.91710976119303,-2.27484797949738,-0.783635479497379
2.91710976119303,-2.17557050458495,-0.732758004584946
2.91710976119303,-2.07165358995799,-0.676441089957993
2.91710976119303,-1.96350734820343,-0.61509484820343
2.91710976119303,-1.85155858313015,-0.549146083130145
2.91710976119303,-1.73624910536936,-0.479036605369356
2.91710976119303,-1.61803398874989,-0.405221488749894
2.91710976119303,-1.49737977432971,-0.328167274329709
2.91710976119303,-1.37476262917145,-0.248350129171449
2.91710976119303,-1.25066646712861,-0.166253967128609
2.91710976119303,-1.12558103905863,-0.0823685390586267
2.91710976119303,-1,0.00281250000000033
2.91710976119303,-0.874418960941373,0.088793539058627
2.91710976119303,-0.749333532871391,0.175078967128609
2.91710976119303,-0.62523737082855,0.26117512917145
2.91710976119303,-0.502620225670291,0.346592274329709
2.91710976119303,-0.381966011250105,0.430846488749895
2.91710976119303,-0.263750894630644,0.513461605369356
2.91710976119303,-0.148441416869855,0.593971083130145
2.91710976119303,-0.0364926517965692,0.671919848203431
2.91710976119303,0.0716535899579935,0.746866089957993
2.91710976119303,0.175570504584947,0.818383004584947
2.91710976119303,0.274847979497379,0.886060479497379
2.91710976119303,0.369094211857377,0.949506711857377
2.91710976119303,0.457937254842823,1.00834975484282
2.91710976119303,0.541026485551579,1.06223898555158
2.91710976119303,0.618033988749895,1.11084648874989
2.91710976119303,0.68865585100403,1.15386835100403
2.91710976119303,0.752613360087727,1.19102586008773
2.91710976119303,0.809654104932039,1.22206660493204
2.91710976119303,0.859552971776503,1.2467654717765
2.91710976119303,0.902113032590307,1.26492553259031
2.91710976119303,0.902113032590307,1.06492553259031
2.91710976119303,0.859552971776503,1.0067654717765
2.91710976119303,0.809654104932039,0.942066604932039
2.91710976119303,0.752613360087727,0.871025860087727
2.91710976119303,0.68865585100403,0.793868351004031
2.91710976119303,0.618033988749895,0.710846488749895
2.91710976119303,0.541026485551579,0.622238985551579
2.91710976119303,0.457937254842823,0.528349754842823
2.91710976119303,0.369094211857377,0.429506711857377
2.91710976119303,0.274847979497379,0.326060479497379
2.91710976119303,0.175570504584946,0.218383004584946
2.91710976119303,0.0716535899579933,0.106866089957993
2.91710976119303,-0.0364926517965696,-0.00808015179656962
2.91710976119303,-0.148441416869855,-0.126028916869855
2.91710976119303,-0.263750894630645,-0.246538394630645
2.91710976119303,-0.381966011250106,-0.369153511250106
2.91710976119303,-0.50262022567029,-0.49340772567029
2.91710976119303,-0.62523737082855,-0.61882487082855
2.91710976119303,-0.749333532871391,-0.744921032871391
2.91710976119303,-0.874418960941373,-0.871206460941373
2.91710976119303,-1,-0.9971875
2.91710976119303,-1.12558103905863,-1.12236853905863
2.91710976119303,-1.25066646712861,-1.24625396712861
2.91710976119303,-1.37476262917145,-1.36835012917145
2.91710976119303,-1.49737977432971,-1.48816727432971
2.91710976119303,-1.6180339887499,-1.6052214887499
2.91710976119303,-1.73624910536936,-1.71903660536936
2.91710976119303,-1.85155858313015,-1.82914608313015
2.91710976119303,-1.96350734820343,-1.93509484820343
2.91710976119303,-2.07165358995799,-2.03644108995799
2.91710976119303,-2.17557050458495,-2.13275800458495
2.91710976119303,-2.27484797949738,-2.22363547949738
2.91710976119303,-2.36909421185738,-2.30868171185738
2.91710976119303,-2.45793725484282,-2.38752475484282
2.91710976119303,-2.54102648555158,-2.45981398555158
2.91710976119303,-2.61803398874989,-2.52522148874989
2.91710976119303,-2.68865585100403,-2.58344335100403
2.91710976119303,-2.75261336008773,-2.63420086008773
2.91710976119303,-2.80965410493204,-2.67724160493204
2.91710976119303,-2.8595529717765,-2.7123404717765
2.78932945766475,-2.90211303259031,-0.934913032590307
2.78932945766475,-2.8595529717765,-0.947952971776503
2.78932945766475,-2.80965410493204,-0.952854104932039
2.78932945766475,-2.75261336008773,-0.949813360087727
2.78932945766475,-2.68865585100403,-0.93905585100403
2.78932945766475,-2.61803398874989,-0.920833988749894
2.78932945766475,-2.54102648555158,-0.895426485551578
2.78932945766475,-2.45793725484282,-0.863137254842822
2.78932945766475,-2.36909421185738,-0.824294211857377
2.78932945766475,-2.27484797949738,-0.779247979497379
2.78932945766475,-2.17557050458495,-0.728370504584946
2.78932945766475,-2.07165358995799,-0.672053589957993
2.78932945766475,-1.96350734820343,-0.61070734820343
2.78932945766475,-1.85155858313015,-0.544758583130145
2.78932945766475,-1.73624910536936,-0.474649105369356
2.78932945766475,-1.61803398874989,-0.400833988749894
2.78932945766475,-1.49737977432971,-0.32377977432971
2.78932945766475,-1.37476262917145,-0.243962629171449
2.78932945766475,-1.25066646712861,-0.161866467128609
2.78932945766475,-1.12558103905863,-0.0779810390586267
2.78932945766475,-1,0.00720000000000032
2.78932945766475,-0.874418960941373,0.093181039058627
2.78932945766475,-0.749333532871391,0.179466467128609
2.78932945766475,-0.62523737082855,0.26556262917145
2.78932945766475,-0.502620225670291,0.350979774329709
2.78932945766475,-0.381966011250105,0.435233988749895
2.78932945766475,-0.263750894630644,0.517849105369356
2.78932945766475,-0.148441416869855,0.598358583130145
2.78932945766475,-0.0364926517965692,0.676307348203431
2.78932945766475,0.0716535899579935,0.751253589957993
2.78932945766475,0.175570504584947,0.822770504584946
2.78932945766475,0.274847979497379,0.890447979497379
2.78932945766475,0.369094211857377,0.953894211857377
2.78932945766475,0.457937254842823,1.01273725484282
2.78932945766475,0.541026485551579,1.06662648555158
2.78932945766475,0.618033988749895,1.11523398874989
2.78932945766475,0.68865585100403,1.15825585100403
2.78932945766475,0.752613360087727,1.19541336008773
2.78932945766475,0.809654104932039,1.22645410493204
2.78932945766475,0.859552971776503,1.2511529717765
2.78932945766475,0.902113032590307,1.26931303259031
2.78932945766475,0.902113032590307,1.06931303259031
2.78932945766475,0.859552971776503,1.0111529717765
2.78932945766475,0.809654104932039,0.946454104932039
2.78932945766475,0.752613360087727,0.875413360087727
2.78932945766475,0.68865585100403,0.798255851004031
2.78932945766475,0.618033988749895,0.715233988749895
2.78932945766475,0.541026485551579,0.626626485551579
2.78932945766475,0.457937254842823,0.532737254842823
2.78932945766475,0.369094211857377,0.433894211857377
2.78932945766475,0.274847979497379,0.330447979497379
2.78932945766475,0.175570504584946,0.222770504584946
2.78932945766475,0.0716535899579933,0.111253589957993
2.78932945766475,-0.0364926517965696,-0.00369265179656963
2.78932945766475,-0.148441416869855,-0.121641416869855
2.78932945766475,-0.263750894630645,-0.242150894630645
2.78932945766475,-0.381966011250106,-0.364766011250106
2.78932945766475,-0.50262022567029,-0.48902022567029
2.78932945766475,-0.62523737082855,-0.61443737082855
2.78932945766475,-0.749333532871391,-0.740533532871391
2.78932945766475,-0.874418960941373,-0.866818960941373
2.78932945766475,-1,-0.9928
2.78932945766475,-1.12558103905863,-1.11798103905863
2.78932945766475,-1.25066646712861,-1.24186646712861
2.78932945766475,-1.37476262917145,-1.36396262917145
2.78932945766475,-1.49737977432971,-1.48377977432971
2.78932945766475,-1.6180339887499,-1.6008339887499
2.78932945766475,-1.73624910536936,-1.71464910536936
2.78932945766475,-1.85155858313015,-1.82475858313015
2.78932945766475,-1.96350734820343,-1.93070734820343
2.78932945766475,-2.07165358995799,-2.03205358995799
2.78932945766475,-2.17557050458495,-2.12837050458495
2.78932945766475,-2.27484797949738,-2.21924797949738
2.78932945766475,-2.36909421185738,-2.30429421185738
2.78932945766475,-2.45793725484282,-2.38313725484282
2.78932945766475,-2.54102648555158,-2.45542648555158
2.78932945766475,-2.61803398874989,-2.52083398874989
2.78932945766475,-2.68865585100403,-2.57905585100403
2.78932945766475,-2.75261336008773,-2.62981336008773
2.78932945766475,-2.80965410493204,-2.67285410493204
2.78932945766475,-2.8595529717765,-2.7079529717765
2.60589454331457,-2.90211303259031,-0.928500532590307
2.60589454331457,-2.8595529717765,-0.941540471776503
2.60589454331457,-2.80965410493204,-0.946441604932039
2.60589454331457,-2.75261336008773,-0.943400860087727
2.60589454331457,-2.68865585100403,-0.93264335100403
2.60589454331457,-2.61803398874989,-0.914421488749894
2.60589454331457,-2.54102648555158,-0.889013985551578
2.60589454331457,-2.45793725484282,-0.856724754842823
2.60589454331457,-2.36909421185738,-0.817881711857377
2.60589454331457,-2.27484797949738,-0.772835479497379
2.60589454331457,-2.17557050458495,-0.721958004584946
2.60589454331457,-2.07165358995799,-0.665641089957993
2.60589454331457,-1.96350734820343,-0.60429484820343
2.60589454331457,-1.85155858313015,-0.538346083130145
2.60589454331457,-1.73624910536936,-0.468236605369356
2.60589454331457,-1.61803398874989,-0.394421488749894
2.60589454331457,-1.49737977432971,-0.31736727432971
2.60589454331457,-1.37476262917145,-0.237550129171449
2.60589454331457,-1.25066646712861,-0.155453967128609
2.60589454331457,-1.12558103905863,-0.0715685390586268
2.60589454331457,-1,0.0136125000000002
2.60589454331457,-0.874418960941373,0.0995935390586269
2.60589454331457,-0.749333532871391,0.185878967128609
2.60589454331457,-0.62523737082855,0.27197512917145
2.60589454331457,-0.502620225670291,0.35739227432971
2.60589454331457,-0.381966011250105,0.441646488749895
2.60589454331457,-0.263750894630644,0.524261605369356
2.60589454331457,-0.148441416869855,0.604771083130145
2.60589454331457,-0.0364926517965692,0.682719848203431
2.60589454331457,0.0716535899579935,0.757666089957993
2.60589454331457,0.175570504584947,0.829183004584947
2.60589454331457,0.274847979497379,0.896860479497379
2.60589454331457,0.369094211857377,0.960306711857378
2.60589454331457,0.457937254842823,1.01914975484282
2.60589454331457,0.541026485551579,1.07303898555158
2.60589454331457,0.618033988749895,1.12164648874989
2.60589454331457,0.68865585100403,1.16466835100403
2.60589454331457,0.752613360087727,1.20182586008773
2.60589454331457,0.809654104932039,1.23286660493204
2.60589454331457,0.859552971776503,1.2575654717765
2.60589454331457,0.902113032590307,1.27572553259031
2.60589454331457,0.902113032590307,1.07572553259031
2.60589454331457,0.859552971776503,1.0175654717765
2.60589454331457,0.809654104932039,0.952866604932039
2.60589454331457,0.752613360087727,0.881825860087727
2.60589454331457,0.68865585100403,0.80466835100403
2.60589454331457,0.618033988749895,0.721646488749895
2.60589454331457,0.541026485551579,0.633038985551579
2.60589454331457,0.457937254842823,0.539149754842823
2.60589454331457,0.369094211857377,0.440306711857378
2.60589454331457,0.274847979497379,0.336860479497379
2.60589454331457,0.175570504584946,0.229183004584946
2.60589454331457,0.0716535899579933,0.117666089957993
2.60589454331457,-0.0364926517965696,0.00271984820343052
2.60589454331457,-0.148441416869855,-0.115228916869855
2.60589454331457,-0.263750894630645,-0.235738394630645
2.60589454331457,-0.381966011250106,-0.358353511250106
2.60589454331457,-0.50262022567029,-0.48260772567029
2.60589454331457,-0.62523737082855,-0.60802487082855
2.60589454331457,-0.749333532871391,-0.734121032871391
2.60589454331457,-0.874418960941373,-0.860406460941373
2.60589454331457,-1,-0.9863875
2.60589454331457,-1.12558103905863,-1.11156853905863
2.60589454331457,-1.25066646712861,-1.23545396712861
2.60589454331457,-1.37476262917145,-1.35755012917145
2.60589454331457,-1.49737977432971,-1.47736727432971
2.60589454331457,-1.6180339887499,-1.5944214887499
2.60589454331457,-1.73624910536936,-1.70823660536936
2.60589454331457,-1.85155858313015,-1.81834608313015
2.60589454331457,-1.96350734820343,-1.92429484820343
2.60589454331457,-2.07165358995799,-2.02564108995799
2.60589454331457,-2.17557050458495,-2.12195800458495
2.60589454331457,-2.27484797949738,-2.21283547949738
2.60589454331457,-2.36909421185738,-2.29788171185738
2.60589454331457,-2.45793725484282,-2.37672475484282
2.60589454331457,-2.54102648555158,-2.44901398555158
2.60589454331457,-2.61803398874989,-2.51442148874989
2.60589454331457,-2.68865585100403,-2.57264335100403
2.60589454331457,-2.75261336008773,-2.62340086008773
2.60589454331457,-2.80965410493204,-2.66644160493204
2.60589454331457,-2.8595529717765,-2.7015404717765
2.37046503712707,-2.90211303259031,-0.920063032590307
2.37046503712707,-2.8595529717765,-0.933102971776503
2.37046503712707,-2.80965410493204,-0.938004104932039
2.37046503712707,-2.75261336008773,-0.934963360087727
2.37046503712707,-2.68865585100403,-0.92420585100403
2.37046503712707,-2.61803398874989,-0.905983988749895
2.37046503712707,-2.54102648555158,-0.880576485551578
2.37046503712707,-2.45793725484282,-0.848287254842823
2.37046503712707,-2.36909421185738,-0.809444211857377
2.37046503712707,-2.27484797949738,-0.764397979497379
2.37046503712707,-2.17557050458495,-0.713520504584946
2.37046503712707,-2.07165358995799,-0.657203589957993
2.37046503712707,-1.96350734820343,-0.59585734820343
2.37046503712707,-1.85155858313015,-0.529908583130145
2.37046503712707,-1.73624910536936,-0.459799105369356
2.37046503712707,-1.61803398874989,-0.385983988749895
2.37046503712707,-1.49737977432971,-0.30892977432971
2.37046503712707,-1.37476262917145,-0.22911262917145
2.37046503712707,-1.25066646712861,-0.147016467128609
2.37046503712707,-1.12558103905863,-0.0631310390586269
2.37046503712707,-1,0.0220500000000001
2.37046503712707,-0.874418960941373,0.108031039058627
2.37046503712707,-0.749333532871391,0.194316467128609
2.37046503712707,-0.62523737082855,0.28041262917145
2.37046503712707,-0.502620225670291,0.365829774329709
2.37046503712707,-0.381966011250105,0.450083988749895
2.37046503712707,-0.263750894630644,0.532699105369356
2.37046503712707,-0.148441416869855,0.613208583130145
2.37046503712707,-0.0364926517965692,0.691157348203431
2.37046503712707,0.0716535899579935,0.766103589957993
2.37046503712707,0.175570504584947,0.837620504584947
2.37046503712707,0.274847979497379,0.905297979497379
2.37046503712707,0.369094211857377,0.968744211857377
2.37046503712707,0.457937254842823,1.02758725484282
2.37046503712707,0.541026485551579,1.08147648555158
2.37046503712707,0.618033988749895,1.13008398874989
2.37046503712707,0.68865585100403,1.17310585100403
2.37046503712707,0.752613360087727,1.21026336008773
2.37046503712707,0.809654104932039,1.24130410493204
2.37046503712707,0.859552971776503,1.2660029717765
2.37046503712707,0.902113032590307,1.28416303259031
2.37046503712707,0.902113032590307,1.08416303259031
2.37046503712707,0.859552971776503,1.0260029717765
2.37046503712707,0.809654104932039,0.961304104932039
2.37046503712707,0.752613360087727,0.890263360087727
2.37046503712707,0.68865585100403,0.81310585100403
2.37046503712707,0.618033988749895,0.730083988749895
2.37046503712707,0.541026485551579,0.641476485551579
2.37046503712707,0.457937254842823,0.547587254842823
2.37046503712707,0.369094211857377,0.448744211857377
2.37046503712707,0.274847979497379,0.345297979497379
2.37046503712707,0.175570504584946,0.237620504584946
2.37046503712707,0.0716535899579933,0.126103589957993
2.37046503712707,-0.0364926517965696,0.0111573482034304
2.37046503712707,-0.148441416869855,-0.106791416869855
2.37046503712707,-0.263750894630645,-0.227300894630645
2.37046503712707,-0.381966011250106,-0.349916011250106
2.37046503712707,-0.50262022567029,-0.47417022567029
2.37046503712707,-0.62523737082855,-0.59958737082855
2.37046503712707,-0.749333532871391,-0.725683532871391
2.37046503712707,-0.874418960941373,-0.851968960941373
2.37046503712707,-1,-0.97795
2.37046503712707,-1.12558103905863,-1.10313103905863
2.37046503712707,-1.25066646712861,-1.22701646712861
2.37046503712707,-1.37476262917145,-1.34911262917145
2.37046503712707,-1.49737977432971,-1.46892977432971
2.37046503712707,-1.6180339887499,-1.58598398874989
2.37046503712707,-1.73624910536936,-1.69979910536936
2.37046503712707,-1.85155858313015,-1.80990858313015
2.37046503712707,-1.96350734820343,-1.91585734820343
2.37046503712707,-2.07165358995799,-2.01720358995799
2.37046503712707,-2.17557050458495,-2.11352050458495
2.37046503712707,-2.27484797949738,-2.20439797949738
2.37046503712707,-2.36909421185738,-2.28944421185738
2.37046503712707,-2.45793725484282,-2.36828725484282
2.37046503712707,-2.54102648555158,-2.44057648555158
2.37046503712707,-2.61803398874989,-2.50598398874989
2.37046503712707,-2.68865585100403,-2.56420585100403
2.37046503712707,-2.75261336008773,-2.61496336008773
2.37046503712707,-2.80965410493204,-2.65800410493204
2.37046503712707,-2.8595529717765,-2.6931029717765
2.08773838977694,-2.90211303259031,-0.909600532590307
2.08773838977694,-2.8595529717765,-0.922640471776503
2.08773838977694,-2.80965410493204,-0.927541604932039
2.08773838977694,-2.75261336008773,-0.924500860087727
2.08773838977694,-2.68865585100403,-0.91374335100403
2.08773838977694,-2.61803398874989,-0.895521488749895
2.08773838977694,-2.54102648555158,-0.870113985551578
2.08773838977694,-2.45793725484282,-0.837824754842823
2.08773838977694,-2.36909421185738,-0.798981711857377
2.08773838977694,-2.27484797949738,-0.753935479497379
2.08773838977694,-2.17557050458495,-0.703058004584946
2.08773838977694,-2.07165358995799,-0.646741089957993
2.08773838977694,-1.96350734820343,-0.58539484820343
2.08773838977694,-1.85155858313015,-0.519446083130145
2.08773838977694,-1.73624910536936,-0.449336605369356
2.08773838977694,-1.61803398874989,-0.375521488749895
2.08773838977694,-1.49737977432971,-0.29846727432971
2.08773838977694,-1.37476262917145,-0.21865012917145
2.08773838977694,-1.25066646712861,-0.136553967128609
2.08773838977694,-1.12558103905863,-0.0526685390586269
2.08773838977694,-1,0.0325125000000002
2.08773838977694,-0.874418960941373,0.118493539058627
2.08773838977694,-0.749333532871391,0.204778967128609
2.08773838977694,-0.62523737082855,0.29087512917145
2.08773838977694,-0.502620225670291,0.376292274329709
2.08773838977694,-0.381966011250105,0.460546488749895
2.08773838977694,-0.263750894630644,0.543161605369356
2.08773838977694,-0.148441416869855,0.623671083130145
2.08773838977694,-0.0364926517965692,0.701619848203431
2.08773838977694,0.0716535899579935,0.776566089957993
2.08773838977694,0.175570504584947,0.848083004584947
2.08773838977694,0.274847979497379,0.915760479497379
2.08773838977694,0.369094211857377,0.979206711857378
2.08773838977694,0.457937254842823,1.03804975484282
2.08773838977694,0.541026485551579,1.09193898555158
2.08773838977694,0.618033988749895,1.14054648874989
2.08773838977694,0.68865585100403,1.18356835100403
2.08773838977694,0.752613360087727,1.22072586008773
2.08773838977694,0.809654104932039,1.25176660493204
2.08773838977694,0.859552971776503,1.2764654717765
2.08773838977694,0.902113032590307,1.29462553259031
2.08773838977694,0.902113032590307,1.09462553259031
2.08773838977694,0.859552971776503,1.0364654717765
2.08773838977694,0.809654104932039,0.971766604932039
2.08773838977694,0.752613360087727,0.900725860087727
2.08773838977694,0.68865585100403,0.82356835100403
2.08773838977694,0.618033988749895,0.740546488749895
2.08773838977694,0.541026485551579,0.651938985551579
2.08773838977694,0.457937254842823,0.558049754842823
2.08773838977694,0.369094211857377,0.459206711857377
2.08773838977694,0.274847979497379,0.355760479497379
2.08773838977694,0.175570504584946,0.248083004584946
2.08773838977694,0.0716535899579933,0.136566089957993
2.08773838977694,-0.0364926517965696,0.0216198482034304
2.08773838977694,-0.148441416869855,-0.0963289168698552
2.08773838977694,-0.263750894630645,-0.216838394630645
2.08773838977694,-0.381966011250106,-0.339453511250106
2.08773838977694,-0.50262022567029,-0.46370772567029
2.08773838977694,-0.62523737082855,-0.58912487082855
2.08773838977694,-0.749333532871391,-0.715221032871391
2.08773838977694,-0.874418960941373,-0.841506460941373
2.08773838977694,-1,-0.9674875
2.08773838977694,-1.12558103905863,-1.09266853905863
2.08773838977694,-1.25066646712861,-1.21655396712861
2.08773838977694,-1.37476262917145,-1.33865012917145
2.08773838977694,-1.49737977432971,-1.45846727432971
2.08773838977694,-1.6180339887499,-1.5755214887499
2.08773838977694,-1.73624910536936,-1.68933660536936
2.08773838977694,-1.85155858313015,-1.79944608313015
2.08773838977694,-1.96350734820343,-1.90539484820343
2.08773838977694,-2.07165358995799,-2.00674108995799
2.08773838977694,-2.17557050458495,-2.10305800458495
2.08773838977694,-2.27484797949738,-2.19393547949738
2.08773838977694,-2.36909421185738,-2.27898171185738
2.08773838977694,-2.45793725484282,-2.35782475484282
2.08773838977694,-2.54102648555158,-2.43011398555158
2.08773838977694,-2.61803398874989,-2.49552148874989
2.08773838977694,-2.68865585100403,-2.55374335100403
2.08773838977694,-2.75261336008773,-2.60450086008773
2.08773838977694,-2.80965410493204,-2.64754160493204
2.08773838977694,-2.8595529717765,-2.6826404717765
1.76335575687742,-2.90211303259031,-0.897113032590307
1.76335575687742,-2.8595529717765,-0.910152971776503
1.76335575687742,-2.80965410493204,-0.915054104932039
1.76335575687742,-2.75261336008773,-0.912013360087727
1.76335575687742,-2.68865585100403,-0.90125585100403
1.76335575687742,-2.61803398874989,-0.883033988749895
1.76335575687742,-2.54102648555158,-0.857626485551578
1.76335575687742,-2.45793725484282,-0.825337254842823
1.76335575687742,-2.36909421185738,-0.786494211857377
1.76335575687742,-2.27484797949738,-0.741447979497379
1.76335575687742,-2.17557050458495,-0.690570504584946
1.76335575687742,-2.07165358995799,-0.634253589957993
1.76335575687742,-1.96350734820343,-0.57290734820343
1.76335575687742,-1.85155858313015,-0.506958583130145
1.76335575687742,-1.73624910536936,-0.436849105369356
1.76335575687742,-1.61803398874989,-0.363033988749895
1.76335575687742,-1.49737977432971,-0.28597977432971
1.76335575687742,-1.37476262917145,-0.20616262917145
1.76335575687742,-1.25066646712861,-0.124066467128609
1.76335575687742,-1.12558103905863,-0.0401810390586269
1.76335575687742,-1,0.0450000000000002
1.76335575687742,-0.874418960941373,0.130981039058627
1.76335575687742,-0.749333532871391,0.217266467128609
1.76335575687742,-0.62523737082855,0.30336262917145
1.76335575687742,-0.502620225670291,0.388779774329709
1.76335575687742,-0.381966011250105,0.473033988749895
1.76335575687742,-0.263750894630644,0.555649105369356
1.76335575687742,-0.148441416869855,0.636158583130145
1.76335575687742,-0.0364926517965692,0.714107348203431
1.76335575687742,0.0716535899579935,0.789053589957993
1.76335575687742,0.175570504584947,0.860570504584947
1.76335575687742,0.274847979497379,0.928247979497379
1.76335575687742,0.369094211857377,0.991694211857377
1.76335575687742,0.457937254842823,1.05053725484282
1.76335575687742,0.541026485551579,1.10442648555158
1.76335575687742,0.618033988749895,1.1530339887499
1.76335575687742,0.68865585100403,1.19605585100403
1.76335575687742,0.752613360087727,1.23321336008773
1.76335575687742,0.809654104932039,1.26425410493204
1.76335575687742,0.859552971776503,1.2889529717765
1.76335575687742,0.902113032590307,1.30711303259031
1.76335575687742,0.902113032590307,1.10711303259031
1.76335575687742,0.859552971776503,1.0489529717765
1.76335575687742,0.809654104932039,0.984254104932039
1.76335575687742,0.752613360087727,0.913213360087727
1.76335575687742,0.68865585100403,0.83605585100403
1.76335575687742,0.618033988749895,0.753033988749895
1.76335575687742,0.541026485551579,0.664426485551579
1.76335575687742,0.457937254842823,0.570537254842823
1.76335575687742,0.369094211857377,0.471694211857377
1.76335575687742,0.274847979497379,0.368247979497379
1.76335575687742,0.175570504584946,0.260570504584946
1.76335575687742,0.0716535899579933,0.149053589957993
1.76335575687742,-0.0364926517965696,0.0341073482034304
1.76335575687742,-0.148441416869855,-0.0838414168698552
1.76335575687742,-0.263750894630645,-0.204350894630645
1.76335575687742,-0.381966011250106,-0.326966011250106
1.76335575687742,-0.50262022567029,-0.45122022567029
1.76335575687742,-0.62523737082855,-0.57663737082855
1.76335575687742,-0.749333532871391,-0.702733532871391
1.76335575687742,-0.874418960941373,-0.829018960941373
1.76335575687742,-1,-0.955
1.76335575687742,-1.12558103905863,-1.08018103905863
1.76335575687742,-1.25066646712861,-1.20406646712861
1.76335575687742,-1.37476262917145,-1.32616262917145
1.76335575687742,-1.49737977432971,-1.44597977432971
1.76335575687742,-1.6180339887499,-1.5630339887499
1.76335575687742,-1.73624910536936,-1.67684910536936
1.76335575687742,-1.85155858313015,-1.78695858313015
1.76335575687742,-1.96350734820343,-1.89290734820343
1.76335575687742,-2.07165358995799,-1.99425358995799
1.76335575687742,-2.17557050458495,-2.09057050458495
1.76335575687742,-2.27484797949738,-2.18144797949738
1.76335575687742,-2.36909421185738,-2.26649421185738
1.76335575687742,-2.45793725484282,-2.34533725484282
1.76335575687742,-2.54102648555158,-2.41762648555158
1.76335575687742,-2.61803398874989,-2.48303398874989
1.76335575687742,-2.68865585100403,-2.54125585100403
1.76335575687742,-2.75261336008773,-2.59201336008773
1.76335575687742,-2.80965410493204,-2.63505410493204
1.76335575687742,-2.8595529717765,-2.6701529717765
1.40378944278172,-2.90211303259031,-0.882600532590307
1.40378944278172,-2.8595529717765,-0.895640471776503
1.40378944278172,-2.80965410493204,-0.900541604932039
1.40378944278172,-2.75261336008773,-0.897500860087727
1.40378944278172,-2.68865585100403,-0.88674335100403
1.40378944278172,-2.61803398874989,-0.868521488749894
1.40378944278172,-2.54102648555158,-0.843113985551578
1.40378944278172,-2.45793725484282,-0.810824754842822
1.40378944278172,-2.36909421185738,-0.771981711857377
1.40378944278172,-2.27484797949738,-0.726935479497379
1.40378944278172,-2.17557050458495,-0.676058004584946
1.40378944278172,-2.07165358995799,-0.619741089957993
1.40378944278172,-1.96350734820343,-0.55839484820343
1.40378944278172,-1.85155858313015,-0.492446083130145
1.40378944278172,-1.73624910536936,-0.422336605369356
1.40378944278172,-1.61803398874989,-0.348521488749894
1.40378944278172,-1.49737977432971,-0.27146727432971
1.40378944278172,-1.37476262917145,-0.191650129171449
1.40378944278172,-1.25066646712861,-0.109553967128609
1.40378944278172,-1.12558103905863,-0.0256685390586268
1.40378944278172,-1,0.0595125000000003
1.40378944278172,-0.874418960941373,0.145493539058627
1.40378944278172,-0.749333532871391,0.231778967128609
1.40378944278172,-0.62523737082855,0.31787512917145
1.40378944278172,-0.502620225670291,0.40329227432971
1.40378944278172,-0.381966011250105,0.487546488749895
1.40378944278172,-0.263750894630644,0.570161605369356
1.40378944278172,-0.148441416869855,0.650671083130145
1.40378944278172,-0.0364926517965692,0.728619848203431
1.40378944278172,0.0716535899579935,0.803566089957994
1.40378944278172,0.175570504584947,0.875083004584947
1.40378944278172,0.274847979497379,0.942760479497379
1.40378944278172,0.369094211857377,1.00620671185738
1.40378944278172,0.457937254842823,1.06504975484282
1.40378944278172,0.541026485551579,1.11893898555158
1.40378944278172,0.618033988749895,1.16754648874989
1.40378944278172,0.68865585100403,1.21056835100403
1.40378944278172,0.752613360087727,1.24772586008773
1.40378944278172,0.809654104932039,1.27876660493204
1.40378944278172,0.859552971776503,1.3034654717765
1.40378944278172,0.902113032590307,1.32162553259031
1.40378944278172,0.902113032590307,1.12162553259031
1.40378944278172,0.859552971776503,1.0634654717765
1.40378944278172,0.809654104932039,0.998766604932039
1.40378944278172,0.752613360087727,0.927725860087727
1.40378944278172,0.68865585100403,0.85056835100403
1.40378944278172,0.618033988749895,0.767546488749895
1.40378944278172,0.541026485551579,0.678938985551579
1.40378944278172,0.457937254842823,0.585049754842823
1.40378944278172,0.369094211857377,0.486206711857377
1.40378944278172,0.274847979497379,0.382760479497379
1.40378944278172,0.175570504584946,0.275083004584946
1.40378944278172,0.0716535899579933,0.163566089957993
1.40378944278172,-0.0364926517965696,0.0486198482034303
1.40378944278172,-0.148441416869855,-0.0693289168698552
1.40378944278172,-0.263750894630645,-0.189838394630645
1.40378944278172,-0.381966011250106,-0.312453511250106
1.40378944278172,-0.50262022567029,-0.43670772567029
1.40378944278172,-0.62523737082855,-0.56212487082855
1.40378944278172,-0.749333532871391,-0.688221032871391
1.40378944278172,-0.874418960941373,-0.814506460941373
1.40378944278172,-1,-0.9404875
1.40378944278172,-1.12558103905863,-1.06566853905863
1.40378944278172,-1.25066646712861,-1.18955396712861
1.40378944278172,-1.37476262917145,-1.31165012917145
1.40378944278172,-1.49737977432971,-1.43146727432971
1.40378944278172,-1.6180339887499,-1.5485214887499
1.40378944278172,-1.73624910536936,-1.66233660536936
1.40378944278172,-1.85155858313015,-1.77244608313015
1.40378944278172,-1.96350734820343,-1.87839484820343
1.40378944278172,-2.07165358995799,-1.97974108995799
1.40378944278172,-2.17557050458495,-2.07605800458495
1.40378944278172,-2.27484797949738,-2.16693547949738
1.40378944278172,-2.36909421185738,-2.25198171185738
1.40378944278172,-2.45793725484282,-2.33082475484282
1.40378944278172,-2.54102648555158,-2.40311398555158
1.40378944278172,-2.61803398874989,-2.46852148874989
1.40378944278172,-2.68865585100403,-2.52674335100403
1.40378944278172,-2.75261336008773,-2.57750086008773
1.40378944278172,-2.80965410493204,-2.62054160493204
1.40378944278172,-2.8595529717765,-2.6556404717765
1.01621376073588,-2.90211303259031,-0.866063032590307
1.01621376073588,-2.8595529717765,-0.879102971776503
1.01621376073588,-2.80965410493204,-0.884004104932039
1.01621376073588,-2.75261336008773,-0.880963360087727
1.01621376073588,-2.68865585100403,-0.87020585100403
1.01621376073588,-2.61803398874989,-0.851983988749895
1.01621376073588,-2.54102648555158,-0.826576485551578
1.01621376073588,-2.45793725484282,-0.794287254842823
1.01621376073588,-2.36909421185738,-0.755444211857377
1.01621376073588,-2.27484797949738,-0.710397979497379
1.01621376073588,-2.17557050458495,-0.659520504584946
1.01621376073588,-2.07165358995799,-0.603203589957993
1.01621376073588,-1.96350734820343,-0.54185734820343
1.01621376073588,-1.85155858313015,-0.475908583130145
1.01621376073588,-1.73624910536936,-0.405799105369356
1.01621376073588,-1.61803398874989,-0.331983988749895
1.01621376073588,-1.49737977432971,-0.25492977432971
1.01621376073588,-1.37476262917145,-0.17511262917145
1.01621376073588,-1.25066646712861,-0.0930164671286087
1.01621376073588,-1.12558103905863,-0.00913103905862689
1.01621376073588,-1,0.0760500000000002
1.01621376073588,-0.874418960941373,0.162031039058627
1.01621376073588,-0.749333532871391,0.248316467128609
1.01621376073588,-0.62523737082855,0.33441262917145
1.01621376073588,-0.502620225670291,0.419829774329709
1.01621376073588,-0.381966011250105,0.504083988749895
1.01621376073588,-0.263750894630644,0.586699105369356
1.01621376073588,-0.148441416869855,0.667208583130145
1.01621376073588,-0.0364926517965692,0.745157348203431
1.01621376073588,0.0716535899579935,0.820103589957993
1.01621376073588,0.175570504584947,0.891620504584947
1.01621376073588,0.274847979497379,0.959297979497379
1.01621376073588,0.369094211857377,1.02274421185738
1.01621376073588,0.457937254842823,1.08158725484282
1.01621376073588,0.541026485551579,1.13547648555158
1.01621376073588,0.618033988749895,1.18408398874989
1.01621376073588,0.68865585100403,1.22710585100403
1.01621376073588,0.752613360087727,1.26426336008773
1.01621376073588,0.809654104932039,1.29530410493204
1.01621376073588,0.859552971776503,1.3200029717765
1.01621376073588,0.902113032590307,1.33816303259031
1.01621376073588,0.902113032590307,1.13816303259031
1.01621376073588,0.859552971776503,1.0800029717765
1.01621376073588,0.809654104932039,1.01530410493204
1.01621376073588,0.752613360087727,0.944263360087727
1.01621376073588,0.68865585100403,0.86710585100403
1.01621376073588,0.618033988749895,0.784083988749895
1.01621376073588,0.541026485551579,0.695476485551579
1.01621376073588,0.457937254842823,0.601587254842823
1.01621376073588,0.369094211857377,0.502744211857377
1.01621376073588,0.274847979497379,0.399297979497379
1.01621376073588,0.175570504584946,0.291620504584946
1.01621376073588,0.0716535899579933,0.180103589957993
1.01621376073588,-0.0364926517965696,0.0651573482034304
1.01621376073588,-0.148441416869855,-0.0527914168698552
1.01621376073588,-0.263750894630645,-0.173300894630645
1.01621376073588,-0.381966011250106,-0.295916011250106
1.01621376073588,-0.50262022567029,-0.42017022567029
1.01621376073588,-0.62523737082855,-0.54558737082855
1.01621376073588,-0.749333532871391,-0.671683532871391
1.01621376073588,-0.874418960941373,-0.797968960941373
1.01621376073588,-1,-0.92395
1.01621376073588,-1.12558103905863,-1.04913103905863
1.01621376073588,-1.25066646712861,-1.17301646712861
1.01621376073588,-1.37476262917145,-1.29511262917145
1.01621376073588,-1.49737977432971,-1.41492977432971
1.01621376073588,-1.6180339887499,-1.5319839887499
1.01621376073588,-1.73624910536936,-1.64579910536936
1.01621376073588,-1.85155858313015,-1.75590858313015
1.01621376073588,-1.96350734820343,-1.86185734820343
1.01621376073588,-2.07165358995799,-1.96320358995799
1.01621376073588,-2.17557050458495,-2.05952050458495
1.01621376073588,-2.27484797949738,-2.15039797949738
1.01621376073588,-2.36909421185738,-2.23544421185738
1.01621376073588,-2.45793725484282,-2.31428725484282
1.01621376073588,-2.54102648555158,-2.38657648555158
1.01621376073588,-2.61803398874989,-2.45198398874989
1.01621376073588,-2.68865585100403,-2.51020585100403
1.01621376073588,-2.75261336008773,-2.56096336008773
1.01621376073588,-2.80965410493204,-2.60400410493204
1.01621376073588,-2.8595529717765,-2.6391029717765
0.60836188606954,-2.90211303259031,-0.847500532590307
0.60836188606954,-2.8595529717765,-0.860540471776503
0.60836188606954,-2.80965410493204,-0.865441604932039
0.60836188606954,-2.75261336008773,-0.862400860087727
0.60836188606954,-2.68865585100403,-0.85164335100403
0.60836188606954,-2.61803398874989,-0.833421488749895
0.60836188606954,-2.54102648555158,-0.808013985551578
0.60836188606954,-2.45793725484282,-0.775724754842823
0.60836188606954,-2.36909421185738,-0.736881711857377
0.60836188606954,-2.27484797949738,-0.691835479497379
0.60836188606954,-2.17557050458495,-0.640958004584946
0.60836188606954,-2.07165358995799,-0.584641089957993
0.60836188606954,-1.96350734820343,-0.52329484820343
0.60836188606954,-1.85155858313015,-0.457346083130145
0.60836188606954,-1.73624910536936,-0.387236605369356
0.60836188606954,-1.61803398874989,-0.313421488749895
0.60836188606954,-1.49737977432971,-0.23636727432971
0.60836188606954,-1.37476262917145,-0.15655012917145
0.60836188606954,-1.25066646712861,-0.0744539671286086
0.60836188606954,-1.12558103905863,0.00943146094137326
0.60836188606954,-1,0.0946125000000002
0.60836188606954,-0.874418960941373,0.180593539058627
0.60836188606954,-0.749333532871391,0.266878967128609
0.60836188606954,-0.62523737082855,0.35297512917145
0.60836188606954,-0.502620225670291,0.43839227432971
0.60836188606954,-0.381966011250105,0.522646488749895
0.60836188606954,-0.263750894630644,0.605261605369356
0.60836188606954,-0.148441416869855,0.685771083130145
0.60836188606954,-0.0364926517965692,0.763719848203431
0.60836188606954,0.0716535899579935,0.838666089957993
0.60836188606954,0.175570504584947,0.910183004584947
0.60836188606954,0.274847979497379,0.977860479497379
0.60836188606954,0.369094211857377,1.04130671185738
0.60836188606954,0.457937254842823,1.10014975484282
0.60836188606954,0.541026485551579,1.15403898555158
0.60836188606954,0.618033988749895,1.20264648874989
0.60836188606954,0.68865585100403,1.24566835100403
0.60836188606954,0.752613360087727,1.28282586008773
0.60836188606954,0.809654104932039,1.31386660493204
0.60836188606954,0.859552971776503,1.3385654717765
0.60836188606954,0.902113032590307,1.35672553259031
0.60836188606954,0.902113032590307,1.15672553259031
0.60836188606954,0.859552971776503,1.0985654717765
0.60836188606954,0.809654104932039,1.03386660493204
0.60836188606954,0.752613360087727,0.962825860087727
0.60836188606954,0.68865585100403,0.88566835100403
0.60836188606954,0.618033988749895,0.802646488749895
0.60836188606954,0.541026485551579,0.714038985551579
0.60836188606954,0.457937254842823,0.620149754842823
0.60836188606954,0.369094211857377,0.521306711857377
0.60836188606954,0.274847979497379,0.417860479497379
0.60836188606954,0.175570504584946,0.310183004584946
0.60836188606954,0.0716535899579933,0.198666089957993
0.60836188606954,-0.0364926517965696,0.0837198482034303
0.60836188606954,-0.148441416869855,-0.0342289168698552
0.60836188606954,-0.263750894630645,-0.154738394630645
0.60836188606954,-0.381966011250106,-0.277353511250106
0.60836188606954,-0.50262022567029,-0.40160772567029
0.60836188606954,-0.62523737082855,-0.52702487082855
0.60836188606954,-0.749333532871391,-0.653121032871391
0.60836188606954,-0.874418960941373,-0.779406460941373
0.60836188606954,-1,-0.9053875
0.60836188606954,-1.12558103905863,-1.03056853905863
0.60836188606954,-1.25066646712861,-1.15445396712861
0.60836188606954,-1.37476262917145,-1.27655012917145
0.60836188606954,-1.49737977432971,-1.39636727432971
0.60836188606954,-1.6180339887499,-1.5134214887499
0.60836188606954,-1.73624910536936,-1.62723660536936
0.60836188606954,-1.85155858313015,-1.73734608313015
0.60836188606954,-1.96350734820343,-1.84329484820343
0.60836188606954,-2.07165358995799,-1.94464108995799
0.60836188606954,-2.17557050458495,-2.04095800458495
0.60836188606954,-2.27484797949738,-2.13183547949738
0.60836188606954,-2.36909421185738,-2.21688171185738
0.60836188606954,-2.45793725484282,-2.29572475484282
0.60836188606954,-2.54102648555158,-2.36801398555158
0.60836188606954,-2.61803398874989,-2.43342148874989
0.60836188606954,-2.68865585100403,-2.49164335100403
0.60836188606954,-2.75261336008773,-2.54240086008773
0.60836188606954,-2.80965410493204,-2.58544160493204
0.60836188606954,-2.8595529717765,-2.6205404717765
0.188371558587941,-2.90211303259031,-0.826913032590307
0.188371558587941,-2.8595529717765,-0.839952971776503
0.188371558587941,-2.80965410493204,-0.844854104932039
0.188371558587941,-2.75261336008773,-0.841813360087727
0.188371558587941,-2.68865585100403,-0.83105585100403
0.188371558587941,-2.61803398874989,-0.812833988749895
0.188371558587941,-2.54102648555158,-0.787426485551578
0.188371558587941,-2.45793725484282,-0.755137254842823
0.188371558587941,-2.36909421185738,-0.716294211857377
0.188371558587941,-2.27484797949738,-0.671247979497379
0.188371558587941,-2.17557050458495,-0.620370504584946
0.188371558587941,-2.07165358995799,-0.564053589957993
0.188371558587941,-1.96350734820343,-0.50270734820343
0.188371558587941,-1.85155858313015,-0.436758583130145
0.188371558587941,-1.73624910536936,-0.366649105369356
0.188371558587941,-1.61803398874989,-0.292833988749895
0.188371558587941,-1.49737977432971,-0.21577977432971
0.188371558587941,-1.37476262917145,-0.13596262917145
0.188371558587941,-1.25066646712861,-0.0538664671286087
0.188371558587941,-1.12558103905863,0.0300189609413732
0.188371558587941,-1,0.1152
0.188371558587941,-0.874418960941373,0.201181039058627
0.188371558587941,-0.749333532871391,0.287466467128609
0.188371558587941,-0.62523737082855,0.37356262917145
0.188371558587941,-0.502620225670291,0.458979774329709
0.188371558587941,-0.381966011250105,0.543233988749895
0.188371558587941,-0.263750894630644,0.625849105369356
0.188371558587941,-0.148441416869855,0.706358583130145
0.188371558587941,-0.0364926517965692,0.784307348203431
0.188371558587941,0.0716535899579935,0.859253589957993
0.188371558587941,0.175570504584947,0.930770504584947
0.188371558587941,0.274847979497379,0.998447979497379
0.188371558587941,0.369094211857377,1.06189421185738
0.188371558587941,0.457937254842823,1.12073725484282
0.188371558587941,0.541026485551579,1.17462648555158
0.188371558587941,0.618033988749895,1.22323398874989
0.188371558587941,0.68865585100403,1.26625585100403
0.188371558587941,0.752613360087727,1.30341336008773
0.188371558587941,0.809654104932039,1.33445410493204
0.188371558587941,0.859552971776503,1.3591529717765
0.188371558587941,0.902113032590307,1.37731303259031
0.188371558587941,0.902113032590307,1.17731303259031
0.188371558587941,0.859552971776503,1.1191529717765
0.188371558587941,0.809654104932039,1.05445410493204
0.188371558587941,0.752613360087727,0.983413360087728
0.188371558587941,0.68865585100403,0.90625585100403
0.188371558587941,0.618033988749895,0.823233988749895
0.188371558587941,0.541026485551579,0.734626485551579
0.188371558587941,0.457937254842823,0.640737254842823
0.188371558587941,0.369094211857377,0.541894211857378
0.188371558587941,0.274847979497379,0.438447979497379
0.188371558587941,0.175570504584946,0.330770504584946
0.188371558587941,0.0716535899579933,0.219253589957993
0.188371558587941,-0.0364926517965696,0.10430734820343
0.188371558587941,-0.148441416869855,-0.0136414168698551
0.188371558587941,-0.263750894630645,-0.134150894630645
0.188371558587941,-0.381966011250106,-0.256766011250106
0.188371558587941,-0.50262022567029,-0.38102022567029
0.188371558587941,-0.62523737082855,-0.50643737082855
0.188371558587941,-0.749333532871391,-0.632533532871391
0.188371558587941,-0.874418960941373,-0.758818960941373
0.188371558587941,-1,-0.8848
0.188371558587941,-1.12558103905863,-1.00998103905863
0.188371558587941,-1.25066646712861,-1.13386646712861
0.188371558587941,-1.37476262917145,-1.25596262917145
0.188371558587941,-1.49737977432971,-1.37577977432971
0.188371558587941,-1.6180339887499,-1.4928339887499
0.188371558587941,-1.73624910536936,-1.60664910536936
0.188371558587941,-1.85155858313015,-1.71675858313015
0.188371558587941,-1.96350734820343,-1.82270734820343
0.188371558587941,-2.07165358995799,-1.92405358995799
0.188371558587941,-2.17557050458495,-2.02037050458495
0.188371558587941,-2.27484797949738,-2.11124797949738
0.188371558587941,-2.36909421185738,-2.19629421185738
0.188371558587941,-2.45793725484282,-2.27513725484282
0.188371558587941,-2.54102648555158,-2.34742648555158
0.188371558587941,-2.61803398874989,-2.41283398874989
0.188371558587941,-2.68865585100403,-2.47105585100403
0.188371558587941,-2.75261336008773,-2.52181336008773
0.188371558587941,-2.80965410493204,-2.56485410493204
0.188371558587941,-2.8595529717765,-2.5999529717765
-0.235377287183533,-2.90211303259031,-0.804300532590307
-0.235377287183533,-2.8595529717765,-0.817340471776503
-0.235377287183533,-2.80965410493204,-0.822241604932039
-0.235377287183533,-2.75261336008773,-0.819200860087727
-0.235377287183533,-2.68865585100403,-0.80844335100403
-0.235377287183533,-2.61803398874989,-0.790221488749895
-0.235377287183533,-2.54102648555158,-0.764813985551578
-0.235377287183533,-2.45793725484282,-0.732524754842823
-0.235377287183533,-2.36909421185738,-0.693681711857377
-0.235377287183533,-2.27484797949738,-0.648635479497379
-0.235377287183533,-2.17557050458495,-0.597758004584946
-0.235377287183533,-2.07165358995799,-0.541441089957993
-0.235377287183533,-1.96350734820343,-0.48009484820343
-0.235377287183533,-1.85155858313015,-0.414146083130145
-0.235377287183533,-1.73624910536936,-0.344036605369356
-0.235377287183533,-1.61803398874989,-0.270221488749895
-0.235377287183533,-1.49737977432971,-0.19316727432971
-0.235377287183533,-1.37476262917145,-0.11335012917145
-0.235377287183533,-1.25066646712861,-0.0312539671286087
-0.235377287183533,-1.12558103905863,0.0526314609413732
-0.235377287183533,-1,0.1378125
-0.235377287183533,-0.874418960941373,0.223793539058627
-0.235377287183533,-0.749333532871391,0.310078967128609
-0.235377287183533,-0.62523737082855,0.39617512917145
-0.235377287183533,-0.502620225670291,0.481592274329709
-0.235377287183533,-0.381966011250105,0.565846488749895
-0.235377287183533,-0.263750894630644,0.648461605369356
-0.235377287183533,-0.148441416869855,0.728971083130145
-0.235377287183533,-0.0364926517965692,0.806919848203431
-0.235377287183533,0.0716535899579935,0.881866089957993
-0.235377287183533,0.175570504584947,0.953383004584947
-0.235377287183533,0.274847979497379,1.02106047949738
-0.235377287183533,0.369094211857377,1.08450671185738
-0.235377287183533,0.457937254842823,1.14334975484282
-0.235377287183533,0.541026485551579,1.19723898555158
-0.235377287183533,0.618033988749895,1.2458464887499
-0.235377287183533,0.68865585100403,1.28886835100403
-0.235377287183533,0.752613360087727,1.32602586008773
-0.235377287183533,0.809654104932039,1.35706660493204
-0.235377287183533,0.859552971776503,1.3817654717765
-0.235377287183533,0.902113032590307,1.39992553259031
-0.235377287183533,0.902113032590307,1.19992553259031
-0.235377287183533,0.859552971776503,1.1417654717765
-0.235377287183533,0.809654104932039,1.07706660493204
-0.235377287183533,0.752613360087727,1.00602586008773
-0.235377287183533,0.68865585100403,0.92886835100403
-0.235377287183533,0.618033988749895,0.845846488749895
-0.235377287183533,0.541026485551579,0.757238985551579
-0.235377287183533,0.457937254842823,0.663349754842823
-0.235377287183533,0.369094211857377,0.564506711857377
-0.235377287183533,0.274847979497379,0.461060479497379
-0.235377287183533,0.175570504584946,0.353383004584946
-0.235377287183533,0.0716535899579933,0.241866089957993
-0.235377287183533,-0.0364926517965696,0.12691984820343
-0.235377287183533,-0.148441416869855,0.00897108313014483
-0.235377287183533,-0.263750894630645,-0.111538394630645
-0.235377287183533,-0.381966011250106,-0.234153511250106
-0.235377287183533,-0.50262022567029,-0.35840772567029
-0.235377287183533,-0.62523737082855,-0.48382487082855
-0.235377287183533,-0.749333532871391,-0.609921032871391
-0.235377287183533,-0.874418960941373,-0.736206460941373
-0.235377287183533,-1,-0.8621875
-0.235377287183533,-1.12558103905863,-0.987368539058627
-0.235377287183533,-1.25066646712861,-1.11125396712861
-0.235377287183533,-1.37476262917145,-1.23335012917145
-0.235377287183533,-1.49737977432971,-1.35316727432971
-0.235377287183533,-1.6180339887499,-1.4702214887499
-0.235377287183533,-1.73624910536936,-1.58403660536936
-0.235377287183533,-1.85155858313015,-1.69414608313015
-0.235377287183533,-1.96350734820343,-1.80009484820343
-0.235377287183533,-2.07165358995799,-1.90144108995799
-0.235377287183533,-2.17557050458495,-1.99775800458495
-0.235377287183533,-2.27484797949738,-2.08863547949738
-0.235377287183533,-2.36909421185738,-2.17368171185738
-0.235377287183533,-2.45793725484282,-2.25252475484282
-0.235377287183533,-2.54102648555158,-2.32481398555158
-0.235377287183533,-2.61803398874989,-2.39022148874989
-0.235377287183533,-2.68865585100403,-2.44844335100403
-0.235377287183533,-2.75261336008773,-2.49920086008773
-0.235377287183533,-2.80965410493204,-2.54224160493204
-0.235377287183533,-2.8595529717765,-2.5773404717765
-0.654429724189626,-2.90211303259031,-0.779663032590307
-0.654429724189626,-2.8595529717765,-0.792702971776503
-0.654429724189626,-2.80965410493204,-0.797604104932039
-0.654429724189626,-2.75261336008773,-0.794563360087727
-0.654429724189626,-2.68865585100403,-0.78380585100403
-0.654429724189626,-2.61803398874989,-0.765583988749895
-0.654429724189626,-2.54102648555158,-0.740176485551578
-0.654429724189626,-2.45793725484282,-0.707887254842823
-0.654429724189626,-2.36909421185738,-0.669044211857377
-0.654429724189626,-2.27484797949738,-0.623997979497379
-0.654429724189626,-2.17557050458495,-0.573120504584946
-0.654429724189626,-2.07165358995799,-0.516803589957993
-0.654429724189626,-1.96350734820343,-0.45545734820343
-0.654429724189626,-1.85155858313015,-0.389508583130145
-0.654429724189626,-1.73624910536936,-0.319399105369356
-0.654429724189626,-1.61803398874989,-0.245583988749895
-0.654429724189626,-1.49737977432971,-0.16852977432971
-0.654429724189626,-1.37476262917145,-0.0887126291714495
-0.654429724189626,-1.25066646712861,-0.00661646712860864
-0.654429724189626,-1.12558103905863,0.0772689609413733
-0.654429724189626,-1,0.16245
-0.654429724189626,-0.874418960941373,0.248431039058627
-0.654429724189626,-0.749333532871391,0.334716467128609
-0.654429724189626,-0.62523737082855,0.42081262917145
-0.654429724189626,-0.502620225670291,0.50622977432971
-0.654429724189626,-0.381966011250105,0.590483988749895
-0.654429724189626,-0.263750894630644,0.673099105369356
-0.654429724189626,-0.148441416869855,0.753608583130145
-0.654429724189626,-0.0364926517965692,0.831557348203431
-0.654429724189626,0.0716535899579935,0.906503589957993
-0.654429724189626,0.175570504584947,0.978020504584947
-0.654429724189626,0.274847979497379,1.04569797949738
-0.654429724189626,0.369094211857377,1.10914421185738
-0.654429724189626,0.457937254842823,1.16798725484282
-0.654429724189626,0.541026485551579,1.22187648555158
-0.654429724189626,0.618033988749895,1.27048398874989
-0.654429724189626,0.68865585100403,1.31350585100403
-0.654429724189626,0.752613360087727,1.35066336008773
-0.654429724189626,0.809654104932039,1.38170410493204
-0.654429724189626,0.859552971776503,1.4064029717765
-0.654429724189626,0.902113032590307,1.42456303259031
-0.654429724189626,0.902113032590307,1.22456303259031
-0.654429724189626,0.859552971776503,1.1664029717765
-0.654429724189626,0.809654104932039,1.10170410493204
-0.654429724189626,0.752613360087727,1.03066336008773
-0.654429724189626,0.68865585100403,0.95350585100403
-0.654429724189626,0.618033988749895,0.870483988749895
-0.654429724189626,0.541026485551579,0.781876485551579
-0.654429724189626,0.457937254842823,0.687987254842823
-0.654429724189626,0.369094211857377,0.589144211857377
-0.654429724189626,0.274847979497379,0.485697979497379
-0.654429724189626,0.175570504584946,0.378020504584946
-0.654429724189626,0.0716535899579933,0.266503589957993
-0.654429724189626,-0.0364926517965696,0.15155734820343
-0.654429724189626,-0.148441416869855,0.0336085831301447
-0.654429724189626,-0.263750894630645,-0.0869008946306449
-0.654429724189626,-0.381966011250106,-0.209516011250106
-0.654429724189626,-0.50262022567029,-0.33377022567029
-0.654429724189626,-0.62523737082855,-0.45918737082855
-0.654429724189626,-0.749333532871391,-0.585283532871391
-0.654429724189626,-0.874418960941373,-0.711568960941373
-0.654429724189626,-1,-0.83755
-0.654429724189626,-1.12558103905863,-0.962731039058627
-0.654429724189626,-1.25066646712861,-1.08661646712861
-0.654429724189626,-1.37476262917145,-1.20871262917145
-0.654429724189626,-1.49737977432971,-1.32852977432971
-0.654429724189626,-1.6180339887499,-1.4455839887499
-0.654429724189626,-1.73624910536936,-1.55939910536936
-0.654429724189626,-1.85155858313015,-1.66950858313015
-0.654429724189626,-1.96350734820343,-1.77545734820343
-0.654429724189626,-2.07165358995799,-1.87680358995799
-0.654429724189626,-2.17557050458495,-1.97312050458495
-0.654429724189626,-2.27484797949738,-2.06399797949738
-0.654429724189626,-2.36909421185738,-2.14904421185738
-0.654429724189626,-2.45793725484282,-2.22788725484282
-0.654429724189626,-2.54102648555158,-2.30017648555158
-0.654429724189626,-2.61803398874989,-2.36558398874989
-0.654429724189626,-2.68865585100403,-2.42380585100403
-0.654429724189626,-2.75261336008773,-2.47456336008773
-0.654429724189626,-2.80965410493204,-2.51760410493204
-0.654429724189626,-2.8595529717765,-2.5527029717765
-1.06042453133777,-2.90211303259031,-0.753000532590307
-1.06042453133777,-2.8595529717765,-0.766040471776503
-1.06042453133777,-2.80965410493204,-0.770941604932039
-1.06042453133777,-2.75261336008773,-0.767900860087728
-1.06042453133777,-2.68865585100403,-0.75714335100403
-1.06042453133777,-2.61803398874989,-0.738921488749895
-1.06042453133777,-2.54102648555158,-0.713513985551578
-1.06042453133777,-2.45793725484282,-0.681224754842823
-1.06042453133777,-2.36909421185738,-0.642381711857378
-1.06042453133777,-2.27484797949738,-0.59733547949738
-1.06042453133777,-2.17557050458495,-0.546458004584946
-1.06042453133777,-2.07165358995799,-0.490141089957993
-1.06042453133777,-1.96350734820343,-0.42879484820343
-1.06042453133777,-1.85155858313015,-0.362846083130145
-1.06042453133777,-1.73624910536936,-0.292736605369356
-1.06042453133777,-1.61803398874989,-0.218921488749895
-1.06042453133777,-1.49737977432971,-0.14186727432971
-1.06042453133777,-1.37476262917145,-0.0620501291714497
-1.06042453133777,-1.25066646712861,0.0200460328713912
-1.06042453133777,-1.12558103905863,0.103931460941373
-1.06042453133777,-1,0.1891125
-1.06042453133777,-0.874418960941373,0.275093539058627
-1.06042453133777,-0.749333532871391,0.361378967128609
-1.06042453133777,-0.62523737082855,0.44747512917145
-1.06042453133777,-0.502620225670291,0.532892274329709
-1.06042453133777,-0.381966011250105,0.617146488749895
-1.06042453133777,-0.263750894630644,0.699761605369356
-1.06042453133777,-0.148441416869855,0.780271083130145
-1.06042453133777,-0.0364926517965692,0.858219848203431
-1.06042453133777,0.0716535899579935,0.933166089957993
-1.06042453133777,0.175570504584947,1.00468300458495
-1.06042453133777,0.274847979497379,1.07236047949738
-1.06042453133777,0.369094211857377,1.13580671185738
-1.06042453133777,0.457937254842823,1.19464975484282
-1.06042453133777,0.541026485551579,1.24853898555158
-1.06042453133777,0.618033988749895,1.29714648874989
-1.06042453133777,0.68865585100403,1.34016835100403
-1.06042453133777,0.752613360087727,1.37732586008773
-1.06042453133777,0.809654104932039,1.40836660493204
-1.06042453133777,0.859552971776503,1.4330654717765
-1.06042453133777,0.902113032590307,1.45122553259031
-1.06042453133777,0.902113032590307,1.25122553259031
-1.06042453133777,0.859552971776503,1.1930654717765
-1.06042453133777,0.809654104932039,1.12836660493204
-1.06042453133777,0.752613360087727,1.05732586008773
-1.06042453133777,0.68865585100403,0.98016835100403
-1.06042453133777,0.618033988749895,0.897146488749895
-1.06042453133777,0.541026485551579,0.808538985551579
-1.06042453133777,0.457937254842823,0.714649754842823
-1.06042453133777,0.369094211857377,0.615806711857377
-1.06042453133777,0.274847979497379,0.512360479497379
-1.06042453133777,0.175570504584946,0.404683004584946
-1.06042453133777,0.0716535899579933,0.293166089957993
-1.06042453133777,-0.0364926517965696,0.17821984820343
-1.06042453133777,-0.148441416869855,0.0602710831301447
-1.06042453133777,-0.263750894630645,-0.0602383946306448
-1.06042453133777,-0.381966011250106,-0.182853511250106
-1.06042453133777,-0.50262022567029,-0.30710772567029
-1.06042453133777,-0.62523737082855,-0.43252487082855
-1.06042453133777,-0.749333532871391,-0.558621032871391
-1.06042453133777,-0.874418960941373,-0.684906460941373
-1.06042453133777,-1,-0.8108875
-1.06042453133777,-1.12558103905863,-0.936068539058627
-1.06042453133777,-1.25066646712861,-1.05995396712861
-1.06042453133777,-1.37476262917145,-1.18205012917145
-1.06042453133777,-1.49737977432971,-1.30186727432971
-1.06042453133777,-1.6180339887499,-1.4189214887499
-1.06042453133777,-1.73624910536936,-1.53273660536936
-1.06042453133777,-1.85155858313015,-1.64284608313015
-1.06042453133777,-1.96350734820343,-1.74879484820343
-1.06042453133777,-2.07165358995799,-1.85014108995799
-1.06042453133777,-2.17557050458495,-1.94645800458495
-1.06042453133777,-2.27484797949738,-2.03733547949738
-1.06042453133777,-2.36909421185738,-2.12238171185738
-1.06042453133777,-2.45793725484282,-2.20122475484282
-1.06042453133777,-2.54102648555158,-2.27351398555158
-1.06042453133777,-2.61803398874989,-2.33892148874989
-1.06042453133777,-2.68865585100403,-2.39714335100403
-1.06042453133777,-2.75261336008773,-2.44790086008773
-1.06042453133777,-2.80965410493204,-2.49094160493204
-1.06042453133777,-2.8595529717765,-2.5260404717765
-1.44526102230515,-2.90211303259031,-0.724313032590307
-1.44526102230515,-2.8595529717765,-0.737352971776503
-1.44526102230515,-2.80965410493204,-0.742254104932039
-1.44526102230515,-2.75261336008773,-0.739213360087727
-1.44526102230515,-2.68865585100403,-0.72845585100403
-1.44526102230515,-2.61803398874989,-0.710233988749894
-1.44526102230515,-2.54102648555158,-0.684826485551578
-1.44526102230515,-2.45793725484282,-0.652537254842823
-1.44526102230515,-2.36909421185738,-0.613694211857377
-1.44526102230515,-2.27484797949738,-0.568647979497379
-1.44526102230515,-2.17557050458495,-0.517770504584946
-1.44526102230515,-2.07165358995799,-0.461453589957993
-1.44526102230515,-1.96350734820343,-0.40010734820343
-1.44526102230515,-1.85155858313015,-0.334158583130145
-1.44526102230515,-1.73624910536936,-0.264049105369356
-1.44526102230515,-1.61803398874989,-0.190233988749894
-1.44526102230515,-1.49737977432971,-0.113179774329709
-1.44526102230515,-1.37476262917145,-0.0333626291714495
-1.44526102230515,-1.25066646712861,0.0487335328713916
-1.44526102230515,-1.12558103905863,0.132618960941373
-1.44526102230515,-1,0.2178
-1.44526102230515,-0.874418960941373,0.303781039058627
-1.44526102230515,-0.749333532871391,0.390066467128609
-1.44526102230515,-0.62523737082855,0.47616262917145
-1.44526102230515,-0.502620225670291,0.56157977432971
-1.44526102230515,-0.381966011250105,0.645833988749895
-1.44526102230515,-0.263750894630644,0.728449105369356
-1.44526102230515,-0.148441416869855,0.808958583130145
-1.44526102230515,-0.0364926517965692,0.886907348203431
-1.44526102230515,0.0716535899579935,0.961853589957994
-1.44526102230515,0.175570504584947,1.03337050458495
-1.44526102230515,0.274847979497379,1.10104797949738
-1.44526102230515,0.369094211857377,1.16449421185738
-1.44526102230515,0.457937254842823,1.22333725484282
-1.44526102230515,0.541026485551579,1.27722648555158
-1.44526102230515,0.618033988749895,1.32583398874989
-1.44526102230515,0.68865585100403,1.36885585100403
-1.44526102230515,0.752613360087727,1.40601336008773
-1.44526102230515,0.809654104932039,1.43705410493204
-1.44526102230515,0.859552971776503,1.4617529717765
-1.44526102230515,0.902113032590307,1.47991303259031
-1.44526102230515,0.902113032590307,1.27991303259031
-1.44526102230515,0.859552971776503,1.2217529717765
-1.44526102230515,0.809654104932039,1.15705410493204
-1.44526102230515,0.752613360087727,1.08601336008773
-1.44526102230515,0.68865585100403,1.00885585100403
-1.44526102230515,0.618033988749895,0.925833988749895
-1.44526102230515,0.541026485551579,0.837226485551579
-1.44526102230515,0.457937254842823,0.743337254842823
-1.44526102230515,0.369094211857377,0.644494211857378
-1.44526102230515,0.274847979497379,0.541047979497379
-1.44526102230515,0.175570504584946,0.433370504584946
-1.44526102230515,0.0716535899579933,0.321853589957994
-1.44526102230515,-0.0364926517965696,0.20690734820343
-1.44526102230515,-0.148441416869855,0.0889585831301449
-1.44526102230515,-0.263750894630645,-0.0315508946306446
-1.44526102230515,-0.381966011250106,-0.154166011250106
-1.44526102230515,-0.50262022567029,-0.27842022567029
-1.44526102230515,-0.62523737082855,-0.40383737082855
-1.44526102230515,-0.749333532871391,-0.529933532871391
-1.44526102230515,-0.874418960941373,-0.656218960941373
-1.44526102230515,-1,-0.7822
-1.44526102230515,-1.12558103905863,-0.907381039058627
-1.44526102230515,-1.25066646712861,-1.03126646712861
-1.44526102230515,-1.37476262917145,-1.15336262917145
-1.44526102230515,-1.49737977432971,-1.27317977432971
-1.44526102230515,-1.6180339887499,-1.3902339887499
-1.44526102230515,-1.73624910536936,-1.50404910536936
-1.44526102230515,-1.85155858313015,-1.61415858313015
-1.44526102230515,-1.96350734820343,-1.72010734820343
-1.44526102230515,-2.07165358995799,-1.82145358995799
-1.44526102230515,-2.17557050458495,-1.91777050458495
-1.44526102230515,-2.27484797949738,-2.00864797949738
-1.44526102230515,-2.36909421185738,-2.09369421185738
-1.44526102230515,-2.45793725484282,-2.17253725484282
-1.44526102230515,-2.54102648555158,-2.24482648555158
-1.44526102230515,-2.61803398874989,-2.31023398874989
-1.44526102230515,-2.68865585100403,-2.36845585100403
-1.44526102230515,-2.75261336008773,-2.41921336008773
-1.44526102230515,-2.80965410493204,-2.46225410493204
-1.44526102230515,-2.8595529717765,-2.4973529717765
-1.80126067597765,-2.90211303259031,-0.693600532590307
-1.80126067597765,-2.8595529717765,-0.706640471776503
-1.80126067597765,-2.80965410493204,-0.711541604932039
-1.80126067597765,-2.75261336008773,-0.708500860087727
-1.80126067597765,-2.68865585100403,-0.69774335100403
-1.80126067597765,-2.61803398874989,-0.679521488749894
-1.80126067597765,-2.54102648555158,-0.654113985551578
-1.80126067597765,-2.45793725484282,-0.621824754842822
-1.80126067597765,-2.36909421185738,-0.582981711857377
-1.80126067597765,-2.27484797949738,-0.537935479497379
-1.80126067597765,-2.17557050458495,-0.487058004584946
-1.80126067597765,-2.07165358995799,-0.430741089957993
-1.80126067597765,-1.96350734820343,-0.36939484820343
-1.80126067597765,-1.85155858313015,-0.303446083130145
-1.80126067597765,-1.73624910536936,-0.233336605369356
-1.80126067597765,-1.61803398874989,-0.159521488749894
-1.80126067597765,-1.49737977432971,-0.0824672743297095
-1.80126067597765,-1.37476262917145,-0.00265012917144936
-1.80126067597765,-1.25066646712861,0.0794460328713915
-1.80126067597765,-1.12558103905863,0.163331460941373
-1.80126067597765,-1,0.2485125
-1.80126067597765,-0.874418960941373,0.334493539058627
-1.80126067597765,-0.749333532871391,0.420778967128609
-1.80126067597765,-0.62523737082855,0.50687512917145
-1.80126067597765,-0.502620225670291,0.59229227432971
-1.80126067597765,-0.381966011250105,0.676546488749895
-1.80126067597765,-0.263750894630644,0.759161605369356
-1.80126067597765,-0.148441416869855,0.839671083130145
-1.80126067597765,-0.0364926517965692,0.917619848203431
-1.80126067597765,0.0716535899579935,0.992566089957994
-1.80126067597765,0.175570504584947,1.06408300458495
-1.80126067597765,0.274847979497379,1.13176047949738
-1.80126067597765,0.369094211857377,1.19520671185738
-1.80126067597765,0.457937254842823,1.25404975484282
-1.80126067597765,0.541026485551579,1.30793898555158
-1.80126067597765,0.618033988749895,1.3565464887499
-1.80126067597765,0.68865585100403,1.39956835100403
-1.80126067597765,0.752613360087727,1.43672586008773
-1.80126067597765,0.809654104932039,1.46776660493204
-1.80126067597765,0.859552971776503,1.4924654717765
-1.80126067597765,0.902113032590307,1.51062553259031
-1.80126067597765,0.902113032590307,1.31062553259031
-1.80126067597765,0.859552971776503,1.2524654717765
-1.80126067597765,0.809654104932039,1.18776660493204
-1.80126067597765,0.752613360087727,1.11672586008773
-1.80126067597765,0.68865585100403,1.03956835100403
-1.80126067597765,0.618033988749895,0.956546488749895
-1.80126067597765,0.541026485551579,0.867938985551579
-1.80126067597765,0.457937254842823,0.774049754842823
-1.80126067597765,0.369094211857377,0.675206711857377
-1.80126067597765,0.274847979497379,0.571760479497379
-1.80126067597765,0.175570504584946,0.464083004584946
-1.80126067597765,0.0716535899579933,0.352566089957993
-1.80126067597765,-0.0364926517965696,0.23761984820343
-1.80126067597765,-0.148441416869855,0.119671083130145
-1.80126067597765,-0.263750894630645,-0.000838394630644723
-1.80126067597765,-0.381966011250106,-0.123453511250106
-1.80126067597765,-0.50262022567029,-0.24770772567029
-1.80126067597765,-0.62523737082855,-0.37312487082855
-1.80126067597765,-0.749333532871391,-0.499221032871391
-1.80126067597765,-0.874418960941373,-0.625506460941373
-1.80126067597765,-1,-0.7514875
-1.80126067597765,-1.12558103905863,-0.876668539058627
-1.80126067597765,-1.25066646712861,-1.00055396712861
-1.80126067597765,-1.37476262917145,-1.12265012917145
-1.80126067597765,-1.49737977432971,-1.24246727432971
-1.80126067597765,-1.6180339887499,-1.35952148874989
-1.80126067597765,-1.73624910536936,-1.47333660536936
-1.80126067597765,-1.85155858313015,-1.58344608313015
-1.80126067597765,-1.96350734820343,-1.68939484820343
-1.80126067597765,-2.07165358995799,-1.79074108995799
-1.80126067597765,-2.17557050458495,-1.88705800458495
-1.80126067597765,-2.27484797949738,-1.97793547949738
-1.80126067597765,-2.36909421185738,-2.06298171185738
-1.80126067597765,-2.45793725484282,-2.14182475484282
-1.80126067597765,-2.54102648555158,-2.21411398555158
-1.80126067597765,-2.61803398874989,-2.27952148874989
-1.80126067597765,-2.68865585100403,-2.33774335100403
-1.80126067597765,-2.75261336008773,-2.38850086008773
-1.80126067597765,-2.80965410493204,-2.43154160493204
-1.80126067597765,-2.8595529717765,-2.4666404717765
-2.12132034355964,-2.90211303259031,-0.660863032590307
-2.12132034355964,-2.8595529717765,-0.673902971776503
-2.12132034355964,-2.80965410493204,-0.678804104932039
-2.12132034355964,-2.75261336008773,-0.675763360087728
-2.12132034355964,-2.68865585100403,-0.66500585100403
-2.12132034355964,-2.61803398874989,-0.646783988749895
-2.12132034355964,-2.54102648555158,-0.621376485551578
-2.12132034355964,-2.45793725484282,-0.589087254842823
-2.12132034355964,-2.36909421185738,-0.550244211857377
-2.12132034355964,-2.27484797949738,-0.505197979497379
-2.12132034355964,-2.17557050458495,-0.454320504584946
-2.12132034355964,-2.07165358995799,-0.398003589957993
-2.12132034355964,-1.96350734820343,-0.33665734820343
-2.12132034355964,-1.85155858313015,-0.270708583130145
-2.12132034355964,-1.73624910536936,-0.200599105369356
-2.12132034355964,-1.61803398874989,-0.126783988749894
-2.12132034355964,-1.49737977432971,-0.0497297743297096
-2.12132034355964,-1.37476262917145,0.0300873708285505
-2.12132034355964,-1.25066646712861,0.112183532871391
-2.12132034355964,-1.12558103905863,0.196068960941373
-2.12132034355964,-1,0.28125
-2.12132034355964,-0.874418960941373,0.367231039058627
-2.12132034355964,-0.749333532871391,0.453516467128609
-2.12132034355964,-0.62523737082855,0.53961262917145
-2.12132034355964,-0.502620225670291,0.62502977432971
-2.12132034355964,-0.381966011250105,0.709283988749895
-2.12132034355964,-0.263750894630644,0.791899105369356
-2.12132034355964,-0.148441416869855,0.872408583130145
-2.12132034355964,-0.0364926517965692,0.950357348203431
-2.12132034355964,0.0716535899579935,1.02530358995799
-2.12132034355964,0.175570504584947,1.09682050458495
-2.12132034355964,0.274847979497379,1.16449797949738
-2.12132034355964,0.369094211857377,1.22794421185738
-2.12132034355964,0.457937254842823,1.28678725484282
-2.12132034355964,0.541026485551579,1.34067648555158
-2.12132034355964,0.618033988749895,1.3892839887499
-2.12132034355964,0.68865585100403,1.43230585100403
-2.12132034355964,0.752613360087727,1.46946336008773
-2.12132034355964,0.809654104932039,1.50050410493204
-2.12132034355964,0.859552971776503,1.5252029717765
-2.12132034355964,0.902113032590307,1.54336303259031
-2.12132034355964,0.902113032590307,1.34336303259031
-2.12132034355964,0.859552971776503,1.2852029717765
-2.12132034355964,0.809654104932039,1.22050410493204
-2.12132034355964,0.752613360087727,1.14946336008773
-2.12132034355964,0.68865585100403,1.07230585100403
-2.12132034355964,0.618033988749895,0.989283988749895
-2.12132034355964,0.541026485551579,0.900676485551579
-2.12132034355964,0.457937254842823,0.806787254842823
-2.12132034355964,0.369094211857377,0.707944211857377
-2.12132034355964,0.274847979497379,0.604497979497379
-2.12132034355964,0.175570504584946,0.496820504584946
-2.12132034355964,0.0716535899579933,0.385303589957993
-2.12132034355964,-0.0364926517965696,0.27035734820343
-2.12132034355964,-0.148441416869855,0.152408583130145
-2.12132034355964,-0.263750894630645,0.0318991053693551
-2.12132034355964,-0.381966011250106,-0.090716011250106
-2.12132034355964,-0.50262022567029,-0.21497022567029
-2.12132034355964,-0.62523737082855,-0.34038737082855
-2.12132034355964,-0.749333532871391,-0.466483532871391
-2.12132034355964,-0.874418960941373,-0.592768960941373
-2.12132034355964,-1,-0.71875
-2.12132034355964,-1.12558103905863,-0.843931039058627
-2.12132034355964,-1.25066646712861,-0.967816467128609
-2.12132034355964,-1.37476262917145,-1.08991262917145
-2.12132034355964,-1.49737977432971,-1.20972977432971
-2.12132034355964,-1.6180339887499,-1.3267839887499
-2.12132034355964,-1.73624910536936,-1.44059910536936
-2.12132034355964,-1.85155858313015,-1.55070858313015
-2.12132034355964,-1.96350734820343,-1.65665734820343
-2.12132034355964,-2.07165358995799,-1.75800358995799
-2.12132034355964,-2.17557050458495,-1.85432050458495
-2.12132034355964,-2.27484797949738,-1.94519797949738
-2.12132034355964,-2.36909421185738,-2.03024421185738
-2.12132034355964,-2.45793725484282,-2.10908725484282
-2.12132034355964,-2.54102648555158,-2.18137648555158
-2.12132034355964,-2.61803398874989,-2.24678398874989
-2.12132034355964,-2.68865585100403,-2.30500585100403
-2.12132034355964,-2.75261336008773,-2.35576336008773
-2.12132034355964,-2.80965410493204,-2.39880410493204
-2.12132034355964,-2.8595529717765,-2.4339029717765
-2.39905397546127,-2.90211303259031,-0.626100532590307
-2.39905397546127,-2.8595529717765,-0.639140471776503
-2.39905397546127,-2.80965410493204,-0.644041604932039
-2.39905397546127,-2.75261336008773,-0.641000860087727
-2.39905397546127,-2.68865585100403,-0.63024335100403
-2.39905397546127,-2.61803398874989,-0.612021488749894
-2.39905397546127,-2.54102648555158,-0.586613985551578
-2.39905397546127,-2.45793725484282,-0.554324754842823
-2.39905397546127,-2.36909421185738,-0.515481711857377
-2.39905397546127,-2.27484797949738,-0.47043547949738
-2.39905397546127,-2.17557050458495,-0.419558004584946
-2.39905397546127,-2.07165358995799,-0.363241089957993
-2.39905397546127,-1.96350734820343,-0.30189484820343
-2.39905397546127,-1.85155858313015,-0.235946083130145
-2.39905397546127,-1.73624910536936,-0.165836605369356
-2.39905397546127,-1.61803398874989,-0.0920214887498945
-2.39905397546127,-1.49737977432971,-0.0149672743297096
-2.39905397546127,-1.37476262917145,0.0648498708285503
-2.39905397546127,-1.25066646712861,0.146946032871391
-2.39905397546127,-1.12558103905863,0.230831460941373
-2.39905397546127,-1,0.3160125
-2.39905397546127,-0.874418960941373,0.401993539058627
-2.39905397546127,-0.749333532871391,0.488278967128609
-2.39905397546127,-0.62523737082855,0.57437512917145
-2.39905397546127,-0.502620225670291,0.659792274329709
-2.39905397546127,-0.381966011250105,0.744046488749895
-2.39905397546127,-0.263750894630644,0.826661605369356
-2.39905397546127,-0.148441416869855,0.907171083130145
-2.39905397546127,-0.0364926517965692,0.985119848203431
-2.39905397546127,0.0716535899579935,1.06006608995799
-2.39905397546127,0.175570504584947,1.13158300458495
-2.39905397546127,0.274847979497379,1.19926047949738
-2.39905397546127,0.369094211857377,1.26270671185738
-2.39905397546127,0.457937254842823,1.32154975484282
-2.39905397546127,0.541026485551579,1.37543898555158
-2.39905397546127,0.618033988749895,1.42404648874989
-2.39905397546127,0.68865585100403,1.46706835100403
-2.39905397546127,0.752613360087727,1.50422586008773
-2.39905397546127,0.809654104932039,1.53526660493204
-2.39905397546127,0.859552971776503,1.5599654717765
-2.39905397546127,0.902113032590307,1.57812553259031
-2.39905397546127,0.902113032590307,1.37812553259031
-2.39905397546127,0.859552971776503,1.3199654717765
-2.39905397546127,0.809654104932039,1.25526660493204
-2.39905397546127,0.752613360087727,1.18422586008773
-2.39905397546127,0.68865585100403,1.10706835100403
-2.39905397546127,0.618033988749895,1.0240464887499
-2.39905397546127,0.541026485551579,0.935438985551579
-2.39905397546127,0.457937254842823,0.841549754842823
-2.39905397546127,0.369094211857377,0.742706711857377
-2.39905397546127,0.274847979497379,0.639260479497379
-2.39905397546127,0.175570504584946,0.531583004584946
-2.39905397546127,0.0716535899579933,0.420066089957993
-2.39905397546127,-0.0364926517965696,0.30511984820343
-2.39905397546127,-0.148441416869855,0.187171083130145
-2.39905397546127,-0.263750894630645,0.0666616053693552
-2.39905397546127,-0.381966011250106,-0.0559535112501059
-2.39905397546127,-0.50262022567029,-0.18020772567029
-2.39905397546127,-0.62523737082855,-0.30562487082855
-2.39905397546127,-0.749333532871391,-0.431721032871391
-2.39905397546127,-0.874418960941373,-0.558006460941373
-2.39905397546127,-1,-0.6839875
-2.39905397546127,-1.12558103905863,-0.809168539058627
-2.39905397546127,-1.25066646712861,-0.933053967128609
-2.39905397546127,-1.37476262917145,-1.05515012917145
-2.39905397546127,-1.49737977432971,-1.17496727432971
-2.39905397546127,-1.6180339887499,-1.2920214887499
-2.39905397546127,-1.73624910536936,-1.40583660536936
-2.39905397546127,-1.85155858313015,-1.51594608313015
-2.39905397546127,-1.96350734820343,-1.62189484820343
-2.39905397546127,-2.07165358995799,-1.72324108995799
-2.39905397546127,-2.17557050458495,-1.81955800458495
-2.39905397546127,-2.27484797949738,-1.91043547949738
-2.39905397546127,-2.36909421185738,-1.99548171185738
-2.39905397546127,-2.45793725484282,-2.07432475484282
-2.39905397546127,-2.54102648555158,-2.14661398555158
-2.39905397546127,-2.61803398874989,-2.21202148874989
-2.39905397546127,-2.68865585100403,-2.27024335100403
-2.39905397546127,-2.75261336008773,-2.32100086008773
-2.39905397546127,-2.80965410493204,-2.36404160493204
-2.39905397546127,-2.8595529717765,-2.3991404717765
-2.62892004013159,-2.90211303259031,-0.589313032590307
-2.62892004013159,-2.8595529717765,-0.602352971776503
-2.62892004013159,-2.80965410493204,-0.607254104932039
-2.62892004013159,-2.75261336008773,-0.604213360087727
-2.62892004013159,-2.68865585100403,-0.59345585100403
-2.62892004013159,-2.61803398874989,-0.575233988749895
-2.62892004013159,-2.54102648555158,-0.549826485551578
-2.62892004013159,-2.45793725484282,-0.517537254842823
-2.62892004013159,-2.36909421185738,-0.478694211857377
-2.62892004013159,-2.27484797949738,-0.43364797949738
-2.62892004013159,-2.17557050458495,-0.382770504584946
-2.62892004013159,-2.07165358995799,-0.326453589957993
-2.62892004013159,-1.96350734820343,-0.26510734820343
-2.62892004013159,-1.85155858313015,-0.199158583130145
-2.62892004013159,-1.73624910536936,-0.129049105369356
-2.62892004013159,-1.61803398874989,-0.0552339887498945
-2.62892004013159,-1.49737977432971,0.0218202256702904
-2.62892004013159,-1.37476262917145,0.10163737082855
-2.62892004013159,-1.25066646712861,0.183733532871391
-2.62892004013159,-1.12558103905863,0.267618960941373
-2.62892004013159,-1,0.3528
-2.62892004013159,-0.874418960941373,0.438781039058627
-2.62892004013159,-0.749333532871391,0.525066467128609
-2.62892004013159,-0.62523737082855,0.61116262917145
-2.62892004013159,-0.502620225670291,0.696579774329709
-2.62892004013159,-0.381966011250105,0.780833988749895
-2.62892004013159,-0.263750894630644,0.863449105369356
-2.62892004013159,-0.148441416869855,0.943958583130145
-2.62892004013159,-0.0364926517965692,1.02190734820343
-2.62892004013159,0.0716535899579935,1.09685358995799
-2.62892004013159,0.175570504584947,1.16837050458495
-2.62892004013159,0.274847979497379,1.23604797949738
-2.62892004013159,0.369094211857377,1.29949421185738
-2.62892004013159,0.457937254842823,1.35833725484282
-2.62892004013159,0.541026485551579,1.41222648555158
-2.62892004013159,0.618033988749895,1.46083398874989
-2.62892004013159,0.68865585100403,1.50385585100403
-2.62892004013159,0.752613360087727,1.54101336008773
-2.62892004013159,0.809654104932039,1.57205410493204
-2.62892004013159,0.859552971776503,1.5967529717765
-2.62892004013159,0.902113032590307,1.61491303259031
-2.62892004013159,0.902113032590307,1.41491303259031
-2.62892004013159,0.859552971776503,1.3567529717765
-2.62892004013159,0.809654104932039,1.29205410493204
-2.62892004013159,0.752613360087727,1.22101336008773
-2.62892004013159,0.68865585100403,1.14385585100403
-2.62892004013159,0.618033988749895,1.06083398874989
-2.62892004013159,0.541026485551579,0.972226485551579
-2.62892004013159,0.457937254842823,0.878337254842823
-2.62892004013159,0.369094211857377,0.779494211857377
-2.62892004013159,0.274847979497379,0.676047979497379
-2.62892004013159,0.175570504584946,0.568370504584946
-2.62892004013159,0.0716535899579933,0.456853589957993
-2.62892004013159,-0.0364926517965696,0.34190734820343
-2.62892004013159,-0.148441416869855,0.223958583130145
-2.62892004013159,-0.263750894630645,0.103449105369355
-2.62892004013159,-0.381966011250106,-0.019166011250106
-2.62892004013159,-0.50262022567029,-0.14342022567029
-2.62892004013159,-0.62523737082855,-0.26883737082855
-2.62892004013159,-0.749333532871391,-0.394933532871391
-2.62892004013159,-0.874418960941373,-0.521218960941373
-2.62892004013159,-1,-0.6472
-2.62892004013159,-1.12558103905863,-0.772381039058627
-2.62892004013159,-1.25066646712861,-0.896266467128609
-2.62892004013159,-1.37476262917145,-1.01836262917145
-2.62892004013159,-1.49737977432971,-1.13817977432971
-2.62892004013159,-1.6180339887499,-1.2552339887499
-2.62892004013159,-1.73624910536936,-1.36904910536936
-2.62892004013159,-1.85155858313015,-1.47915858313015
-2.62892004013159,-1.96350734820343,-1.58510734820343
-2.62892004013159,-2.07165358995799,-1.68645358995799
-2.62892004013159,-2.17557050458495,-1.78277050458495
-2.62892004013159,-2.27484797949738,-1.87364797949738
-2.62892004013159,-2.36909421185738,-1.95869421185738
-2.62892004013159,-2.45793725484282,-2.03753725484282
-2.62892004013159,-2.54102648555158,-2.10982648555158
-2.62892004013159,-2.61803398874989,-2.17523398874989
-2.62892004013159,-2.68865585100403,-2.23345585100403
-2.62892004013159,-2.75261336008773,-2.28421336008773
-2.62892004013159,-2.80965410493204,-2.32725410493204
-2.62892004013159,-2.8595529717765,-2.3623529717765
-2.8063320924896,-2.90211303259031,-0.550500532590308
-2.8063320924896,-2.8595529717765,-0.563540471776503
-2.8063320924896,-2.80965410493204,-0.568441604932039
-2.8063320924896,-2.75261336008773,-0.565400860087728
-2.8063320924896,-2.68865585100403,-0.55464335100403
-2.8063320924896,-2.61803398874989,-0.536421488749895
-2.8063320924896,-2.54102648555158,-0.511013985551579
-2.8063320924896,-2.45793725484282,-0.478724754842823
-2.8063320924896,-2.36909421185738,-0.439881711857378
-2.8063320924896,-2.27484797949738,-0.394835479497379
-2.8063320924896,-2.17557050458495,-0.343958004584946
-2.8063320924896,-2.07165358995799,-0.287641089957993
-2.8063320924896,-1.96350734820343,-0.22629484820343
-2.8063320924896,-1.85155858313015,-0.160346083130145
-2.8063320924896,-1.73624910536936,-0.0902366053693561
-2.8063320924896,-1.61803398874989,-0.0164214887498948
-2.8063320924896,-1.49737977432971,0.0606327256702901
-2.8063320924896,-1.37476262917145,0.14044987082855
-2.8063320924896,-1.25066646712861,0.222546032871391
-2.8063320924896,-1.12558103905863,0.306431460941373
-2.8063320924896,-1,0.3916125
-2.8063320924896,-0.874418960941373,0.477593539058627
-2.8063320924896,-0.749333532871391,0.563878967128609
-2.8063320924896,-0.62523737082855,0.64997512917145
-2.8063320924896,-0.502620225670291,0.735392274329709
-2.8063320924896,-0.381966011250105,0.819646488749895
-2.8063320924896,-0.263750894630644,0.902261605369356
-2.8063320924896,-0.148441416869855,0.982771083130145
-2.8063320924896,-0.0364926517965692,1.06071984820343
-2.8063320924896,0.0716535899579935,1.13566608995799
-2.8063320924896,0.175570504584947,1.20718300458495
-2.8063320924896,0.274847979497379,1.27486047949738
-2.8063320924896,0.369094211857377,1.33830671185738
-2.8063320924896,0.457937254842823,1.39714975484282
-2.8063320924896,0.541026485551579,1.45103898555158
-2.8063320924896,0.618033988749895,1.49964648874989
-2.8063320924896,0.68865585100403,1.54266835100403
-2.8063320924896,0.752613360087727,1.57982586008773
-2.8063320924896,0.809654104932039,1.61086660493204
-2.8063320924896,0.859552971776503,1.6355654717765
-2.8063320924896,0.902113032590307,1.65372553259031
-2.8063320924896,0.902113032590307,1.45372553259031
-2.8063320924896,0.859552971776503,1.3955654717765
-2.8063320924896,0.809654104932039,1.33086660493204
-2.8063320924896,0.752613360087727,1.25982586008773
-2.8063320924896,0.68865585100403,1.18266835100403
-2.8063320924896,0.618033988749895,1.09964648874989
-2.8063320924896,0.541026485551579,1.01103898555158
-2.8063320924896,0.457937254842823,0.917149754842823
-2.8063320924896,0.369094211857377,0.818306711857377
-2.8063320924896,0.274847979497379,0.714860479497379
-2.8063320924896,0.175570504584946,0.607183004584946
-2.8063320924896,0.0716535899579933,0.495666089957993
-2.8063320924896,-0.0364926517965696,0.38071984820343
-2.8063320924896,-0.148441416869855,0.262771083130145
-2.8063320924896,-0.263750894630645,0.142261605369355
-2.8063320924896,-0.381966011250106,0.0196464887498939
-2.8063320924896,-0.50262022567029,-0.10460772567029
-2.8063320924896,-0.62523737082855,-0.23002487082855
-2.8063320924896,-0.749333532871391,-0.356121032871391
-2.8063320924896,-0.874418960941373,-0.482406460941373
-2.8063320924896,-1,-0.6083875
-2.8063320924896,-1.12558103905863,-0.733568539058627
-2.8063320924896,-1.25066646712861,-0.857453967128609
-2.8063320924896,-1.37476262917145,-0.97955012917145
-2.8063320924896,-1.49737977432971,-1.09936727432971
-2.8063320924896,-1.6180339887499,-1.2164214887499
-2.8063320924896,-1.73624910536936,-1.33023660536936
-2.8063320924896,-1.85155858313015,-1.44034608313015
-2.8063320924896,-1.96350734820343,-1.54629484820343
-2.8063320924896,-2.07165358995799,-1.64764108995799
-2.8063320924896,-2.17557050458495,-1.74395800458495
-2.8063320924896,-2.27484797949738,-1.83483547949738
-2.8063320924896,-2.36909421185738,-1.91988171185738
-2.8063320924896,-2.45793725484282,-1.99872475484282
-2.8063320924896,-2.54102648555158,-2.07101398555158
-2.8063320924896,-2.61803398874989,-2.1364214887499
-2.8063320924896,-2.68865585100403,-2.19464335100403
-2.8063320924896,-2.75261336008773,-2.24540086008773
-2.8063320924896,-2.80965410493204,-2.28844160493204
-2.8063320924896,-2.8595529717765,-2.3235404717765
-2.92775028581624,-2.90211303259031,-0.509663032590308
-2.92775028581624,-2.8595529717765,-0.522702971776503
-2.92775028581624,-2.80965410493204,-0.527604104932039
-2.92775028581624,-2.75261336008773,-0.524563360087728
-2.92775028581624,-2.68865585100403,-0.51380585100403
-2.92775028581624,-2.61803398874989,-0.495583988749895
-2.92775028581624,-2.54102648555158,-0.470176485551579
-2.92775028581624,-2.45793725484282,-0.437887254842823
-2.92775028581624,-2.36909421185738,-0.399044211857378
-2.92775028581624,-2.27484797949738,-0.35399797949738
-2.92775028581624,-2.17557050458495,-0.303120504584946
-2.92775028581624,-2.07165358995799,-0.246803589957993
-2.92775028581624,-1.96350734820343,-0.18545734820343
-2.92775028581624,-1.85155858313015,-0.119508583130145
-2.92775028581624,-1.73624910536936,-0.049399105369356
-2.92775028581624,-1.61803398874989,0.0244160112501053
-2.92775028581624,-1.49737977432971,0.10147022567029
-2.92775028581624,-1.37476262917145,0.18128737082855
-2.92775028581624,-1.25066646712861,0.263383532871391
-2.92775028581624,-1.12558103905863,0.347268960941373
-2.92775028581624,-1,0.43245
-2.92775028581624,-0.874418960941373,0.518431039058627
-2.92775028581624,-0.749333532871391,0.604716467128609
-2.92775028581624,-0.62523737082855,0.69081262917145
-2.92775028581624,-0.502620225670291,0.776229774329709
-2.92775028581624,-0.381966011250105,0.860483988749895
-2.92775028581624,-0.263750894630644,0.943099105369356
-2.92775028581624,-0.148441416869855,1.02360858313014
-2.92775028581624,-0.0364926517965692,1.10155734820343
-2.92775028581624,0.0716535899579935,1.17650358995799
-2.92775028581624,0.175570504584947,1.24802050458495
-2.92775028581624,0.274847979497379,1.31569797949738
-2.92775028581624,0.369094211857377,1.37914421185738
-2.92775028581624,0.457937254842823,1.43798725484282
-2.92775028581624,0.541026485551579,1.49187648555158
-2.92775028581624,0.618033988749895,1.54048398874989
-2.92775028581624,0.68865585100403,1.58350585100403
-2.92775028581624,0.752613360087727,1.62066336008773
-2.92775028581624,0.809654104932039,1.65170410493204
-2.92775028581624,0.859552971776503,1.6764029717765
-2.92775028581624,0.902113032590307,1.69456303259031
-2.92775028581624,0.902113032590307,1.49456303259031
-2.92775028581624,0.859552971776503,1.4364029717765
-2.92775028581624,0.809654104932039,1.37170410493204
-2.92775028581624,0.752613360087727,1.30066336008773
-2.92775028581624,0.68865585100403,1.22350585100403
-2.92775028581624,0.618033988749895,1.14048398874989
-2.92775028581624,0.541026485551579,1.05187648555158
-2.92775028581624,0.457937254842823,0.957987254842823
-2.92775028581624,0.369094211857377,0.859144211857377
-2.92775028581624,0.274847979497379,0.755697979497379
-2.92775028581624,0.175570504584946,0.648020504584946
-2.92775028581624,0.0716535899579933,0.536503589957993
-2.92775028581624,-0.0364926517965696,0.42155734820343
-2.92775028581624,-0.148441416869855,0.303608583130144
-2.92775028581624,-0.263750894630645,0.183099105369355
-2.92775028581624,-0.381966011250106,0.0604839887498938
-2.92775028581624,-0.50262022567029,-0.0637702256702903
-2.92775028581624,-0.62523737082855,-0.18918737082855
-2.92775028581624,-0.749333532871391,-0.315283532871391
-2.92775028581624,-0.874418960941373,-0.441568960941373
-2.92775028581624,-1,-0.56755
-2.92775028581624,-1.12558103905863,-0.692731039058627
-2.92775028581624,-1.25066646712861,-0.816616467128609
-2.92775028581624,-1.37476262917145,-0.93871262917145
-2.92775028581624,-1.49737977432971,-1.05852977432971
-2.92775028581624,-1.6180339887499,-1.1755839887499
-2.92775028581624,-1.73624910536936,-1.28939910536936
-2.92775028581624,-1.85155858313015,-1.39950858313015
-2.92775028581624,-1.96350734820343,-1.50545734820343
-2.92775028581624,-2.07165358995799,-1.60680358995799
-2.92775028581624,-2.17557050458495,-1.70312050458495
-2.92775028581624,-2.27484797949738,-1.79399797949738
-2.92775028581624,-2.36909421185738,-1.87904421185738
-2.92775028581624,-2.45793725484282,-1.95788725484282
-2.92775028581624,-2.54102648555158,-2.03017648555158
-2.92775028581624,-2.61803398874989,-2.09558398874989
-2.92775028581624,-2.68865585100403,-2.15380585100403
-2.92775028581624,-2.75261336008773,-2.20456336008773
-2.92775028581624,-2.80965410493204,-2.24760410493204
-2.92775028581624,-2.8595529717765,-2.2827029717765
-2.99075200119938,-2.90211303259031,-0.466800532590307
-2.99075200119938,-2.8595529717765,-0.479840471776503
-2.99075200119938,-2.80965410493204,-0.484741604932039
-2.99075200119938,-2.75261336008773,-0.481700860087727
-2.99075200119938,-2.68865585100403,-0.47094335100403
-2.99075200119938,-2.61803398874989,-0.452721488749894
-2.99075200119938,-2.54102648555158,-0.427313985551578
-2.99075200119938,-2.45793725484282,-0.395024754842822
-2.99075200119938,-2.36909421185738,-0.356181711857377
-2.99075200119938,-2.27484797949738,-0.311135479497379
-2.99075200119938,-2.17557050458495,-0.260258004584946
-2.99075200119938,-2.07165358995799,-0.203941089957993
-2.99075200119938,-1.96350734820343,-0.14259484820343
-2.99075200119938,-1.85155858313015,-0.0766460831301452
-2.99075200119938,-1.73624910536936,-0.00653660536935574
-2.99075200119938,-1.61803398874989,0.0672785112501055
-2.99075200119938,-1.49737977432971,0.14433272567029
-2.99075200119938,-1.37476262917145,0.224149870828551
-2.99075200119938,-1.25066646712861,0.306246032871391
-2.99075200119938,-1.12558103905863,0.390131460941373
-2.99075200119938,-1,0.4753125
-2.99075200119938,-0.874418960941373,0.561293539058627
-2.99075200119938,-0.749333532871391,0.647578967128609
-2.99075200119938,-0.62523737082855,0.73367512917145
-2.99075200119938,-0.502620225670291,0.81909227432971
-2.99075200119938,-0.381966011250105,0.903346488749895
-2.99075200119938,-0.263750894630644,0.985961605369356
-2.99075200119938,-0.148441416869855,1.06647108313015
-2.99075200119938,-0.0364926517965692,1.14441984820343
-2.99075200119938,0.0716535899579935,1.21936608995799
-2.99075200119938,0.175570504584947,1.29088300458495
-2.99075200119938,0.274847979497379,1.35856047949738
-2.99075200119938,0.369094211857377,1.42200671185738
-2.99075200119938,0.457937254842823,1.48084975484282
-2.99075200119938,0.541026485551579,1.53473898555158
-2.99075200119938,0.618033988749895,1.58334648874989
-2.99075200119938,0.68865585100403,1.62636835100403
-2.99075200119938,0.752613360087727,1.66352586008773
-2.99075200119938,0.809654104932039,1.69456660493204
-2.99075200119938,0.859552971776503,1.7192654717765
-2.99075200119938,0.902113032590307,1.73742553259031
-2.99075200119938,0.902113032590307,1.53742553259031
-2.99075200119938,0.859552971776503,1.4792654717765
-2.99075200119938,0.809654104932039,1.41456660493204
-2.99075200119938,0.752613360087727,1.34352586008773
-2.99075200119938,0.68865585100403,1.26636835100403
-2.99075200119938,0.618033988749895,1.1833464887499
-2.99075200119938,0.541026485551579,1.09473898555158
-2.99075200119938,0.457937254842823,1.00084975484282
-2.99075200119938,0.369094211857377,0.902006711857378
-2.99075200119938,0.274847979497379,0.798560479497379
-2.99075200119938,0.175570504584946,0.690883004584946
-2.99075200119938,0.0716535899579933,0.579366089957993
-2.99075200119938,-0.0364926517965696,0.464419848203431
-2.99075200119938,-0.148441416869855,0.346471083130145
-2.99075200119938,-0.263750894630645,0.225961605369355
-2.99075200119938,-0.381966011250106,0.103346488749894
-2.99075200119938,-0.50262022567029,-0.02090772567029
-2.99075200119938,-0.62523737082855,-0.14632487082855
-2.99075200119938,-0.749333532871391,-0.272421032871391
-2.99075200119938,-0.874418960941373,-0.398706460941373
-2.99075200119938,-1,-0.5246875
-2.99075200119938,-1.12558103905863,-0.649868539058627
-2.99075200119938,-1.25066646712861,-0.773753967128609
-2.99075200119938,-1.37476262917145,-0.89585012917145
-2.99075200119938,-1.49737977432971,-1.01566727432971
-2.99075200119938,-1.6180339887499,-1.1327214887499
-2.99075200119938,-1.73624910536936,-1.24653660536936
-2.99075200119938,-1.85155858313015,-1.35664608313015
-2.99075200119938,-1.96350734820343,-1.46259484820343
-2.99075200119938,-2.07165358995799,-1.56394108995799
-2.99075200119938,-2.17557050458495,-1.66025800458495
-2.99075200119938,-2.27484797949738,-1.75113547949738
-2.99075200119938,-2.36909421185738,-1.83618171185738
-2.99075200119938,-2.45793725484282,-1.91502475484282
-2.99075200119938,-2.54102648555158,-1.98731398555158
-2.99075200119938,-2.61803398874989,-2.05272148874989
-2.99075200119938,-2.68865585100403,-2.11094335100403
-2.99075200119938,-2.75261336008773,-2.16170086008773
-2.99075200119938,-2.80965410493204,-2.20474160493204
-2.99075200119938,-2.8595529717765,-2.2398404717765
-2.99408018528481,-2.90211303259031,-0.421913032590307
-2.99408018528481,-2.8595529717765,-0.434952971776503
-2.99408018528481,-2.80965410493204,-0.439854104932039
-2.99408018528481,-2.75261336008773,-0.436813360087728
-2.99408018528481,-2.68865585100403,-0.42605585100403
-2.99408018528481,-2.61803398874989,-0.407833988749894
-2.99408018528481,-2.54102648555158,-0.382426485551578
-2.99408018528481,-2.45793725484282,-0.350137254842823
-2.99408018528481,-2.36909421185738,-0.311294211857377
-2.99408018528481,-2.27484797949738,-0.266247979497379
-2.99408018528481,-2.17557050458495,-0.215370504584946
-2.99408018528481,-2.07165358995799,-0.159053589957993
-2.99408018528481,-1.96350734820343,-0.0977073482034301
-2.99408018528481,-1.85155858313015,-0.0317585831301452
-2.99408018528481,-1.73624910536936,0.0383508946306441
-2.99408018528481,-1.61803398874989,0.112166011250106
-2.99408018528481,-1.49737977432971,0.18922022567029
-2.99408018528481,-1.37476262917145,0.269037370828551
-2.99408018528481,-1.25066646712861,0.351133532871391
-2.99408018528481,-1.12558103905863,0.435018960941373
-2.99408018528481,-1,0.5202
-2.99408018528481,-0.874418960941373,0.606181039058627
-2.99408018528481,-0.749333532871391,0.692466467128609
-2.99408018528481,-0.62523737082855,0.77856262917145
-2.99408018528481,-0.502620225670291,0.86397977432971
-2.99408018528481,-0.381966011250105,0.948233988749895
-2.99408018528481,-0.263750894630644,1.03084910536936
-2.99408018528481,-0.148441416869855,1.11135858313015
-2.99408018528481,-0.0364926517965692,1.18930734820343
-2.99408018528481,0.0716535899579935,1.26425358995799
-2.99408018528481,0.175570504584947,1.33577050458495
-2.99408018528481,0.274847979497379,1.40344797949738
-2.99408018528481,0.369094211857377,1.46689421185738
-2.99408018528481,0.457937254842823,1.52573725484282
-2.99408018528481,0.541026485551579,1.57962648555158
-2.99408018528481,0.618033988749895,1.6282339887499
-2.99408018528481,0.68865585100403,1.67125585100403
-2.99408018528481,0.752613360087727,1.70841336008773
-2.99408018528481,0.809654104932039,1.73945410493204
-2.99408018528481,0.859552971776503,1.7641529717765
-2.99408018528481,0.902113032590307,1.78231303259031
-2.99408018528481,0.902113032590307,1.58231303259031
-2.99408018528481,0.859552971776503,1.5241529717765
-2.99408018528481,0.809654104932039,1.45945410493204
-2.99408018528481,0.752613360087727,1.38841336008773
-2.99408018528481,0.68865585100403,1.31125585100403
-2.99408018528481,0.618033988749895,1.22823398874989
-2.99408018528481,0.541026485551579,1.13962648555158
-2.99408018528481,0.457937254842823,1.04573725484282
-2.99408018528481,0.369094211857377,0.946894211857377
-2.99408018528481,0.274847979497379,0.843447979497379
-2.99408018528481,0.175570504584946,0.735770504584946
-2.99408018528481,0.0716535899579933,0.624253589957993
-2.99408018528481,-0.0364926517965696,0.50930734820343
-2.99408018528481,-0.148441416869855,0.391358583130145
-2.99408018528481,-0.263750894630645,0.270849105369355
-2.99408018528481,-0.381966011250106,0.148233988749894
-2.99408018528481,-0.50262022567029,0.0239797743297099
-2.99408018528481,-0.62523737082855,-0.10143737082855
-2.99408018528481,-0.749333532871391,-0.227533532871391
-2.99408018528481,-0.874418960941373,-0.353818960941373
-2.99408018528481,-1,-0.4798
-2.99408018528481,-1.12558103905863,-0.604981039058627
-2.99408018528481,-1.25066646712861,-0.728866467128609
-2.99408018528481,-1.37476262917145,-0.85096262917145
-2.99408018528481,-1.49737977432971,-0.97077977432971
-2.99408018528481,-1.6180339887499,-1.0878339887499
-2.99408018528481,-1.73624910536936,-1.20164910536936
-2.99408018528481,-1.85155858313015,-1.31175858313015
-2.99408018528481,-1.96350734820343,-1.41770734820343
-2.99408018528481,-2.07165358995799,-1.51905358995799
-2.99408018528481,-2.17557050458495,-1.61537050458495
-2.99408018528481,-2.27484797949738,-1.70624797949738
-2.99408018528481,-2.36909421185738,-1.79129421185738
-2.99408018528481,-2.45793725484282,-1.87013725484282
-2.99408018528481,-2.54102648555158,-1.94242648555158
-2.99408018528481,-2.61803398874989,-2.00783398874989
-2.99408018528481,-2.68865585100403,-2.06605585100403
-2.99408018528481,-2.75261336008773,-2.11681336008773
-2.99408018528481,-2.80965410493204,-2.15985410493204
-2.99408018528481,-2.8595529717765,-2.1949529717765
-2.9376684318653,-2.90211303259031,-0.375000532590308
-2.9376684318653,-2.8595529717765,-0.388040471776503
-2.9376684318653,-2.80965410493204,-0.392941604932039
-2.9376684318653,-2.75261336008773,-0.389900860087727
-2.9376684318653,-2.68865585100403,-0.37914335100403
-2.9376684318653,-2.61803398874989,-0.360921488749895
-2.9376684318653,-2.54102648555158,-0.335513985551578
-2.9376684318653,-2.45793725484282,-0.303224754842823
-2.9376684318653,-2.36909421185738,-0.264381711857378
-2.9376684318653,-2.27484797949738,-0.219335479497379
-2.9376684318653,-2.17557050458495,-0.168458004584946
-2.9376684318653,-2.07165358995799,-0.112141089957993
-2.9376684318653,-1.96350734820343,-0.0507948482034302
-2.9376684318653,-1.85155858313015,0.0151539168698547
-2.9376684318653,-1.73624910536936,0.085263394630644
-2.9376684318653,-1.61803398874989,0.159078511250105
-2.9376684318653,-1.49737977432971,0.23613272567029
-2.9376684318653,-1.37476262917145,0.31594987082855
-2.9376684318653,-1.25066646712861,0.398046032871391
-2.9376684318653,-1.12558103905863,0.481931460941373
-2.9376684318653,-1,0.5671125
-2.9376684318653,-0.874418960941373,0.653093539058627
-2.9376684318653,-0.749333532871391,0.739378967128609
-2.9376684318653,-0.62523737082855,0.82547512917145
-2.9376684318653,-0.502620225670291,0.910892274329709
-2.9376684318653,-0.381966011250105,0.995146488749895
-2.9376684318653,-0.263750894630644,1.07776160536936
-2.9376684318653,-0.148441416869855,1.15827108313015
-2.9376684318653,-0.0364926517965692,1.23621984820343
-2.9376684318653,0.0716535899579935,1.31116608995799
-2.9376684318653,0.175570504584947,1.38268300458495
-2.9376684318653,0.274847979497379,1.45036047949738
-2.9376684318653,0.369094211857377,1.51380671185738
-2.9376684318653,0.457937254842823,1.57264975484282
-2.9376684318653,0.541026485551579,1.62653898555158
-2.9376684318653,0.618033988749895,1.67514648874989
-2.9376684318653,0.68865585100403,1.71816835100403
-2.9376684318653,0.752613360087727,1.75532586008773
-2.9376684318653,0.809654104932039,1.78636660493204
-2.9376684318653,0.859552971776503,1.8110654717765
-2.9376684318653,0.902113032590307,1.82922553259031
-2.9376684318653,0.902113032590307,1.62922553259031
-2.9376684318653,0.859552971776503,1.5710654717765
-2.9376684318653,0.809654104932039,1.50636660493204
-2.9376684318653,0.752613360087727,1.43532586008773
-2.9376684318653,0.68865585100403,1.35816835100403
-2.9376684318653,0.618033988749895,1.2751464887499
-2.9376684318653,0.541026485551579,1.18653898555158
-2.9376684318653,0.457937254842823,1.09264975484282
-2.9376684318653,0.369094211857377,0.993806711857377
-2.9376684318653,0.274847979497379,0.890360479497379
-2.9376684318653,0.175570504584946,0.782683004584946
-2.9376684318653,0.0716535899579933,0.671166089957993
-2.9376684318653,-0.0364926517965696,0.55621984820343
-2.9376684318653,-0.148441416869855,0.438271083130145
-2.9376684318653,-0.263750894630645,0.317761605369355
-2.9376684318653,-0.381966011250106,0.195146488749894
-2.9376684318653,-0.50262022567029,0.0708922743297098
-2.9376684318653,-0.62523737082855,-0.0545248708285502
-2.9376684318653,-0.749333532871391,-0.180621032871391
-2.9376684318653,-0.874418960941373,-0.306906460941373
-2.9376684318653,-1,-0.4328875
-2.9376684318653,-1.12558103905863,-0.558068539058627
-2.9376684318653,-1.25066646712861,-0.681953967128609
-2.9376684318653,-1.37476262917145,-0.80405012917145
-2.9376684318653,-1.49737977432971,-0.92386727432971
-2.9376684318653,-1.6180339887499,-1.0409214887499
-2.9376684318653,-1.73624910536936,-1.15473660536936
-2.9376684318653,-1.85155858313015,-1.26484608313015
-2.9376684318653,-1.96350734820343,-1.37079484820343
-2.9376684318653,-2.07165358995799,-1.47214108995799
-2.9376684318653,-2.17557050458495,-1.56845800458495
-2.9376684318653,-2.27484797949738,-1.65933547949738
-2.9376684318653,-2.36909421185738,-1.74438171185738
-2.9376684318653,-2.45793725484282,-1.82322475484282
-2.9376684318653,-2.54102648555158,-1.89551398555158
-2.9376684318653,-2.61803398874989,-1.96092148874989
-2.9376684318653,-2.68865585100403,-2.01914335100403
-2.9376684318653,-2.75261336008773,-2.06990086008773
-2.9376684318653,-2.80965410493204,-2.11294160493204
-2.9376684318653,-2.8595529717765,-2.1480404717765
-2.82264230686268,-2.90211303259031,-0.326063032590308
-2.82264230686268,-2.8595529717765,-0.339102971776503
-2.82264230686268,-2.80965410493204,-0.344004104932039
-2.82264230686268,-2.75261336008773,-0.340963360087728
-2.82264230686268,-2.68865585100403,-0.33020585100403
-2.82264230686268,-2.61803398874989,-0.311983988749895
-2.82264230686268,-2.54102648555158,-0.286576485551578
-2.82264230686268,-2.45793725484282,-0.254287254842823
-2.82264230686268,-2.36909421185738,-0.215444211857378
-2.82264230686268,-2.27484797949738,-0.170397979497379
-2.82264230686268,-2.17557050458495,-0.119520504584946
-2.82264230686268,-2.07165358995799,-0.063203589957993
-2.82264230686268,-1.96350734820343,-0.00185734820343031
-2.82264230686268,-1.85155858313015,0.0640914168698548
-2.82264230686268,-1.73624910536936,0.134200894630644
-2.82264230686268,-1.61803398874989,0.208016011250105
-2.82264230686268,-1.49737977432971,0.28507022567029
-2.82264230686268,-1.37476262917145,0.36488737082855
-2.82264230686268,-1.25066646712861,0.446983532871391
-2.82264230686268,-1.12558103905863,0.530868960941373
-2.82264230686268,-1,0.61605
-2.82264230686268,-0.874418960941373,0.702031039058627
-2.82264230686268,-0.749333532871391,0.788316467128609
-2.82264230686268,-0.62523737082855,0.87441262917145
-2.82264230686268,-0.502620225670291,0.95982977432971
-2.82264230686268,-0.381966011250105,1.04408398874989
-2.82264230686268,-0.263750894630644,1.12669910536936
-2.82264230686268,-0.148441416869855,1.20720858313015
-2.82264230686268,-0.0364926517965692,1.28515734820343
-2.82264230686268,0.0716535899579935,1.36010358995799
-2.82264230686268,0.175570504584947,1.43162050458495
-2.82264230686268,0.274847979497379,1.49929797949738
-2.82264230686268,0.369094211857377,1.56274421185738
-2.82264230686268,0.457937254842823,1.62158725484282
-2.82264230686268,0.541026485551579,1.67547648555158
-2.82264230686268,0.618033988749895,1.72408398874989
-2.82264230686268,0.68865585100403,1.76710585100403
-2.82264230686268,0.752613360087727,1.80426336008773
-2.82264230686268,0.809654104932039,1.83530410493204
-2.82264230686268,0.859552971776503,1.8600029717765
-2.82264230686268,0.902113032590307,1.87816303259031
-2.82264230686268,0.902113032590307,1.67816303259031
-2.82264230686268,0.859552971776503,1.6200029717765
-2.82264230686268,0.809654104932039,1.55530410493204
-2.82264230686268,0.752613360087727,1.48426336008773
-2.82264230686268,0.68865585100403,1.40710585100403
-2.82264230686268,0.618033988749895,1.32408398874989
-2.82264230686268,0.541026485551579,1.23547648555158
-2.82264230686268,0.457937254842823,1.14158725484282
-2.82264230686268,0.369094211857377,1.04274421185738
-2.82264230686268,0.274847979497379,0.939297979497379
-2.82264230686268,0.175570504584946,0.831620504584946
-2.82264230686268,0.0716535899579933,0.720103589957993
-2.82264230686268,-0.0364926517965696,0.60515734820343
-2.82264230686268,-0.148441416869855,0.487208583130145
-2.82264230686268,-0.263750894630645,0.366699105369355
-2.82264230686268,-0.381966011250106,0.244083988749894
-2.82264230686268,-0.50262022567029,0.11982977432971
-2.82264230686268,-0.62523737082855,-0.00558737082855021
-2.82264230686268,-0.749333532871391,-0.131683532871391
-2.82264230686268,-0.874418960941373,-0.257968960941373
-2.82264230686268,-1,-0.38395
-2.82264230686268,-1.12558103905863,-0.509131039058627
-2.82264230686268,-1.25066646712861,-0.633016467128609
-2.82264230686268,-1.37476262917145,-0.75511262917145
-2.82264230686268,-1.49737977432971,-0.87492977432971
-2.82264230686268,-1.6180339887499,-0.991983988749895
-2.82264230686268,-1.73624910536936,-1.10579910536936
-2.82264230686268,-1.85155858313015,-1.21590858313015
-2.82264230686268,-1.96350734820343,-1.32185734820343
-2.82264230686268,-2.07165358995799,-1.42320358995799
-2.82264230686268,-2.17557050458495,-1.51952050458495
-2.82264230686268,-2.27484797949738,-1.61039797949738
-2.82264230686268,-2.36909421185738,-1.69544421185738
-2.82264230686268,-2.45793725484282,-1.77428725484282
-2.82264230686268,-2.54102648555158,-1.84657648555158
-2.82264230686268,-2.61803398874989,-1.91198398874989
-2.82264230686268,-2.68865585100403,-1.97020585100403
-2.82264230686268,-2.75261336008773,-2.02096336008773
-2.82264230686268,-2.80965410493204,-2.06400410493204
-2.82264230686268,-2.8595529717765,-2.0991029717765
-2.65129689026608,-2.90211303259031,-0.275100532590308
-2.65129689026608,-2.8595529717765,-0.288140471776503
-2.65129689026608,-2.80965410493204,-0.293041604932039
-2.65129689026608,-2.75261336008773,-0.290000860087727
-2.65129689026608,-2.68865585100403,-0.27924335100403
-2.65129689026608,-2.61803398874989,-0.261021488749895
-2.65129689026608,-2.54102648555158,-0.235613985551578
-2.65129689026608,-2.45793725484282,-0.203324754842823
-2.65129689026608,-2.36909421185738,-0.164481711857378
-2.65129689026608,-2.27484797949738,-0.11943547949738
-2.65129689026608,-2.17557050458495,-0.0685580045849463
-2.65129689026608,-2.07165358995799,-0.0122410899579932
-2.65129689026608,-1.96350734820343,0.0491051517965695
-2.65129689026608,-1.85155858313015,0.115053916869855
-2.65129689026608,-1.73624910536936,0.185163394630644
-2.65129689026608,-1.61803398874989,0.258978511250105
-2.65129689026608,-1.49737977432971,0.33603272567029
-2.65129689026608,-1.37476262917145,0.41584987082855
-2.65129689026608,-1.25066646712861,0.497946032871391
-2.65129689026608,-1.12558103905863,0.581831460941373
-2.65129689026608,-1,0.6670125
-2.65129689026608,-0.874418960941373,0.752993539058627
-2.65129689026608,-0.749333532871391,0.839278967128609
-2.65129689026608,-0.62523737082855,0.92537512917145
-2.65129689026608,-0.502620225670291,1.01079227432971
-2.65129689026608,-0.381966011250105,1.09504648874989
-2.65129689026608,-0.263750894630644,1.17766160536936
-2.65129689026608,-0.148441416869855,1.25817108313014
-2.65129689026608,-0.0364926517965692,1.33611984820343
-2.65129689026608,0.0716535899579935,1.41106608995799
-2.65129689026608,0.175570504584947,1.48258300458495
-2.65129689026608,0.274847979497379,1.55026047949738
-2.65129689026608,0.369094211857377,1.61370671185738
-2.65129689026608,0.457937254842823,1.67254975484282
-2.65129689026608,0.541026485551579,1.72643898555158
-2.65129689026608,0.618033988749895,1.77504648874989
-2.65129689026608,0.68865585100403,1.81806835100403
-2.65129689026608,0.752613360087727,1.85522586008773
-2.65129689026608,0.809654104932039,1.88626660493204
-2.65129689026608,0.859552971776503,1.9109654717765
-2.65129689026608,0.902113032590307,1.92912553259031
-2.65129689026608,0.902113032590307,1.72912553259031
-2.65129689026608,0.859552971776503,1.6709654717765
-2.65129689026608,0.809654104932039,1.60626660493204
-2.65129689026608,0.752613360087727,1.53522586008773
-2.65129689026608,0.68865585100403,1.45806835100403
-2.65129689026608,0.618033988749895,1.37504648874989
-2.65129689026608,0.541026485551579,1.28643898555158
-2.65129689026608,0.457937254842823,1.19254975484282
-2.65129689026608,0.369094211857377,1.09370671185738
-2.65129689026608,0.274847979497379,0.990260479497379
-2.65129689026608,0.175570504584946,0.882583004584946
-2.65129689026608,0.0716535899579933,0.771066089957993
-2.65129689026608,-0.0364926517965696,0.65611984820343
-2.65129689026608,-0.148441416869855,0.538171083130145
-2.65129689026608,-0.263750894630645,0.417661605369355
-2.65129689026608,-0.381966011250106,0.295046488749894
-2.65129689026608,-0.50262022567029,0.17079227432971
-2.65129689026608,-0.62523737082855,0.0453751291714497
-2.65129689026608,-0.749333532871391,-0.0807210328713912
-2.65129689026608,-0.874418960941373,-0.207006460941373
-2.65129689026608,-1,-0.3329875
-2.65129689026608,-1.12558103905863,-0.458168539058627
-2.65129689026608,-1.25066646712861,-0.582053967128609
-2.65129689026608,-1.37476262917145,-0.70415012917145
-2.65129689026608,-1.49737977432971,-0.82396727432971
-2.65129689026608,-1.6180339887499,-0.941021488749895
-2.65129689026608,-1.73624910536936,-1.05483660536936
-2.65129689026608,-1.85155858313015,-1.16494608313015
-2.65129689026608,-1.96350734820343,-1.27089484820343
-2.65129689026608,-2.07165358995799,-1.37224108995799
-2.65129689026608,-2.17557050458495,-1.46855800458495
-2.65129689026608,-2.27484797949738,-1.55943547949738
-2.65129689026608,-2.36909421185738,-1.64448171185738
-2.65129689026608,-2.45793725484282,-1.72332475484282
-2.65129689026608,-2.54102648555158,-1.79561398555158
-2.65129689026608,-2.61803398874989,-1.86102148874989
-2.65129689026608,-2.68865585100403,-1.91924335100403
-2.65129689026608,-2.75261336008773,-1.97000086008773
-2.65129689026608,-2.80965410493204,-2.01304160493204
-2.65129689026608,-2.8595529717765,-2.0481404717765
-2.42705098312484,-2.90211303259031,-0.222113032590308
-2.42705098312484,-2.8595529717765,-0.235152971776504
-2.42705098312484,-2.80965410493204,-0.240054104932039
-2.42705098312484,-2.75261336008773,-0.237013360087728
-2.42705098312484,-2.68865585100403,-0.22625585100403
-2.42705098312484,-2.61803398874989,-0.208033988749895
-2.42705098312484,-2.54102648555158,-0.182626485551579
-2.42705098312484,-2.45793725484282,-0.150337254842823
-2.42705098312484,-2.36909421185738,-0.111494211857378
-2.42705098312484,-2.27484797949738,-0.0664479794973796
-2.42705098312484,-2.17557050458495,-0.0155705045849464
-2.42705098312484,-2.07165358995799,0.0407464100420067
-2.42705098312484,-1.96350734820343,0.102092651796569
-2.42705098312484,-1.85155858313015,0.168041416869855
-2.42705098312484,-1.73624910536936,0.238150894630644
-2.42705098312484,-1.61803398874989,0.311966011250105
-2.42705098312484,-1.49737977432971,0.38902022567029
-2.42705098312484,-1.37476262917145,0.46883737082855
-2.42705098312484,-1.25066646712861,0.550933532871391
-2.42705098312484,-1.12558103905863,0.634818960941373
-2.42705098312484,-1,0.72
-2.42705098312484,-0.874418960941373,0.805981039058627
-2.42705098312484,-0.749333532871391,0.892266467128608
-2.42705098312484,-0.62523737082855,0.97836262917145
-2.42705098312484,-0.502620225670291,1.06377977432971
-2.42705098312484,-0.381966011250105,1.14803398874989
-2.42705098312484,-0.263750894630644,1.23064910536936
-2.42705098312484,-0.148441416869855,1.31115858313014
-2.42705098312484,-0.0364926517965692,1.38910734820343
-2.42705098312484,0.0716535899579935,1.46405358995799
-2.42705098312484,0.175570504584947,1.53557050458495
-2.42705098312484,0.274847979497379,1.60324797949738
-2.42705098312484,0.369094211857377,1.66669421185738
-2.42705098312484,0.457937254842823,1.72553725484282
-2.42705098312484,0.541026485551579,1.77942648555158
-2.42705098312484,0.618033988749895,1.82803398874989
-2.42705098312484,0.68865585100403,1.87105585100403
-2.42705098312484,0.752613360087727,1.90821336008773
-2.42705098312484,0.809654104932039,1.93925410493204
-2.42705098312484,0.859552971776503,1.9639529717765
-2.42705098312484,0.902113032590307,1.98211303259031
-2.42705098312484,0.902113032590307,1.78211303259031
-2.42705098312484,0.859552971776503,1.7239529717765
-2.42705098312484,0.809654104932039,1.65925410493204
-2.42705098312484,0.752613360087727,1.58821336008773
-2.42705098312484,0.68865585100403,1.51105585100403
-2.42705098312484,0.618033988749895,1.42803398874989
-2.42705098312484,0.541026485551579,1.33942648555158
-2.42705098312484,0.457937254842823,1.24553725484282
-2.42705098312484,0.369094211857377,1.14669421185738
-2.42705098312484,0.274847979497379,1.04324797949738
-2.42705098312484,0.175570504584946,0.935570504584946
-2.42705098312484,0.0716535899579933,0.824053589957993
-2.42705098312484,-0.0364926517965696,0.70910734820343
-2.42705098312484,-0.148441416869855,0.591158583130144
-2.42705098312484,-0.263750894630645,0.470649105369355
-2.42705098312484,-0.381966011250106,0.348033988749894
-2.42705098312484,-0.50262022567029,0.22377977432971
-2.42705098312484,-0.62523737082855,0.0983626291714494
-2.42705098312484,-0.749333532871391,-0.0277335328713914
-2.42705098312484,-0.874418960941373,-0.154018960941373
-2.42705098312484,-1,-0.28
-2.42705098312484,-1.12558103905863,-0.405181039058627
-2.42705098312484,-1.25066646712861,-0.529066467128609
-2.42705098312484,-1.37476262917145,-0.65116262917145
-2.42705098312484,-1.49737977432971,-0.77097977432971
-2.42705098312484,-1.6180339887499,-0.888033988749895
-2.42705098312484,-1.73624910536936,-1.00184910536936
-2.42705098312484,-1.85155858313015,-1.11195858313015
-2.42705098312484,-1.96350734820343,-1.21790734820343
-2.42705098312484,-2.07165358995799,-1.31925358995799
-2.42705098312484,-2.17557050458495,-1.41557050458495
-2.42705098312484,-2.27484797949738,-1.50644797949738
-2.42705098312484,-2.36909421185738,-1.59149421185738
-2.42705098312484,-2.45793725484282,-1.67033725484282
-2.42705098312484,-2.54102648555158,-1.74262648555158
-2.42705098312484,-2.61803398874989,-1.8080339887499
-2.42705098312484,-2.68865585100403,-1.86625585100403
-2.42705098312484,-2.75261336008773,-1.91701336008773
-2.42705098312484,-2.80965410493204,-1.96005410493204
-2.42705098312484,-2.8595529717765,-1.9951529717765
-2.15437889328957,-2.90211303259031,-0.167100532590307
-2.15437889328957,-2.8595529717765,-0.180140471776503
-2.15437889328957,-2.80965410493204,-0.185041604932039
-2.15437889328957,-2.75261336008773,-0.182000860087727
-2.15437889328957,-2.68865585100403,-0.17124335100403
-2.15437889328957,-2.61803398874989,-0.153021488749894
-2.15437889328957,-2.54102648555158,-0.127613985551578
-2.15437889328957,-2.45793725484282,-0.0953247548428227
-2.15437889328957,-2.36909421185738,-0.0564817118573773
-2.15437889328957,-2.27484797949738,-0.011435479497379
-2.15437889328957,-2.17557050458495,0.0394419954150542
-2.15437889328957,-2.07165358995799,0.0957589100420073
-2.15437889328957,-1.96350734820343,0.15710515179657
-2.15437889328957,-1.85155858313015,0.223053916869855
-2.15437889328957,-1.73624910536936,0.293163394630644
-2.15437889328957,-1.61803398874989,0.366978511250106
-2.15437889328957,-1.49737977432971,0.444032725670291
-2.15437889328957,-1.37476262917145,0.523849870828551
-2.15437889328957,-1.25066646712861,0.605946032871391
-2.15437889328957,-1.12558103905863,0.689831460941373
-2.15437889328957,-1,0.7750125
-2.15437889328957,-0.874418960941373,0.860993539058627
-2.15437889328957,-0.749333532871391,0.947278967128609
-2.15437889328957,-0.62523737082855,1.03337512917145
-2.15437889328957,-0.502620225670291,1.11879227432971
-2.15437889328957,-0.381966011250105,1.2030464887499
-2.15437889328957,-0.263750894630644,1.28566160536936
-2.15437889328957,-0.148441416869855,1.36617108313015
-2.15437889328957,-0.0364926517965692,1.44411984820343
-2.15437889328957,0.0716535899579935,1.51906608995799
-2.15437889328957,0.175570504584947,1.59058300458495
-2.15437889328957,0.274847979497379,1.65826047949738
-2.15437889328957,0.369094211857377,1.72170671185738
-2.15437889328957,0.457937254842823,1.78054975484282
-2.15437889328957,0.541026485551579,1.83443898555158
-2.15437889328957,0.618033988749895,1.88304648874989
-2.15437889328957,0.68865585100403,1.92606835100403
-2.15437889328957,0.752613360087727,1.96322586008773
-2.15437889328957,0.809654104932039,1.99426660493204
-2.15437889328957,0.859552971776503,2.0189654717765
-2.15437889328957,0.902113032590307,2.03712553259031
-2.15437889328957,0.902113032590307,1.83712553259031
-2.15437889328957,0.859552971776503,1.7789654717765
-2.15437889328957,0.809654104932039,1.71426660493204
-2.15437889328957,0.752613360087727,1.64322586008773
-2.15437889328957,0.68865585100403,1.56606835100403
-2.15437889328957,0.618033988749895,1.4830464887499
-2.15437889328957,0.541026485551579,1.39443898555158
-2.15437889328957,0.457937254842823,1.30054975484282
-2.15437889328957,0.369094211857377,1.20170671185738
-2.15437889328957,0.274847979497379,1.09826047949738
-2.15437889328957,0.175570504584946,0.990583004584946
-2.15437889328957,0.0716535899579933,0.879066089957993
-2.15437889328957,-0.0364926517965696,0.764119848203431
-2.15437889328957,-0.148441416869855,0.646171083130145
-2.15437889328957,-0.263750894630645,0.525661605369355
-2.15437889328957,-0.381966011250106,0.403046488749894
-2.15437889328957,-0.50262022567029,0.27879227432971
-2.15437889328957,-0.62523737082855,0.15337512917145
-2.15437889328957,-0.749333532871391,0.0272789671286091
-2.15437889328957,-0.874418960941373,-0.0990064609413729
-2.15437889328957,-1,-0.2249875
-2.15437889328957,-1.12558103905863,-0.350168539058627
-2.15437889328957,-1.25066646712861,-0.474053967128609
-2.15437889328957,-1.37476262917145,-0.596150129171449
-2.15437889328957,-1.49737977432971,-0.71596727432971
-2.15437889328957,-1.6180339887499,-0.833021488749895
-2.15437889328957,-1.73624910536936,-0.946836605369356
-2.15437889328957,-1.85155858313015,-1.05694608313015
-2.15437889328957,-1.96350734820343,-1.16289484820343
-2.15437889328957,-2.07165358995799,-1.26424108995799
-2.15437889328957,-2.17557050458495,-1.36055800458495
-2.15437889328957,-2.27484797949738,-1.45143547949738
-2.15437889328957,-2.36909421185738,-1.53648171185738
-2.15437889328957,-2.45793725484282,-1.61532475484282
-2.15437889328957,-2.54102648555158,-1.68761398555158
-2.15437889328957,-2.61803398874989,-1.75302148874989
-2.15437889328957,-2.68865585100403,-1.81124335100403
-2.15437889328957,-2.75261336008773,-1.86200086008773
-2.15437889328957,-2.80965410493204,-1.90504160493204
-2.15437889328957,-2.8595529717765,-1.9401404717765
-1.83872116095893,-2.90211303259031,-0.110063032590307
-1.83872116095893,-2.8595529717765,-0.123102971776503
-1.83872116095893,-2.80965410493204,-0.128004104932039
-1.83872116095893,-2.75261336008773,-0.124963360087727
-1.83872116095893,-2.68865585100403,-0.11420585100403
-1.83872116095893,-2.61803398874989,-0.0959839887498946
-1.83872116095893,-2.54102648555158,-0.0705764855515782
-1.83872116095893,-2.45793725484282,-0.0382872548428224
-1.83872116095893,-2.36909421185738,0.000555788142622582
-1.83872116095893,-2.27484797949738,0.0456020205026209
-1.83872116095893,-2.17557050458495,0.0964794954150541
-1.83872116095893,-2.07165358995799,0.152796410042007
-1.83872116095893,-1.96350734820343,0.21414265179657
-1.83872116095893,-1.85155858313015,0.280091416869855
-1.83872116095893,-1.73624910536936,0.350200894630644
-1.83872116095893,-1.61803398874989,0.424016011250105
-1.83872116095893,-1.49737977432971,0.50107022567029
-1.83872116095893,-1.37476262917145,0.580887370828551
-1.83872116095893,-1.25066646712861,0.662983532871391
-1.83872116095893,-1.12558103905863,0.746868960941373
-1.83872116095893,-1,0.83205
-1.83872116095893,-0.874418960941373,0.918031039058627
-1.83872116095893,-0.749333532871391,1.00431646712861
-1.83872116095893,-0.62523737082855,1.09041262917145
-1.83872116095893,-0.502620225670291,1.17582977432971
-1.83872116095893,-0.381966011250105,1.2600839887499
-1.83872116095893,-0.263750894630644,1.34269910536936
-1.83872116095893,-0.148441416869855,1.42320858313015
-1.83872116095893,-0.0364926517965692,1.50115734820343
-1.83872116095893,0.0716535899579935,1.57610358995799
-1.83872116095893,0.175570504584947,1.64762050458495
-1.83872116095893,0.274847979497379,1.71529797949738
-1.83872116095893,0.369094211857377,1.77874421185738
-1.83872116095893,0.457937254842823,1.83758725484282
-1.83872116095893,0.541026485551579,1.89147648555158
-1.83872116095893,0.618033988749895,1.94008398874989
-1.83872116095893,0.68865585100403,1.98310585100403
-1.83872116095893,0.752613360087727,2.02026336008773
-1.83872116095893,0.809654104932039,2.05130410493204
-1.83872116095893,0.859552971776503,2.0760029717765
-1.83872116095893,0.902113032590307,2.09416303259031
-1.83872116095893,0.902113032590307,1.89416303259031
-1.83872116095893,0.859552971776503,1.8360029717765
-1.83872116095893,0.809654104932039,1.77130410493204
-1.83872116095893,0.752613360087727,1.70026336008773
-1.83872116095893,0.68865585100403,1.62310585100403
-1.83872116095893,0.618033988749895,1.54008398874989
-1.83872116095893,0.541026485551579,1.45147648555158
-1.83872116095893,0.457937254842823,1.35758725484282
-1.83872116095893,0.369094211857377,1.25874421185738
-1.83872116095893,0.274847979497379,1.15529797949738
-1.83872116095893,0.175570504584946,1.04762050458495
-1.83872116095893,0.0716535899579933,0.936103589957993
-1.83872116095893,-0.0364926517965696,0.82115734820343
-1.83872116095893,-0.148441416869855,0.703208583130145
-1.83872116095893,-0.263750894630645,0.582699105369355
-1.83872116095893,-0.381966011250106,0.460083988749894
-1.83872116095893,-0.50262022567029,0.33582977432971
-1.83872116095893,-0.62523737082855,0.21041262917145
-1.83872116095893,-0.749333532871391,0.084316467128609
-1.83872116095893,-0.874418960941373,-0.0419689609413729
-1.83872116095893,-1,-0.16795
-1.83872116095893,-1.12558103905863,-0.293131039058627
-1.83872116095893,-1.25066646712861,-0.417016467128609
-1.83872116095893,-1.37476262917145,-0.53911262917145
-1.83872116095893,-1.49737977432971,-0.65892977432971
-1.83872116095893,-1.6180339887499,-0.775983988749895
-1.83872116095893,-1.73624910536936,-0.889799105369356
-1.83872116095893,-1.85155858313015,-0.999908583130145
-1.83872116095893,-1.96350734820343,-1.10585734820343
-1.83872116095893,-2.07165358995799,-1.20720358995799
-1.83872116095893,-2.17557050458495,-1.30352050458495
-1.83872116095893,-2.27484797949738,-1.39439797949738
-1.83872116095893,-2.36909421185738,-1.47944421185738
-1.83872116095893,-2.45793725484282,-1.55828725484282
-1.83872116095893,-2.54102648555158,-1.63057648555158
-1.83872116095893,-2.61803398874989,-1.69598398874989
-1.83872116095893,-2.68865585100403,-1.75420585100403
-1.83872116095893,-2.75261336008773,-1.80496336008773
-1.83872116095893,-2.80965410493204,-1.84800410493204
-1.83872116095893,-2.8595529717765,-1.8831029717765
-1.48637600529722,-2.90211303259031,-0.0510005325903073
-1.48637600529722,-2.8595529717765,-0.0640404717765031
-1.48637600529722,-2.80965410493204,-0.0689416049320388
-1.48637600529722,-2.75261336008773,-0.0659008600877273
-1.48637600529722,-2.68865585100403,-0.05514335100403
-1.48637600529722,-2.61803398874989,-0.0369214887498945
-1.48637600529722,-2.54102648555158,-0.0115139855515782
-1.48637600529722,-2.45793725484282,0.0207752451571777
-1.48637600529722,-2.36909421185738,0.0596182881426226
-1.48637600529722,-2.27484797949738,0.10466452050262
-1.48637600529722,-2.17557050458495,0.155541995415054
-1.48637600529722,-2.07165358995799,0.211858910042007
-1.48637600529722,-1.96350734820343,0.27320515179657
-1.48637600529722,-1.85155858313015,0.339153916869855
-1.48637600529722,-1.73624910536936,0.409263394630644
-1.48637600529722,-1.61803398874989,0.483078511250105
-1.48637600529722,-1.49737977432971,0.56013272567029
-1.48637600529722,-1.37476262917145,0.63994987082855
-1.48637600529722,-1.25066646712861,0.722046032871391
-1.48637600529722,-1.12558103905863,0.805931460941373
-1.48637600529722,-1,0.8911125
-1.48637600529722,-0.874418960941373,0.977093539058627
-1.48637600529722,-0.749333532871391,1.06337896712861
-1.48637600529722,-0.62523737082855,1.14947512917145
-1.48637600529722,-0.502620225670291,1.23489227432971
-1.48637600529722,-0.381966011250105,1.31914648874989
-1.48637600529722,-0.263750894630644,1.40176160536936
-1.48637600529722,-0.148441416869855,1.48227108313015
-1.48637600529722,-0.0364926517965692,1.56021984820343
-1.48637600529722,0.0716535899579935,1.63516608995799
-1.48637600529722,0.175570504584947,1.70668300458495
-1.48637600529722,0.274847979497379,1.77436047949738
-1.48637600529722,0.369094211857377,1.83780671185738
-1.48637600529722,0.457937254842823,1.89664975484282
-1.48637600529722,0.541026485551579,1.95053898555158
-1.48637600529722,0.618033988749895,1.99914648874989
-1.48637600529722,0.68865585100403,2.04216835100403
-1.48637600529722,0.752613360087727,2.07932586008773
-1.48637600529722,0.809654104932039,2.11036660493204
-1.48637600529722,0.859552971776503,2.1350654717765
-1.48637600529722,0.902113032590307,2.15322553259031
-1.48637600529722,0.902113032590307,1.95322553259031
-1.48637600529722,0.859552971776503,1.8950654717765
-1.48637600529722,0.809654104932039,1.83036660493204
-1.48637600529722,0.752613360087727,1.75932586008773
-1.48637600529722,0.68865585100403,1.68216835100403
-1.48637600529722,0.618033988749895,1.59914648874989
-1.48637600529722,0.541026485551579,1.51053898555158
-1.48637600529722,0.457937254842823,1.41664975484282
-1.48637600529722,0.369094211857377,1.31780671185738
-1.48637600529722,0.274847979497379,1.21436047949738
-1.48637600529722,0.175570504584946,1.10668300458495
-1.48637600529722,0.0716535899579933,0.995166089957993
-1.48637600529722,-0.0364926517965696,0.88021984820343
-1.48637600529722,-0.148441416869855,0.762271083130145
-1.48637600529722,-0.263750894630645,0.641761605369355
-1.48637600529722,-0.381966011250106,0.519146488749894
-1.48637600529722,-0.50262022567029,0.39489227432971
-1.48637600529722,-0.62523737082855,0.26947512917145
-1.48637600529722,-0.749333532871391,0.143378967128609
-1.48637600529722,-0.874418960941373,0.0170935390586269
-1.48637600529722,-1,-0.1088875
-1.48637600529722,-1.12558103905863,-0.234068539058627
-1.48637600529722,-1.25066646712861,-0.357953967128609
-1.48637600529722,-1.37476262917145,-0.48005012917145
-1.48637600529722,-1.49737977432971,-0.59986727432971
-1.48637600529722,-1.6180339887499,-0.716921488749895
-1.48637600529722,-1.73624910536936,-0.830736605369356
-1.48637600529722,-1.85155858313015,-0.940846083130146
-1.48637600529722,-1.96350734820343,-1.04679484820343
-1.48637600529722,-2.07165358995799,-1.14814108995799
-1.48637600529722,-2.17557050458495,-1.24445800458495
-1.48637600529722,-2.27484797949738,-1.33533547949738
-1.48637600529722,-2.36909421185738,-1.42038171185738
-1.48637600529722,-2.45793725484282,-1.49922475484282
-1.48637600529722,-2.54102648555158,-1.57151398555158
-1.48637600529722,-2.61803398874989,-1.63692148874989
-1.48637600529722,-2.68865585100403,-1.69514335100403
-1.48637600529722,-2.75261336008773,-1.74590086008773
-1.48637600529722,-2.80965410493204,-1.78894160493204
-1.48637600529722,-2.8595529717765,-1.8240404717765
-1.10437365805404,-2.90211303259031,0.0100869674096924
-1.10437365805404,-2.8595529717765,-0.00295297177650333
-1.10437365805404,-2.80965410493204,-0.00785410493203909
-1.10437365805404,-2.75261336008773,-0.00481336008772759
-1.10437365805404,-2.68865585100403,0.00594414899596973
-1.10437365805404,-2.61803398874989,0.0241660112501052
-1.10437365805404,-2.54102648555158,0.0495735144484215
-1.10437365805404,-2.45793725484282,0.0818627451571774
-1.10437365805404,-2.36909421185738,0.120705788142622
-1.10437365805404,-2.27484797949738,0.165752020502621
-1.10437365805404,-2.17557050458495,0.216629495415054
-1.10437365805404,-2.07165358995799,0.272946410042007
-1.10437365805404,-1.96350734820343,0.33429265179657
-1.10437365805404,-1.85155858313015,0.400241416869855
-1.10437365805404,-1.73624910536936,0.470350894630644
-1.10437365805404,-1.61803398874989,0.544166011250105
-1.10437365805404,-1.49737977432971,0.62122022567029
-1.10437365805404,-1.37476262917145,0.70103737082855
-1.10437365805404,-1.25066646712861,0.783133532871391
-1.10437365805404,-1.12558103905863,0.867018960941373
-1.10437365805404,-1,0.9522
-1.10437365805404,-0.874418960941373,1.03818103905863
-1.10437365805404,-0.749333532871391,1.12446646712861
-1.10437365805404,-0.62523737082855,1.21056262917145
-1.10437365805404,-0.502620225670291,1.29597977432971
-1.10437365805404,-0.381966011250105,1.38023398874989
-1.10437365805404,-0.263750894630644,1.46284910536936
-1.10437365805404,-0.148441416869855,1.54335858313015
-1.10437365805404,-0.0364926517965692,1.62130734820343
-1.10437365805404,0.0716535899579935,1.69625358995799
-1.10437365805404,0.175570504584947,1.76777050458495
-1.10437365805404,0.274847979497379,1.83544797949738
-1.10437365805404,0.369094211857377,1.89889421185738
-1.10437365805404,0.457937254842823,1.95773725484282
-1.10437365805404,0.541026485551579,2.01162648555158
-1.10437365805404,0.618033988749895,2.06023398874989
-1.10437365805404,0.68865585100403,2.10325585100403
-1.10437365805404,0.752613360087727,2.14041336008773
-1.10437365805404,0.809654104932039,2.17145410493204
-1.10437365805404,0.859552971776503,2.1961529717765
-1.10437365805404,0.902113032590307,2.21431303259031
-1.10437365805404,0.902113032590307,2.01431303259031
-1.10437365805404,0.859552971776503,1.9561529717765
-1.10437365805404,0.809654104932039,1.89145410493204
-1.10437365805404,0.752613360087727,1.82041336008773
-1.10437365805404,0.68865585100403,1.74325585100403
-1.10437365805404,0.618033988749895,1.66023398874989
-1.10437365805404,0.541026485551579,1.57162648555158
-1.10437365805404,0.457937254842823,1.47773725484282
-1.10437365805404,0.369094211857377,1.37889421185738
-1.10437365805404,0.274847979497379,1.27544797949738
-1.10437365805404,0.175570504584946,1.16777050458495
-1.10437365805404,0.0716535899579933,1.05625358995799
-1.10437365805404,-0.0364926517965696,0.94130734820343
-1.10437365805404,-0.148441416869855,0.823358583130145
-1.10437365805404,-0.263750894630645,0.702849105369355
-1.10437365805404,-0.381966011250106,0.580233988749894
-1.10437365805404,-0.50262022567029,0.45597977432971
-1.10437365805404,-0.62523737082855,0.33056262917145
-1.10437365805404,-0.749333532871391,0.204466467128609
-1.10437365805404,-0.874418960941373,0.0781810390586268
-1.10437365805404,-1,-0.0478000000000001
-1.10437365805404,-1.12558103905863,-0.172981039058627
-1.10437365805404,-1.25066646712861,-0.296866467128609
-1.10437365805404,-1.37476262917145,-0.41896262917145
-1.10437365805404,-1.49737977432971,-0.53877977432971
-1.10437365805404,-1.6180339887499,-0.655833988749895
-1.10437365805404,-1.73624910536936,-0.769649105369356
-1.10437365805404,-1.85155858313015,-0.879758583130146
-1.10437365805404,-1.96350734820343,-0.985707348203431
-1.10437365805404,-2.07165358995799,-1.08705358995799
-1.10437365805404,-2.17557050458495,-1.18337050458495
-1.10437365805404,-2.27484797949738,-1.27424797949738
-1.10437365805404,-2.36909421185738,-1.35929421185738
-1.10437365805404,-2.45793725484282,-1.43813725484282
-1.10437365805404,-2.54102648555158,-1.51042648555158
-1.10437365805404,-2.61803398874989,-1.57583398874989
-1.10437365805404,-2.68865585100403,-1.63405585100403
-1.10437365805404,-2.75261336008773,-1.68481336008773
-1.10437365805404,-2.80965410493204,-1.72785410493204
-1.10437365805404,-2.8595529717765,-1.7629529717765
-0.700336091567718,-2.90211303259031,0.0731994674096923
-0.700336091567718,-2.8595529717765,0.0601595282234966
-0.700336091567718,-2.80965410493204,0.0552583950679608
-0.700336091567718,-2.75261336008773,0.0582991399122728
-0.700336091567718,-2.68865585100403,0.0690566489959701
-0.700336091567718,-2.61803398874989,0.0872785112501051
-0.700336091567718,-2.54102648555158,0.112686014448422
-0.700336091567718,-2.45793725484282,0.144975245157177
-0.700336091567718,-2.36909421185738,0.183818288142622
-0.700336091567718,-2.27484797949738,0.228864520502621
-0.700336091567718,-2.17557050458495,0.279741995415054
-0.700336091567718,-2.07165358995799,0.336058910042007
-0.700336091567718,-1.96350734820343,0.39740515179657
-0.700336091567718,-1.85155858313015,0.463353916869855
-0.700336091567718,-1.73624910536936,0.533463394630644
-0.700336091567718,-1.61803398874989,0.607278511250106
-0.700336091567718,-1.49737977432971,0.68433272567029
-0.700336091567718,-1.37476262917145,0.76414987082855
-0.700336091567718,-1.25066646712861,0.846246032871391
-0.700336091567718,-1.12558103905863,0.930131460941373
-0.700336091567718,-1,1.0153125
-0.700336091567718,-0.874418960941373,1.10129353905863
-0.700336091567718,-0.749333532871391,1.18757896712861
-0.700336091567718,-0.62523737082855,1.27367512917145
-0.700336091567718,-0.502620225670291,1.35909227432971
-0.700336091567718,-0.381966011250105,1.44334648874989
-0.700336091567718,-0.263750894630644,1.52596160536936
-0.700336091567718,-0.148441416869855,1.60647108313014
-0.700336091567718,-0.0364926517965692,1.68441984820343
-0.700336091567718,0.0716535899579935,1.75936608995799
-0.700336091567718,0.175570504584947,1.83088300458495
-0.700336091567718,0.274847979497379,1.89856047949738
-0.700336091567718,0.369094211857377,1.96200671185738
-0.700336091567718,0.457937254842823,2.02084975484282
-0.700336091567718,0.541026485551579,2.07473898555158
-0.700336091567718,0.618033988749895,2.12334648874989
-0.700336091567718,0.68865585100403,2.16636835100403
-0.700336091567718,0.752613360087727,2.20352586008773
-0.700336091567718,0.809654104932039,2.23456660493204
-0.700336091567718,0.859552971776503,2.2592654717765
-0.700336091567718,0.902113032590307,2.27742553259031
-0.700336091567718,0.902113032590307,2.07742553259031
-0.700336091567718,0.859552971776503,2.0192654717765
-0.700336091567718,0.809654104932039,1.95456660493204
-0.700336091567718,0.752613360087727,1.88352586008773
-0.700336091567718,0.68865585100403,1.80636835100403
-0.700336091567718,0.618033988749895,1.7233464887499
-0.700336091567718,0.541026485551579,1.63473898555158
-0.700336091567718,0.457937254842823,1.54084975484282
-0.700336091567718,0.369094211857377,1.44200671185738
-0.700336091567718,0.274847979497379,1.33856047949738
-0.700336091567718,0.175570504584946,1.23088300458495
-0.700336091567718,0.0716535899579933,1.11936608995799
-0.700336091567718,-0.0364926517965696,1.00441984820343
-0.700336091567718,-0.148441416869855,0.886471083130145
-0.700336091567718,-0.263750894630645,0.765961605369355
-0.700336091567718,-0.381966011250106,0.643346488749894
-0.700336091567718,-0.50262022567029,0.51909227432971
-0.700336091567718,-0.62523737082855,0.39367512917145
-0.700336091567718,-0.749333532871391,0.267578967128609
-0.700336091567718,-0.874418960941373,0.141293539058627
-0.700336091567718,-1,0.0153125000000001
-0.700336091567718,-1.12558103905863,-0.109868539058627
-0.700336091567718,-1.25066646712861,-0.233753967128609
-0.700336091567718,-1.37476262917145,-0.35585012917145
-0.700336091567718,-1.49737977432971,-0.47566727432971
-0.700336091567718,-1.6180339887499,-0.592721488749895
-0.700336091567718,-1.73624910536936,-0.706536605369357
-0.700336091567718,-1.85155858313015,-0.816646083130146
-0.700336091567718,-1.96350734820343,-0.922594848203431
-0.700336091567718,-2.07165358995799,-1.02394108995799
-0.700336091567718,-2.17557050458495,-1.12025800458495
-0.700336091567718,-2.27484797949738,-1.21113547949738
-0.700336091567718,-2.36909421185738,-1.29618171185738
-0.700336091567718,-2.45793725484282,-1.37502475484282
-0.700336091567718,-2.54102648555158,-1.44731398555158
-0.700336091567718,-2.61803398874989,-1.51272148874989
-0.700336091567718,-2.68865585100403,-1.57094335100403
-0.700336091567718,-2.75261336008773,-1.62170086008773
-0.700336091567718,-2.80965410493204,-1.66474160493204
-0.700336091567718,-2.8595529717765,-1.6998404717765
-0.282324939955545,-2.90211303259031,0.138336967409692
-0.282324939955545,-2.8595529717765,0.125297028223497
-0.282324939955545,-2.80965410493204,0.120395895067961
-0.282324939955545,-2.75261336008773,0.123436639912272
-0.282324939955545,-2.68865585100403,0.13419414899597
-0.282324939955545,-2.61803398874989,0.152416011250105
-0.282324939955545,-2.54102648555158,0.177823514448421
-0.282324939955545,-2.45793725484282,0.210112745157177
-0.282324939955545,-2.36909421185738,0.248955788142622
-0.282324939955545,-2.27484797949738,0.29400202050262
-0.282324939955545,-2.17557050458495,0.344879495415053
-0.282324939955545,-2.07165358995799,0.401196410042006
-0.282324939955545,-1.96350734820343,0.46254265179657
-0.282324939955545,-1.85155858313015,0.528491416869854
-0.282324939955545,-1.73624910536936,0.598600894630644
-0.282324939955545,-1.61803398874989,0.672416011250105
-0.282324939955545,-1.49737977432971,0.74947022567029
-0.282324939955545,-1.37476262917145,0.82928737082855
-0.282324939955545,-1.25066646712861,0.911383532871391
-0.282324939955545,-1.12558103905863,0.995268960941373
-0.282324939955545,-1,1.08045
-0.282324939955545,-0.874418960941373,1.16643103905863
-0.282324939955545,-0.749333532871391,1.25271646712861
-0.282324939955545,-0.62523737082855,1.33881262917145
-0.282324939955545,-0.502620225670291,1.42422977432971
-0.282324939955545,-0.381966011250105,1.50848398874989
-0.282324939955545,-0.263750894630644,1.59109910536936
-0.282324939955545,-0.148441416869855,1.67160858313015
-0.282324939955545,-0.0364926517965692,1.74955734820343
-0.282324939955545,0.0716535899579935,1.82450358995799
-0.282324939955545,0.175570504584947,1.89602050458495
-0.282324939955545,0.274847979497379,1.96369797949738
-0.282324939955545,0.369094211857377,2.02714421185738
-0.282324939955545,0.457937254842823,2.08598725484282
-0.282324939955545,0.541026485551579,2.13987648555158
-0.282324939955545,0.618033988749895,2.18848398874989
-0.282324939955545,0.68865585100403,2.23150585100403
-0.282324939955545,0.752613360087727,2.26866336008773
-0.282324939955545,0.809654104932039,2.29970410493204
-0.282324939955545,0.859552971776503,2.3244029717765
-0.282324939955545,0.902113032590307,2.34256303259031
-0.282324939955545,0.902113032590307,2.14256303259031
-0.282324939955545,0.859552971776503,2.0844029717765
-0.282324939955545,0.809654104932039,2.01970410493204
-0.282324939955545,0.752613360087727,1.94866336008773
-0.282324939955545,0.68865585100403,1.87150585100403
-0.282324939955545,0.618033988749895,1.78848398874989
-0.282324939955545,0.541026485551579,1.69987648555158
-0.282324939955545,0.457937254842823,1.60598725484282
-0.282324939955545,0.369094211857377,1.50714421185738
-0.282324939955545,0.274847979497379,1.40369797949738
-0.282324939955545,0.175570504584946,1.29602050458495
-0.282324939955545,0.0716535899579933,1.18450358995799
-0.282324939955545,-0.0364926517965696,1.06955734820343
-0.282324939955545,-0.148441416869855,0.951608583130145
-0.282324939955545,-0.263750894630645,0.831099105369355
-0.282324939955545,-0.381966011250106,0.708483988749894
-0.282324939955545,-0.50262022567029,0.58422977432971
-0.282324939955545,-0.62523737082855,0.45881262917145
-0.282324939955545,-0.749333532871391,0.332716467128609
-0.282324939955545,-0.874418960941373,0.206431039058627
-0.282324939955545,-1,0.0804499999999999
-0.282324939955545,-1.12558103905863,-0.0447310390586272
-0.282324939955545,-1.25066646712861,-0.168616467128609
-0.282324939955545,-1.37476262917145,-0.29071262917145
-0.282324939955545,-1.49737977432971,-0.41052977432971
-0.282324939955545,-1.6180339887499,-0.527583988749895
-0.282324939955545,-1.73624910536936,-0.641399105369357
-0.282324939955545,-1.85155858313015,-0.751508583130146
-0.282324939955545,-1.96350734820343,-0.857457348203431
-0.282324939955545,-2.07165358995799,-0.958803589957993
-0.282324939955545,-2.17557050458495,-1.05512050458495
-0.282324939955545,-2.27484797949738,-1.14599797949738
-0.282324939955545,-2.36909421185738,-1.23104421185738
-0.282324939955545,-2.45793725484282,-1.30988725484282
-0.282324939955545,-2.54102648555158,-1.38217648555158
-0.282324939955545,-2.61803398874989,-1.44758398874989
-0.282324939955545,-2.68865585100403,-1.50580585100403
-0.282324939955545,-2.75261336008773,-1.55656336008773
-0.282324939955545,-2.80965410493204,-1.59960410493204
-0.282324939955545,-2.8595529717765,-1.6347029717765
0.141319352128924,-2.90211303259031,0.205499467409692
0.141319352128924,-2.8595529717765,0.192459528223496
0.141319352128924,-2.80965410493204,0.18755839506796
0.141319352128924,-2.75261336008773,0.190599139912272
0.141319352128924,-2.68865585100403,0.20135664899597
0.141319352128924,-2.61803398874989,0.219578511250105
0.141319352128924,-2.54102648555158,0.244986014448421
0.141319352128924,-2.45793725484282,0.277275245157177
0.141319352128924,-2.36909421185738,0.316118288142622
0.141319352128924,-2.27484797949738,0.36116452050262
0.141319352128924,-2.17557050458495,0.412041995415054
0.141319352128924,-2.07165358995799,0.468358910042007
0.141319352128924,-1.96350734820343,0.529705151796569
0.141319352128924,-1.85155858313015,0.595653916869854
0.141319352128924,-1.73624910536936,0.665763394630644
0.141319352128924,-1.61803398874989,0.739578511250105
0.141319352128924,-1.49737977432971,0.81663272567029
0.141319352128924,-1.37476262917145,0.89644987082855
0.141319352128924,-1.25066646712861,0.978546032871391
0.141319352128924,-1.12558103905863,1.06243146094137
0.141319352128924,-1,1.1476125
0.141319352128924,-0.874418960941373,1.23359353905863
0.141319352128924,-0.749333532871391,1.31987896712861
0.141319352128924,-0.62523737082855,1.40597512917145
0.141319352128924,-0.502620225670291,1.49139227432971
0.141319352128924,-0.381966011250105,1.57564648874989
0.141319352128924,-0.263750894630644,1.65826160536936
0.141319352128924,-0.148441416869855,1.73877108313014
0.141319352128924,-0.0364926517965692,1.81671984820343
0.141319352128924,0.0716535899579935,1.89166608995799
0.141319352128924,0.175570504584947,1.96318300458495
0.141319352128924,0.274847979497379,2.03086047949738
0.141319352128924,0.369094211857377,2.09430671185738
0.141319352128924,0.457937254842823,2.15314975484282
0.141319352128924,0.541026485551579,2.20703898555158
0.141319352128924,0.618033988749895,2.25564648874989
0.141319352128924,0.68865585100403,2.29866835100403
0.141319352128924,0.752613360087727,2.33582586008773
0.141319352128924,0.809654104932039,2.36686660493204
0.141319352128924,0.859552971776503,2.3915654717765
0.141319352128924,0.902113032590307,2.40972553259031
0.141319352128924,0.902113032590307,2.20972553259031
0.141319352128924,0.859552971776503,2.1515654717765
0.141319352128924,0.809654104932039,2.08686660493204
0.141319352128924,0.752613360087727,2.01582586008773
0.141319352128924,0.68865585100403,1.93866835100403
0.141319352128924,0.618033988749895,1.85564648874989
0.141319352128924,0.541026485551579,1.76703898555158
0.141319352128924,0.457937254842823,1.67314975484282
0.141319352128924,0.369094211857377,1.57430671185738
0.141319352128924,0.274847979497379,1.47086047949738
0.141319352128924,0.175570504584946,1.36318300458495
0.141319352128924,0.0716535899579933,1.25166608995799
0.141319352128924,-0.0364926517965696,1.13671984820343
0.141319352128924,-0.148441416869855,1.01877108313014
0.141319352128924,-0.263750894630645,0.898261605369355
0.141319352128924,-0.381966011250106,0.775646488749894
0.141319352128924,-0.50262022567029,0.651392274329709
0.141319352128924,-0.62523737082855,0.525975129171449
0.141319352128924,-0.749333532871391,0.399878967128608
0.141319352128924,-0.874418960941373,0.273593539058626
0.141319352128924,-1,0.1476125
0.141319352128924,-1.12558103905863,0.0224314609413727
0.141319352128924,-1.25066646712861,-0.101453967128609
0.141319352128924,-1.37476262917145,-0.22355012917145
0.141319352128924,-1.49737977432971,-0.34336727432971
0.141319352128924,-1.6180339887499,-0.460421488749896
0.141319352128924,-1.73624910536936,-0.574236605369357
0.141319352128924,-1.85155858313015,-0.684346083130146
0.141319352128924,-1.96350734820343,-0.790294848203431
0.141319352128924,-2.07165358995799,-0.891641089957993
0.141319352128924,-2.17557050458495,-0.987958004584947
0.141319352128924,-2.27484797949738,-1.07883547949738
0.141319352128924,-2.36909421185738,-1.16388171185738
0.141319352128924,-2.45793725484282,-1.24272475484282
0.141319352128924,-2.54102648555158,-1.31501398555158
0.141319352128924,-2.61803398874989,-1.3804214887499
0.141319352128924,-2.68865585100403,-1.43864335100403
0.141319352128924,-2.75261336008773,-1.48940086008773
0.141319352128924,-2.80965410493204,-1.53244160493204
0.141319352128924,-2.8595529717765,-1.5675404717765
0.562143943757173,-2.90211303259031,0.274686967409693
0.562143943757173,-2.8595529717765,0.261647028223497
0.562143943757173,-2.80965410493204,0.256745895067961
0.562143943757173,-2.75261336008773,0.259786639912273
0.562143943757173,-2.68865585100403,0.27054414899597
0.562143943757173,-2.61803398874989,0.288766011250106
0.562143943757173,-2.54102648555158,0.314173514448422
0.562143943757173,-2.45793725484282,0.346462745157178
0.562143943757173,-2.36909421185738,0.385305788142623
0.562143943757173,-2.27484797949738,0.430352020502621
0.562143943757173,-2.17557050458495,0.481229495415054
0.562143943757173,-2.07165358995799,0.537546410042007
0.562143943757173,-1.96350734820343,0.59889265179657
0.562143943757173,-1.85155858313015,0.664841416869855
0.562143943757173,-1.73624910536936,0.734950894630645
0.562143943757173,-1.61803398874989,0.808766011250105
0.562143943757173,-1.49737977432971,0.885820225670291
0.562143943757173,-1.37476262917145,0.965637370828551
0.562143943757173,-1.25066646712861,1.04773353287139
0.562143943757173,-1.12558103905863,1.13161896094137
0.562143943757173,-1,1.2168
0.562143943757173,-0.874418960941373,1.30278103905863
0.562143943757173,-0.749333532871391,1.38906646712861
0.562143943757173,-0.62523737082855,1.47516262917145
0.562143943757173,-0.502620225670291,1.56057977432971
0.562143943757173,-0.381966011250105,1.6448339887499
0.562143943757173,-0.263750894630644,1.72744910536936
0.562143943757173,-0.148441416869855,1.80795858313015
0.562143943757173,-0.0364926517965692,1.88590734820343
0.562143943757173,0.0716535899579935,1.96085358995799
0.562143943757173,0.175570504584947,2.03237050458495
0.562143943757173,0.274847979497379,2.10004797949738
0.562143943757173,0.369094211857377,2.16349421185738
0.562143943757173,0.457937254842823,2.22233725484282
0.562143943757173,0.541026485551579,2.27622648555158
0.562143943757173,0.618033988749895,2.3248339887499
0.562143943757173,0.68865585100403,2.36785585100403
0.562143943757173,0.752613360087727,2.40501336008773
0.562143943757173,0.809654104932039,2.43605410493204
0.562143943757173,0.859552971776503,2.4607529717765
0.562143943757173,0.902113032590307,2.47891303259031
0.562143943757173,0.902113032590307,2.27891303259031
0.562143943757173,0.859552971776503,2.2207529717765
0.562143943757173,0.809654104932039,2.15605410493204
0.562143943757173,0.752613360087727,2.08501336008773
0.562143943757173,0.68865585100403,2.00785585100403
0.562143943757173,0.618033988749895,1.92483398874989
0.562143943757173,0.541026485551579,1.83622648555158
0.562143943757173,0.457937254842823,1.74233725484282
0.562143943757173,0.369094211857377,1.64349421185738
0.562143943757173,0.274847979497379,1.54004797949738
0.562143943757173,0.175570504584946,1.43237050458495
0.562143943757173,0.0716535899579933,1.32085358995799
0.562143943757173,-0.0364926517965696,1.20590734820343
0.562143943757173,-0.148441416869855,1.08795858313015
0.562143943757173,-0.263750894630645,0.967449105369355
0.562143943757173,-0.381966011250106,0.844833988749894
0.562143943757173,-0.50262022567029,0.72057977432971
0.562143943757173,-0.62523737082855,0.59516262917145
0.562143943757173,-0.749333532871391,0.469066467128609
0.562143943757173,-0.874418960941373,0.342781039058627
0.562143943757173,-1,0.2168
0.562143943757173,-1.12558103905863,0.0916189609413733
0.562143943757173,-1.25066646712861,-0.0322664671286086
0.562143943757173,-1.37476262917145,-0.154362629171449
0.562143943757173,-1.49737977432971,-0.27417977432971
0.562143943757173,-1.6180339887499,-0.391233988749895
0.562143943757173,-1.73624910536936,-0.505049105369356
0.562143943757173,-1.85155858313015,-0.615158583130145
0.562143943757173,-1.96350734820343,-0.721107348203431
0.562143943757173,-2.07165358995799,-0.822453589957993
0.562143943757173,-2.17557050458495,-0.918770504584946
0.562143943757173,-2.27484797949738,-1.00964797949738
0.562143943757173,-2.36909421185738,-1.09469421185738
0.562143943757173,-2.45793725484282,-1.17353725484282
0.562143943757173,-2.54102648555158,-1.24582648555158
0.562143943757173,-2.61803398874989,-1.31123398874989
0.562143943757173,-2.68865585100403,-1.36945585100403
0.562143943757173,-2.75261336008773,-1.42021336008773
0.562143943757173,-2.80965410493204,-1.46325410493204
0.562143943757173,-2.8595529717765,-1.4983529717765
0.971752254594447,-2.90211303259031,0.345899467409693
0.971752254594447,-2.8595529717765,0.332859528223497
0.971752254594447,-2.80965410493204,0.327958395067961
0.971752254594447,-2.75261336008773,0.330999139912273
0.971752254594447,-2.68865585100403,0.34175664899597
0.971752254594447,-2.61803398874989,0.359978511250105
0.971752254594447,-2.54102648555158,0.385386014448422
0.971752254594447,-2.45793725484282,0.417675245157177
0.971752254594447,-2.36909421185738,0.456518288142623
0.971752254594447,-2.27484797949738,0.501564520502621
0.971752254594447,-2.17557050458495,0.552441995415054
0.971752254594447,-2.07165358995799,0.608758910042007
0.971752254594447,-1.96350734820343,0.67010515179657
0.971752254594447,-1.85155858313015,0.736053916869855
0.971752254594447,-1.73624910536936,0.806163394630644
0.971752254594447,-1.61803398874989,0.879978511250106
0.971752254594447,-1.49737977432971,0.95703272567029
0.971752254594447,-1.37476262917145,1.03684987082855
0.971752254594447,-1.25066646712861,1.11894603287139
0.971752254594447,-1.12558103905863,1.20283146094137
0.971752254594447,-1,1.2880125
0.971752254594447,-0.874418960941373,1.37399353905863
0.971752254594447,-0.749333532871391,1.46027896712861
0.971752254594447,-0.62523737082855,1.54637512917145
0.971752254594447,-0.502620225670291,1.63179227432971
0.971752254594447,-0.381966011250105,1.7160464887499
0.971752254594447,-0.263750894630644,1.79866160536936
0.971752254594447,-0.148441416869855,1.87917108313015
0.971752254594447,-0.0364926517965692,1.95711984820343
0.971752254594447,0.0716535899579935,2.03206608995799
0.971752254594447,0.175570504584947,2.10358300458495
0.971752254594447,0.274847979497379,2.17126047949738
0.971752254594447,0.369094211857377,2.23470671185738
0.971752254594447,0.457937254842823,2.29354975484282
0.971752254594447,0.541026485551579,2.34743898555158
0.971752254594447,0.618033988749895,2.39604648874989
0.971752254594447,0.68865585100403,2.43906835100403
0.971752254594447,0.752613360087727,2.47622586008773
0.971752254594447,0.809654104932039,2.50726660493204
0.971752254594447,0.859552971776503,2.5319654717765
0.971752254594447,0.902113032590307,2.55012553259031
0.971752254594447,0.902113032590307,2.35012553259031
0.971752254594447,0.859552971776503,2.2919654717765
0.971752254594447,0.809654104932039,2.22726660493204
0.971752254594447,0.752613360087727,2.15622586008773
0.971752254594447,0.68865585100403,2.07906835100403
0.971752254594447,0.618033988749895,1.99604648874989
0.971752254594447,0.541026485551579,1.90743898555158
0.971752254594447,0.457937254842823,1.81354975484282
0.971752254594447,0.369094211857377,1.71470671185738
0.971752254594447,0.274847979497379,1.61126047949738
0.971752254594447,0.175570504584946,1.50358300458495
0.971752254594447,0.0716535899579933,1.39206608995799
0.971752254594447,-0.0364926517965696,1.27711984820343
0.971752254594447,-0.148441416869855,1.15917108313015
0.971752254594447,-0.263750894630645,1.03866160536936
0.971752254594447,-0.381966011250106,0.916046488749894
0.971752254594447,-0.50262022567029,0.79179227432971
0.971752254594447,-0.62523737082855,0.66637512917145
0.971752254594447,-0.749333532871391,0.540278967128609
0.971752254594447,-0.874418960941373,0.413993539058627
0.971752254594447,-1,0.2880125
0.971752254594447,-1.12558103905863,0.162831460941373
0.971752254594447,-1.25066646712861,0.0389460328713913
0.971752254594447,-1.37476262917145,-0.0831501291714496
0.971752254594447,-1.49737977432971,-0.20296727432971
0.971752254594447,-1.6180339887499,-0.320021488749895
0.971752254594447,-1.73624910536936,-0.433836605369356
0.971752254594447,-1.85155858313015,-0.543946083130145
0.971752254594447,-1.96350734820343,-0.649894848203431
0.971752254594447,-2.07165358995799,-0.751241089957993
0.971752254594447,-2.17557050458495,-0.847558004584946
0.971752254594447,-2.27484797949738,-0.938435479497379
0.971752254594447,-2.36909421185738,-1.02348171185738
0.971752254594447,-2.45793725484282,-1.10232475484282
0.971752254594447,-2.54102648555158,-1.17461398555158
0.971752254594447,-2.61803398874989,-1.24002148874989
0.971752254594447,-2.68865585100403,-1.29824335100403
0.971752254594447,-2.75261336008773,-1.34900086008773
0.971752254594447,-2.80965410493204,-1.39204160493204
0.971752254594447,-2.8595529717765,-1.4271404717765
1.36197149921864,-2.90211303259031,0.419136967409693
1.36197149921864,-2.8595529717765,0.406097028223497
1.36197149921864,-2.80965410493204,0.401195895067961
1.36197149921864,-2.75261336008773,0.404236639912273
1.36197149921864,-2.68865585100403,0.41499414899597
1.36197149921864,-2.61803398874989,0.433216011250105
1.36197149921864,-2.54102648555158,0.458623514448422
1.36197149921864,-2.45793725484282,0.490912745157178
1.36197149921864,-2.36909421185738,0.529755788142622
1.36197149921864,-2.27484797949738,0.57480202050262
1.36197149921864,-2.17557050458495,0.625679495415054
1.36197149921864,-2.07165358995799,0.681996410042007
1.36197149921864,-1.96350734820343,0.74334265179657
1.36197149921864,-1.85155858313015,0.809291416869854
1.36197149921864,-1.73624910536936,0.879400894630644
1.36197149921864,-1.61803398874989,0.953216011250105
1.36197149921864,-1.49737977432971,1.03027022567029
1.36197149921864,-1.37476262917145,1.11008737082855
1.36197149921864,-1.25066646712861,1.19218353287139
1.36197149921864,-1.12558103905863,1.27606896094137
1.36197149921864,-1,1.36125
1.36197149921864,-0.874418960941373,1.44723103905863
1.36197149921864,-0.749333532871391,1.53351646712861
1.36197149921864,-0.62523737082855,1.61961262917145
1.36197149921864,-0.502620225670291,1.70502977432971
1.36197149921864,-0.381966011250105,1.78928398874989
1.36197149921864,-0.263750894630644,1.87189910536936
1.36197149921864,-0.148441416869855,1.95240858313015
1.36197149921864,-0.0364926517965692,2.03035734820343
1.36197149921864,0.0716535899579935,2.10530358995799
1.36197149921864,0.175570504584947,2.17682050458495
1.36197149921864,0.274847979497379,2.24449797949738
1.36197149921864,0.369094211857377,2.30794421185738
1.36197149921864,0.457937254842823,2.36678725484282
1.36197149921864,0.541026485551579,2.42067648555158
1.36197149921864,0.618033988749895,2.46928398874989
1.36197149921864,0.68865585100403,2.51230585100403
1.36197149921864,0.752613360087727,2.54946336008773
1.36197149921864,0.809654104932039,2.58050410493204
1.36197149921864,0.859552971776503,2.6052029717765
1.36197149921864,0.902113032590307,2.62336303259031
1.36197149921864,0.902113032590307,2.42336303259031
1.36197149921864,0.859552971776503,2.3652029717765
1.36197149921864,0.809654104932039,2.30050410493204
1.36197149921864,0.752613360087727,2.22946336008773
1.36197149921864,0.68865585100403,2.15230585100403
1.36197149921864,0.618033988749895,2.06928398874989
1.36197149921864,0.541026485551579,1.98067648555158
1.36197149921864,0.457937254842823,1.88678725484282
1.36197149921864,0.369094211857377,1.78794421185738
1.36197149921864,0.274847979497379,1.68449797949738
1.36197149921864,0.175570504584946,1.57682050458495
1.36197149921864,0.0716535899579933,1.46530358995799
1.36197149921864,-0.0364926517965696,1.35035734820343
1.36197149921864,-0.148441416869855,1.23240858313014
1.36197149921864,-0.263750894630645,1.11189910536936
1.36197149921864,-0.381966011250106,0.989283988749894
1.36197149921864,-0.50262022567029,0.86502977432971
1.36197149921864,-0.62523737082855,0.73961262917145
1.36197149921864,-0.749333532871391,0.613516467128609
1.36197149921864,-0.874418960941373,0.487231039058627
1.36197149921864,-1,0.36125
1.36197149921864,-1.12558103905863,0.236068960941373
1.36197149921864,-1.25066646712861,0.112183532871391
1.36197149921864,-1.37476262917145,-0.00991262917144975
1.36197149921864,-1.49737977432971,-0.12972977432971
1.36197149921864,-1.6180339887499,-0.246783988749895
1.36197149921864,-1.73624910536936,-0.360599105369357
1.36197149921864,-1.85155858313015,-0.470708583130146
1.36197149921864,-1.96350734820343,-0.576657348203431
1.36197149921864,-2.07165358995799,-0.678003589957993
1.36197149921864,-2.17557050458495,-0.774320504584946
1.36197149921864,-2.27484797949738,-0.865197979497379
1.36197149921864,-2.36909421185738,-0.950244211857378
1.36197149921864,-2.45793725484282,-1.02908725484282
1.36197149921864,-2.54102648555158,-1.10137648555158
1.36197149921864,-2.61803398874989,-1.16678398874989
1.36197149921864,-2.68865585100403,-1.22500585100403
1.36197149921864,-2.75261336008773,-1.27576336008773
1.36197149921864,-2.80965410493204,-1.31880410493204
1.36197149921864,-2.8595529717765,-1.3539029717765
1.72501575612983,-2.90211303259031,0.494399467409692
1.72501575612983,-2.8595529717765,0.481359528223496
1.72501575612983,-2.80965410493204,0.476458395067961
1.72501575612983,-2.75261336008773,0.479499139912273
1.72501575612983,-2.68865585100403,0.49025664899597
1.72501575612983,-2.61803398874989,0.508478511250105
1.72501575612983,-2.54102648555158,0.533886014448422
1.72501575612983,-2.45793725484282,0.566175245157177
1.72501575612983,-2.36909421185738,0.605018288142622
1.72501575612983,-2.27484797949738,0.65006452050262
1.72501575612983,-2.17557050458495,0.700941995415054
1.72501575612983,-2.07165358995799,0.757258910042007
1.72501575612983,-1.96350734820343,0.818605151796569
1.72501575612983,-1.85155858313015,0.884553916869854
1.72501575612983,-1.73624910536936,0.954663394630644
1.72501575612983,-1.61803398874989,1.02847851125011
1.72501575612983,-1.49737977432971,1.10553272567029
1.72501575612983,-1.37476262917145,1.18534987082855
1.72501575612983,-1.25066646712861,1.26744603287139
1.72501575612983,-1.12558103905863,1.35133146094137
1.72501575612983,-1,1.4365125
1.72501575612983,-0.874418960941373,1.52249353905863
1.72501575612983,-0.749333532871391,1.60877896712861
1.72501575612983,-0.62523737082855,1.69487512917145
1.72501575612983,-0.502620225670291,1.78029227432971
1.72501575612983,-0.381966011250105,1.86454648874989
1.72501575612983,-0.263750894630644,1.94716160536936
1.72501575612983,-0.148441416869855,2.02767108313014
1.72501575612983,-0.0364926517965692,2.10561984820343
1.72501575612983,0.0716535899579935,2.18056608995799
1.72501575612983,0.175570504584947,2.25208300458495
1.72501575612983,0.274847979497379,2.31976047949738
1.72501575612983,0.369094211857377,2.38320671185738
1.72501575612983,0.457937254842823,2.44204975484282
1.72501575612983,0.541026485551579,2.49593898555158
1.72501575612983,0.618033988749895,2.54454648874989
1.72501575612983,0.68865585100403,2.58756835100403
1.72501575612983,0.752613360087727,2.62472586008773
1.72501575612983,0.809654104932039,2.65576660493204
1.72501575612983,0.859552971776503,2.6804654717765
1.72501575612983,0.902113032590307,2.69862553259031
1.72501575612983,0.902113032590307,2.49862553259031
1.72501575612983,0.859552971776503,2.4404654717765
1.72501575612983,0.809654104932039,2.37576660493204
1.72501575612983,0.752613360087727,2.30472586008773
1.72501575612983,0.68865585100403,2.22756835100403
1.72501575612983,0.618033988749895,2.14454648874989
1.72501575612983,0.541026485551579,2.05593898555158
1.72501575612983,0.457937254842823,1.96204975484282
1.72501575612983,0.369094211857377,1.86320671185738
1.72501575612983,0.274847979497379,1.75976047949738
1.72501575612983,0.175570504584946,1.65208300458495
1.72501575612983,0.0716535899579933,1.54056608995799
1.72501575612983,-0.0364926517965696,1.42561984820343
1.72501575612983,-0.148441416869855,1.30767108313014
1.72501575612983,-0.263750894630645,1.18716160536935
1.72501575612983,-0.381966011250106,1.06454648874989
1.72501575612983,-0.50262022567029,0.94029227432971
1.72501575612983,-0.62523737082855,0.81487512917145
1.72501575612983,-0.749333532871391,0.688778967128609
1.72501575612983,-0.874418960941373,0.562493539058627
1.72501575612983,-1,0.4365125
1.72501575612983,-1.12558103905863,0.311331460941373
1.72501575612983,-1.25066646712861,0.187446032871391
1.72501575612983,-1.37476262917145,0.06534987082855
1.72501575612983,-1.49737977432971,-0.0544672743297101
1.72501575612983,-1.6180339887499,-0.171521488749895
1.72501575612983,-1.73624910536936,-0.285336605369357
1.72501575612983,-1.85155858313015,-0.395446083130146
1.72501575612983,-1.96350734820343,-0.501394848203431
1.72501575612983,-2.07165358995799,-0.602741089957993
1.72501575612983,-2.17557050458495,-0.699058004584946
1.72501575612983,-2.27484797949738,-0.78993547949738
1.72501575612983,-2.36909421185738,-0.874981711857378
1.72501575612983,-2.45793725484282,-0.953824754842823
1.72501575612983,-2.54102648555158,-1.02611398555158
1.72501575612983,-2.61803398874989,-1.09152148874989
1.72501575612983,-2.68865585100403,-1.14974335100403
1.72501575612983,-2.75261336008773,-1.20050086008773
1.72501575612983,-2.80965410493204,-1.24354160493204
1.72501575612983,-2.8595529717765,-1.2786404717765
2.05364131778606,-2.90211303259031,0.571686967409692
2.05364131778606,-2.8595529717765,0.558647028223497
2.05364131778606,-2.80965410493204,0.553745895067961
2.05364131778606,-2.75261336008773,0.556786639912272
2.05364131778606,-2.68865585100403,0.56754414899597
2.05364131778606,-2.61803398874989,0.585766011250105
2.05364131778606,-2.54102648555158,0.611173514448421
2.05364131778606,-2.45793725484282,0.643462745157177
2.05364131778606,-2.36909421185738,0.682305788142622
2.05364131778606,-2.27484797949738,0.72735202050262
2.05364131778606,-2.17557050458495,0.778229495415053
2.05364131778606,-2.07165358995799,0.834546410042006
2.05364131778606,-1.96350734820343,0.89589265179657
2.05364131778606,-1.85155858313015,0.961841416869854
2.05364131778606,-1.73624910536936,1.03195089463064
2.05364131778606,-1.61803398874989,1.1057660112501
2.05364131778606,-1.49737977432971,1.18282022567029
2.05364131778606,-1.37476262917145,1.26263737082855
2.05364131778606,-1.25066646712861,1.34473353287139
2.05364131778606,-1.12558103905863,1.42861896094137
2.05364131778606,-1,1.5138
2.05364131778606,-0.874418960941373,1.59978103905863
2.05364131778606,-0.749333532871391,1.68606646712861
2.05364131778606,-0.62523737082855,1.77216262917145
2.05364131778606,-0.502620225670291,1.85757977432971
2.05364131778606,-0.381966011250105,1.94183398874989
2.05364131778606,-0.263750894630644,2.02444910536936
2.05364131778606,-0.148441416869855,2.10495858313014
2.05364131778606,-0.0364926517965692,2.18290734820343
2.05364131778606,0.0716535899579935,2.25785358995799
2.05364131778606,0.175570504584947,2.32937050458495
2.05364131778606,0.274847979497379,2.39704797949738
2.05364131778606,0.369094211857377,2.46049421185738
2.05364131778606,0.457937254842823,2.51933725484282
2.05364131778606,0.541026485551579,2.57322648555158
2.05364131778606,0.618033988749895,2.62183398874989
2.05364131778606,0.68865585100403,2.66485585100403
2.05364131778606,0.752613360087727,2.70201336008773
2.05364131778606,0.809654104932039,2.73305410493204
2.05364131778606,0.859552971776503,2.7577529717765
2.05364131778606,0.902113032590307,2.77591303259031
2.05364131778606,0.902113032590307,2.57591303259031
2.05364131778606,0.859552971776503,2.5177529717765
2.05364131778606,0.809654104932039,2.45305410493204
2.05364131778606,0.752613360087727,2.38201336008773
2.05364131778606,0.68865585100403,2.30485585100403
2.05364131778606,0.618033988749895,2.22183398874989
2.05364131778606,0.541026485551579,2.13322648555158
2.05364131778606,0.457937254842823,2.03933725484282
2.05364131778606,0.369094211857377,1.94049421185738
2.05364131778606,0.274847979497379,1.83704797949738
2.05364131778606,0.175570504584946,1.72937050458495
2.05364131778606,0.0716535899579933,1.61785358995799
2.05364131778606,-0.0364926517965696,1.50290734820343
2.05364131778606,-0.148441416869855,1.38495858313014
2.05364131778606,-0.263750894630645,1.26444910536935
2.05364131778606,-0.381966011250106,1.14183398874989
2.05364131778606,-0.50262022567029,1.01757977432971
2.05364131778606,-0.62523737082855,0.89216262917145
2.05364131778606,-0.749333532871391,0.766066467128609
2.05364131778606,-0.874418960941373,0.639781039058626
2.05364131778606,-1,0.5138
2.05364131778606,-1.12558103905863,0.388618960941373
2.05364131778606,-1.25066646712861,0.264733532871391
2.05364131778606,-1.37476262917145,0.14263737082855
2.05364131778606,-1.49737977432971,0.0228202256702899
2.05364131778606,-1.6180339887499,-0.0942339887498955
2.05364131778606,-1.73624910536936,-0.208049105369357
2.05364131778606,-1.85155858313015,-0.318158583130146
2.05364131778606,-1.96350734820343,-0.424107348203431
2.05364131778606,-2.07165358995799,-0.525453589957993
2.05364131778606,-2.17557050458495,-0.621770504584946
2.05364131778606,-2.27484797949738,-0.71264797949738
2.05364131778606,-2.36909421185738,-0.797694211857378
2.05364131778606,-2.45793725484282,-0.876537254842823
2.05364131778606,-2.54102648555158,-0.948826485551579
2.05364131778606,-2.61803398874989,-1.0142339887499
2.05364131778606,-2.68865585100403,-1.07245585100403
2.05364131778606,-2.75261336008773,-1.12321336008773
2.05364131778606,-2.80965410493204,-1.16625410493204
2.05364131778606,-2.8595529717765,-1.2013529717765
2.34129122201499,-2.90211303259031,0.650999467409692
2.34129122201499,-2.8595529717765,0.637959528223496
2.34129122201499,-2.80965410493204,0.63305839506796
2.34129122201499,-2.75261336008773,0.636099139912272
2.34129122201499,-2.68865585100403,0.64685664899597
2.34129122201499,-2.61803398874989,0.665078511250105
2.34129122201499,-2.54102648555158,0.690486014448421
2.34129122201499,-2.45793725484282,0.722775245157177
2.34129122201499,-2.36909421185738,0.761618288142622
2.34129122201499,-2.27484797949738,0.80666452050262
2.34129122201499,-2.17557050458495,0.857541995415054
2.34129122201499,-2.07165358995799,0.913858910042007
2.34129122201499,-1.96350734820343,0.975205151796569
2.34129122201499,-1.85155858313015,1.04115391686985
2.34129122201499,-1.73624910536936,1.11126339463064
2.34129122201499,-1.61803398874989,1.18507851125011
2.34129122201499,-1.49737977432971,1.26213272567029
2.34129122201499,-1.37476262917145,1.34194987082855
2.34129122201499,-1.25066646712861,1.42404603287139
2.34129122201499,-1.12558103905863,1.50793146094137
2.34129122201499,-1,1.5931125
2.34129122201499,-0.874418960941373,1.67909353905863
2.34129122201499,-0.749333532871391,1.76537896712861
2.34129122201499,-0.62523737082855,1.85147512917145
2.34129122201499,-0.502620225670291,1.93689227432971
2.34129122201499,-0.381966011250105,2.02114648874989
2.34129122201499,-0.263750894630644,2.10376160536936
2.34129122201499,-0.148441416869855,2.18427108313014
2.34129122201499,-0.0364926517965692,2.26221984820343
2.34129122201499,0.0716535899579935,2.33716608995799
2.34129122201499,0.175570504584947,2.40868300458495
2.34129122201499,0.274847979497379,2.47636047949738
2.34129122201499,0.369094211857377,2.53980671185738
2.34129122201499,0.457937254842823,2.59864975484282
2.34129122201499,0.541026485551579,2.65253898555158
2.34129122201499,0.618033988749895,2.70114648874989
2.34129122201499,0.68865585100403,2.74416835100403
2.34129122201499,0.752613360087727,2.78132586008773
2.34129122201499,0.809654104932039,2.81236660493204
2.34129122201499,0.859552971776503,2.8370654717765
2.34129122201499,0.902113032590307,2.85522553259031
2.34129122201499,0.902113032590307,2.65522553259031
2.34129122201499,0.859552971776503,2.5970654717765
2.34129122201499,0.809654104932039,2.53236660493204
2.34129122201499,0.752613360087727,2.46132586008773
2.34129122201499,0.68865585100403,2.38416835100403
2.34129122201499,0.618033988749895,2.30114648874989
2.34129122201499,0.541026485551579,2.21253898555158
2.34129122201499,0.457937254842823,2.11864975484282
2.34129122201499,0.369094211857377,2.01980671185738
2.34129122201499,0.274847979497379,1.91636047949738
2.34129122201499,0.175570504584946,1.80868300458495
2.34129122201499,0.0716535899579933,1.69716608995799
2.34129122201499,-0.0364926517965696,1.58221984820343
2.34129122201499,-0.148441416869855,1.46427108313014
2.34129122201499,-0.263750894630645,1.34376160536935
2.34129122201499,-0.381966011250106,1.22114648874989
2.34129122201499,-0.50262022567029,1.09689227432971
2.34129122201499,-0.62523737082855,0.971475129171449
2.34129122201499,-0.749333532871391,0.845378967128608
2.34129122201499,-0.874418960941373,0.719093539058626
2.34129122201499,-1,0.5931125
2.34129122201499,-1.12558103905863,0.467931460941373
2.34129122201499,-1.25066646712861,0.344046032871391
2.34129122201499,-1.37476262917145,0.22194987082855
2.34129122201499,-1.49737977432971,0.10213272567029
2.34129122201499,-1.6180339887499,-0.0149214887498956
2.34129122201499,-1.73624910536936,-0.128736605369357
2.34129122201499,-1.85155858313015,-0.238846083130146
2.34129122201499,-1.96350734820343,-0.344794848203431
2.34129122201499,-2.07165358995799,-0.446141089957993
2.34129122201499,-2.17557050458495,-0.542458004584947
2.34129122201499,-2.27484797949738,-0.63333547949738
2.34129122201499,-2.36909421185738,-0.718381711857378
2.34129122201499,-2.45793725484282,-0.797224754842823
2.34129122201499,-2.54102648555158,-0.869513985551579
2.34129122201499,-2.61803398874989,-0.934921488749895
2.34129122201499,-2.68865585100403,-0.993143351004031
2.34129122201499,-2.75261336008773,-1.04390086008773
2.34129122201499,-2.80965410493204,-1.08694160493204
2.34129122201499,-2.8595529717765,-1.1220404717765
2.58222608101183,-2.90211303259031,0.732336967409693
2.58222608101183,-2.8595529717765,0.719297028223497
2.58222608101183,-2.80965410493204,0.714395895067961
2.58222608101183,-2.75261336008773,0.717436639912273
2.58222608101183,-2.68865585100403,0.72819414899597
2.58222608101183,-2.61803398874989,0.746416011250106
2.58222608101183,-2.54102648555158,0.771823514448422
2.58222608101183,-2.45793725484282,0.804112745157178
2.58222608101183,-2.36909421185738,0.842955788142623
2.58222608101183,-2.27484797949738,0.888002020502621
2.58222608101183,-2.17557050458495,0.938879495415054
2.58222608101183,-2.07165358995799,0.995196410042007
2.58222608101183,-1.96350734820343,1.05654265179657
2.58222608101183,-1.85155858313015,1.12249141686986
2.58222608101183,-1.73624910536936,1.19260089463064
2.58222608101183,-1.61803398874989,1.26641601125011
2.58222608101183,-1.49737977432971,1.34347022567029
2.58222608101183,-1.37476262917145,1.42328737082855
2.58222608101183,-1.25066646712861,1.50538353287139
2.58222608101183,-1.12558103905863,1.58926896094137
2.58222608101183,-1,1.67445
2.58222608101183,-0.874418960941373,1.76043103905863
2.58222608101183,-0.749333532871391,1.84671646712861
2.58222608101183,-0.62523737082855,1.93281262917145
2.58222608101183,-0.502620225670291,2.01822977432971
2.58222608101183,-0.381966011250105,2.1024839887499
2.58222608101183,-0.263750894630644,2.18509910536936
2.58222608101183,-0.148441416869855,2.26560858313015
2.58222608101183,-0.0364926517965692,2.34355734820343
2.58222608101183,0.0716535899579935,2.41850358995799
2.58222608101183,0.175570504584947,2.49002050458495
2.58222608101183,0.274847979497379,2.55769797949738
2.58222608101183,0.369094211857377,2.62114421185738
2.58222608101183,0.457937254842823,2.67998725484282
2.58222608101183,0.541026485551579,2.73387648555158
2.58222608101183,0.618033988749895,2.78248398874989
2.58222608101183,0.68865585100403,2.82550585100403
2.58222608101183,0.752613360087727,2.86266336008773
2.58222608101183,0.809654104932039,2.89370410493204
2.58222608101183,0.859552971776503,2.9184029717765
2.58222608101183,0.902113032590307,2.93656303259031
2.58222608101183,0.902113032590307,2.73656303259031
2.58222608101183,0.859552971776503,2.6784029717765
2.58222608101183,0.809654104932039,2.61370410493204
2.58222608101183,0.752613360087727,2.54266336008773
2.58222608101183,0.68865585100403,2.46550585100403
2.58222608101183,0.618033988749895,2.38248398874989
2.58222608101183,0.541026485551579,2.29387648555158
2.58222608101183,0.457937254842823,2.19998725484282
2.58222608101183,0.369094211857377,2.10114421185738
2.58222608101183,0.274847979497379,1.99769797949738
2.58222608101183,0.175570504584946,1.89002050458495
2.58222608101183,0.0716535899579933,1.77850358995799
2.58222608101183,-0.0364926517965696,1.66355734820343
2.58222608101183,-0.148441416869855,1.54560858313015
2.58222608101183,-0.263750894630645,1.42509910536936
2.58222608101183,-0.381966011250106,1.30248398874989
2.58222608101183,-0.50262022567029,1.17822977432971
2.58222608101183,-0.62523737082855,1.05281262917145
2.58222608101183,-0.749333532871391,0.926716467128609
2.58222608101183,-0.874418960941373,0.800431039058627
2.58222608101183,-1,0.67445
2.58222608101183,-1.12558103905863,0.549268960941373
2.58222608101183,-1.25066646712861,0.425383532871392
2.58222608101183,-1.37476262917145,0.303287370828551
2.58222608101183,-1.49737977432971,0.18347022567029
2.58222608101183,-1.6180339887499,0.0664160112501051
2.58222608101183,-1.73624910536936,-0.0473991053693562
2.58222608101183,-1.85155858313015,-0.157508583130145
2.58222608101183,-1.96350734820343,-0.26345734820343
2.58222608101183,-2.07165358995799,-0.364803589957993
2.58222608101183,-2.17557050458495,-0.461120504584946
2.58222608101183,-2.27484797949738,-0.551997979497379
2.58222608101183,-2.36909421185738,-0.637044211857377
2.58222608101183,-2.45793725484282,-0.715887254842822
2.58222608101183,-2.54102648555158,-0.788176485551578
2.58222608101183,-2.61803398874989,-0.853583988749894
2.58222608101183,-2.68865585100403,-0.91180585100403
2.58222608101183,-2.75261336008773,-0.962563360087727
2.58222608101183,-2.80965410493204,-1.00560410493204
2.58222608101183,-2.8595529717765,-1.0407029717765
2.77163859753386,-2.90211303259031,0.815699467409693
2.77163859753386,-2.8595529717765,0.802659528223497
2.77163859753386,-2.80965410493204,0.797758395067961
2.77163859753386,-2.75261336008773,0.800799139912272
2.77163859753386,-2.68865585100403,0.81155664899597
2.77163859753386,-2.61803398874989,0.829778511250106
2.77163859753386,-2.54102648555158,0.855186014448422
2.77163859753386,-2.45793725484282,0.887475245157177
2.77163859753386,-2.36909421185738,0.926318288142623
2.77163859753386,-2.27484797949738,0.971364520502621
2.77163859753386,-2.17557050458495,1.02224199541505
2.77163859753386,-2.07165358995799,1.07855891004201
2.77163859753386,-1.96350734820343,1.13990515179657
2.77163859753386,-1.85155858313015,1.20585391686985
2.77163859753386,-1.73624910536936,1.27596339463064
2.77163859753386,-1.61803398874989,1.34977851125011
2.77163859753386,-1.49737977432971,1.42683272567029
2.77163859753386,-1.37476262917145,1.50664987082855
2.77163859753386,-1.25066646712861,1.58874603287139
2.77163859753386,-1.12558103905863,1.67263146094137
2.77163859753386,-1,1.7578125
2.77163859753386,-0.874418960941373,1.84379353905863
2.77163859753386,-0.749333532871391,1.93007896712861
2.77163859753386,-0.62523737082855,2.01617512917145
2.77163859753386,-0.502620225670291,2.10159227432971
2.77163859753386,-0.381966011250105,2.18584648874989
2.77163859753386,-0.263750894630644,2.26846160536936
2.77163859753386,-0.148441416869855,2.34897108313015
2.77163859753386,-0.0364926517965692,2.42691984820343
2.77163859753386,0.0716535899579935,2.50186608995799
2.77163859753386,0.175570504584947,2.57338300458495
2.77163859753386,0.274847979497379,2.64106047949738
2.77163859753386,0.369094211857377,2.70450671185738
2.77163859753386,0.457937254842823,2.76334975484282
2.77163859753386,0.541026485551579,2.81723898555158
2.77163859753386,0.618033988749895,2.86584648874989
2.77163859753386,0.68865585100403,2.90886835100403
2.77163859753386,0.752613360087727,2.94602586008773
2.77163859753386,0.809654104932039,2.97706660493204
2.77163859753386,0.859552971776503,3.0017654717765
2.77163859753386,0.902113032590307,3.01992553259031
2.77163859753386,0.902113032590307,2.81992553259031
2.77163859753386,0.859552971776503,2.7617654717765
2.77163859753386,0.809654104932039,2.69706660493204
2.77163859753386,0.752613360087727,2.62602586008773
2.77163859753386,0.68865585100403,2.54886835100403
2.77163859753386,0.618033988749895,2.46584648874989
2.77163859753386,0.541026485551579,2.37723898555158
2.77163859753386,0.457937254842823,2.28334975484282
2.77163859753386,0.369094211857377,2.18450671185738
2.77163859753386,0.274847979497379,2.08106047949738
2.77163859753386,0.175570504584946,1.97338300458495
2.77163859753386,0.0716535899579933,1.86186608995799
2.77163859753386,-0.0364926517965696,1.74691984820343
2.77163859753386,-0.148441416869855,1.62897108313014
2.77163859753386,-0.263750894630645,1.50846160536936
2.77163859753386,-0.381966011250106,1.38584648874989
2.77163859753386,-0.50262022567029,1.26159227432971
2.77163859753386,-0.62523737082855,1.13617512917145
2.77163859753386,-0.749333532871391,1.01007896712861
2.77163859753386,-0.874418960941373,0.883793539058627
2.77163859753386,-1,0.7578125
2.77163859753386,-1.12558103905863,0.632631460941373
2.77163859753386,-1.25066646712861,0.508746032871391
2.77163859753386,-1.37476262917145,0.38664987082855
2.77163859753386,-1.49737977432971,0.26683272567029
2.77163859753386,-1.6180339887499,0.149778511250105
2.77163859753386,-1.73624910536936,0.0359633946306435
2.77163859753386,-1.85155858313015,-0.0741460831301455
2.77163859753386,-1.96350734820343,-0.180094848203431
2.77163859753386,-2.07165358995799,-0.281441089957993
2.77163859753386,-2.17557050458495,-0.377758004584946
2.77163859753386,-2.27484797949738,-0.468635479497379
2.77163859753386,-2.36909421185738,-0.553681711857377
2.77163859753386,-2.45793725484282,-0.632524754842823
2.77163859753386,-2.54102648555158,-0.704813985551578
2.77163859753386,-2.61803398874989,-0.770221488749895
2.77163859753386,-2.68865585100403,-0.82844335100403
2.77163859753386,-2.75261336008773,-0.879200860087727
2.77163859753386,-2.80965410493204,-0.922241604932039
2.77163859753386,-2.8595529717765,-0.957340471776503
2.90574948338589,-2.90211303259031,0.901086967409692
2.90574948338589,-2.8595529717765,0.888047028223497
2.90574948338589,-2.80965410493204,0.883145895067961
2.90574948338589,-2.75261336008773,0.886186639912273
2.90574948338589,-2.68865585100403,0.89694414899597
2.90574948338589,-2.61803398874989,0.915166011250105
2.90574948338589,-2.54102648555158,0.940573514448422
2.90574948338589,-2.45793725484282,0.972862745157177
2.90574948338589,-2.36909421185738,1.01170578814262
2.90574948338589,-2.27484797949738,1.05675202050262
2.90574948338589,-2.17557050458495,1.10762949541505
2.90574948338589,-2.07165358995799,1.16394641004201
2.90574948338589,-1.96350734820343,1.22529265179657
2.90574948338589,-1.85155858313015,1.29124141686985
2.90574948338589,-1.73624910536936,1.36135089463064
2.90574948338589,-1.61803398874989,1.43516601125011
2.90574948338589,-1.49737977432971,1.51222022567029
2.90574948338589,-1.37476262917145,1.59203737082855
2.90574948338589,-1.25066646712861,1.67413353287139
2.90574948338589,-1.12558103905863,1.75801896094137
2.90574948338589,-1,1.8432
2.90574948338589,-0.874418960941373,1.92918103905863
2.90574948338589,-0.749333532871391,2.01546646712861
2.90574948338589,-0.62523737082855,2.10156262917145
2.90574948338589,-0.502620225670291,2.18697977432971
2.90574948338589,-0.381966011250105,2.27123398874989
2.90574948338589,-0.263750894630644,2.35384910536936
2.90574948338589,-0.148441416869855,2.43435858313015
2.90574948338589,-0.0364926517965692,2.51230734820343
2.90574948338589,0.0716535899579935,2.58725358995799
2.90574948338589,0.175570504584947,2.65877050458495
2.90574948338589,0.274847979497379,2.72644797949738
2.90574948338589,0.369094211857377,2.78989421185738
2.90574948338589,0.457937254842823,2.84873725484282
2.90574948338589,0.541026485551579,2.90262648555158
2.90574948338589,0.618033988749895,2.95123398874989
2.90574948338589,0.68865585100403,2.99425585100403
2.90574948338589,0.752613360087727,3.03141336008773
2.90574948338589,0.809654104932039,3.06245410493204
2.90574948338589,0.859552971776503,3.0871529717765
2.90574948338589,0.902113032590307,3.10531303259031
2.90574948338589,0.902113032590307,2.90531303259031
2.90574948338589,0.859552971776503,2.8471529717765
2.90574948338589,0.809654104932039,2.78245410493204
2.90574948338589,0.752613360087727,2.71141336008773
2.90574948338589,0.68865585100403,2.63425585100403
2.90574948338589,0.618033988749895,2.5512339887499
2.90574948338589,0.541026485551579,2.46262648555158
2.90574948338589,0.457937254842823,2.36873725484282
2.90574948338589,0.369094211857377,2.26989421185738
2.90574948338589,0.274847979497379,2.16644797949738
2.90574948338589,0.175570504584946,2.05877050458495
2.90574948338589,0.0716535899579933,1.94725358995799
2.90574948338589,-0.0364926517965696,1.83230734820343
2.90574948338589,-0.148441416869855,1.71435858313014
2.90574948338589,-0.263750894630645,1.59384910536936
2.90574948338589,-0.381966011250106,1.47123398874989
2.90574948338589,-0.50262022567029,1.34697977432971
2.90574948338589,-0.62523737082855,1.22156262917145
2.90574948338589,-0.749333532871391,1.09546646712861
2.90574948338589,-0.874418960941373,0.969181039058627
2.90574948338589,-1,0.8432
2.90574948338589,-1.12558103905863,0.718018960941373
2.90574948338589,-1.25066646712861,0.594133532871391
2.90574948338589,-1.37476262917145,0.47203737082855
2.90574948338589,-1.49737977432971,0.35222022567029
2.90574948338589,-1.6180339887499,0.235166011250105
2.90574948338589,-1.73624910536936,0.121350894630643
2.90574948338589,-1.85155858313015,0.0112414168698545
2.90574948338589,-1.96350734820343,-0.0947073482034307
2.90574948338589,-2.07165358995799,-0.196053589957993
2.90574948338589,-2.17557050458495,-0.292370504584946
2.90574948338589,-2.27484797949738,-0.383247979497379
2.90574948338589,-2.36909421185738,-0.468294211857377
2.90574948338589,-2.45793725484282,-0.547137254842823
2.90574948338589,-2.54102648555158,-0.619426485551578
2.90574948338589,-2.61803398874989,-0.684833988749895
2.90574948338589,-2.68865585100403,-0.74305585100403
2.90574948338589,-2.75261336008773,-0.793813360087727
2.90574948338589,-2.80965410493204,-0.836854104932039
2.90574948338589,-2.8595529717765,-0.871952971776503
2.98188286636554,-2.90211303259031,0.988499467409693
2.98188286636554,-2.8595529717765,0.975459528223497
2.98188286636554,-2.80965410493204,0.970558395067961
2.98188286636554,-2.75261336008773,0.973599139912272
2.98188286636554,-2.68865585100403,0.984356648995969
2.98188286636554,-2.61803398874989,1.00257851125011
2.98188286636554,-2.54102648555158,1.02798601444842
2.98188286636554,-2.45793725484282,1.06027524515718
2.98188286636554,-2.36909421185738,1.09911828814262
2.98188286636554,-2.27484797949738,1.14416452050262
2.98188286636554,-2.17557050458495,1.19504199541505
2.98188286636554,-2.07165358995799,1.25135891004201
2.98188286636554,-1.96350734820343,1.31270515179657
2.98188286636554,-1.85155858313015,1.37865391686985
2.98188286636554,-1.73624910536936,1.44876339463064
2.98188286636554,-1.61803398874989,1.5225785112501
2.98188286636554,-1.49737977432971,1.59963272567029
2.98188286636554,-1.37476262917145,1.67944987082855
2.98188286636554,-1.25066646712861,1.76154603287139
2.98188286636554,-1.12558103905863,1.84543146094137
2.98188286636554,-1,1.9306125
2.98188286636554,-0.874418960941373,2.01659353905863
2.98188286636554,-0.749333532871391,2.10287896712861
2.98188286636554,-0.62523737082855,2.18897512917145
2.98188286636554,-0.502620225670291,2.27439227432971
2.98188286636554,-0.381966011250105,2.35864648874989
2.98188286636554,-0.263750894630644,2.44126160536936
2.98188286636554,-0.148441416869855,2.52177108313014
2.98188286636554,-0.0364926517965692,2.59971984820343
2.98188286636554,0.0716535899579935,2.67466608995799
2.98188286636554,0.175570504584947,2.74618300458495
2.98188286636554,0.274847979497379,2.81386047949738
2.98188286636554,0.369094211857377,2.87730671185738
2.98188286636554,0.457937254842823,2.93614975484282
2.98188286636554,0.541026485551579,2.99003898555158
2.98188286636554,0.618033988749895,3.03864648874989
2.98188286636554,0.68865585100403,3.08166835100403
2.98188286636554,0.752613360087727,3.11882586008773
2.98188286636554,0.809654104932039,3.14986660493204
2.98188286636554,0.859552971776503,3.1745654717765
2.98188286636554,0.902113032590307,3.19272553259031
2.98188286636554,0.902113032590307,2.99272553259031
2.98188286636554,0.859552971776503,2.9345654717765
2.98188286636554,0.809654104932039,2.86986660493204
2.98188286636554,0.752613360087727,2.79882586008773
2.98188286636554,0.68865585100403,2.72166835100403
2.98188286636554,0.618033988749895,2.63864648874989
2.98188286636554,0.541026485551579,2.55003898555158
2.98188286636554,0.457937254842823,2.45614975484282
2.98188286636554,0.369094211857377,2.35730671185738
2.98188286636554,0.274847979497379,2.25386047949738
2.98188286636554,0.175570504584946,2.14618300458495
2.98188286636554,0.0716535899579933,2.03466608995799
2.98188286636554,-0.0364926517965696,1.91971984820343
2.98188286636554,-0.148441416869855,1.80177108313014
2.98188286636554,-0.263750894630645,1.68126160536935
2.98188286636554,-0.381966011250106,1.55864648874989
2.98188286636554,-0.50262022567029,1.43439227432971
2.98188286636554,-0.62523737082855,1.30897512917145
2.98188286636554,-0.749333532871391,1.18287896712861
2.98188286636554,-0.874418960941373,1.05659353905863
2.98188286636554,-1,0.9306125
2.98188286636554,-1.12558103905863,0.805431460941373
2.98188286636554,-1.25066646712861,0.681546032871391
2.98188286636554,-1.37476262917145,0.55944987082855
2.98188286636554,-1.49737977432971,0.43963272567029
2.98188286636554,-1.6180339887499,0.322578511250105
2.98188286636554,-1.73624910536936,0.208763394630643
2.98188286636554,-1.85155858313015,0.0986539168698541
2.98188286636554,-1.96350734820343,-0.00729484820343107
2.98188286636554,-2.07165358995799,-0.108641089957993
2.98188286636554,-2.17557050458495,-0.204958004584946
2.98188286636554,-2.27484797949738,-0.29583547949738
2.98188286636554,-2.36909421185738,-0.380881711857378
2.98188286636554,-2.45793725484282,-0.459724754842823
2.98188286636554,-2.54102648555158,-0.532013985551579
2.98188286636554,-2.61803398874989,-0.597421488749895
2.98188286636554,-2.68865585100403,-0.65564335100403
2.98188286636554,-2.75261336008773,-0.706400860087727
2.98188286636554,-2.80965410493204,-0.74944160493204
2.98188286636554,-2.8595529717765,-0.784540471776503
2.99851968109719,-2.90211303259031,1.07793696740969
2.99851968109719,-2.8595529717765,1.0648970282235
2.99851968109719,-2.80965410493204,1.05999589506796
2.99851968109719,-2.75261336008773,1.06303663991227
2.99851968109719,-2.68865585100403,1.07379414899597
2.99851968109719,-2.61803398874989,1.0920160112501
2.99851968109719,-2.54102648555158,1.11742351444842
2.99851968109719,-2.45793725484282,1.14971274515718
2.99851968109719,-2.36909421185738,1.18855578814262
2.99851968109719,-2.27484797949738,1.23360202050262
2.99851968109719,-2.17557050458495,1.28447949541505
2.99851968109719,-2.07165358995799,1.34079641004201
2.99851968109719,-1.96350734820343,1.40214265179657
2.99851968109719,-1.85155858313015,1.46809141686985
2.99851968109719,-1.73624910536936,1.53820089463064
2.99851968109719,-1.61803398874989,1.6120160112501
2.99851968109719,-1.49737977432971,1.68907022567029
2.99851968109719,-1.37476262917145,1.76888737082855
2.99851968109719,-1.25066646712861,1.85098353287139
2.99851968109719,-1.12558103905863,1.93486896094137
2.99851968109719,-1,2.02005
2.99851968109719,-0.874418960941373,2.10603103905863
2.99851968109719,-0.749333532871391,2.19231646712861
2.99851968109719,-0.62523737082855,2.27841262917145
2.99851968109719,-0.502620225670291,2.36382977432971
2.99851968109719,-0.381966011250105,2.44808398874989
2.99851968109719,-0.263750894630644,2.53069910536936
2.99851968109719,-0.148441416869855,2.61120858313014
2.99851968109719,-0.0364926517965692,2.68915734820343
2.99851968109719,0.0716535899579935,2.76410358995799
2.99851968109719,0.175570504584947,2.83562050458495
2.99851968109719,0.274847979497379,2.90329797949738
2.99851968109719,0.369094211857377,2.96674421185738
2.99851968109719,0.457937254842823,3.02558725484282
2.99851968109719,0.541026485551579,3.07947648555158
2.99851968109719,0.618033988749895,3.12808398874989
2.99851968109719,0.68865585100403,3.17110585100403
2.99851968109719,0.752613360087727,3.20826336008773
2.99851968109719,0.809654104932039,3.23930410493204
2.99851968109719,0.859552971776503,3.2640029717765
2.99851968109719,0.902113032590307,3.28216303259031
2.99851968109719,0.902113032590307,3.08216303259031
2.99851968109719,0.859552971776503,3.0240029717765
2.99851968109719,0.809654104932039,2.95930410493204
2.99851968109719,0.752613360087727,2.88826336008773
2.99851968109719,0.68865585100403,2.81110585100403
2.99851968109719,0.618033988749895,2.72808398874989
2.99851968109719,0.541026485551579,2.63947648555158
2.99851968109719,0.457937254842823,2.54558725484282
2.99851968109719,0.369094211857377,2.44674421185738
2.99851968109719,0.274847979497379,2.34329797949738
2.99851968109719,0.175570504584946,2.23562050458495
2.99851968109719,0.0716535899579933,2.12410358995799
2.99851968109719,-0.0364926517965696,2.00915734820343
2.99851968109719,-0.148441416869855,1.89120858313014
2.99851968109719,-0.263750894630645,1.77069910536936
2.99851968109719,-0.381966011250106,1.64808398874989
2.99851968109719,-0.50262022567029,1.52382977432971
2.99851968109719,-0.62523737082855,1.39841262917145
2.99851968109719,-0.749333532871391,1.27231646712861
2.99851968109719,-0.874418960941373,1.14603103905863
2.99851968109719,-1,1.02005
2.99851968109719,-1.12558103905863,0.894868960941373
2.99851968109719,-1.25066646712861,0.770983532871391
2.99851968109719,-1.37476262917145,0.64888737082855
2.99851968109719,-1.49737977432971,0.52907022567029
2.99851968109719,-1.6180339887499,0.412016011250105
2.99851968109719,-1.73624910536936,0.298200894630643
2.99851968109719,-1.85155858313015,0.188091416869854
2.99851968109719,-1.96350734820343,0.0821426517965684
2.99851968109719,-2.07165358995799,-0.0192035899579934
2.99851968109719,-2.17557050458495,-0.115520504584947
2.99851968109719,-2.27484797949738,-0.20639797949738
2.99851968109719,-2.36909421185738,-0.291444211857378
2.99851968109719,-2.45793725484282,-0.370287254842823
2.99851968109719,-2.54102648555158,-0.442576485551579
2.99851968109719,-2.61803398874989,-0.507983988749895
2.99851968109719,-2.68865585100403,-0.56620585100403
2.99851968109719,-2.75261336008773,-0.616963360087728
2.99851968109719,-2.80965410493204,-0.66000410493204
2.99851968109719,-2.8595529717765,-0.695102971776503
2.95532797846432,-2.90211303259031,1.16939946740969
2.95532797846432,-2.8595529717765,1.1563595282235
2.95532797846432,-2.80965410493204,1.15145839506796
2.95532797846432,-2.75261336008773,1.15449913991227
2.95532797846432,-2.68865585100403,1.16525664899597
2.95532797846432,-2.61803398874989,1.1834785112501
2.95532797846432,-2.54102648555158,1.20888601444842
2.95532797846432,-2.45793725484282,1.24117524515718
2.95532797846432,-2.36909421185738,1.28001828814262
2.95532797846432,-2.27484797949738,1.32506452050262
2.95532797846432,-2.17557050458495,1.37594199541505
2.95532797846432,-2.07165358995799,1.43225891004201
2.95532797846432,-1.96350734820343,1.49360515179657
2.95532797846432,-1.85155858313015,1.55955391686985
2.95532797846432,-1.73624910536936,1.62966339463064
2.95532797846432,-1.61803398874989,1.7034785112501
2.95532797846432,-1.49737977432971,1.78053272567029
2.95532797846432,-1.37476262917145,1.86034987082855
2.95532797846432,-1.25066646712861,1.94244603287139
2.95532797846432,-1.12558103905863,2.02633146094137
2.95532797846432,-1,2.1115125
2.95532797846432,-0.874418960941373,2.19749353905863
2.95532797846432,-0.749333532871391,2.28377896712861
2.95532797846432,-0.62523737082855,2.36987512917145
2.95532797846432,-0.502620225670291,2.45529227432971
2.95532797846432,-0.381966011250105,2.53954648874989
2.95532797846432,-0.263750894630644,2.62216160536936
2.95532797846432,-0.148441416869855,2.70267108313014
2.95532797846432,-0.0364926517965692,2.78061984820343
2.95532797846432,0.0716535899579935,2.85556608995799
2.95532797846432,0.175570504584947,2.92708300458495
2.95532797846432,0.274847979497379,2.99476047949738
2.95532797846432,0.369094211857377,3.05820671185738
2.95532797846432,0.457937254842823,3.11704975484282
2.95532797846432,0.541026485551579,3.17093898555158
2.95532797846432,0.618033988749895,3.21954648874989
2.95532797846432,0.68865585100403,3.26256835100403
2.95532797846432,0.752613360087727,3.29972586008773
2.95532797846432,0.809654104932039,3.33076660493204
2.95532797846432,0.859552971776503,3.3554654717765
2.95532797846432,0.902113032590307,3.37362553259031
2.95532797846432,0.902113032590307,3.17362553259031
2.95532797846432,0.859552971776503,3.1154654717765
2.95532797846432,0.809654104932039,3.05076660493204
2.95532797846432,0.752613360087727,2.97972586008773
2.95532797846432,0.68865585100403,2.90256835100403
2.95532797846432,0.618033988749895,2.81954648874989
2.95532797846432,0.541026485551579,2.73093898555158
2.95532797846432,0.457937254842823,2.63704975484282
2.95532797846432,0.369094211857377,2.53820671185738
2.95532797846432,0.274847979497379,2.43476047949738
2.95532797846432,0.175570504584946,2.32708300458495
2.95532797846432,0.0716535899579933,2.21556608995799
2.95532797846432,-0.0364926517965696,2.10061984820343
2.95532797846432,-0.148441416869855,1.98267108313014
2.95532797846432,-0.263750894630645,1.86216160536936
2.95532797846432,-0.381966011250106,1.73954648874989
2.95532797846432,-0.50262022567029,1.61529227432971
2.95532797846432,-0.62523737082855,1.48987512917145
2.95532797846432,-0.749333532871391,1.36377896712861
2.95532797846432,-0.874418960941373,1.23749353905863
2.95532797846432,-1,1.1115125
2.95532797846432,-1.12558103905863,0.986331460941373
2.95532797846432,-1.25066646712861,0.862446032871391
2.95532797846432,-1.37476262917145,0.74034987082855
2.95532797846432,-1.49737977432971,0.62053272567029
2.95532797846432,-1.6180339887499,0.503478511250105
2.95532797846432,-1.73624910536936,0.389663394630643
2.95532797846432,-1.85155858313015,0.279553916869854
2.95532797846432,-1.96350734820343,0.173605151796568
2.95532797846432,-2.07165358995799,0.0722589100420066
2.95532797846432,-2.17557050458495,-0.0240580045849466
2.95532797846432,-2.27484797949738,-0.11493547949738
2.95532797846432,-2.36909421185738,-0.199981711857378
2.95532797846432,-2.45793725484282,-0.278824754842823
2.95532797846432,-2.54102648555158,-0.351113985551579
2.95532797846432,-2.61803398874989,-0.416521488749895
2.95532797846432,-2.68865585100403,-0.474743351004031
2.95532797846432,-2.75261336008773,-0.525500860087728
2.95532797846432,-2.80965410493204,-0.56854160493204
2.95532797846432,-2.8595529717765,-0.603640471776503
2.85316954888546,-2.90211303259031,1.26288696740969
2.85316954888546,-2.8595529717765,1.2498470282235
2.85316954888546,-2.80965410493204,1.24494589506796
2.85316954888546,-2.75261336008773,1.24798663991227
2.85316954888546,-2.68865585100403,1.25874414899597
2.85316954888546,-2.61803398874989,1.2769660112501
2.85316954888546,-2.54102648555158,1.30237351444842
2.85316954888546,-2.45793725484282,1.33466274515718
2.85316954888546,-2.36909421185738,1.37350578814262
2.85316954888546,-2.27484797949738,1.41855202050262
2.85316954888546,-2.17557050458495,1.46942949541505
2.85316954888546,-2.07165358995799,1.52574641004201
2.85316954888546,-1.96350734820343,1.58709265179657
2.85316954888546,-1.85155858313015,1.65304141686985
2.85316954888546,-1.73624910536936,1.72315089463064
2.85316954888546,-1.61803398874989,1.7969660112501
2.85316954888546,-1.49737977432971,1.87402022567029
2.85316954888546,-1.37476262917145,1.95383737082855
2.85316954888546,-1.25066646712861,2.03593353287139
2.85316954888546,-1.12558103905863,2.11981896094137
2.85316954888546,-1,2.205
2.85316954888546,-0.874418960941373,2.29098103905863
2.85316954888546,-0.749333532871391,2.37726646712861
2.85316954888546,-0.62523737082855,2.46336262917145
2.85316954888546,-0.502620225670291,2.54877977432971
2.85316954888546,-0.381966011250105,2.63303398874989
2.85316954888546,-0.263750894630644,2.71564910536936
2.85316954888546,-0.148441416869855,2.79615858313014
2.85316954888546,-0.0364926517965692,2.87410734820343
2.85316954888546,0.0716535899579935,2.94905358995799
2.85316954888546,0.175570504584947,3.02057050458495
2.85316954888546,0.274847979497379,3.08824797949738
2.85316954888546,0.369094211857377,3.15169421185738
2.85316954888546,0.457937254842823,3.21053725484282
2.85316954888546,0.541026485551579,3.26442648555158
2.85316954888546,0.618033988749895,3.31303398874989
2.85316954888546,0.68865585100403,3.35605585100403
2.85316954888546,0.752613360087727,3.39321336008773
2.85316954888546,0.809654104932039,3.42425410493204
2.85316954888546,0.859552971776503,3.4489529717765
2.85316954888546,0.902113032590307,3.46711303259031
2.85316954888546,0.902113032590307,3.26711303259031
2.85316954888546,0.859552971776503,3.2089529717765
2.85316954888546,0.809654104932039,3.14425410493204
2.85316954888546,0.752613360087727,3.07321336008773
2.85316954888546,0.68865585100403,2.99605585100403
2.85316954888546,0.618033988749895,2.91303398874989
2.85316954888546,0.541026485551579,2.82442648555158
2.85316954888546,0.457937254842823,2.73053725484282
2.85316954888546,0.369094211857377,2.63169421185738
2.85316954888546,0.274847979497379,2.52824797949738
2.85316954888546,0.175570504584946,2.42057050458495
2.85316954888546,0.0716535899579933,2.30905358995799
2.85316954888546,-0.0364926517965696,2.19410734820343
2.85316954888546,-0.148441416869855,2.07615858313014
2.85316954888546,-0.263750894630645,1.95564910536935
2.85316954888546,-0.381966011250106,1.83303398874989
2.85316954888546,-0.50262022567029,1.70877977432971
2.85316954888546,-0.62523737082855,1.58336262917145
2.85316954888546,-0.749333532871391,1.45726646712861
2.85316954888546,-0.874418960941373,1.33098103905863
2.85316954888546,-1,1.205
2.85316954888546,-1.12558103905863,1.07981896094137
2.85316954888546,-1.25066646712861,0.95593353287139
2.85316954888546,-1.37476262917145,0.83383737082855
2.85316954888546,-1.49737977432971,0.71402022567029
2.85316954888546,-1.6180339887499,0.596966011250104
2.85316954888546,-1.73624910536936,0.483150894630643
2.85316954888546,-1.85155858313015,0.373041416869854
2.85316954888546,-1.96350734820343,0.267092651796568
2.85316954888546,-2.07165358995799,0.165746410042006
2.85316954888546,-2.17557050458495,0.0694294954150532
2.85316954888546,-2.27484797949738,-0.0214479794973801
2.85316954888546,-2.36909421185738,-0.106494211857378
2.85316954888546,-2.45793725484282,-0.185337254842823
2.85316954888546,-2.54102648555158,-0.257626485551579
2.85316954888546,-2.61803398874989,-0.323033988749896
2.85316954888546,-2.68865585100403,-0.381255851004031
2.85316954888546,-2.75261336008773,-0.432013360087728
2.85316954888546,-2.80965410493204,-0.47505410493204
2.85316954888546,-2.8595529717765,-0.510152971776504
2.69408272728185,-2.90211303259031,1.35839946740969
2.69408272728185,-2.8595529717765,1.3453595282235
2.69408272728185,-2.80965410493204,1.34045839506796
2.69408272728185,-2.75261336008773,1.34349913991227
2.69408272728185,-2.68865585100403,1.35425664899597
2.69408272728185,-2.61803398874989,1.37247851125011
2.69408272728185,-2.54102648555158,1.39788601444842
2.69408272728185,-2.45793725484282,1.43017524515718
2.69408272728185,-2.36909421185738,1.46901828814262
2.69408272728185,-2.27484797949738,1.51406452050262
2.69408272728185,-2.17557050458495,1.56494199541505
2.69408272728185,-2.07165358995799,1.62125891004201
2.69408272728185,-1.96350734820343,1.68260515179657
2.69408272728185,-1.85155858313015,1.74855391686985
2.69408272728185,-1.73624910536936,1.81866339463064
2.69408272728185,-1.61803398874989,1.89247851125011
2.69408272728185,-1.49737977432971,1.96953272567029
2.69408272728185,-1.37476262917145,2.04934987082855
2.69408272728185,-1.25066646712861,2.13144603287139
2.69408272728185,-1.12558103905863,2.21533146094137
2.69408272728185,-1,2.3005125
2.69408272728185,-0.874418960941373,2.38649353905863
2.69408272728185,-0.749333532871391,2.47277896712861
2.69408272728185,-0.62523737082855,2.55887512917145
2.69408272728185,-0.502620225670291,2.64429227432971
2.69408272728185,-0.381966011250105,2.72854648874989
2.69408272728185,-0.263750894630644,2.81116160536936
2.69408272728185,-0.148441416869855,2.89167108313015
2.69408272728185,-0.0364926517965692,2.96961984820343
2.69408272728185,0.0716535899579935,3.04456608995799
2.69408272728185,0.175570504584947,3.11608300458495
2.69408272728185,0.274847979497379,3.18376047949738
2.69408272728185,0.369094211857377,3.24720671185738
2.69408272728185,0.457937254842823,3.30604975484282
2.69408272728185,0.541026485551579,3.35993898555158
2.69408272728185,0.618033988749895,3.4085464887499
2.69408272728185,0.68865585100403,3.45156835100403
2.69408272728185,0.752613360087727,3.48872586008773
2.69408272728185,0.809654104932039,3.51976660493204
2.69408272728185,0.859552971776503,3.5444654717765
2.69408272728185,0.902113032590307,3.56262553259031
2.69408272728185,0.902113032590307,3.36262553259031
2.69408272728185,0.859552971776503,3.3044654717765
2.69408272728185,0.809654104932039,3.23976660493204
2.69408272728185,0.752613360087727,3.16872586008773
2.69408272728185,0.68865585100403,3.09156835100403
2.69408272728185,0.618033988749895,3.00854648874989
2.69408272728185,0.541026485551579,2.91993898555158
2.69408272728185,0.457937254842823,2.82604975484282
2.69408272728185,0.369094211857377,2.72720671185738
2.69408272728185,0.274847979497379,2.62376047949738
2.69408272728185,0.175570504584946,2.51608300458495
2.69408272728185,0.0716535899579933,2.40456608995799
2.69408272728185,-0.0364926517965696,2.28961984820343
2.69408272728185,-0.148441416869855,2.17167108313014
2.69408272728185,-0.263750894630645,2.05116160536936
2.69408272728185,-0.381966011250106,1.92854648874989
2.69408272728185,-0.50262022567029,1.80429227432971
2.69408272728185,-0.62523737082855,1.67887512917145
2.69408272728185,-0.749333532871391,1.55277896712861
2.69408272728185,-0.874418960941373,1.42649353905863
2.69408272728185,-1,1.3005125
2.69408272728185,-1.12558103905863,1.17533146094137
2.69408272728185,-1.25066646712861,1.05144603287139
2.69408272728185,-1.37476262917145,0.92934987082855
2.69408272728185,-1.49737977432971,0.80953272567029
2.69408272728185,-1.6180339887499,0.692478511250105
2.69408272728185,-1.73624910536936,0.578663394630644
2.69408272728185,-1.85155858313015,0.468553916869854
2.69408272728185,-1.96350734820343,0.362605151796569
2.69408272728185,-2.07165358995799,0.261258910042007
2.69408272728185,-2.17557050458495,0.164941995415054
2.69408272728185,-2.27484797949738,0.0740645205026207
2.69408272728185,-2.36909421185738,-0.0109817118573776
2.69408272728185,-2.45793725484282,-0.0898247548428226
2.69408272728185,-2.54102648555158,-0.162113985551579
2.69408272728185,-2.61803398874989,-0.227521488749895
2.69408272728185,-2.68865585100403,-0.28574335100403
2.69408272728185,-2.75261336008773,-0.336500860087727
2.69408272728185,-2.80965410493204,-0.379541604932039
2.69408272728185,-2.8595529717765,-0.414640471776503
2.48124172282369,-2.90211303259031,1.45593696740969
2.48124172282369,-2.8595529717765,1.4428970282235
2.48124172282369,-2.80965410493204,1.43799589506796
2.48124172282369,-2.75261336008773,1.44103663991227
2.48124172282369,-2.68865585100403,1.45179414899597
2.48124172282369,-2.61803398874989,1.47001601125011
2.48124172282369,-2.54102648555158,1.49542351444842
2.48124172282369,-2.45793725484282,1.52771274515718
2.48124172282369,-2.36909421185738,1.56655578814262
2.48124172282369,-2.27484797949738,1.61160202050262
2.48124172282369,-2.17557050458495,1.66247949541505
2.48124172282369,-2.07165358995799,1.71879641004201
2.48124172282369,-1.96350734820343,1.78014265179657
2.48124172282369,-1.85155858313015,1.84609141686985
2.48124172282369,-1.73624910536936,1.91620089463064
2.48124172282369,-1.61803398874989,1.99001601125011
2.48124172282369,-1.49737977432971,2.06707022567029
2.48124172282369,-1.37476262917145,2.14688737082855
2.48124172282369,-1.25066646712861,2.22898353287139
2.48124172282369,-1.12558103905863,2.31286896094137
2.48124172282369,-1,2.39805
2.48124172282369,-0.874418960941373,2.48403103905863
2.48124172282369,-0.749333532871391,2.57031646712861
2.48124172282369,-0.62523737082855,2.65641262917145
2.48124172282369,-0.502620225670291,2.74182977432971
2.48124172282369,-0.381966011250105,2.82608398874989
2.48124172282369,-0.263750894630644,2.90869910536936
2.48124172282369,-0.148441416869855,2.98920858313015
2.48124172282369,-0.0364926517965692,3.06715734820343
2.48124172282369,0.0716535899579935,3.14210358995799
2.48124172282369,0.175570504584947,3.21362050458495
2.48124172282369,0.274847979497379,3.28129797949738
2.48124172282369,0.369094211857377,3.34474421185738
2.48124172282369,0.457937254842823,3.40358725484282
2.48124172282369,0.541026485551579,3.45747648555158
2.48124172282369,0.618033988749895,3.50608398874989
2.48124172282369,0.68865585100403,3.54910585100403
2.48124172282369,0.752613360087727,3.58626336008773
2.48124172282369,0.809654104932039,3.61730410493204
2.48124172282369,0.859552971776503,3.6420029717765
2.48124172282369,0.902113032590307,3.66016303259031
2.48124172282369,0.902113032590307,3.46016303259031
2.48124172282369,0.859552971776503,3.4020029717765
2.48124172282369,0.809654104932039,3.33730410493204
2.48124172282369,0.752613360087727,3.26626336008773
2.48124172282369,0.68865585100403,3.18910585100403
2.48124172282369,0.618033988749895,3.10608398874989
2.48124172282369,0.541026485551579,3.01747648555158
2.48124172282369,0.457937254842823,2.92358725484282
2.48124172282369,0.369094211857377,2.82474421185738
2.48124172282369,0.274847979497379,2.72129797949738
2.48124172282369,0.175570504584946,2.61362050458495
2.48124172282369,0.0716535899579933,2.50210358995799
2.48124172282369,-0.0364926517965696,2.38715734820343
2.48124172282369,-0.148441416869855,2.26920858313014
2.48124172282369,-0.263750894630645,2.14869910536936
2.48124172282369,-0.381966011250106,2.02608398874989
2.48124172282369,-0.50262022567029,1.90182977432971
2.48124172282369,-0.62523737082855,1.77641262917145
2.48124172282369,-0.749333532871391,1.65031646712861
2.48124172282369,-0.874418960941373,1.52403103905863
2.48124172282369,-1,1.39805
2.48124172282369,-1.12558103905863,1.27286896094137
2.48124172282369,-1.25066646712861,1.14898353287139
2.48124172282369,-1.37476262917145,1.02688737082855
2.48124172282369,-1.49737977432971,0.90707022567029
2.48124172282369,-1.6180339887499,0.790016011250105
2.48124172282369,-1.73624910536936,0.676200894630644
2.48124172282369,-1.85155858313015,0.566091416869855
2.48124172282369,-1.96350734820343,0.460142651796569
2.48124172282369,-2.07165358995799,0.358796410042007
2.48124172282369,-2.17557050458495,0.262479495415054
2.48124172282369,-2.27484797949738,0.171602020502621
2.48124172282369,-2.36909421185738,0.0865557881426224
2.48124172282369,-2.45793725484282,0.00771274515717746
2.48124172282369,-2.54102648555158,-0.0645764855515785
2.48124172282369,-2.61803398874989,-0.129983988749895
2.48124172282369,-2.68865585100403,-0.18820585100403
2.48124172282369,-2.75261336008773,-0.238963360087727
2.48124172282369,-2.80965410493204,-0.282004104932039
2.48124172282369,-2.8595529717765,-0.317102971776503
2.21889328493583,-2.90211303259031,1.55549946740969
2.21889328493583,-2.8595529717765,1.5424595282235
2.21889328493583,-2.80965410493204,1.53755839506796
2.21889328493583,-2.75261336008773,1.54059913991227
2.21889328493583,-2.68865585100403,1.55135664899597
2.21889328493583,-2.61803398874989,1.56957851125011
2.21889328493583,-2.54102648555158,1.59498601444842
2.21889328493583,-2.45793725484282,1.62727524515718
2.21889328493583,-2.36909421185738,1.66611828814262
2.21889328493583,-2.27484797949738,1.71116452050262
2.21889328493583,-2.17557050458495,1.76204199541505
2.21889328493583,-2.07165358995799,1.81835891004201
2.21889328493583,-1.96350734820343,1.87970515179657
2.21889328493583,-1.85155858313015,1.94565391686985
2.21889328493583,-1.73624910536936,2.01576339463064
2.21889328493583,-1.61803398874989,2.0895785112501
2.21889328493583,-1.49737977432971,2.16663272567029
2.21889328493583,-1.37476262917145,2.24644987082855
2.21889328493583,-1.25066646712861,2.32854603287139
2.21889328493583,-1.12558103905863,2.41243146094137
2.21889328493583,-1,2.4976125
2.21889328493583,-0.874418960941373,2.58359353905863
2.21889328493583,-0.749333532871391,2.66987896712861
2.21889328493583,-0.62523737082855,2.75597512917145
2.21889328493583,-0.502620225670291,2.84139227432971
2.21889328493583,-0.381966011250105,2.92564648874989
2.21889328493583,-0.263750894630644,3.00826160536936
2.21889328493583,-0.148441416869855,3.08877108313014
2.21889328493583,-0.0364926517965692,3.16671984820343
2.21889328493583,0.0716535899579935,3.24166608995799
2.21889328493583,0.175570504584947,3.31318300458495
2.21889328493583,0.274847979497379,3.38086047949738
2.21889328493583,0.369094211857377,3.44430671185738
2.21889328493583,0.457937254842823,3.50314975484282
2.21889328493583,0.541026485551579,3.55703898555158
2.21889328493583,0.618033988749895,3.60564648874989
2.21889328493583,0.68865585100403,3.64866835100403
2.21889328493583,0.752613360087727,3.68582586008773
2.21889328493583,0.809654104932039,3.71686660493204
2.21889328493583,0.859552971776503,3.7415654717765
2.21889328493583,0.902113032590307,3.75972553259031
2.21889328493583,0.902113032590307,3.55972553259031
2.21889328493583,0.859552971776503,3.5015654717765
2.21889328493583,0.809654104932039,3.43686660493204
2.21889328493583,0.752613360087727,3.36582586008773
2.21889328493583,0.68865585100403,3.28866835100403
2.21889328493583,0.618033988749895,3.20564648874989
2.21889328493583,0.541026485551579,3.11703898555158
2.21889328493583,0.457937254842823,3.02314975484282
2.21889328493583,0.369094211857377,2.92430671185738
2.21889328493583,0.274847979497379,2.82086047949738
2.21889328493583,0.175570504584946,2.71318300458495
2.21889328493583,0.0716535899579933,2.60166608995799
2.21889328493583,-0.0364926517965696,2.48671984820343
2.21889328493583,-0.148441416869855,2.36877108313014
2.21889328493583,-0.263750894630645,2.24826160536936
2.21889328493583,-0.381966011250106,2.12564648874989
2.21889328493583,-0.50262022567029,2.00139227432971
2.21889328493583,-0.62523737082855,1.87597512917145
2.21889328493583,-0.749333532871391,1.74987896712861
2.21889328493583,-0.874418960941373,1.62359353905863
2.21889328493583,-1,1.4976125
2.21889328493583,-1.12558103905863,1.37243146094137
2.21889328493583,-1.25066646712861,1.24854603287139
2.21889328493583,-1.37476262917145,1.12644987082855
2.21889328493583,-1.49737977432971,1.00663272567029
2.21889328493583,-1.6180339887499,0.889578511250105
2.21889328493583,-1.73624910536936,0.775763394630644
2.21889328493583,-1.85155858313015,0.665653916869854
2.21889328493583,-1.96350734820343,0.559705151796569
2.21889328493583,-2.07165358995799,0.458358910042007
2.21889328493583,-2.17557050458495,0.362041995415054
2.21889328493583,-2.27484797949738,0.271164520502621
2.21889328493583,-2.36909421185738,0.186118288142622
2.21889328493583,-2.45793725484282,0.107275245157177
2.21889328493583,-2.54102648555158,0.0349860144484213
2.21889328493583,-2.61803398874989,-0.030421488749895
2.21889328493583,-2.68865585100403,-0.0886433510040301
2.21889328493583,-2.75261336008773,-0.139400860087727
2.21889328493583,-2.80965410493204,-0.182441604932039
2.21889328493583,-2.8595529717765,-0.217540471776503
1.91227196924607,-2.90211303259031,1.65708696740969
1.91227196924607,-2.8595529717765,1.6440470282235
1.91227196924607,-2.80965410493204,1.63914589506796
1.91227196924607,-2.75261336008773,1.64218663991227
1.91227196924607,-2.68865585100403,1.65294414899597
1.91227196924607,-2.61803398874989,1.67116601125011
1.91227196924607,-2.54102648555158,1.69657351444842
1.91227196924607,-2.45793725484282,1.72886274515718
1.91227196924607,-2.36909421185738,1.76770578814262
1.91227196924607,-2.27484797949738,1.81275202050262
1.91227196924607,-2.17557050458495,1.86362949541505
1.91227196924607,-2.07165358995799,1.91994641004201
1.91227196924607,-1.96350734820343,1.98129265179657
1.91227196924607,-1.85155858313015,2.04724141686985
1.91227196924607,-1.73624910536936,2.11735089463064
1.91227196924607,-1.61803398874989,2.1911660112501
1.91227196924607,-1.49737977432971,2.26822022567029
1.91227196924607,-1.37476262917145,2.34803737082855
1.91227196924607,-1.25066646712861,2.43013353287139
1.91227196924607,-1.12558103905863,2.51401896094137
1.91227196924607,-1,2.5992
1.91227196924607,-0.874418960941373,2.68518103905863
1.91227196924607,-0.749333532871391,2.77146646712861
1.91227196924607,-0.62523737082855,2.85756262917145
1.91227196924607,-0.502620225670291,2.94297977432971
1.91227196924607,-0.381966011250105,3.0272339887499
1.91227196924607,-0.263750894630644,3.10984910536936
1.91227196924607,-0.148441416869855,3.19035858313014
1.91227196924607,-0.0364926517965692,3.26830734820343
1.91227196924607,0.0716535899579935,3.34325358995799
1.91227196924607,0.175570504584947,3.41477050458495
1.91227196924607,0.274847979497379,3.48244797949738
1.91227196924607,0.369094211857377,3.54589421185738
1.91227196924607,0.457937254842823,3.60473725484282
1.91227196924607,0.541026485551579,3.65862648555158
1.91227196924607,0.618033988749895,3.70723398874989
1.91227196924607,0.68865585100403,3.75025585100403
1.91227196924607,0.752613360087727,3.78741336008773
1.91227196924607,0.809654104932039,3.81845410493204
1.91227196924607,0.859552971776503,3.8431529717765
1.91227196924607,0.902113032590307,3.86131303259031
1.91227196924607,0.902113032590307,3.66131303259031
1.91227196924607,0.859552971776503,3.6031529717765
1.91227196924607,0.809654104932039,3.53845410493204
1.91227196924607,0.752613360087727,3.46741336008773
1.91227196924607,0.68865585100403,3.39025585100403
1.91227196924607,0.618033988749895,3.30723398874989
1.91227196924607,0.541026485551579,3.21862648555158
1.91227196924607,0.457937254842823,3.12473725484282
1.91227196924607,0.369094211857377,3.02589421185738
1.91227196924607,0.274847979497379,2.92244797949738
1.91227196924607,0.175570504584946,2.81477050458495
1.91227196924607,0.0716535899579933,2.70325358995799
1.91227196924607,-0.0364926517965696,2.58830734820343
1.91227196924607,-0.148441416869855,2.47035858313014
1.91227196924607,-0.263750894630645,2.34984910536936
1.91227196924607,-0.381966011250106,2.22723398874989
1.91227196924607,-0.50262022567029,2.10297977432971
1.91227196924607,-0.62523737082855,1.97756262917145
1.91227196924607,-0.749333532871391,1.85146646712861
1.91227196924607,-0.874418960941373,1.72518103905863
1.91227196924607,-1,1.5992
1.91227196924607,-1.12558103905863,1.47401896094137
1.91227196924607,-1.25066646712861,1.35013353287139
1.91227196924607,-1.37476262917145,1.22803737082855
1.91227196924607,-1.49737977432971,1.10822022567029
1.91227196924607,-1.6180339887499,0.991166011250105
1.91227196924607,-1.73624910536936,0.877350894630644
1.91227196924607,-1.85155858313015,0.767241416869854
1.91227196924607,-1.96350734820343,0.661292651796569
1.91227196924607,-2.07165358995799,0.559946410042007
1.91227196924607,-2.17557050458495,0.463629495415054
1.91227196924607,-2.27484797949738,0.37275202050262
1.91227196924607,-2.36909421185738,0.287705788142622
1.91227196924607,-2.45793725484282,0.208862745157177
1.91227196924607,-2.54102648555158,0.136573514448421
1.91227196924607,-2.61803398874989,0.0711660112501049
1.91227196924607,-2.68865585100403,0.0129441489959699
1.91227196924607,-2.75261336008773,-0.0378133600877273
1.91227196924607,-2.80965410493204,-0.0808541049320395
1.91227196924607,-2.8595529717765,-0.115952971776503
1.56749569414785,-2.90211303259031,1.76069946740969
1.56749569414785,-2.8595529717765,1.7476595282235
1.56749569414785,-2.80965410493204,1.74275839506796
1.56749569414785,-2.75261336008773,1.74579913991227
1.56749569414785,-2.68865585100403,1.75655664899597
1.56749569414785,-2.61803398874989,1.7747785112501
1.56749569414785,-2.54102648555158,1.80018601444842
1.56749569414785,-2.45793725484282,1.83247524515718
1.56749569414785,-2.36909421185738,1.87131828814262
1.56749569414785,-2.27484797949738,1.91636452050262
1.56749569414785,-2.17557050458495,1.96724199541505
1.56749569414785,-2.07165358995799,2.02355891004201
1.56749569414785,-1.96350734820343,2.08490515179657
1.56749569414785,-1.85155858313015,2.15085391686985
1.56749569414785,-1.73624910536936,2.22096339463064
1.56749569414785,-1.61803398874989,2.2947785112501
1.56749569414785,-1.49737977432971,2.37183272567029
1.56749569414785,-1.37476262917145,2.45164987082855
1.56749569414785,-1.25066646712861,2.53374603287139
1.56749569414785,-1.12558103905863,2.61763146094137
1.56749569414785,-1,2.7028125
1.56749569414785,-0.874418960941373,2.78879353905863
1.56749569414785,-0.749333532871391,2.87507896712861
1.56749569414785,-0.62523737082855,2.96117512917145
1.56749569414785,-0.502620225670291,3.04659227432971
1.56749569414785,-0.381966011250105,3.13084648874989
1.56749569414785,-0.263750894630644,3.21346160536936
1.56749569414785,-0.148441416869855,3.29397108313014
1.56749569414785,-0.0364926517965692,3.37191984820343
1.56749569414785,0.0716535899579935,3.44686608995799
1.56749569414785,0.175570504584947,3.51838300458495
1.56749569414785,0.274847979497379,3.58606047949738
1.56749569414785,0.369094211857377,3.64950671185738
1.56749569414785,0.457937254842823,3.70834975484282
1.56749569414785,0.541026485551579,3.76223898555158
1.56749569414785,0.618033988749895,3.81084648874989
1.56749569414785,0.68865585100403,3.85386835100403
1.56749569414785,0.752613360087727,3.89102586008773
1.56749569414785,0.809654104932039,3.92206660493204
1.56749569414785,0.859552971776503,3.9467654717765
1.56749569414785,0.902113032590307,3.96492553259031
1.56749569414785,0.902113032590307,3.76492553259031
1.56749569414785,0.859552971776503,3.7067654717765
1.56749569414785,0.809654104932039,3.64206660493204
1.56749569414785,0.752613360087727,3.57102586008773
1.56749569414785,0.68865585100403,3.49386835100403
1.56749569414785,0.618033988749895,3.41084648874989
1.56749569414785,0.541026485551579,3.32223898555158
1.56749569414785,0.457937254842823,3.22834975484282
1.56749569414785,0.369094211857377,3.12950671185738
1.56749569414785,0.274847979497379,3.02606047949738
1.56749569414785,0.175570504584946,2.91838300458495
1.56749569414785,0.0716535899579933,2.80686608995799
1.56749569414785,-0.0364926517965696,2.69191984820343
1.56749569414785,-0.148441416869855,2.57397108313014
1.56749569414785,-0.263750894630645,2.45346160536935
1.56749569414785,-0.381966011250106,2.33084648874989
1.56749569414785,-0.50262022567029,2.20659227432971
1.56749569414785,-0.62523737082855,2.08117512917145
1.56749569414785,-0.749333532871391,1.95507896712861
1.56749569414785,-0.874418960941373,1.82879353905863
1.56749569414785,-1,1.7028125
1.56749569414785,-1.12558103905863,1.57763146094137
1.56749569414785,-1.25066646712861,1.45374603287139
1.56749569414785,-1.37476262917145,1.33164987082855
1.56749569414785,-1.49737977432971,1.21183272567029
1.56749569414785,-1.6180339887499,1.0947785112501
1.56749569414785,-1.73624910536936,0.980963394630643
1.56749569414785,-1.85155858313015,0.870853916869854
1.56749569414785,-1.96350734820343,0.764905151796568
1.56749569414785,-2.07165358995799,0.663558910042007
1.56749569414785,-2.17557050458495,0.567241995415053
1.56749569414785,-2.27484797949738,0.47636452050262
1.56749569414785,-2.36909421185738,0.391318288142622
1.56749569414785,-2.45793725484282,0.312475245157177
1.56749569414785,-2.54102648555158,0.240186014448421
1.56749569414785,-2.61803398874989,0.174778511250105
1.56749569414785,-2.68865585100403,0.11655664899597
1.56749569414785,-2.75261336008773,0.0657991399122724
1.56749569414785,-2.80965410493204,0.0227583950679602
1.56749569414785,-2.8595529717765,-0.0123404717765034
1.19144367190435,-2.90211303259031,1.86633696740969
1.19144367190435,-2.8595529717765,1.8532970282235
1.19144367190435,-2.80965410493204,1.84839589506796
1.19144367190435,-2.75261336008773,1.85143663991227
1.19144367190435,-2.68865585100403,1.86219414899597
1.19144367190435,-2.61803398874989,1.8804160112501
1.19144367190435,-2.54102648555158,1.90582351444842
1.19144367190435,-2.45793725484282,1.93811274515718
1.19144367190435,-2.36909421185738,1.97695578814262
1.19144367190435,-2.27484797949738,2.02200202050262
1.19144367190435,-2.17557050458495,2.07287949541505
1.19144367190435,-2.07165358995799,2.12919641004201
1.19144367190435,-1.96350734820343,2.19054265179657
1.19144367190435,-1.85155858313015,2.25649141686985
1.19144367190435,-1.73624910536936,2.32660089463064
1.19144367190435,-1.61803398874989,2.4004160112501
1.19144367190435,-1.49737977432971,2.47747022567029
1.19144367190435,-1.37476262917145,2.55728737082855
1.19144367190435,-1.25066646712861,2.63938353287139
1.19144367190435,-1.12558103905863,2.72326896094137
1.19144367190435,-1,2.80845
1.19144367190435,-0.874418960941373,2.89443103905863
1.19144367190435,-0.749333532871391,2.98071646712861
1.19144367190435,-0.62523737082855,3.06681262917145
1.19144367190435,-0.502620225670291,3.15222977432971
1.19144367190435,-0.381966011250105,3.23648398874989
1.19144367190435,-0.263750894630644,3.31909910536936
1.19144367190435,-0.148441416869855,3.39960858313014
1.19144367190435,-0.0364926517965692,3.47755734820343
1.19144367190435,0.0716535899579935,3.55250358995799
1.19144367190435,0.175570504584947,3.62402050458495
1.19144367190435,0.274847979497379,3.69169797949738
1.19144367190435,0.369094211857377,3.75514421185738
1.19144367190435,0.457937254842823,3.81398725484282
1.19144367190435,0.541026485551579,3.86787648555158
1.19144367190435,0.618033988749895,3.91648398874989
1.19144367190435,0.68865585100403,3.95950585100403
1.19144367190435,0.752613360087727,3.99666336008773
1.19144367190435,0.809654104932039,4.02770410493204
1.19144367190435,0.859552971776503,4.0524029717765
1.19144367190435,0.902113032590307,4.07056303259031
1.19144367190435,0.902113032590307,3.87056303259031
1.19144367190435,0.859552971776503,3.8124029717765
1.19144367190435,0.809654104932039,3.74770410493204
1.19144367190435,0.752613360087727,3.67666336008773
1.19144367190435,0.68865585100403,3.59950585100403
1.19144367190435,0.618033988749895,3.51648398874989
1.19144367190435,0.541026485551579,3.42787648555158
1.19144367190435,0.457937254842823,3.33398725484282
1.19144367190435,0.369094211857377,3.23514421185738
1.19144367190435,0.274847979497379,3.13169797949738
1.19144367190435,0.175570504584946,3.02402050458495
1.19144367190435,0.0716535899579933,2.91250358995799
1.19144367190435,-0.0364926517965696,2.79755734820343
1.19144367190435,-0.148441416869855,2.67960858313014
1.19144367190435,-0.263750894630645,2.55909910536935
1.19144367190435,-0.381966011250106,2.43648398874989
1.19144367190435,-0.50262022567029,2.31222977432971
1.19144367190435,-0.62523737082855,2.18681262917145
1.19144367190435,-0.749333532871391,2.06071646712861
1.19144367190435,-0.874418960941373,1.93443103905863
1.19144367190435,-1,1.80845
1.19144367190435,-1.12558103905863,1.68326896094137
1.19144367190435,-1.25066646712861,1.55938353287139
1.19144367190435,-1.37476262917145,1.43728737082855
1.19144367190435,-1.49737977432971,1.31747022567029
1.19144367190435,-1.6180339887499,1.2004160112501
1.19144367190435,-1.73624910536936,1.08660089463064
1.19144367190435,-1.85155858313015,0.976491416869854
1.19144367190435,-1.96350734820343,0.870542651796568
1.19144367190435,-2.07165358995799,0.769196410042006
1.19144367190435,-2.17557050458495,0.672879495415053
1.19144367190435,-2.27484797949738,0.58200202050262
1.19144367190435,-2.36909421185738,0.496955788142622
1.19144367190435,-2.45793725484282,0.418112745157177
1.19144367190435,-2.54102648555158,0.345823514448421
1.19144367190435,-2.61803398874989,0.280416011250104
1.19144367190435,-2.68865585100403,0.222194148995969
1.19144367190435,-2.75261336008773,0.171436639912272
1.19144367190435,-2.80965410493204,0.12839589506796
1.19144367190435,-2.8595529717765,0.0932970282234964
0.791619149896118,-2.90211303259031,1.97399946740969
0.791619149896118,-2.8595529717765,1.9609595282235
0.791619149896118,-2.80965410493204,1.95605839506796
0.791619149896118,-2.75261336008773,1.95909913991227
0.791619149896118,-2.68865585100403,1.96985664899597
0.791619149896118,-2.61803398874989,1.98807851125011
0.791619149896118,-2.54102648555158,2.01348601444842
0.791619149896118,-2.45793725484282,2.04577524515718
0.791619149896118,-2.36909421185738,2.08461828814262
0.791619149896118,-2.27484797949738,2.12966452050262
0.791619149896118,-2.17557050458495,2.18054199541505
0.791619149896118,-2.07165358995799,2.23685891004201
0.791619149896118,-1.96350734820343,2.29820515179657
0.791619149896118,-1.85155858313015,2.36415391686985
0.791619149896118,-1.73624910536936,2.43426339463064
0.791619149896118,-1.61803398874989,2.50807851125011
0.791619149896118,-1.49737977432971,2.58513272567029
0.791619149896118,-1.37476262917145,2.66494987082855
0.791619149896118,-1.25066646712861,2.74704603287139
0.791619149896118,-1.12558103905863,2.83093146094137
0.791619149896118,-1,2.9161125
0.791619149896118,-0.874418960941373,3.00209353905863
0.791619149896118,-0.749333532871391,3.08837896712861
0.791619149896118,-0.62523737082855,3.17447512917145
0.791619149896118,-0.502620225670291,3.25989227432971
0.791619149896118,-0.381966011250105,3.3441464887499
0.791619149896118,-0.263750894630644,3.42676160536936
0.791619149896118,-0.148441416869855,3.50727108313015
0.791619149896118,-0.0364926517965692,3.58521984820343
0.791619149896118,0.0716535899579935,3.66016608995799
0.791619149896118,0.175570504584947,3.73168300458495
0.791619149896118,0.274847979497379,3.79936047949738
0.791619149896118,0.369094211857377,3.86280671185738
0.791619149896118,0.457937254842823,3.92164975484282
0.791619149896118,0.541026485551579,3.97553898555158
0.791619149896118,0.618033988749895,4.02414648874989
0.791619149896118,0.68865585100403,4.06716835100403
0.791619149896118,0.752613360087727,4.10432586008773
0.791619149896118,0.809654104932039,4.13536660493204
0.791619149896118,0.859552971776503,4.1600654717765
0.791619149896118,0.902113032590307,4.17822553259031
0.791619149896118,0.902113032590307,3.97822553259031
0.791619149896118,0.859552971776503,3.9200654717765
0.791619149896118,0.809654104932039,3.85536660493204
0.791619149896118,0.752613360087727,3.78432586008773
0.791619149896118,0.68865585100403,3.70716835100403
0.791619149896118,0.618033988749895,3.6241464887499
0.791619149896118,0.541026485551579,3.53553898555158
0.791619149896118,0.457937254842823,3.44164975484282
0.791619149896118,0.369094211857377,3.34280671185738
0.791619149896118,0.274847979497379,3.23936047949738
0.791619149896118,0.175570504584946,3.13168300458495
0.791619149896118,0.0716535899579933,3.02016608995799
0.791619149896118,-0.0364926517965696,2.90521984820343
0.791619149896118,-0.148441416869855,2.78727108313015
0.791619149896118,-0.263750894630645,2.66676160536936
0.791619149896118,-0.381966011250106,2.54414648874989
0.791619149896118,-0.50262022567029,2.41989227432971
0.791619149896118,-0.62523737082855,2.29447512917145
0.791619149896118,-0.749333532871391,2.16837896712861
0.791619149896118,-0.874418960941373,2.04209353905863
0.791619149896118,-1,1.9161125
0.791619149896118,-1.12558103905863,1.79093146094137
0.791619149896118,-1.25066646712861,1.66704603287139
0.791619149896118,-1.37476262917145,1.54494987082855
0.791619149896118,-1.49737977432971,1.42513272567029
0.791619149896118,-1.6180339887499,1.30807851125011
0.791619149896118,-1.73624910536936,1.19426339463064
0.791619149896118,-1.85155858313015,1.08415391686985
0.791619149896118,-1.96350734820343,0.978205151796569
0.791619149896118,-2.07165358995799,0.876858910042007
0.791619149896118,-2.17557050458495,0.780541995415054
0.791619149896118,-2.27484797949738,0.689664520502621
0.791619149896118,-2.36909421185738,0.604618288142623
0.791619149896118,-2.45793725484282,0.525775245157178
0.791619149896118,-2.54102648555158,0.453486014448422
0.791619149896118,-2.61803398874989,0.388078511250105
0.791619149896118,-2.68865585100403,0.32985664899597
0.791619149896118,-2.75261336008773,0.279099139912273
0.791619149896118,-2.80965410493204,0.236058395067961
0.791619149896118,-2.8595529717765,0.200959528223497
0.375999700692912,-2.90211303259031,2.08368696740969
0.375999700692912,-2.8595529717765,2.0706470282235
0.375999700692912,-2.80965410493204,2.06574589506796
0.375999700692912,-2.75261336008773,2.06878663991227
0.375999700692912,-2.68865585100403,2.07954414899597
0.375999700692912,-2.61803398874989,2.0977660112501
0.375999700692912,-2.54102648555158,2.12317351444842
0.375999700692912,-2.45793725484282,2.15546274515718
0.375999700692912,-2.36909421185738,2.19430578814262
0.375999700692912,-2.27484797949738,2.23935202050262
0.375999700692912,-2.17557050458495,2.29022949541505
0.375999700692912,-2.07165358995799,2.34654641004201
0.375999700692912,-1.96350734820343,2.40789265179657
0.375999700692912,-1.85155858313015,2.47384141686985
0.375999700692912,-1.73624910536936,2.54395089463064
0.375999700692912,-1.61803398874989,2.61776601125011
0.375999700692912,-1.49737977432971,2.69482022567029
0.375999700692912,-1.37476262917145,2.77463737082855
0.375999700692912,-1.25066646712861,2.85673353287139
0.375999700692912,-1.12558103905863,2.94061896094137
0.375999700692912,-1,3.0258
0.375999700692912,-0.874418960941373,3.11178103905863
0.375999700692912,-0.749333532871391,3.19806646712861
0.375999700692912,-0.62523737082855,3.28416262917145
0.375999700692912,-0.502620225670291,3.36957977432971
0.375999700692912,-0.381966011250105,3.45383398874989
0.375999700692912,-0.263750894630644,3.53644910536936
0.375999700692912,-0.148441416869855,3.61695858313015
0.375999700692912,-0.0364926517965692,3.69490734820343
0.375999700692912,0.0716535899579935,3.76985358995799
0.375999700692912,0.175570504584947,3.84137050458495
0.375999700692912,0.274847979497379,3.90904797949738
0.375999700692912,0.369094211857377,3.97249421185738
0.375999700692912,0.457937254842823,4.03133725484282
0.375999700692912,0.541026485551579,4.08522648555158
0.375999700692912,0.618033988749895,4.13383398874989
0.375999700692912,0.68865585100403,4.17685585100403
0.375999700692912,0.752613360087727,4.21401336008773
0.375999700692912,0.809654104932039,4.24505410493204
0.375999700692912,0.859552971776503,4.2697529717765
0.375999700692912,0.902113032590307,4.28791303259031
0.375999700692912,0.902113032590307,4.08791303259031
0.375999700692912,0.859552971776503,4.0297529717765
0.375999700692912,0.809654104932039,3.96505410493204
0.375999700692912,0.752613360087727,3.89401336008773
0.375999700692912,0.68865585100403,3.81685585100403
0.375999700692912,0.618033988749895,3.7338339887499
0.375999700692912,0.541026485551579,3.64522648555158
0.375999700692912,0.457937254842823,3.55133725484282
0.375999700692912,0.369094211857377,3.45249421185738
0.375999700692912,0.274847979497379,3.34904797949738
0.375999700692912,0.175570504584946,3.24137050458495
0.375999700692912,0.0716535899579933,3.12985358995799
0.375999700692912,-0.0364926517965696,3.01490734820343
0.375999700692912,-0.148441416869855,2.89695858313014
0.375999700692912,-0.263750894630645,2.77644910536936
0.375999700692912,-0.381966011250106,2.65383398874989
0.375999700692912,-0.50262022567029,2.52957977432971
0.375999700692912,-0.62523737082855,2.40416262917145
0.375999700692912,-0.749333532871391,2.27806646712861
0.375999700692912,-0.874418960941373,2.15178103905863
0.375999700692912,-1,2.0258
0.375999700692912,-1.12558103905863,1.90061896094137
0.375999700692912,-1.25066646712861,1.77673353287139
0.375999700692912,-1.37476262917145,1.65463737082855
0.375999700692912,-1.49737977432971,1.53482022567029
0.375999700692912,-1.6180339887499,1.41776601125011
0.375999700692912,-1.73624910536936,1.30395089463064
0.375999700692912,-1.85155858313015,1.19384141686985
0.375999700692912,-1.96350734820343,1.08789265179657
0.375999700692912,-2.07165358995799,0.986546410042007
0.375999700692912,-2.17557050458495,0.890229495415054
0.375999700692912,-2.27484797949738,0.799352020502621
0.375999700692912,-2.36909421185738,0.714305788142622
0.375999700692912,-2.45793725484282,0.635462745157177
0.375999700692912,-2.54102648555158,0.563173514448421
0.375999700692912,-2.61803398874989,0.497766011250105
0.375999700692912,-2.68865585100403,0.439544148995969
0.375999700692912,-2.75261336008773,0.388786639912273
0.375999700692912,-2.80965410493204,0.345745895067961
0.375999700692912,-2.8595529717765,0.310647028223497
-0.047121951935458,-2.8595529717765,2.1823595282235
-0.047121951935458,-2.80965410493204,2.17745839506796
-0.047121951935458,-2.75261336008773,2.18049913991227
-0.047121951935458,-2.68865585100403,2.19125664899597
-0.047121951935458,-2.61803398874989,2.20947851125011
-0.047121951935458,-2.54102648555158,2.23488601444842
-0.047121951935458,-2.45793725484282,2.26717524515718
-0.047121951935458,-2.36909421185738,2.30601828814262
-0.047121951935458,-2.27484797949738,2.35106452050262
-0.047121951935458,-2.17557050458495,2.40194199541505
-0.047121951935458,-2.07165358995799,2.45825891004201
-0.047121951935458,-1.96350734820343,2.51960515179657
-0.047121951935458,-1.85155858313015,2.58555391686985
-0.047121951935458,-1.73624910536936,2.65566339463064
-0.047121951935458,-1.61803398874989,2.7294785112501
-0.047121951935458,-1.49737977432971,2.80653272567029
-0.047121951935458,-1.37476262917145,2.88634987082855
-0.047121951935458,-1.25066646712861,2.96844603287139
-0.047121951935458,-1.12558103905863,3.05233146094137
-0.047121951935458,-1,3.1375125
-0.047121951935458,-0.874418960941373,3.22349353905863
-0.047121951935458,-0.749333532871391,3.30977896712861
-0.047121951935458,-0.62523737082855,3.39587512917145
-0.047121951935458,-0.502620225670291,3.48129227432971
-0.047121951935458,-0.381966011250105,3.5655464887499
-0.047121951935458,-0.263750894630644,3.64816160536936
-0.047121951935458,-0.148441416869855,3.72867108313014
-0.047121951935458,-0.0364926517965692,3.80661984820343
-0.047121951935458,0.0716535899579935,3.88156608995799
-0.047121951935458,0.175570504584947,3.95308300458495
-0.047121951935458,0.274847979497379,4.02076047949738
-0.047121951935458,0.369094211857377,4.08420671185738
-0.047121951935458,0.457937254842823,4.14304975484282
-0.047121951935458,0.541026485551579,4.19693898555158
-0.047121951935458,0.618033988749895,4.24554648874989
-0.047121951935458,0.68865585100403,4.28856835100403
-0.047121951935458,0.752613360087727,4.32572586008773
-0.047121951935458,0.809654104932039,4.35676660493204
-0.047121951935458,0.859552971776503,4.3814654717765
-0.047121951935458,0.859552971776503,4.1414654717765
-0.047121951935458,0.809654104932039,4.07676660493204
-0.047121951935458,0.752613360087727,4.00572586008773
-0.047121951935458,0.68865585100403,3.92856835100403
-0.047121951935458,0.618033988749895,3.84554648874989
-0.047121951935458,0.541026485551579,3.75693898555158
-0.047121951935458,0.457937254842823,3.66304975484282
-0.047121951935458,0.369094211857377,3.56420671185738
-0.047121951935458,0.274847979497379,3.46076047949738
-0.047121951935458,0.175570504584946,3.35308300458495
-0.047121951935458,0.0716535899579933,3.24156608995799
-0.047121951935458,-0.0364926517965696,3.12661984820343
-0.047121951935458,-0.148441416869855,3.00867108313014
-0.047121951935458,-0.263750894630645,2.88816160536936
-0.047121951935458,-0.381966011250106,2.76554648874989
-0.047121951935458,-0.50262022567029,2.64129227432971
-0.047121951935458,-0.62523737082855,2.51587512917145
-0.047121951935458,-0.749333532871391,2.38977896712861
-0.047121951935458,-0.874418960941373,2.26349353905863
-0.047121951935458,-1,2.1375125
-0.047121951935458,-1.12558103905863,2.01233146094137
-0.047121951935458,-1.25066646712861,1.88844603287139
-0.047121951935458,-1.37476262917145,1.76634987082855
-0.047121951935458,-1.49737977432971,1.64653272567029
-0.047121951935458,-1.6180339887499,1.5294785112501
-0.047121951935458,-1.73624910536936,1.41566339463064
-0.047121951935458,-1.85155858313015,1.30555391686985
-0.047121951935458,-1.96350734820343,1.19960515179657
-0.047121951935458,-2.07165358995799,1.09825891004201
-0.047121951935458,-2.17557050458495,1.00194199541505
-0.047121951935458,-2.27484797949738,0.91106452050262
-0.047121951935458,-2.36909421185738,0.826018288142622
-0.047121951935458,-2.45793725484282,0.747175245157177
-0.047121951935458,-2.54102648555158,0.674886014448421
-0.047121951935458,-2.61803398874989,0.609478511250105
-0.047121951935458,-2.68865585100403,0.55125664899597
-0.047121951935458,-2.75261336008773,0.500499139912273
-0.047121951935458,-2.80965410493204,0.45745839506796
-0.047121951935458,-2.8595529717765,0.422359528223497
-0.469303395120689,-2.8595529717765,2.2960970282235
-0.469303395120689,-2.80965410493204,2.29119589506796
-0.469303395120689,-2.75261336008773,2.29423663991227
-0.469303395120689,-2.68865585100403,2.30499414899597
-0.469303395120689,-2.61803398874989,2.32321601125011
-0.469303395120689,-2.54102648555158,2.34862351444842
-0.469303395120689,-2.45793725484282,2.38091274515718
-0.469303395120689,-2.36909421185738,2.41975578814262
-0.469303395120689,-2.27484797949738,2.46480202050262
-0.469303395120689,-2.17557050458495,2.51567949541505
-0.469303395120689,-2.07165358995799,2.57199641004201
-0.469303395120689,-1.96350734820343,2.63334265179657
-0.469303395120689,-1.85155858313015,2.69929141686985
-0.469303395120689,-1.73624910536936,2.76940089463064
-0.469303395120689,-1.61803398874989,2.8432160112501
-0.469303395120689,-1.49737977432971,2.92027022567029
-0.469303395120689,-1.37476262917145,3.00008737082855
-0.469303395120689,-1.25066646712861,3.08218353287139
-0.469303395120689,-1.12558103905863,3.16606896094137
-0.469303395120689,-1,3.25125
-0.469303395120689,-0.874418960941373,3.33723103905863
-0.469303395120689,-0.749333532871391,3.42351646712861
-0.469303395120689,-0.62523737082855,3.50961262917145
-0.469303395120689,-0.502620225670291,3.59502977432971
-0.469303395120689,-0.381966011250105,3.67928398874989
-0.469303395120689,-0.263750894630644,3.76189910536936
-0.469303395120689,-0.148441416869855,3.84240858313014
-0.469303395120689,-0.0364926517965692,3.92035734820343
-0.469303395120689,0.0716535899579935,3.99530358995799
-0.469303395120689,0.175570504584947,4.06682050458495
-0.469303395120689,0.274847979497379,4.13449797949738
-0.469303395120689,0.369094211857377,4.19794421185738
-0.469303395120689,0.457937254842823,4.25678725484282
-0.469303395120689,0.541026485551579,4.31067648555158
-0.469303395120689,0.618033988749895,4.35928398874989
-0.469303395120689,0.68865585100403,4.40230585100403
-0.469303395120689,0.752613360087727,4.43946336008773
-0.469303395120689,0.809654104932039,4.47050410493204
-0.469303395120689,0.859552971776503,4.4952029717765
-0.469303395120689,0.859552971776503,4.2552029717765
-0.469303395120689,0.809654104932039,4.19050410493204
-0.469303395120689,0.752613360087727,4.11946336008773
-0.469303395120689,0.68865585100403,4.04230585100403
-0.469303395120689,0.618033988749895,3.95928398874989
-0.469303395120689,0.541026485551579,3.87067648555158
-0.469303395120689,0.457937254842823,3.77678725484282
-0.469303395120689,0.369094211857377,3.67794421185738
-0.469303395120689,0.274847979497379,3.57449797949738
-0.469303395120689,0.175570504584946,3.46682050458495
-0.469303395120689,0.0716535899579933,3.35530358995799
-0.469303395120689,-0.0364926517965696,3.24035734820343
-0.469303395120689,-0.148441416869855,3.12240858313015
-0.469303395120689,-0.263750894630645,3.00189910536935
-0.469303395120689,-0.381966011250106,2.87928398874989
-0.469303395120689,-0.50262022567029,2.75502977432971
-0.469303395120689,-0.62523737082855,2.62961262917145
-0.469303395120689,-0.749333532871391,2.50351646712861
-0.469303395120689,-0.874418960941373,2.37723103905863
-0.469303395120689,-1,2.25125
-0.469303395120689,-1.12558103905863,2.12606896094137
-0.469303395120689,-1.25066646712861,2.00218353287139
-0.469303395120689,-1.37476262917145,1.88008737082855
-0.469303395120689,-1.49737977432971,1.76027022567029
-0.469303395120689,-1.6180339887499,1.6432160112501
-0.469303395120689,-1.73624910536936,1.52940089463064
-0.469303395120689,-1.85155858313015,1.41929141686985
-0.469303395120689,-1.96350734820343,1.31334265179657
-0.469303395120689,-2.07165358995799,1.21199641004201
-0.469303395120689,-2.17557050458495,1.11567949541505
-0.469303395120689,-2.27484797949738,1.02480202050262
-0.469303395120689,-2.36909421185738,0.939755788142622
-0.469303395120689,-2.45793725484282,0.860912745157177
-0.469303395120689,-2.54102648555158,0.788623514448421
-0.469303395120689,-2.61803398874989,0.723216011250105
-0.469303395120689,-2.68865585100403,0.66499414899597
-0.469303395120689,-2.75261336008773,0.614236639912273
-0.469303395120689,-2.80965410493204,0.571195895067961
-0.469303395120689,-2.8595529717765,0.536097028223497
-0.882120975696909,-2.8595529717765,2.4118595282235
-0.882120975696909,-2.80965410493204,2.40695839506796
-0.882120975696909,-2.75261336008773,2.40999913991227
-0.882120975696909,-2.68865585100403,2.42075664899597
-0.882120975696909,-2.61803398874989,2.43897851125011
-0.882120975696909,-2.54102648555158,2.46438601444842
-0.882120975696909,-2.45793725484282,2.49667524515718
-0.882120975696909,-2.36909421185738,2.53551828814262
-0.882120975696909,-2.27484797949738,2.58056452050262
-0.882120975696909,-2.17557050458495,2.63144199541505
-0.882120975696909,-2.07165358995799,2.68775891004201
-0.882120975696909,-1.96350734820343,2.74910515179657
-0.882120975696909,-1.85155858313015,2.81505391686985
-0.882120975696909,-1.73624910536936,2.88516339463064
-0.882120975696909,-1.61803398874989,2.9589785112501
-0.882120975696909,-1.49737977432971,3.03603272567029
-0.882120975696909,-1.37476262917145,3.11584987082855
-0.882120975696909,-1.25066646712861,3.19794603287139
-0.882120975696909,-1.12558103905863,3.28183146094137
-0.882120975696909,-1,3.3670125
-0.882120975696909,-0.874418960941373,3.45299353905863
-0.882120975696909,-0.749333532871391,3.53927896712861
-0.882120975696909,-0.62523737082855,3.62537512917145
-0.882120975696909,-0.502620225670291,3.71079227432971
-0.882120975696909,-0.381966011250105,3.79504648874989
-0.882120975696909,-0.263750894630644,3.87766160536936
-0.882120975696909,-0.148441416869855,3.95817108313014
-0.882120975696909,-0.0364926517965692,4.03611984820343
-0.882120975696909,0.0716535899579935,4.11106608995799
-0.882120975696909,0.175570504584947,4.18258300458495
-0.882120975696909,0.274847979497379,4.25026047949738
-0.882120975696909,0.369094211857377,4.31370671185738
-0.882120975696909,0.457937254842823,4.37254975484282
-0.882120975696909,0.541026485551579,4.42643898555158
-0.882120975696909,0.618033988749895,4.47504648874989
-0.882120975696909,0.68865585100403,4.51806835100403
-0.882120975696909,0.752613360087727,4.55522586008773
-0.882120975696909,0.809654104932039,4.58626660493204
-0.882120975696909,0.859552971776503,4.6109654717765
-0.882120975696909,0.859552971776503,4.3709654717765
-0.882120975696909,0.809654104932039,4.30626660493204
-0.882120975696909,0.752613360087727,4.23522586008773
-0.882120975696909,0.68865585100403,4.15806835100403
-0.882120975696909,0.618033988749895,4.07504648874989
-0.882120975696909,0.541026485551579,3.98643898555158
-0.882120975696909,0.457937254842823,3.89254975484282
-0.882120975696909,0.369094211857377,3.79370671185738
-0.882120975696909,0.274847979497379,3.69026047949738
-0.882120975696909,0.175570504584946,3.58258300458495
-0.882120975696909,0.0716535899579933,3.47106608995799
-0.882120975696909,-0.0364926517965696,3.35611984820343
-0.882120975696909,-0.148441416869855,3.23817108313014
-0.882120975696909,-0.263750894630645,3.11766160536935
-0.882120975696909,-0.381966011250106,2.99504648874989
-0.882120975696909,-0.50262022567029,2.87079227432971
-0.882120975696909,-0.62523737082855,2.74537512917145
-0.882120975696909,-0.749333532871391,2.61927896712861
-0.882120975696909,-0.874418960941373,2.49299353905863
-0.882120975696909,-1,2.3670125
-0.882120975696909,-1.12558103905863,2.24183146094137
-0.882120975696909,-1.25066646712861,2.11794603287139
-0.882120975696909,-1.37476262917145,1.99584987082855
-0.882120975696909,-1.49737977432971,1.87603272567029
-0.882120975696909,-1.6180339887499,1.7589785112501
-0.882120975696909,-1.73624910536936,1.64516339463064
-0.882120975696909,-1.85155858313015,1.53505391686985
-0.882120975696909,-1.96350734820343,1.42910515179657
-0.882120975696909,-2.07165358995799,1.32775891004201
-0.882120975696909,-2.17557050458495,1.23144199541505
-0.882120975696909,-2.27484797949738,1.14056452050262
-0.882120975696909,-2.36909421185738,1.05551828814262
-0.882120975696909,-2.45793725484282,0.976675245157177
-0.882120975696909,-2.54102648555158,0.904386014448421
-0.882120975696909,-2.61803398874989,0.838978511250105
-0.882120975696909,-2.68865585100403,0.78075664899597
-0.882120975696909,-2.75261336008773,0.729999139912272
-0.882120975696909,-2.80965410493204,0.68695839506796
-0.882120975696909,-2.8595529717765,0.651859528223497
-1.27733787469522,-2.80965410493204,2.52474589506796
-1.27733787469522,-2.75261336008773,2.52778663991227
-1.27733787469522,-2.68865585100403,2.53854414899597
-1.27733787469522,-2.61803398874989,2.5567660112501
-1.27733787469522,-2.54102648555158,2.58217351444842
-1.27733787469522,-2.45793725484282,2.61446274515718
-1.27733787469522,-2.36909421185738,2.65330578814262
-1.27733787469522,-2.27484797949738,2.69835202050262
-1.27733787469522,-2.17557050458495,2.74922949541505
-1.27733787469522,-2.07165358995799,2.80554641004201
-1.27733787469522,-1.96350734820343,2.86689265179657
-1.27733787469522,-1.85155858313015,2.93284141686985
-1.27733787469522,-1.73624910536936,3.00295089463064
-1.27733787469522,-1.61803398874989,3.0767660112501
-1.27733787469522,-1.49737977432971,3.15382022567029
-1.27733787469522,-1.37476262917145,3.23363737082855
-1.27733787469522,-1.25066646712861,3.31573353287139
-1.27733787469522,-1.12558103905863,3.39961896094137
-1.27733787469522,-1,3.4848
-1.27733787469522,-0.874418960941373,3.57078103905863
-1.27733787469522,-0.749333532871391,3.65706646712861
-1.27733787469522,-0.62523737082855,3.74316262917145
-1.27733787469522,-0.502620225670291,3.82857977432971
-1.27733787469522,-0.381966011250105,3.91283398874989
-1.27733787469522,-0.263750894630644,3.99544910536935
-1.27733787469522,-0.148441416869855,4.07595858313015
-1.27733787469522,-0.0364926517965692,4.15390734820343
-1.27733787469522,0.0716535899579935,4.22885358995799
-1.27733787469522,0.175570504584947,4.30037050458495
-1.27733787469522,0.274847979497379,4.36804797949738
-1.27733787469522,0.369094211857377,4.43149421185738
-1.27733787469522,0.457937254842823,4.49033725484282
-1.27733787469522,0.541026485551579,4.54422648555158
-1.27733787469522,0.618033988749895,4.59283398874989
-1.27733787469522,0.68865585100403,4.63585585100403
-1.27733787469522,0.752613360087727,4.67301336008773
-1.27733787469522,0.809654104932039,4.70405410493204
-1.27733787469522,0.809654104932039,4.42405410493204
-1.27733787469522,0.752613360087727,4.35301336008773
-1.27733787469522,0.68865585100403,4.27585585100403
-1.27733787469522,0.618033988749895,4.19283398874989
-1.27733787469522,0.541026485551579,4.10422648555158
-1.27733787469522,0.457937254842823,4.01033725484282
-1.27733787469522,0.369094211857377,3.91149421185738
-1.27733787469522,0.274847979497379,3.80804797949738
-1.27733787469522,0.175570504584946,3.70037050458495
-1.27733787469522,0.0716535899579933,3.58885358995799
-1.27733787469522,-0.0364926517965696,3.47390734820343
-1.27733787469522,-0.148441416869855,3.35595858313014
-1.27733787469522,-0.263750894630645,3.23544910536935
-1.27733787469522,-0.381966011250106,3.11283398874989
-1.27733787469522,-0.50262022567029,2.98857977432971
-1.27733787469522,-0.62523737082855,2.86316262917145
-1.27733787469522,-0.749333532871391,2.73706646712861
-1.27733787469522,-0.874418960941373,2.61078103905863
-1.27733787469522,-1,2.4848
-1.27733787469522,-1.12558103905863,2.35961896094137
-1.27733787469522,-1.25066646712861,2.23573353287139
-1.27733787469522,-1.37476262917145,2.11363737082855
-1.27733787469522,-1.49737977432971,1.99382022567029
-1.27733787469522,-1.6180339887499,1.8767660112501
-1.27733787469522,-1.73624910536936,1.76295089463064
-1.27733787469522,-1.85155858313015,1.65284141686985
-1.27733787469522,-1.96350734820343,1.54689265179657
-1.27733787469522,-2.07165358995799,1.44554641004201
-1.27733787469522,-2.17557050458495,1.34922949541505
-1.27733787469522,-2.27484797949738,1.25835202050262
-1.27733787469522,-2.36909421185738,1.17330578814262
-1.27733787469522,-2.45793725484282,1.09446274515718
-1.27733787469522,-2.54102648555158,1.02217351444842
-1.27733787469522,-2.61803398874989,0.956766011250104
-1.27733787469522,-2.68865585100403,0.898544148995969
-1.27733787469522,-2.75261336008773,0.847786639912272
-1.27733787469522,-2.80965410493204,0.80474589506796
-1.64706845399439,-2.75261336008773,2.64759913991227
-1.64706845399439,-2.68865585100403,2.65835664899597
-1.64706845399439,-2.61803398874989,2.6765785112501
-1.64706845399439,-2.54102648555158,2.70198601444842
-1.64706845399439,-2.45793725484282,2.73427524515718
-1.64706845399439,-2.36909421185738,2.77311828814262
-1.64706845399439,-2.27484797949738,2.81816452050262
-1.64706845399439,-2.17557050458495,2.86904199541505
-1.64706845399439,-2.07165358995799,2.92535891004201
-1.64706845399439,-1.96350734820343,2.98670515179657
-1.64706845399439,-1.85155858313015,3.05265391686985
-1.64706845399439,-1.73624910536936,3.12276339463064
-1.64706845399439,-1.61803398874989,3.1965785112501
-1.64706845399439,-1.49737977432971,3.27363272567029
-1.64706845399439,-1.37476262917145,3.35344987082855
-1.64706845399439,-1.25066646712861,3.43554603287139
-1.64706845399439,-1.12558103905863,3.51943146094137
-1.64706845399439,-1,3.6046125
-1.64706845399439,-0.874418960941373,3.69059353905863
-1.64706845399439,-0.749333532871391,3.77687896712861
-1.64706845399439,-0.62523737082855,3.86297512917145
-1.64706845399439,-0.502620225670291,3.94839227432971
-1.64706845399439,-0.381966011250105,4.03264648874989
-1.64706845399439,-0.263750894630644,4.11526160536935
-1.64706845399439,-0.148441416869855,4.19577108313015
-1.64706845399439,-0.0364926517965692,4.27371984820343
-1.64706845399439,0.0716535899579935,4.34866608995799
-1.64706845399439,0.175570504584947,4.42018300458495
-1.64706845399439,0.274847979497379,4.48786047949738
-1.64706845399439,0.369094211857377,4.55130671185738
-1.64706845399439,0.457937254842823,4.61014975484282
-1.64706845399439,0.541026485551579,4.66403898555158
-1.64706845399439,0.618033988749895,4.71264648874989
-1.64706845399439,0.68865585100403,4.75566835100403
-1.64706845399439,0.752613360087727,4.79282586008773
-1.64706845399439,0.752613360087727,4.47282586008773
-1.64706845399439,0.68865585100403,4.39566835100403
-1.64706845399439,0.618033988749895,4.31264648874989
-1.64706845399439,0.541026485551579,4.22403898555158
-1.64706845399439,0.457937254842823,4.13014975484282
-1.64706845399439,0.369094211857377,4.03130671185738
-1.64706845399439,0.274847979497379,3.92786047949738
-1.64706845399439,0.175570504584946,3.82018300458495
-1.64706845399439,0.0716535899579933,3.70866608995799
-1.64706845399439,-0.0364926517965696,3.59371984820343
-1.64706845399439,-0.148441416869855,3.47577108313014
-1.64706845399439,-0.263750894630645,3.35526160536935
-1.64706845399439,-0.381966011250106,3.23264648874989
-1.64706845399439,-0.50262022567029,3.10839227432971
-1.64706845399439,-0.62523737082855,2.98297512917145
-1.64706845399439,-0.749333532871391,2.85687896712861
-1.64706845399439,-0.874418960941373,2.73059353905863
-1.64706845399439,-1,2.6046125
-1.64706845399439,-1.12558103905863,2.47943146094137
-1.64706845399439,-1.25066646712861,2.35554603287139
-1.64706845399439,-1.37476262917145,2.23344987082855
-1.64706845399439,-1.49737977432971,2.11363272567029
-1.64706845399439,-1.6180339887499,1.9965785112501
-1.64706845399439,-1.73624910536936,1.88276339463064
-1.64706845399439,-1.85155858313015,1.77265391686985
-1.64706845399439,-1.96350734820343,1.66670515179657
-1.64706845399439,-2.07165358995799,1.56535891004201
-1.64706845399439,-2.17557050458495,1.46904199541505
-1.64706845399439,-2.27484797949738,1.37816452050262
-1.64706845399439,-2.36909421185738,1.29311828814262
-1.64706845399439,-2.45793725484282,1.21427524515718
-1.64706845399439,-2.54102648555158,1.14198601444842
-1.64706845399439,-2.61803398874989,1.0765785112501
-1.64706845399439,-2.68865585100403,1.01835664899597
-1.64706845399439,-2.75261336008773,0.967599139912272
-1.98393559597095,-2.68865585100403,2.78019414899597
-1.98393559597095,-2.61803398874989,2.7984160112501
-1.98393559597095,-2.54102648555158,2.82382351444842
-1.98393559597095,-2.45793725484282,2.85611274515718
-1.98393559597095,-2.36909421185738,2.89495578814262
-1.98393559597095,-2.27484797949738,2.94000202050262
-1.98393559597095,-2.17557050458495,2.99087949541505
-1.98393559597095,-2.07165358995799,3.04719641004201
-1.98393559597095,-1.96350734820343,3.10854265179657
-1.98393559597095,-1.85155858313015,3.17449141686985
-1.98393559597095,-1.73624910536936,3.24460089463064
-1.98393559597095,-1.61803398874989,3.3184160112501
-1.98393559597095,-1.49737977432971,3.39547022567029
-1.98393559597095,-1.37476262917145,3.47528737082855
-1.98393559597095,-1.25066646712861,3.55738353287139
-1.98393559597095,-1.12558103905863,3.64126896094137
-1.98393559597095,-1,3.72645
-1.98393559597095,-0.874418960941373,3.81243103905863
-1.98393559597095,-0.749333532871391,3.89871646712861
-1.98393559597095,-0.62523737082855,3.98481262917145
-1.98393559597095,-0.502620225670291,4.07022977432971
-1.98393559597095,-0.381966011250105,4.15448398874989
-1.98393559597095,-0.263750894630644,4.23709910536935
-1.98393559597095,-0.148441416869855,4.31760858313014
-1.98393559597095,-0.0364926517965692,4.39555734820343
-1.98393559597095,0.0716535899579935,4.47050358995799
-1.98393559597095,0.175570504584947,4.54202050458495
-1.98393559597095,0.274847979497379,4.60969797949738
-1.98393559597095,0.369094211857377,4.67314421185738
-1.98393559597095,0.457937254842823,4.73198725484282
-1.98393559597095,0.541026485551579,4.78587648555158
-1.98393559597095,0.618033988749895,4.83448398874989
-1.98393559597095,0.68865585100403,4.87750585100403
-1.98393559597095,0.68865585100403,4.51750585100403
-1.98393559597095,0.618033988749895,4.43448398874989
-1.98393559597095,0.541026485551579,4.34587648555158
-1.98393559597095,0.457937254842823,4.25198725484282
-1.98393559597095,0.369094211857377,4.15314421185738
-1.98393559597095,0.274847979497379,4.04969797949738
-1.98393559597095,0.175570504584946,3.94202050458495
-1.98393559597095,0.0716535899579933,3.83050358995799
-1.98393559597095,-0.0364926517965696,3.71555734820343
-1.98393559597095,-0.148441416869855,3.59760858313014
-1.98393559597095,-0.263750894630645,3.47709910536935
-1.98393559597095,-0.381966011250106,3.35448398874989
-1.98393559597095,-0.50262022567029,3.23022977432971
-1.98393559597095,-0.62523737082855,3.10481262917145
-1.98393559597095,-0.749333532871391,2.97871646712861
-1.98393559597095,-0.874418960941373,2.85243103905863
-1.98393559597095,-1,2.72645
-1.98393559597095,-1.12558103905863,2.60126896094137
-1.98393559597095,-1.25066646712861,2.47738353287139
-1.98393559597095,-1.37476262917145,2.35528737082855
-1.98393559597095,-1.49737977432971,2.23547022567029
-1.98393559597095,-1.6180339887499,2.1184160112501
-1.98393559597095,-1.73624910536936,2.00460089463064
-1.98393559597095,-1.85155858313015,1.89449141686985
-1.98393559597095,-1.96350734820343,1.78854265179657
-1.98393559597095,-2.07165358995799,1.68719641004201
-1.98393559597095,-2.17557050458495,1.59087949541505
-1.98393559597095,-2.27484797949738,1.50000202050262
-1.98393559597095,-2.36909421185738,1.41495578814262
-1.98393559597095,-2.45793725484282,1.33611274515718
-1.98393559597095,-2.54102648555158,1.26382351444842
-1.98393559597095,-2.61803398874989,1.1984160112501
-1.98393559597095,-2.68865585100403,1.14019414899597
-2.28121789680009,-2.54102648555158,2.94768601444842
-2.28121789680009,-2.45793725484282,2.97997524515718
-2.28121789680009,-2.36909421185738,3.01881828814262
-2.28121789680009,-2.27484797949738,3.06386452050262
-2.28121789680009,-2.17557050458495,3.11474199541505
-2.28121789680009,-2.07165358995799,3.171058910042
-2.28121789680009,-1.96350734820343,3.23240515179657
-2.28121789680009,-1.85155858313015,3.29835391686985
-2.28121789680009,-1.73624910536936,3.36846339463064
-2.28121789680009,-1.61803398874989,3.4422785112501
-2.28121789680009,-1.49737977432971,3.51933272567029
-2.28121789680009,-1.37476262917145,3.59914987082855
-2.28121789680009,-1.25066646712861,3.68124603287139
-2.28121789680009,-1.12558103905863,3.76513146094137
-2.28121789680009,-1,3.8503125
-2.28121789680009,-0.874418960941373,3.93629353905863
-2.28121789680009,-0.749333532871391,4.02257896712861
-2.28121789680009,-0.62523737082855,4.10867512917145
-2.28121789680009,-0.502620225670291,4.19409227432971
-2.28121789680009,-0.381966011250105,4.27834648874989
-2.28121789680009,-0.263750894630644,4.36096160536935
-2.28121789680009,-0.148441416869855,4.44147108313014
-2.28121789680009,-0.0364926517965692,4.51941984820343
-2.28121789680009,0.0716535899579935,4.59436608995799
-2.28121789680009,0.175570504584947,4.66588300458494
-2.28121789680009,0.274847979497379,4.73356047949738
-2.28121789680009,0.369094211857377,4.79700671185738
-2.28121789680009,0.457937254842823,4.85584975484282
-2.28121789680009,0.541026485551579,4.90973898555158
-2.28121789680009,0.541026485551579,4.46973898555158
-2.28121789680009,0.457937254842823,4.37584975484282
-2.28121789680009,0.369094211857377,4.27700671185738
-2.28121789680009,0.274847979497379,4.17356047949738
-2.28121789680009,0.175570504584946,4.06588300458495
-2.28121789680009,0.0716535899579933,3.95436608995799
-2.28121789680009,-0.0364926517965696,3.83941984820343
-2.28121789680009,-0.148441416869855,3.72147108313014
-2.28121789680009,-0.263750894630645,3.60096160536935
-2.28121789680009,-0.381966011250106,3.47834648874989
-2.28121789680009,-0.50262022567029,3.35409227432971
-2.28121789680009,-0.62523737082855,3.22867512917145
-2.28121789680009,-0.749333532871391,3.10257896712861
-2.28121789680009,-0.874418960941373,2.97629353905863
-2.28121789680009,-1,2.8503125
-2.28121789680009,-1.12558103905863,2.72513146094137
-2.28121789680009,-1.25066646712861,2.60124603287139
-2.28121789680009,-1.37476262917145,2.47914987082855
-2.28121789680009,-1.49737977432971,2.35933272567029
-2.28121789680009,-1.6180339887499,2.2422785112501
-2.28121789680009,-1.73624910536936,2.12846339463064
-2.28121789680009,-1.85155858313015,2.01835391686985
-2.28121789680009,-1.96350734820343,1.91240515179657
-2.28121789680009,-2.07165358995799,1.81105891004201
-2.28121789680009,-2.17557050458495,1.71474199541505
-2.28121789680009,-2.27484797949738,1.62386452050262
-2.28121789680009,-2.36909421185738,1.53881828814262
-2.28121789680009,-2.45793725484282,1.45997524515718
-2.28121789680009,-2.54102648555158,1.38768601444842
-2.53298377650605,-2.27484797949738,3.18975202050262
-2.53298377650605,-2.17557050458495,3.24062949541505
-2.53298377650605,-2.07165358995799,3.29694641004201
-2.53298377650605,-1.96350734820343,3.35829265179657
-2.53298377650605,-1.85155858313015,3.42424141686986
-2.53298377650605,-1.73624910536936,3.49435089463064
-2.53298377650605,-1.61803398874989,3.56816601125011
-2.53298377650605,-1.49737977432971,3.64522022567029
-2.53298377650605,-1.37476262917145,3.72503737082855
-2.53298377650605,-1.25066646712861,3.80713353287139
-2.53298377650605,-1.12558103905863,3.89101896094137
-2.53298377650605,-1,3.9762
-2.53298377650605,-0.874418960941373,4.06218103905863
-2.53298377650605,-0.749333532871391,4.14846646712861
-2.53298377650605,-0.62523737082855,4.23456262917145
-2.53298377650605,-0.502620225670291,4.31997977432971
-2.53298377650605,-0.381966011250105,4.4042339887499
-2.53298377650605,-0.263750894630644,4.48684910536936
-2.53298377650605,-0.148441416869855,4.56735858313015
-2.53298377650605,-0.0364926517965692,4.64530734820343
-2.53298377650605,0.0716535899579935,4.72025358995799
-2.53298377650605,0.175570504584947,4.79177050458495
-2.53298377650605,0.274847979497379,4.85944797949738
-2.53298377650605,0.274847979497379,4.29944797949738
-2.53298377650605,0.175570504584946,4.19177050458495
-2.53298377650605,0.0716535899579933,4.08025358995799
-2.53298377650605,-0.0364926517965696,3.96530734820343
-2.53298377650605,-0.148441416869855,3.84735858313015
-2.53298377650605,-0.263750894630645,3.72684910536936
-2.53298377650605,-0.381966011250106,3.6042339887499
-2.53298377650605,-0.50262022567029,3.47997977432971
-2.53298377650605,-0.62523737082855,3.35456262917145
-2.53298377650605,-0.749333532871391,3.22846646712861
-2.53298377650605,-0.874418960941373,3.10218103905863
-2.53298377650605,-1,2.9762
-2.53298377650605,-1.12558103905863,2.85101896094137
-2.53298377650605,-1.25066646712861,2.72713353287139
-2.53298377650605,-1.37476262917145,2.60503737082855
-2.53298377650605,-1.49737977432971,2.48522022567029
-2.53298377650605,-1.6180339887499,2.36816601125011
-2.53298377650605,-1.73624910536936,2.25435089463064
-2.53298377650605,-1.85155858313015,2.14424141686986
-2.53298377650605,-1.96350734820343,2.03829265179657
-2.53298377650605,-2.07165358995799,1.93694641004201
-2.53298377650605,-2.17557050458495,1.84062949541505
-2.53298377650605,-2.27484797949738,1.74975202050262
-2.73420982990634,-1.96350734820343,3.48620515179657
-2.73420982990634,-1.85155858313015,3.55215391686986
-2.73420982990634,-1.73624910536936,3.62226339463064
-2.73420982990634,-1.61803398874989,3.69607851125011
-2.73420982990634,-1.49737977432971,3.77313272567029
-2.73420982990634,-1.37476262917145,3.85294987082855
-2.73420982990634,-1.25066646712861,3.93504603287139
-2.73420982990634,-1.12558103905863,4.01893146094137
-2.73420982990634,-1,4.1041125
-2.73420982990634,-0.874418960941373,4.19009353905863
-2.73420982990634,-0.749333532871391,4.27637896712861
-2.73420982990634,-0.62523737082855,4.36247512917145
-2.73420982990634,-0.502620225670291,4.44789227432971
-2.73420982990634,-0.381966011250105,4.53214648874989
-2.73420982990634,-0.263750894630644,4.61476160536936
-2.73420982990634,-0.148441416869855,4.69527108313015
-2.73420982990634,-0.0364926517965692,4.77321984820343
-2.73420982990634,-0.0364926517965696,4.09321984820343
-2.73420982990634,-0.148441416869855,3.97527108313014
-2.73420982990634,-0.263750894630645,3.85476160536936
-2.73420982990634,-0.381966011250106,3.73214648874989
-2.73420982990634,-0.50262022567029,3.60789227432971
-2.73420982990634,-0.62523737082855,3.48247512917145
-2.73420982990634,-0.749333532871391,3.35637896712861
-2.73420982990634,-0.874418960941373,3.23009353905863
-2.73420982990634,-1,3.1041125
-2.73420982990634,-1.12558103905863,2.97893146094137
-2.73420982990634,-1.25066646712861,2.85504603287139
-2.73420982990634,-1.37476262917145,2.73294987082855
-2.73420982990634,-1.49737977432971,2.61313272567029
-2.73420982990634,-1.6180339887499,2.49607851125011
-2.73420982990634,-1.73624910536936,2.38226339463064
-2.73420982990634,-1.85155858313015,2.27215391686985
-2.73420982990634,-1.96350734820343,2.16620515179657
